text,label
"From: Techcombank Security <security@service-update.top>
Subject: Final notice: verify your account
Vui lòng xác minh tài khoản ngay lập tức để tránh bị khóa. Hãy nhập mật khẩu và mã OTP tại https://service-update.top/login. !!! Hành động ngay lập tức!!!",1
"From: Customer Care Microsoft <service@confirm-access.xyz>
Subject: Bạn đã trúng thưởng
Chúng tôi phát hiện hoạt động bất thường. Bạn phải xác minh thông tin đăng nhập trong 24 giờ tại http://45.76.123.9/security-check.",1
"From: PayPal Security <security@billing-confirm.loan>
Subject: Urgent: unusual login detected
Bạn được chọn nhận phần thưởng. Hãy cung cấp thông tin tài khoản và xác nhận tại https://billing-confirm.loan/account/confirm để nhận tiền.",1
"From: Phòng đào tạo <no-reply@university.edu.vn>
Subject: Nhắc lịch gia hạn dịch vụ
Vui lòng xem thông tin trong cổng thông tin nội bộ. Nếu cần hỗ trợ, hãy liên hệ bộ phận phụ trách qua kênh chính thức. Nếu không yêu cầu thao tác này, hãy liên hệ bộ phận hỗ trợ.",0
"From: Apple Support <support@mail-security.club>
Subject: Khẩn cấp: tài khoản của bạn sắp bị khóa
Bạn được chọn nhận phần thưởng. Hãy cung cấp thông tin tài khoản và xác nhận tại https://mail-security.club/login để nhận tiền. Your accunt must be verfy today.",1
"From: MoMo Security <security@verify-login.top>
Subject: Thông báo hoàn tiền - xác nhận thông tin
Bạn được chọn nhận phần thưởng. Hãy cung cấp thông tin tài khoản và xác nhận tại https://verify-login.top/account/confirm để nhận tiền.",1
"From: Thư viện <no-reply@university.edu.vn>
Subject: Phiếu lương tháng này
Đây là thông báo định kỳ. Bạn không cần cung cấp mật khẩu, mã OTP hoặc thông tin thẻ qua email.",0
"From: Google Support <support@support-center.club>
Subject: Urgent: unusual login detected
Bạn được chọn nhận phần thưởng. Hãy cung cấp thông tin tài khoản và xác nhận tại https://support-center.club/account/confirm để nhận tiền.",1
"From: Apple Security <security@service-update.top>
Subject: Xác minh tài khoản để tránh đình chỉ
Vui lòng xác minh tài khoản ngay lập tức để tránh bị khóa. Hãy nhập mật khẩu và mã OTP tại https://service-update.top/account/confirm.",1
"From: Phòng đào tạo <no-reply@university.edu.vn>
Subject: Thông báo giao hàng
Vui lòng xem thông tin trong cổng thông tin nội bộ. Nếu cần hỗ trợ, hãy liên hệ bộ phận phụ trách qua kênh chính thức.",0
"From: Dịch vụ khách hàng <no-reply@shop.vn>
Subject: Tài liệu cuộc họp
Vui lòng xem thông tin trong cổng thông tin nội bộ. Nếu cần hỗ trợ, hãy liên hệ bộ phận phụ trách qua kênh chính thức.",0
"From: Thư viện <no-reply@university.edu.vn>
Subject: Thông báo bảo trì hệ thống
Biên nhận được gửi để bạn lưu trữ. Nếu có sai lệch, liên hệ bộ phận chăm sóc khách hàng theo thông tin trên website chính thức.",0
"From: Ban quản trị hệ thống <no-reply@company.vn>
Subject: Phiếu lương tháng này
Đây là thông báo định kỳ. Bạn không cần cung cấp mật khẩu, mã OTP hoặc thông tin thẻ qua email.",0
"From: Google Security <security@verify-user.top>
Subject: Khẩn cấp: tài khoản của bạn sắp bị khóa
Final notice. Verify your account immediately using https://verify-user.top/login or access may be suspended.",1
"From: Vietcombank Security <security@service-update.top>
Subject: Urgent: unusual login detected
Tài khoản của bạn sẽ bị đình chỉ nếu không hành động ngay. Truy cập https://service-update.top/login để xác minh danh tính.",1
"From: Customer Care PayPal <service@account-review.xyz>
Subject: Khẩn cấp: tài khoản của bạn sắp bị khóa
Bạn được chọn nhận phần thưởng. Hãy cung cấp thông tin tài khoản và xác nhận tại https://account-review.xyz/account/confirm để nhận tiền.",1
"From: Thư viện <no-reply@university.edu.vn>
Subject: Thông báo lịch học tuần này
Xin vui lòng kiểm tra lịch và phản hồi trước thời hạn ghi trong thông báo. Cảm ơn bạn. Bạn có thể bỏ qua email này nếu thông tin đã được cập nhật.",0
"From: Techcombank Security <security@mail-security.club>
Subject: Xác minh tài khoản để tránh đình chỉ
Bạn được chọn nhận phần thưởng. Hãy cung cấp thông tin tài khoản và xác nhận tại https://mail-security.club/security-check để nhận tiền.",1
"From: Dịch vụ khách hàng <no-reply@shop.vn>
Subject: Lịch họp ngày mai
Vui lòng xem thông tin trong cổng thông tin nội bộ. Nếu cần hỗ trợ, hãy liên hệ bộ phận phụ trách qua kênh chính thức. Nếu không yêu cầu thao tác này, hãy liên hệ bộ phận hỗ trợ. Tham khảo: https://shop.vn/support",0
"From: Vietcombank Security <security@secure-account.xyz>
Subject: Thông báo hoàn tiền - xác nhận thông tin
Vui lòng xác minh tài khoản ngay lập tức để tránh bị khóa. Hãy nhập mật khẩu và mã OTP tại https://secure-account.xyz/account/confirm.",1
"From: Techcombank Security <security@login-protect.click>
Subject: Bạn đã trúng thưởng
Vui lòng xác minh tài khoản ngay lập tức để tránh bị khóa. Hãy nhập mật khẩu và mã OTP tại http://103.21.55.18/login.",1
"From: Customer Care Techcombank <service@support-center.club>
Subject: Thông báo hoàn tiền - xác nhận thông tin
Khoản hoàn tiền đang chờ xử lý. Vui lòng xác nhận số thẻ, CVV và mã xác minh tại https://support-center.club/security-check.",1
"From: Phòng đào tạo <no-reply@university.edu.vn>
Subject: Kết quả đăng ký môn học
Biên nhận được gửi để bạn lưu trữ. Nếu có sai lệch, liên hệ bộ phận chăm sóc khách hàng theo thông tin trên website chính thức. Nếu không yêu cầu thao tác này, hãy liên hệ bộ phận hỗ trợ.",0
"From: Phòng đào tạo <no-reply@university.edu.vn>
Subject: Thông báo giao hàng
Biên nhận được gửi để bạn lưu trữ. Nếu có sai lệch, liên hệ bộ phận chăm sóc khách hàng theo thông tin trên website chính thức. Tham khảo: https://university.edu.vn/account",0
"From: Phòng hành chính <no-reply@university.edu.vn>
Subject: Tài liệu cuộc họp
Xin vui lòng kiểm tra lịch và phản hồi trước thời hạn ghi trong thông báo. Cảm ơn bạn.",0
"From: Kế toán <no-reply@company.vn>
Subject: Phiếu lương tháng này
Biên nhận được gửi để bạn lưu trữ. Nếu có sai lệch, liên hệ bộ phận chăm sóc khách hàng theo thông tin trên website chính thức.",0
"From: Vietcombank Billing <billing@billing-confirm.loan>
Subject: Cảnh báo bảo mật - xác minh ngay
Chúng tôi phát hiện hoạt động bất thường. Bạn phải xác minh thông tin đăng nhập trong 24 giờ tại http://103.21.55.18/account/confirm. Your accunt must be verfy today.",1
"From: Bộ phận nhân sự <no-reply@company.vn>
Subject: Lịch họp ngày mai
Hệ thống sẽ được bảo trì trong thời gian dự kiến. Một số chức năng có thể tạm thời không sử dụng được.",0
"From: Google Support <support@mail-security.club>
Subject: Security alert: act now
Vui lòng xác minh tài khoản ngay lập tức để tránh bị khóa. Hãy nhập mật khẩu và mã OTP tại http://185.10.20.30/verify.",1
"From: Thư viện <no-reply@university.edu.vn>
Subject: Biên nhận thanh toán
Thông tin chi tiết đã được cập nhật trên hệ thống. Bạn có thể đăng nhập bằng cách tự mở ứng dụng hoặc trang web quen thuộc. Mọi thay đổi quan trọng sẽ được thông báo trên hệ thống chính thức.",0
"From: BIDV Security <security@support-center.club>
Subject: Tài khoản hết hạn hôm nay
Tài khoản của bạn sẽ bị đình chỉ nếu không hành động ngay. Truy cập http://support-center.club/verify để xác minh danh tính.",1
"From: Ban quản trị hệ thống <no-reply@company.vn>
Subject: Thông báo bảo trì hệ thống
Biên nhận được gửi để bạn lưu trữ. Nếu có sai lệch, liên hệ bộ phận chăm sóc khách hàng theo thông tin trên website chính thức. Bạn có thể bỏ qua email này nếu thông tin đã được cập nhật. Tham khảo: https://portal.company.vn/",0
"From: Phòng hành chính <no-reply@university.edu.vn>
Subject: Nhắc lịch gia hạn dịch vụ
Thông tin chi tiết đã được cập nhật trên hệ thống. Bạn có thể đăng nhập bằng cách tự mở ứng dụng hoặc trang web quen thuộc. Bạn có thể bỏ qua email này nếu thông tin đã được cập nhật.",0
"From: Google Support <support@verify-login.top>
Subject: Khẩn cấp: tài khoản của bạn sắp bị khóa
Khoản hoàn tiền đang chờ xử lý. Vui lòng xác nhận số thẻ, CVV và mã xác minh tại http://103.21.55.18/login. !!! Hành động ngay lập tức!!!",1
"From: Techcombank Billing <billing@service-update.top>
Subject: Tài khoản hết hạn hôm nay
Final notice. Verify your account immediately using http://service-update.top/verify or access may be suspended.",1
"From: Dịch vụ khách hàng <no-reply@shop.vn>
Subject: Tài liệu cuộc họp
Hệ thống sẽ được bảo trì trong thời gian dự kiến. Một số chức năng có thể tạm thời không sử dụng được. Nếu không yêu cầu thao tác này, hãy liên hệ bộ phận hỗ trợ. Tham khảo: https://portal.shop.vn/",0
"From: Phòng CNTT <no-reply@company.vn>
Subject: Nhắc lịch gia hạn dịch vụ
Biên nhận được gửi để bạn lưu trữ. Nếu có sai lệch, liên hệ bộ phận chăm sóc khách hàng theo thông tin trên website chính thức. Bạn có thể bỏ qua email này nếu thông tin đã được cập nhật.",0
"From: Phòng hành chính <no-reply@university.edu.vn>
Subject: Thông báo lịch học tuần này
Hệ thống sẽ được bảo trì trong thời gian dự kiến. Một số chức năng có thể tạm thời không sử dụng được.",0
"From: Phòng đào tạo <no-reply@university.edu.vn>
Subject: Thông báo lịch học tuần này
Thông tin chi tiết đã được cập nhật trên hệ thống. Bạn có thể đăng nhập bằng cách tự mở ứng dụng hoặc trang web quen thuộc.",0
"From: Phòng CNTT <no-reply@company.vn>
Subject: Nhắc lịch gia hạn dịch vụ
Đây là thông báo định kỳ. Bạn không cần cung cấp mật khẩu, mã OTP hoặc thông tin thẻ qua email.",0
"From: Phòng hành chính <no-reply@university.edu.vn>
Subject: Kết quả đăng ký môn học
Đây là thông báo định kỳ. Bạn không cần cung cấp mật khẩu, mã OTP hoặc thông tin thẻ qua email. Không gửi thông tin đăng nhập cho bất kỳ ai.",0
"From: Google Billing <billing@verify-login.top>
Subject: Security alert: act now
Vui lòng xác minh tài khoản ngay lập tức để tránh bị khóa. Hãy nhập mật khẩu và mã OTP tại https://verify-login.top/billing/update. !!! Hành động ngay lập tức!!!",1
"From: BIDV Support <support@login-protect.click>
Subject: Khẩn cấp: tài khoản của bạn sắp bị khóa
Bạn được chọn nhận phần thưởng. Hãy cung cấp thông tin tài khoản và xác nhận tại https://login-protect.click/account/confirm để nhận tiền.",1
"From: MoMo Security <security@account-check.click>
Subject: Khẩn cấp: tài khoản của bạn sắp bị khóa
Chúng tôi phát hiện hoạt động bất thường. Bạn phải xác minh thông tin đăng nhập trong 24 giờ tại http://account-check.click/verify. Your accunt must be verfy today.",1
"From: Kế toán <no-reply@company.vn>
Subject: Phiếu lương tháng này
Thông tin chi tiết đã được cập nhật trên hệ thống. Bạn có thể đăng nhập bằng cách tự mở ứng dụng hoặc trang web quen thuộc. Không gửi thông tin đăng nhập cho bất kỳ ai. Tham khảo: https://company.vn/account",0
"From: Dịch vụ khách hàng <no-reply@shop.vn>
Subject: Biên nhận thanh toán
Hệ thống sẽ được bảo trì trong thời gian dự kiến. Một số chức năng có thể tạm thời không sử dụng được.",0
"From: Apple Billing <billing@login-protect.click>
Subject: Thông báo hoàn tiền - xác nhận thông tin
Khoản hoàn tiền đang chờ xử lý. Vui lòng xác nhận số thẻ, CVV và mã xác minh tại https://login-protect.click/security-check.",1
"From: PayPal Support <support@account-check.click>
Subject: Khẩn cấp: tài khoản của bạn sắp bị khóa
Vui lòng xác minh tài khoản ngay lập tức để tránh bị khóa. Hãy nhập mật khẩu và mã OTP tại https://account-check.click/login.",1
"From: Ban quản trị hệ thống <no-reply@company.vn>
Subject: Lịch họp ngày mai
Xin vui lòng kiểm tra lịch và phản hồi trước thời hạn ghi trong thông báo. Cảm ơn bạn.",0
"From: Google Security <security@mail-security.club>
Subject: Xác minh tài khoản để tránh đình chỉ
Chúng tôi phát hiện hoạt động bất thường. Bạn phải xác minh thông tin đăng nhập trong 24 giờ tại https://mail-security.club/account/confirm. !!! Hành động ngay lập tức!!!",1
"From: MoMo Security <security@confirm-access.xyz>
Subject: Yêu cầu cập nhật thông tin thanh toán
Bạn được chọn nhận phần thưởng. Hãy cung cấp thông tin tài khoản và xác nhận tại http://185.10.20.30/login để nhận tiền.",1
"From: Customer Care Apple <service@service-update.top>
Subject: Thông báo hoàn tiền - xác nhận thông tin
Bạn được chọn nhận phần thưởng. Hãy cung cấp thông tin tài khoản và xác nhận tại https://service-update.top/security-check để nhận tiền.",1
"From: Customer Care Microsoft <service@confirm-access.xyz>
Subject: Khẩn cấp: tài khoản của bạn sắp bị khóa
Vui lòng xác minh tài khoản ngay lập tức để tránh bị khóa. Hãy nhập mật khẩu và mã OTP tại http://confirm-access.xyz/verify.",1
"From: Microsoft Support <support@verify-login.top>
Subject: Yêu cầu cập nhật thông tin thanh toán
Final notice. Verify your account immediately using http://verify-login.top/verify or access may be suspended.",1
"From: MoMo Support <support@account-check.click>
Subject: Tài khoản hết hạn hôm nay
Vui lòng xác minh tài khoản ngay lập tức để tránh bị khóa. Hãy nhập mật khẩu và mã OTP tại https://account-check.click/security-check. !!! Hành động ngay lập tức!!!",1
"From: Apple Support <support@login-protect.click>
Subject: Khẩn cấp: tài khoản của bạn sắp bị khóa
Khoản hoàn tiền đang chờ xử lý. Vui lòng xác nhận số thẻ, CVV và mã xác minh tại http://login-protect.click/verify. !!! Hành động ngay lập tức!!!",1
"From: BIDV Security <security@mail-security.club>
Subject: Khẩn cấp: tài khoản của bạn sắp bị khóa
Vui lòng xác minh tài khoản ngay lập tức để tránh bị khóa. Hãy nhập mật khẩu và mã OTP tại https://mail-security.club/security-check. !!! Hành động ngay lập tức!!!",1
"From: Techcombank Support <support@login-protect.click>
Subject: Thông báo hoàn tiền - xác nhận thông tin
Tài khoản của bạn sẽ bị đình chỉ nếu không hành động ngay. Truy cập http://45.76.123.9/login để xác minh danh tính.",1
"From: Ban quản trị hệ thống <no-reply@company.vn>
Subject: Xác nhận đăng ký
Hệ thống sẽ được bảo trì trong thời gian dự kiến. Một số chức năng có thể tạm thời không sử dụng được. Không gửi thông tin đăng nhập cho bất kỳ ai.",0
"From: Ban quản trị hệ thống <no-reply@company.vn>
Subject: Thông báo bảo trì hệ thống
Vui lòng xem thông tin trong cổng thông tin nội bộ. Nếu cần hỗ trợ, hãy liên hệ bộ phận phụ trách qua kênh chính thức.",0
"From: Customer Care Techcombank <service@billing-confirm.loan>
Subject: Thông báo hoàn tiền - xác nhận thông tin
Vui lòng xác minh tài khoản ngay lập tức để tránh bị khóa. Hãy nhập mật khẩu và mã OTP tại https://billing-confirm.loan/billing/update.",1
"From: Customer Care Amazon <service@service-update.top>
Subject: Security alert: act now
Vui lòng xác minh tài khoản ngay lập tức để tránh bị khóa. Hãy nhập mật khẩu và mã OTP tại https://service-update.top/account/confirm. Your accunt must be verfy today.",1
"From: Phòng CNTT <no-reply@company.vn>
Subject: Biên nhận thanh toán
Thông tin chi tiết đã được cập nhật trên hệ thống. Bạn có thể đăng nhập bằng cách tự mở ứng dụng hoặc trang web quen thuộc. Không gửi thông tin đăng nhập cho bất kỳ ai. Tham khảo: https://portal.company.vn/",0
"From: Phòng đào tạo <no-reply@university.edu.vn>
Subject: Nhắc lịch gia hạn dịch vụ
Thông tin chi tiết đã được cập nhật trên hệ thống. Bạn có thể đăng nhập bằng cách tự mở ứng dụng hoặc trang web quen thuộc.",0
"From: Google Security <security@account-check.click>
Subject: Final notice: verify your account
Khoản hoàn tiền đang chờ xử lý. Vui lòng xác nhận số thẻ, CVV và mã xác minh tại https://account-check.click/account/confirm.",1
"From: Dịch vụ khách hàng <no-reply@shop.vn>
Subject: Lịch họp ngày mai
Biên nhận được gửi để bạn lưu trữ. Nếu có sai lệch, liên hệ bộ phận chăm sóc khách hàng theo thông tin trên website chính thức. Tham khảo: https://shop.vn/support",0
"From: Bộ phận nhân sự <no-reply@company.vn>
Subject: Phiếu lương tháng này
Thông tin chi tiết đã được cập nhật trên hệ thống. Bạn có thể đăng nhập bằng cách tự mở ứng dụng hoặc trang web quen thuộc. Tham khảo: https://company.vn/account",0
"From: Phòng hành chính <no-reply@university.edu.vn>
Subject: Xác nhận đăng ký
Thông tin chi tiết đã được cập nhật trên hệ thống. Bạn có thể đăng nhập bằng cách tự mở ứng dụng hoặc trang web quen thuộc. Bạn có thể bỏ qua email này nếu thông tin đã được cập nhật.",0
"From: Ban quản trị hệ thống <no-reply@company.vn>
Subject: Tài liệu cuộc họp
Biên nhận được gửi để bạn lưu trữ. Nếu có sai lệch, liên hệ bộ phận chăm sóc khách hàng theo thông tin trên website chính thức.",0
"From: Bộ phận nhân sự <no-reply@company.vn>
Subject: Thông báo bảo trì hệ thống
Đây là thông báo định kỳ. Bạn không cần cung cấp mật khẩu, mã OTP hoặc thông tin thẻ qua email. Mọi thay đổi quan trọng sẽ được thông báo trên hệ thống chính thức.",0
"From: Phòng CNTT <no-reply@company.vn>
Subject: Phiếu lương tháng này
Hệ thống sẽ được bảo trì trong thời gian dự kiến. Một số chức năng có thể tạm thời không sử dụng được. Không gửi thông tin đăng nhập cho bất kỳ ai. Tham khảo: https://company.vn/support",0
"From: MoMo Security <security@support-center.club>
Subject: Thông báo hoàn tiền - xác nhận thông tin
Tài khoản của bạn sẽ bị đình chỉ nếu không hành động ngay. Truy cập https://support-center.club/login để xác minh danh tính.",1
"From: Customer Care Amazon <service@support-center.club>
Subject: Bạn đã trúng thưởng
Vui lòng xác minh tài khoản ngay lập tức để tránh bị khóa. Hãy nhập mật khẩu và mã OTP tại https://support-center.club/account/confirm.",1
"From: Dịch vụ khách hàng <no-reply@shop.vn>
Subject: Phiếu lương tháng này
Xin vui lòng kiểm tra lịch và phản hồi trước thời hạn ghi trong thông báo. Cảm ơn bạn.",0
"From: Dịch vụ khách hàng <no-reply@shop.vn>
Subject: Biên nhận thanh toán
Vui lòng xem thông tin trong cổng thông tin nội bộ. Nếu cần hỗ trợ, hãy liên hệ bộ phận phụ trách qua kênh chính thức.",0
"From: Amazon Security <security@support-center.club>
Subject: Tài khoản hết hạn hôm nay
Chúng tôi phát hiện hoạt động bất thường. Bạn phải xác minh thông tin đăng nhập trong 24 giờ tại https://support-center.club/security-check. Your accunt must be verfy today.",1
"From: Amazon Security <security@account-review.xyz>
Subject: Final notice: verify your account
Khoản hoàn tiền đang chờ xử lý. Vui lòng xác nhận số thẻ, CVV và mã xác minh tại https://account-review.xyz/login. !!! Hành động ngay lập tức!!!",1
"From: Customer Care Google <service@account-check.click>
Subject: Security alert: act now
Bạn được chọn nhận phần thưởng. Hãy cung cấp thông tin tài khoản và xác nhận tại https://account-check.click/security-check để nhận tiền.",1
"From: Microsoft Support <support@security-alert.xyz>
Subject: Urgent: unusual login detected
Tài khoản của bạn sẽ bị đình chỉ nếu không hành động ngay. Truy cập https://security-alert.xyz/login để xác minh danh tính. !!! Hành động ngay lập tức!!! Your accunt must be verfy today.",1
"From: Thư viện <no-reply@university.edu.vn>
Subject: Lịch họp ngày mai
Xin vui lòng kiểm tra lịch và phản hồi trước thời hạn ghi trong thông báo. Cảm ơn bạn. Tham khảo: https://portal.university.edu.vn/",0
"From: BIDV Security <security@account-review.xyz>
Subject: Thông báo hoàn tiền - xác nhận thông tin
Vui lòng xác minh tài khoản ngay lập tức để tránh bị khóa. Hãy nhập mật khẩu và mã OTP tại https://account-review.xyz/login.",1
"From: Apple Billing <billing@account-review.xyz>
Subject: Khẩn cấp: tài khoản của bạn sắp bị khóa
Tài khoản của bạn sẽ bị đình chỉ nếu không hành động ngay. Truy cập https://account-review.xyz/billing/update để xác minh danh tính. Your accunt must be verfy today.",1
"From: Phòng đào tạo <no-reply@university.edu.vn>
Subject: Thông báo giao hàng
Hệ thống sẽ được bảo trì trong thời gian dự kiến. Một số chức năng có thể tạm thời không sử dụng được. Bạn có thể bỏ qua email này nếu thông tin đã được cập nhật.",0
"From: Ban quản trị hệ thống <no-reply@company.vn>
Subject: Tài liệu cuộc họp
Biên nhận được gửi để bạn lưu trữ. Nếu có sai lệch, liên hệ bộ phận chăm sóc khách hàng theo thông tin trên website chính thức.",0
"From: Amazon Billing <billing@account-review.xyz>
Subject: Xác minh tài khoản để tránh đình chỉ
Final notice. Verify your account immediately using https://account-review.xyz/account/confirm or access may be suspended.",1
"From: Phòng hành chính <no-reply@university.edu.vn>
Subject: Thông báo giao hàng
Đây là thông báo định kỳ. Bạn không cần cung cấp mật khẩu, mã OTP hoặc thông tin thẻ qua email.",0
"From: Bộ phận nhân sự <no-reply@company.vn>
Subject: Biên nhận thanh toán
Vui lòng xem thông tin trong cổng thông tin nội bộ. Nếu cần hỗ trợ, hãy liên hệ bộ phận phụ trách qua kênh chính thức.",0
"From: BIDV Billing <billing@security-alert.xyz>
Subject: Thông báo hoàn tiền - xác nhận thông tin
Vui lòng xác minh tài khoản ngay lập tức để tránh bị khóa. Hãy nhập mật khẩu và mã OTP tại http://security-alert.xyz/verify.",1
"From: Kế toán <no-reply@company.vn>
Subject: Xác nhận đăng ký
Thông tin chi tiết đã được cập nhật trên hệ thống. Bạn có thể đăng nhập bằng cách tự mở ứng dụng hoặc trang web quen thuộc. Bạn có thể bỏ qua email này nếu thông tin đã được cập nhật.",0
"From: Phòng hành chính <no-reply@university.edu.vn>
Subject: Phiếu lương tháng này
Xin vui lòng kiểm tra lịch và phản hồi trước thời hạn ghi trong thông báo. Cảm ơn bạn. Tham khảo: https://university.edu.vn/account",0
"From: Amazon Billing <billing@account-review.xyz>
Subject: Cảnh báo bảo mật - xác minh ngay
Khoản hoàn tiền đang chờ xử lý. Vui lòng xác nhận số thẻ, CVV và mã xác minh tại http://185.10.20.30/verify.",1
"From: BIDV Security <security@verify-user.top>
Subject: Khẩn cấp: tài khoản của bạn sắp bị khóa
Chúng tôi phát hiện hoạt động bất thường. Bạn phải xác minh thông tin đăng nhập trong 24 giờ tại http://185.10.20.30/account/confirm.",1
"From: Dịch vụ khách hàng <no-reply@shop.vn>
Subject: Tài liệu cuộc họp
Hệ thống sẽ được bảo trì trong thời gian dự kiến. Một số chức năng có thể tạm thời không sử dụng được. Tham khảo: https://portal.shop.vn/",0
"From: Vietcombank Security <security@support-center.club>
Subject: Bạn đã trúng thưởng
Chúng tôi phát hiện hoạt động bất thường. Bạn phải xác minh thông tin đăng nhập trong 24 giờ tại http://103.21.55.18/login.",1
"From: Bộ phận nhân sự <no-reply@company.vn>
Subject: Biên nhận thanh toán
Vui lòng xem thông tin trong cổng thông tin nội bộ. Nếu cần hỗ trợ, hãy liên hệ bộ phận phụ trách qua kênh chính thức. Tham khảo: https://company.vn/account",0
"From: Phòng hành chính <no-reply@university.edu.vn>
Subject: Tài liệu cuộc họp
Thông tin chi tiết đã được cập nhật trên hệ thống. Bạn có thể đăng nhập bằng cách tự mở ứng dụng hoặc trang web quen thuộc.",0
"From: Ban quản trị hệ thống <no-reply@company.vn>
Subject: Thông báo giao hàng
Thông tin chi tiết đã được cập nhật trên hệ thống. Bạn có thể đăng nhập bằng cách tự mở ứng dụng hoặc trang web quen thuộc.",0
"From: Phòng CNTT <no-reply@company.vn>
Subject: Tài liệu cuộc họp
Thông tin chi tiết đã được cập nhật trên hệ thống. Bạn có thể đăng nhập bằng cách tự mở ứng dụng hoặc trang web quen thuộc. Nếu không yêu cầu thao tác này, hãy liên hệ bộ phận hỗ trợ.",0
"From: Phòng hành chính <no-reply@university.edu.vn>
Subject: Tài liệu cuộc họp
Hệ thống sẽ được bảo trì trong thời gian dự kiến. Một số chức năng có thể tạm thời không sử dụng được. Bạn có thể bỏ qua email này nếu thông tin đã được cập nhật. Tham khảo: https://university.edu.vn/support",0
"From: Thư viện <no-reply@university.edu.vn>
Subject: Xác nhận đăng ký
Hệ thống sẽ được bảo trì trong thời gian dự kiến. Một số chức năng có thể tạm thời không sử dụng được.",0
"From: Bộ phận nhân sự <no-reply@company.vn>
Subject: Kết quả đăng ký môn học
Thông tin chi tiết đã được cập nhật trên hệ thống. Bạn có thể đăng nhập bằng cách tự mở ứng dụng hoặc trang web quen thuộc. Mọi thay đổi quan trọng sẽ được thông báo trên hệ thống chính thức. Tham khảo: https://portal.company.vn/",0
"From: Ban quản trị hệ thống <no-reply@company.vn>
Subject: Thông báo lịch học tuần này
Xin vui lòng kiểm tra lịch và phản hồi trước thời hạn ghi trong thông báo. Cảm ơn bạn. Mọi thay đổi quan trọng sẽ được thông báo trên hệ thống chính thức. Tham khảo: https://company.vn/support",0
"From: Apple Support <support@security-alert.xyz>
Subject: Yêu cầu cập nhật thông tin thanh toán
Tài khoản của bạn sẽ bị đình chỉ nếu không hành động ngay. Truy cập https://security-alert.xyz/security-check để xác minh danh tính.",1
"From: Phòng đào tạo <no-reply@university.edu.vn>
Subject: Kết quả đăng ký môn học
Biên nhận được gửi để bạn lưu trữ. Nếu có sai lệch, liên hệ bộ phận chăm sóc khách hàng theo thông tin trên website chính thức.",0
"From: Bộ phận nhân sự <no-reply@company.vn>
Subject: Kết quả đăng ký môn học
Vui lòng xem thông tin trong cổng thông tin nội bộ. Nếu cần hỗ trợ, hãy liên hệ bộ phận phụ trách qua kênh chính thức. Bạn có thể bỏ qua email này nếu thông tin đã được cập nhật.",0
"From: Dịch vụ khách hàng <no-reply@shop.vn>
Subject: Thông báo giao hàng
Hệ thống sẽ được bảo trì trong thời gian dự kiến. Một số chức năng có thể tạm thời không sử dụng được. Nếu không yêu cầu thao tác này, hãy liên hệ bộ phận hỗ trợ.",0
"From: Microsoft Support <support@confirm-access.xyz>
Subject: Security alert: act now
Chúng tôi phát hiện hoạt động bất thường. Bạn phải xác minh thông tin đăng nhập trong 24 giờ tại http://185.10.20.30/security-check. Your accunt must be verfy today.",1
"From: Customer Care BIDV <service@service-update.top>
Subject: Khẩn cấp: tài khoản của bạn sắp bị khóa
Final notice. Verify your account immediately using https://service-update.top/login or access may be suspended.",1
"From: Thư viện <no-reply@university.edu.vn>
Subject: Thông báo bảo trì hệ thống
Hệ thống sẽ được bảo trì trong thời gian dự kiến. Một số chức năng có thể tạm thời không sử dụng được. Tham khảo: https://portal.university.edu.vn/",0
"From: Thư viện <no-reply@university.edu.vn>
Subject: Phiếu lương tháng này
Biên nhận được gửi để bạn lưu trữ. Nếu có sai lệch, liên hệ bộ phận chăm sóc khách hàng theo thông tin trên website chính thức.",0
"From: Thư viện <no-reply@university.edu.vn>
Subject: Lịch họp ngày mai
Vui lòng xem thông tin trong cổng thông tin nội bộ. Nếu cần hỗ trợ, hãy liên hệ bộ phận phụ trách qua kênh chính thức. Tham khảo: https://portal.university.edu.vn/",0
"From: Techcombank Billing <billing@login-protect.click>
Subject: Tài khoản hết hạn hôm nay
Bạn được chọn nhận phần thưởng. Hãy cung cấp thông tin tài khoản và xác nhận tại https://login-protect.click/login để nhận tiền.",1
"From: Kế toán <no-reply@company.vn>
Subject: Kết quả đăng ký môn học
Biên nhận được gửi để bạn lưu trữ. Nếu có sai lệch, liên hệ bộ phận chăm sóc khách hàng theo thông tin trên website chính thức. Không gửi thông tin đăng nhập cho bất kỳ ai.",0
"From: Dịch vụ khách hàng <no-reply@shop.vn>
Subject: Lịch họp ngày mai
Xin vui lòng kiểm tra lịch và phản hồi trước thời hạn ghi trong thông báo. Cảm ơn bạn.",0
"From: Ban quản trị hệ thống <no-reply@company.vn>
Subject: Phiếu lương tháng này
Xin vui lòng kiểm tra lịch và phản hồi trước thời hạn ghi trong thông báo. Cảm ơn bạn. Nếu không yêu cầu thao tác này, hãy liên hệ bộ phận hỗ trợ. Tham khảo: https://company.vn/support",0
"From: Phòng đào tạo <no-reply@university.edu.vn>
Subject: Xác nhận đăng ký
Xin vui lòng kiểm tra lịch và phản hồi trước thời hạn ghi trong thông báo. Cảm ơn bạn. Tham khảo: https://portal.university.edu.vn/",0
"From: Phòng CNTT <no-reply@company.vn>
Subject: Thông báo giao hàng
Vui lòng xem thông tin trong cổng thông tin nội bộ. Nếu cần hỗ trợ, hãy liên hệ bộ phận phụ trách qua kênh chính thức. Nếu không yêu cầu thao tác này, hãy liên hệ bộ phận hỗ trợ.",0
"From: PayPal Support <support@security-alert.xyz>
Subject: Thông báo hoàn tiền - xác nhận thông tin
Bạn được chọn nhận phần thưởng. Hãy cung cấp thông tin tài khoản và xác nhận tại https://security-alert.xyz/account/confirm để nhận tiền.",1
"From: Bộ phận nhân sự <no-reply@company.vn>
Subject: Thông báo lịch học tuần này
Đây là thông báo định kỳ. Bạn không cần cung cấp mật khẩu, mã OTP hoặc thông tin thẻ qua email.",0
"From: Dịch vụ khách hàng <no-reply@shop.vn>
Subject: Nhắc lịch gia hạn dịch vụ
Biên nhận được gửi để bạn lưu trữ. Nếu có sai lệch, liên hệ bộ phận chăm sóc khách hàng theo thông tin trên website chính thức.",0
"From: Vietcombank Security <security@billing-confirm.loan>
Subject: Urgent: unusual login detected
Bạn được chọn nhận phần thưởng. Hãy cung cấp thông tin tài khoản và xác nhận tại https://billing-confirm.loan/billing/update để nhận tiền. !!! Hành động ngay lập tức!!!",1
"From: Customer Care Vietcombank <service@account-review.xyz>
Subject: Tài khoản hết hạn hôm nay
Vui lòng xác minh tài khoản ngay lập tức để tránh bị khóa. Hãy nhập mật khẩu và mã OTP tại https://account-review.xyz/account/confirm.",1
"From: Ban quản trị hệ thống <no-reply@company.vn>
Subject: Thông báo lịch học tuần này
Thông tin chi tiết đã được cập nhật trên hệ thống. Bạn có thể đăng nhập bằng cách tự mở ứng dụng hoặc trang web quen thuộc.",0
"From: Apple Support <support@confirm-access.xyz>
Subject: Final notice: verify your account
Vui lòng xác minh tài khoản ngay lập tức để tránh bị khóa. Hãy nhập mật khẩu và mã OTP tại http://45.76.123.9/login.",1
"From: Ban quản trị hệ thống <no-reply@company.vn>
Subject: Tài liệu cuộc họp
Xin vui lòng kiểm tra lịch và phản hồi trước thời hạn ghi trong thông báo. Cảm ơn bạn. Tham khảo: https://portal.company.vn/",0
"From: Vietcombank Support <support@confirm-access.xyz>
Subject: Bạn đã trúng thưởng
Final notice. Verify your account immediately using https://confirm-access.xyz/security-check or access may be suspended.",1
"From: Customer Care BIDV <service@security-alert.xyz>
Subject: Cảnh báo bảo mật - xác minh ngay
Vui lòng xác minh tài khoản ngay lập tức để tránh bị khóa. Hãy nhập mật khẩu và mã OTP tại https://security-alert.xyz/billing/update.",1
"From: Kế toán <no-reply@company.vn>
Subject: Tài liệu cuộc họp
Đây là thông báo định kỳ. Bạn không cần cung cấp mật khẩu, mã OTP hoặc thông tin thẻ qua email.",0
"From: Microsoft Billing <billing@login-protect.click>
Subject: Bạn đã trúng thưởng
Vui lòng xác minh tài khoản ngay lập tức để tránh bị khóa. Hãy nhập mật khẩu và mã OTP tại https://login-protect.click/billing/update.",1
"From: PayPal Support <support@service-update.top>
Subject: Thông báo hoàn tiền - xác nhận thông tin
Bạn được chọn nhận phần thưởng. Hãy cung cấp thông tin tài khoản và xác nhận tại https://service-update.top/account/confirm để nhận tiền.",1
"From: Ban quản trị hệ thống <no-reply@company.vn>
Subject: Nhắc lịch gia hạn dịch vụ
Hệ thống sẽ được bảo trì trong thời gian dự kiến. Một số chức năng có thể tạm thời không sử dụng được.",0
"From: Kế toán <no-reply@company.vn>
Subject: Thông báo giao hàng
Thông tin chi tiết đã được cập nhật trên hệ thống. Bạn có thể đăng nhập bằng cách tự mở ứng dụng hoặc trang web quen thuộc. Nếu không yêu cầu thao tác này, hãy liên hệ bộ phận hỗ trợ. Tham khảo: https://company.vn/account",0
"From: MoMo Security <security@mail-security.club>
Subject: Yêu cầu cập nhật thông tin thanh toán
Khoản hoàn tiền đang chờ xử lý. Vui lòng xác nhận số thẻ, CVV và mã xác minh tại https://mail-security.club/account/confirm. !!! Hành động ngay lập tức!!!",1
"From: Customer Care Techcombank <service@login-protect.click>
Subject: Tài khoản hết hạn hôm nay
Final notice. Verify your account immediately using https://login-protect.click/security-check or access may be suspended.",1
"From: BIDV Support <support@account-check.click>
Subject: Urgent: unusual login detected
Tài khoản của bạn sẽ bị đình chỉ nếu không hành động ngay. Truy cập http://45.76.123.9/login để xác minh danh tính.",1
"From: Phòng đào tạo <no-reply@university.edu.vn>
Subject: Xác nhận đăng ký
Thông tin chi tiết đã được cập nhật trên hệ thống. Bạn có thể đăng nhập bằng cách tự mở ứng dụng hoặc trang web quen thuộc. Tham khảo: https://portal.university.edu.vn/",0
"From: BIDV Billing <billing@mail-security.club>
Subject: Cảnh báo bảo mật - xác minh ngay
Bạn được chọn nhận phần thưởng. Hãy cung cấp thông tin tài khoản và xác nhận tại http://45.76.123.9/login để nhận tiền. Your accunt must be verfy today.",1
"From: BIDV Billing <billing@account-review.xyz>
Subject: Security alert: act now
Final notice. Verify your account immediately using http://account-review.xyz/verify or access may be suspended.",1
"From: BIDV Support <support@support-center.club>
Subject: Security alert: act now
Chúng tôi phát hiện hoạt động bất thường. Bạn phải xác minh thông tin đăng nhập trong 24 giờ tại https://support-center.club/security-check. !!! Hành động ngay lập tức!!!",1
"From: Customer Care Amazon <service@secure-account.xyz>
Subject: Security alert: act now
Tài khoản của bạn sẽ bị đình chỉ nếu không hành động ngay. Truy cập https://secure-account.xyz/billing/update để xác minh danh tính.",1
"From: Ban quản trị hệ thống <no-reply@company.vn>
Subject: Thông báo lịch học tuần này
Vui lòng xem thông tin trong cổng thông tin nội bộ. Nếu cần hỗ trợ, hãy liên hệ bộ phận phụ trách qua kênh chính thức.",0
"From: BIDV Security <security@secure-account.xyz>
Subject: Bạn đã trúng thưởng
Tài khoản của bạn sẽ bị đình chỉ nếu không hành động ngay. Truy cập https://secure-account.xyz/billing/update để xác minh danh tính.",1
"From: Techcombank Billing <billing@account-review.xyz>
Subject: Bạn đã trúng thưởng
Tài khoản của bạn sẽ bị đình chỉ nếu không hành động ngay. Truy cập https://account-review.xyz/security-check để xác minh danh tính. !!! Hành động ngay lập tức!!!",1
"From: Vietcombank Billing <billing@login-protect.click>
Subject: Yêu cầu cập nhật thông tin thanh toán
Chúng tôi phát hiện hoạt động bất thường. Bạn phải xác minh thông tin đăng nhập trong 24 giờ tại http://login-protect.click/verify.",1
"From: Bộ phận nhân sự <no-reply@company.vn>
Subject: Thông báo lịch học tuần này
Biên nhận được gửi để bạn lưu trữ. Nếu có sai lệch, liên hệ bộ phận chăm sóc khách hàng theo thông tin trên website chính thức. Tham khảo: https://portal.company.vn/",0
"From: Dịch vụ khách hàng <no-reply@shop.vn>
Subject: Xác nhận đăng ký
Biên nhận được gửi để bạn lưu trữ. Nếu có sai lệch, liên hệ bộ phận chăm sóc khách hàng theo thông tin trên website chính thức. Mọi thay đổi quan trọng sẽ được thông báo trên hệ thống chính thức. Tham khảo: https://shop.vn/support",0
"From: Microsoft Support <support@verify-login.top>
Subject: Urgent: unusual login detected
Khoản hoàn tiền đang chờ xử lý. Vui lòng xác nhận số thẻ, CVV và mã xác minh tại http://103.21.55.18/billing/update.",1
"From: Phòng hành chính <no-reply@university.edu.vn>
Subject: Xác nhận đăng ký
Hệ thống sẽ được bảo trì trong thời gian dự kiến. Một số chức năng có thể tạm thời không sử dụng được. Nếu không yêu cầu thao tác này, hãy liên hệ bộ phận hỗ trợ.",0
"From: Customer Care BIDV <service@verify-user.top>
Subject: Urgent: unusual login detected
Tài khoản của bạn sẽ bị đình chỉ nếu không hành động ngay. Truy cập https://verify-user.top/security-check để xác minh danh tính.",1
"From: Kế toán <no-reply@company.vn>
Subject: Thông báo lịch học tuần này
Thông tin chi tiết đã được cập nhật trên hệ thống. Bạn có thể đăng nhập bằng cách tự mở ứng dụng hoặc trang web quen thuộc. Bạn có thể bỏ qua email này nếu thông tin đã được cập nhật.",0
"From: Phòng hành chính <no-reply@university.edu.vn>
Subject: Thông báo bảo trì hệ thống
Vui lòng xem thông tin trong cổng thông tin nội bộ. Nếu cần hỗ trợ, hãy liên hệ bộ phận phụ trách qua kênh chính thức.",0
"From: Ban quản trị hệ thống <no-reply@company.vn>
Subject: Lịch họp ngày mai
Xin vui lòng kiểm tra lịch và phản hồi trước thời hạn ghi trong thông báo. Cảm ơn bạn. Tham khảo: https://company.vn/account",0
"From: Phòng CNTT <no-reply@company.vn>
Subject: Xác nhận đăng ký
Hệ thống sẽ được bảo trì trong thời gian dự kiến. Một số chức năng có thể tạm thời không sử dụng được. Không gửi thông tin đăng nhập cho bất kỳ ai.",0
"From: Vietcombank Billing <billing@account-review.xyz>
Subject: Tài khoản hết hạn hôm nay
Vui lòng xác minh tài khoản ngay lập tức để tránh bị khóa. Hãy nhập mật khẩu và mã OTP tại http://account-review.xyz/verify. !!! Hành động ngay lập tức!!!",1
"From: Customer Care Amazon <service@account-review.xyz>
Subject: Tài khoản hết hạn hôm nay
Vui lòng xác minh tài khoản ngay lập tức để tránh bị khóa. Hãy nhập mật khẩu và mã OTP tại https://account-review.xyz/billing/update.",1
"From: Bộ phận nhân sự <no-reply@company.vn>
Subject: Xác nhận đăng ký
Biên nhận được gửi để bạn lưu trữ. Nếu có sai lệch, liên hệ bộ phận chăm sóc khách hàng theo thông tin trên website chính thức.",0
"From: Customer Care Apple <service@secure-account.xyz>
Subject: Tài khoản hết hạn hôm nay
Khoản hoàn tiền đang chờ xử lý. Vui lòng xác nhận số thẻ, CVV và mã xác minh tại http://45.76.123.9/verify.",1
"From: Phòng CNTT <no-reply@company.vn>
Subject: Xác nhận đăng ký
Đây là thông báo định kỳ. Bạn không cần cung cấp mật khẩu, mã OTP hoặc thông tin thẻ qua email. Mọi thay đổi quan trọng sẽ được thông báo trên hệ thống chính thức.",0
"From: Microsoft Security <security@support-center.club>
Subject: Khẩn cấp: tài khoản của bạn sắp bị khóa
Chúng tôi phát hiện hoạt động bất thường. Bạn phải xác minh thông tin đăng nhập trong 24 giờ tại https://support-center.club/login. Your accunt must be verfy today.",1
"From: Vietcombank Security <security@security-alert.xyz>
Subject: Xác minh tài khoản để tránh đình chỉ
Chúng tôi phát hiện hoạt động bất thường. Bạn phải xác minh thông tin đăng nhập trong 24 giờ tại https://security-alert.xyz/login.",1
"From: Phòng đào tạo <no-reply@university.edu.vn>
Subject: Xác nhận đăng ký
Biên nhận được gửi để bạn lưu trữ. Nếu có sai lệch, liên hệ bộ phận chăm sóc khách hàng theo thông tin trên website chính thức.",0
"From: Techcombank Security <security@login-protect.click>
Subject: Urgent: unusual login detected
Vui lòng xác minh tài khoản ngay lập tức để tránh bị khóa. Hãy nhập mật khẩu và mã OTP tại https://login-protect.click/login.",1
"From: Microsoft Security <security@support-center.club>
Subject: Xác minh tài khoản để tránh đình chỉ
Bạn được chọn nhận phần thưởng. Hãy cung cấp thông tin tài khoản và xác nhận tại http://support-center.club/verify để nhận tiền.",1
"From: Phòng hành chính <no-reply@university.edu.vn>
Subject: Phiếu lương tháng này
Biên nhận được gửi để bạn lưu trữ. Nếu có sai lệch, liên hệ bộ phận chăm sóc khách hàng theo thông tin trên website chính thức. Nếu không yêu cầu thao tác này, hãy liên hệ bộ phận hỗ trợ.",0
"From: Phòng CNTT <no-reply@company.vn>
Subject: Nhắc lịch gia hạn dịch vụ
Xin vui lòng kiểm tra lịch và phản hồi trước thời hạn ghi trong thông báo. Cảm ơn bạn. Tham khảo: https://company.vn/support",0
"From: Kế toán <no-reply@company.vn>
Subject: Biên nhận thanh toán
Vui lòng xem thông tin trong cổng thông tin nội bộ. Nếu cần hỗ trợ, hãy liên hệ bộ phận phụ trách qua kênh chính thức. Nếu không yêu cầu thao tác này, hãy liên hệ bộ phận hỗ trợ.",0
"From: Kế toán <no-reply@company.vn>
Subject: Biên nhận thanh toán
Xin vui lòng kiểm tra lịch và phản hồi trước thời hạn ghi trong thông báo. Cảm ơn bạn.",0
"From: Customer Care Amazon <service@verify-user.top>
Subject: Urgent: unusual login detected
Bạn được chọn nhận phần thưởng. Hãy cung cấp thông tin tài khoản và xác nhận tại https://verify-user.top/security-check để nhận tiền.",1
"From: Phòng CNTT <no-reply@company.vn>
Subject: Tài liệu cuộc họp
Vui lòng xem thông tin trong cổng thông tin nội bộ. Nếu cần hỗ trợ, hãy liên hệ bộ phận phụ trách qua kênh chính thức. Bạn có thể bỏ qua email này nếu thông tin đã được cập nhật.",0
"From: MoMo Security <security@account-review.xyz>
Subject: Urgent: unusual login detected
Final notice. Verify your account immediately using https://account-review.xyz/security-check or access may be suspended.",1
"From: Customer Care PayPal <service@mail-security.club>
Subject: Security alert: act now
Vui lòng xác minh tài khoản ngay lập tức để tránh bị khóa. Hãy nhập mật khẩu và mã OTP tại https://mail-security.club/account/confirm.",1
"From: Thư viện <no-reply@university.edu.vn>
Subject: Xác nhận đăng ký
Biên nhận được gửi để bạn lưu trữ. Nếu có sai lệch, liên hệ bộ phận chăm sóc khách hàng theo thông tin trên website chính thức. Mọi thay đổi quan trọng sẽ được thông báo trên hệ thống chính thức.",0
"From: Phòng CNTT <no-reply@company.vn>
Subject: Tài liệu cuộc họp
Thông tin chi tiết đã được cập nhật trên hệ thống. Bạn có thể đăng nhập bằng cách tự mở ứng dụng hoặc trang web quen thuộc. Không gửi thông tin đăng nhập cho bất kỳ ai. Tham khảo: https://company.vn/support",0
"From: BIDV Support <support@billing-confirm.loan>
Subject: Khẩn cấp: tài khoản của bạn sắp bị khóa
Chúng tôi phát hiện hoạt động bất thường. Bạn phải xác minh thông tin đăng nhập trong 24 giờ tại https://billing-confirm.loan/account/confirm.",1
"From: Ban quản trị hệ thống <no-reply@company.vn>
Subject: Phiếu lương tháng này
Xin vui lòng kiểm tra lịch và phản hồi trước thời hạn ghi trong thông báo. Cảm ơn bạn.",0
"From: Phòng đào tạo <no-reply@university.edu.vn>
Subject: Biên nhận thanh toán
Vui lòng xem thông tin trong cổng thông tin nội bộ. Nếu cần hỗ trợ, hãy liên hệ bộ phận phụ trách qua kênh chính thức. Tham khảo: https://university.edu.vn/support",0
"From: Phòng hành chính <no-reply@university.edu.vn>
Subject: Nhắc lịch gia hạn dịch vụ
Thông tin chi tiết đã được cập nhật trên hệ thống. Bạn có thể đăng nhập bằng cách tự mở ứng dụng hoặc trang web quen thuộc. Không gửi thông tin đăng nhập cho bất kỳ ai.",0
"From: Bộ phận nhân sự <no-reply@company.vn>
Subject: Tài liệu cuộc họp
Xin vui lòng kiểm tra lịch và phản hồi trước thời hạn ghi trong thông báo. Cảm ơn bạn. Nếu không yêu cầu thao tác này, hãy liên hệ bộ phận hỗ trợ.",0
"From: Dịch vụ khách hàng <no-reply@shop.vn>
Subject: Lịch họp ngày mai
Đây là thông báo định kỳ. Bạn không cần cung cấp mật khẩu, mã OTP hoặc thông tin thẻ qua email.",0
"From: Ban quản trị hệ thống <no-reply@company.vn>
Subject: Kết quả đăng ký môn học
Thông tin chi tiết đã được cập nhật trên hệ thống. Bạn có thể đăng nhập bằng cách tự mở ứng dụng hoặc trang web quen thuộc. Nếu không yêu cầu thao tác này, hãy liên hệ bộ phận hỗ trợ. Tham khảo: https://company.vn/account",0
"From: Dịch vụ khách hàng <no-reply@shop.vn>
Subject: Lịch họp ngày mai
Hệ thống sẽ được bảo trì trong thời gian dự kiến. Một số chức năng có thể tạm thời không sử dụng được.",0
"From: Phòng đào tạo <no-reply@university.edu.vn>
Subject: Nhắc lịch gia hạn dịch vụ
Xin vui lòng kiểm tra lịch và phản hồi trước thời hạn ghi trong thông báo. Cảm ơn bạn. Bạn có thể bỏ qua email này nếu thông tin đã được cập nhật.",0
"From: Phòng đào tạo <no-reply@university.edu.vn>
Subject: Tài liệu cuộc họp
Vui lòng xem thông tin trong cổng thông tin nội bộ. Nếu cần hỗ trợ, hãy liên hệ bộ phận phụ trách qua kênh chính thức. Nếu không yêu cầu thao tác này, hãy liên hệ bộ phận hỗ trợ. Tham khảo: https://university.edu.vn/support",0
"From: Google Support <support@account-check.click>
Subject: Security alert: act now
Vui lòng xác minh tài khoản ngay lập tức để tránh bị khóa. Hãy nhập mật khẩu và mã OTP tại https://account-check.click/billing/update.",1
"From: BIDV Security <security@verify-user.top>
Subject: Urgent: unusual login detected
Chúng tôi phát hiện hoạt động bất thường. Bạn phải xác minh thông tin đăng nhập trong 24 giờ tại https://verify-user.top/security-check. Your accunt must be verfy today.",1
"From: Ban quản trị hệ thống <no-reply@company.vn>
Subject: Tài liệu cuộc họp
Vui lòng xem thông tin trong cổng thông tin nội bộ. Nếu cần hỗ trợ, hãy liên hệ bộ phận phụ trách qua kênh chính thức. Nếu không yêu cầu thao tác này, hãy liên hệ bộ phận hỗ trợ. Tham khảo: https://company.vn/account",0
"From: Customer Care BIDV <service@confirm-access.xyz>
Subject: Bạn đã trúng thưởng
Chúng tôi phát hiện hoạt động bất thường. Bạn phải xác minh thông tin đăng nhập trong 24 giờ tại https://confirm-access.xyz/security-check. Your accunt must be verfy today.",1
"From: Ban quản trị hệ thống <no-reply@company.vn>
Subject: Thông báo bảo trì hệ thống
Xin vui lòng kiểm tra lịch và phản hồi trước thời hạn ghi trong thông báo. Cảm ơn bạn. Mọi thay đổi quan trọng sẽ được thông báo trên hệ thống chính thức.",0
"From: Phòng hành chính <no-reply@university.edu.vn>
Subject: Nhắc lịch gia hạn dịch vụ
Đây là thông báo định kỳ. Bạn không cần cung cấp mật khẩu, mã OTP hoặc thông tin thẻ qua email. Tham khảo: https://portal.university.edu.vn/",0
"From: Dịch vụ khách hàng <no-reply@shop.vn>
Subject: Phiếu lương tháng này
Xin vui lòng kiểm tra lịch và phản hồi trước thời hạn ghi trong thông báo. Cảm ơn bạn. Bạn có thể bỏ qua email này nếu thông tin đã được cập nhật.",0
"From: Microsoft Security <security@support-center.club>
Subject: Xác minh tài khoản để tránh đình chỉ
Vui lòng xác minh tài khoản ngay lập tức để tránh bị khóa. Hãy nhập mật khẩu và mã OTP tại http://support-center.club/verify.",1
"From: Phòng hành chính <no-reply@university.edu.vn>
Subject: Tài liệu cuộc họp
Vui lòng xem thông tin trong cổng thông tin nội bộ. Nếu cần hỗ trợ, hãy liên hệ bộ phận phụ trách qua kênh chính thức. Tham khảo: https://university.edu.vn/account",0
"From: MoMo Billing <billing@account-check.click>
Subject: Bạn đã trúng thưởng
Khoản hoàn tiền đang chờ xử lý. Vui lòng xác nhận số thẻ, CVV và mã xác minh tại https://account-check.click/billing/update. !!! Hành động ngay lập tức!!!",1
"From: Phòng CNTT <no-reply@company.vn>
Subject: Thông báo bảo trì hệ thống
Thông tin chi tiết đã được cập nhật trên hệ thống. Bạn có thể đăng nhập bằng cách tự mở ứng dụng hoặc trang web quen thuộc. Bạn có thể bỏ qua email này nếu thông tin đã được cập nhật.",0
"From: Techcombank Support <support@verify-login.top>
Subject: Urgent: unusual login detected
Vui lòng xác minh tài khoản ngay lập tức để tránh bị khóa. Hãy nhập mật khẩu và mã OTP tại http://185.10.20.30/login.",1
"From: Customer Care Apple <service@verify-login.top>
Subject: Khẩn cấp: tài khoản của bạn sắp bị khóa
Khoản hoàn tiền đang chờ xử lý. Vui lòng xác nhận số thẻ, CVV và mã xác minh tại https://verify-login.top/security-check.",1
"From: Amazon Support <support@verify-user.top>
Subject: Final notice: verify your account
Tài khoản của bạn sẽ bị đình chỉ nếu không hành động ngay. Truy cập http://185.10.20.30/login để xác minh danh tính. Your accunt must be verfy today.",1
"From: MoMo Billing <billing@account-review.xyz>
Subject: Security alert: act now
Vui lòng xác minh tài khoản ngay lập tức để tránh bị khóa. Hãy nhập mật khẩu và mã OTP tại http://account-review.xyz/verify. !!! Hành động ngay lập tức!!!",1
"From: Microsoft Billing <billing@confirm-access.xyz>
Subject: Final notice: verify your account
Tài khoản của bạn sẽ bị đình chỉ nếu không hành động ngay. Truy cập https://confirm-access.xyz/security-check để xác minh danh tính.",1
"From: Microsoft Security <security@verify-user.top>
Subject: Cảnh báo bảo mật - xác minh ngay
Khoản hoàn tiền đang chờ xử lý. Vui lòng xác nhận số thẻ, CVV và mã xác minh tại https://verify-user.top/billing/update.",1
"From: Bộ phận nhân sự <no-reply@company.vn>
Subject: Nhắc lịch gia hạn dịch vụ
Vui lòng xem thông tin trong cổng thông tin nội bộ. Nếu cần hỗ trợ, hãy liên hệ bộ phận phụ trách qua kênh chính thức.",0
"From: Microsoft Security <security@support-center.club>
Subject: Cảnh báo bảo mật - xác minh ngay
Khoản hoàn tiền đang chờ xử lý. Vui lòng xác nhận số thẻ, CVV và mã xác minh tại https://support-center.club/security-check.",1
"From: Kế toán <no-reply@company.vn>
Subject: Lịch họp ngày mai
Vui lòng xem thông tin trong cổng thông tin nội bộ. Nếu cần hỗ trợ, hãy liên hệ bộ phận phụ trách qua kênh chính thức. Nếu không yêu cầu thao tác này, hãy liên hệ bộ phận hỗ trợ.",0
"From: Phòng hành chính <no-reply@university.edu.vn>
Subject: Thông báo lịch học tuần này
Hệ thống sẽ được bảo trì trong thời gian dự kiến. Một số chức năng có thể tạm thời không sử dụng được. Tham khảo: https://portal.university.edu.vn/",0
"From: Customer Care MoMo <service@support-center.club>
Subject: Khẩn cấp: tài khoản của bạn sắp bị khóa
Khoản hoàn tiền đang chờ xử lý. Vui lòng xác nhận số thẻ, CVV và mã xác minh tại https://support-center.club/login. !!! Hành động ngay lập tức!!!",1
"From: Thư viện <no-reply@university.edu.vn>
Subject: Kết quả đăng ký môn học
Biên nhận được gửi để bạn lưu trữ. Nếu có sai lệch, liên hệ bộ phận chăm sóc khách hàng theo thông tin trên website chính thức. Nếu không yêu cầu thao tác này, hãy liên hệ bộ phận hỗ trợ.",0
"From: Phòng CNTT <no-reply@company.vn>
Subject: Kết quả đăng ký môn học
Vui lòng xem thông tin trong cổng thông tin nội bộ. Nếu cần hỗ trợ, hãy liên hệ bộ phận phụ trách qua kênh chính thức.",0
"From: Phòng đào tạo <no-reply@university.edu.vn>
Subject: Xác nhận đăng ký
Vui lòng xem thông tin trong cổng thông tin nội bộ. Nếu cần hỗ trợ, hãy liên hệ bộ phận phụ trách qua kênh chính thức. Bạn có thể bỏ qua email này nếu thông tin đã được cập nhật.",0
"From: Google Billing <billing@billing-confirm.loan>
Subject: Khẩn cấp: tài khoản của bạn sắp bị khóa
Final notice. Verify your account immediately using https://billing-confirm.loan/billing/update or access may be suspended.",1
"From: Kế toán <no-reply@company.vn>
Subject: Biên nhận thanh toán
Biên nhận được gửi để bạn lưu trữ. Nếu có sai lệch, liên hệ bộ phận chăm sóc khách hàng theo thông tin trên website chính thức.",0
"From: Thư viện <no-reply@university.edu.vn>
Subject: Xác nhận đăng ký
Thông tin chi tiết đã được cập nhật trên hệ thống. Bạn có thể đăng nhập bằng cách tự mở ứng dụng hoặc trang web quen thuộc. Nếu không yêu cầu thao tác này, hãy liên hệ bộ phận hỗ trợ.",0
"From: Kế toán <no-reply@company.vn>
Subject: Thông báo bảo trì hệ thống
Xin vui lòng kiểm tra lịch và phản hồi trước thời hạn ghi trong thông báo. Cảm ơn bạn. Mọi thay đổi quan trọng sẽ được thông báo trên hệ thống chính thức.",0
"From: Phòng CNTT <no-reply@company.vn>
Subject: Xác nhận đăng ký
Thông tin chi tiết đã được cập nhật trên hệ thống. Bạn có thể đăng nhập bằng cách tự mở ứng dụng hoặc trang web quen thuộc. Mọi thay đổi quan trọng sẽ được thông báo trên hệ thống chính thức. Tham khảo: https://portal.company.vn/",0
"From: Phòng đào tạo <no-reply@university.edu.vn>
Subject: Thông báo giao hàng
Hệ thống sẽ được bảo trì trong thời gian dự kiến. Một số chức năng có thể tạm thời không sử dụng được.",0
"From: Customer Care Apple <service@service-update.top>
Subject: Thông báo hoàn tiền - xác nhận thông tin
Tài khoản của bạn sẽ bị đình chỉ nếu không hành động ngay. Truy cập https://service-update.top/security-check để xác minh danh tính.",1
"From: Phòng CNTT <no-reply@company.vn>
Subject: Biên nhận thanh toán
Vui lòng xem thông tin trong cổng thông tin nội bộ. Nếu cần hỗ trợ, hãy liên hệ bộ phận phụ trách qua kênh chính thức. Nếu không yêu cầu thao tác này, hãy liên hệ bộ phận hỗ trợ.",0
"From: Phòng hành chính <no-reply@university.edu.vn>
Subject: Kết quả đăng ký môn học
Biên nhận được gửi để bạn lưu trữ. Nếu có sai lệch, liên hệ bộ phận chăm sóc khách hàng theo thông tin trên website chính thức.",0
"From: Ban quản trị hệ thống <no-reply@company.vn>
Subject: Nhắc lịch gia hạn dịch vụ
Thông tin chi tiết đã được cập nhật trên hệ thống. Bạn có thể đăng nhập bằng cách tự mở ứng dụng hoặc trang web quen thuộc. Tham khảo: https://company.vn/support",0
"From: MoMo Support <support@login-protect.click>
Subject: Cảnh báo bảo mật - xác minh ngay
Bạn được chọn nhận phần thưởng. Hãy cung cấp thông tin tài khoản và xác nhận tại http://login-protect.click/verify để nhận tiền.",1
"From: Kế toán <no-reply@company.vn>
Subject: Phiếu lương tháng này
Hệ thống sẽ được bảo trì trong thời gian dự kiến. Một số chức năng có thể tạm thời không sử dụng được. Mọi thay đổi quan trọng sẽ được thông báo trên hệ thống chính thức.",0
"From: Customer Care MoMo <service@account-check.click>
Subject: Thông báo hoàn tiền - xác nhận thông tin
Vui lòng xác minh tài khoản ngay lập tức để tránh bị khóa. Hãy nhập mật khẩu và mã OTP tại http://103.21.55.18/billing/update.",1
"From: Vietcombank Support <support@secure-account.xyz>
Subject: Tài khoản hết hạn hôm nay
Final notice. Verify your account immediately using http://185.10.20.30/security-check or access may be suspended.",1
"From: MoMo Support <support@confirm-access.xyz>
Subject: Khẩn cấp: tài khoản của bạn sắp bị khóa
Khoản hoàn tiền đang chờ xử lý. Vui lòng xác nhận số thẻ, CVV và mã xác minh tại https://confirm-access.xyz/billing/update.",1
"From: Phòng hành chính <no-reply@university.edu.vn>
Subject: Kết quả đăng ký môn học
Xin vui lòng kiểm tra lịch và phản hồi trước thời hạn ghi trong thông báo. Cảm ơn bạn. Nếu không yêu cầu thao tác này, hãy liên hệ bộ phận hỗ trợ.",0
"From: Microsoft Security <security@login-protect.click>
Subject: Yêu cầu cập nhật thông tin thanh toán
Final notice. Verify your account immediately using https://login-protect.click/security-check or access may be suspended. Your accunt must be verfy today.",1
"From: Ban quản trị hệ thống <no-reply@company.vn>
Subject: Thông báo giao hàng
Hệ thống sẽ được bảo trì trong thời gian dự kiến. Một số chức năng có thể tạm thời không sử dụng được. Nếu không yêu cầu thao tác này, hãy liên hệ bộ phận hỗ trợ.",0
"From: Phòng hành chính <no-reply@university.edu.vn>
Subject: Nhắc lịch gia hạn dịch vụ
Vui lòng xem thông tin trong cổng thông tin nội bộ. Nếu cần hỗ trợ, hãy liên hệ bộ phận phụ trách qua kênh chính thức.",0
"From: Phòng đào tạo <no-reply@university.edu.vn>
Subject: Thông báo lịch học tuần này
Biên nhận được gửi để bạn lưu trữ. Nếu có sai lệch, liên hệ bộ phận chăm sóc khách hàng theo thông tin trên website chính thức. Nếu không yêu cầu thao tác này, hãy liên hệ bộ phận hỗ trợ.",0
"From: Thư viện <no-reply@university.edu.vn>
Subject: Lịch họp ngày mai
Xin vui lòng kiểm tra lịch và phản hồi trước thời hạn ghi trong thông báo. Cảm ơn bạn. Nếu không yêu cầu thao tác này, hãy liên hệ bộ phận hỗ trợ.",0
"From: Phòng đào tạo <no-reply@university.edu.vn>
Subject: Kết quả đăng ký môn học
Hệ thống sẽ được bảo trì trong thời gian dự kiến. Một số chức năng có thể tạm thời không sử dụng được. Mọi thay đổi quan trọng sẽ được thông báo trên hệ thống chính thức.",0
"From: Google Support <support@account-check.click>
Subject: Yêu cầu cập nhật thông tin thanh toán
Tài khoản của bạn sẽ bị đình chỉ nếu không hành động ngay. Truy cập http://account-check.click/verify để xác minh danh tính.",1
"From: Amazon Support <support@account-check.click>
Subject: Thông báo hoàn tiền - xác nhận thông tin
Vui lòng xác minh tài khoản ngay lập tức để tránh bị khóa. Hãy nhập mật khẩu và mã OTP tại http://account-check.click/verify. !!! Hành động ngay lập tức!!! Your accunt must be verfy today.",1
"From: Phòng đào tạo <no-reply@university.edu.vn>
Subject: Lịch họp ngày mai
Hệ thống sẽ được bảo trì trong thời gian dự kiến. Một số chức năng có thể tạm thời không sử dụng được. Không gửi thông tin đăng nhập cho bất kỳ ai.",0
"From: Techcombank Billing <billing@confirm-access.xyz>
Subject: Final notice: verify your account
Vui lòng xác minh tài khoản ngay lập tức để tránh bị khóa. Hãy nhập mật khẩu và mã OTP tại https://confirm-access.xyz/account/confirm.",1
"From: Phòng đào tạo <no-reply@university.edu.vn>
Subject: Lịch họp ngày mai
Vui lòng xem thông tin trong cổng thông tin nội bộ. Nếu cần hỗ trợ, hãy liên hệ bộ phận phụ trách qua kênh chính thức. Mọi thay đổi quan trọng sẽ được thông báo trên hệ thống chính thức.",0
"From: Phòng đào tạo <no-reply@university.edu.vn>
Subject: Lịch họp ngày mai
Vui lòng xem thông tin trong cổng thông tin nội bộ. Nếu cần hỗ trợ, hãy liên hệ bộ phận phụ trách qua kênh chính thức. Bạn có thể bỏ qua email này nếu thông tin đã được cập nhật.",0
"From: Customer Care Microsoft <service@account-check.click>
Subject: Bạn đã trúng thưởng
Bạn được chọn nhận phần thưởng. Hãy cung cấp thông tin tài khoản và xác nhận tại https://account-check.click/security-check để nhận tiền. Your accunt must be verfy today.",1
"From: BIDV Security <security@support-center.club>
Subject: Yêu cầu cập nhật thông tin thanh toán
Khoản hoàn tiền đang chờ xử lý. Vui lòng xác nhận số thẻ, CVV và mã xác minh tại https://support-center.club/login.",1
"From: Customer Care BIDV <service@confirm-access.xyz>
Subject: Khẩn cấp: tài khoản của bạn sắp bị khóa
Bạn được chọn nhận phần thưởng. Hãy cung cấp thông tin tài khoản và xác nhận tại https://confirm-access.xyz/billing/update để nhận tiền.",1
"From: Thư viện <no-reply@university.edu.vn>
Subject: Tài liệu cuộc họp
Hệ thống sẽ được bảo trì trong thời gian dự kiến. Một số chức năng có thể tạm thời không sử dụng được. Tham khảo: https://portal.university.edu.vn/",0
"From: Thư viện <no-reply@university.edu.vn>
Subject: Thông báo bảo trì hệ thống
Đây là thông báo định kỳ. Bạn không cần cung cấp mật khẩu, mã OTP hoặc thông tin thẻ qua email.",0
"From: Google Billing <billing@service-update.top>
Subject: Cảnh báo bảo mật - xác minh ngay
Tài khoản của bạn sẽ bị đình chỉ nếu không hành động ngay. Truy cập http://103.21.55.18/account/confirm để xác minh danh tính.",1
"From: Ban quản trị hệ thống <no-reply@company.vn>
Subject: Thông báo giao hàng
Thông tin chi tiết đã được cập nhật trên hệ thống. Bạn có thể đăng nhập bằng cách tự mở ứng dụng hoặc trang web quen thuộc.",0
"From: Phòng đào tạo <no-reply@university.edu.vn>
Subject: Biên nhận thanh toán
Đây là thông báo định kỳ. Bạn không cần cung cấp mật khẩu, mã OTP hoặc thông tin thẻ qua email.",0
"From: Techcombank Billing <billing@verify-login.top>
Subject: Xác minh tài khoản để tránh đình chỉ
Tài khoản của bạn sẽ bị đình chỉ nếu không hành động ngay. Truy cập https://verify-login.top/billing/update để xác minh danh tính. !!! Hành động ngay lập tức!!!",1
"From: Apple Billing <billing@billing-confirm.loan>
Subject: Final notice: verify your account
Khoản hoàn tiền đang chờ xử lý. Vui lòng xác nhận số thẻ, CVV và mã xác minh tại https://billing-confirm.loan/security-check.",1
"From: Thư viện <no-reply@university.edu.vn>
Subject: Xác nhận đăng ký
Hệ thống sẽ được bảo trì trong thời gian dự kiến. Một số chức năng có thể tạm thời không sử dụng được. Tham khảo: https://university.edu.vn/account",0
"From: Techcombank Security <security@mail-security.club>
Subject: Thông báo hoàn tiền - xác nhận thông tin
Final notice. Verify your account immediately using https://mail-security.club/account/confirm or access may be suspended.",1
"From: Apple Billing <billing@verify-login.top>
Subject: Final notice: verify your account
Tài khoản của bạn sẽ bị đình chỉ nếu không hành động ngay. Truy cập http://verify-login.top/verify để xác minh danh tính.",1
"From: Thư viện <no-reply@university.edu.vn>
Subject: Nhắc lịch gia hạn dịch vụ
Đây là thông báo định kỳ. Bạn không cần cung cấp mật khẩu, mã OTP hoặc thông tin thẻ qua email. Nếu không yêu cầu thao tác này, hãy liên hệ bộ phận hỗ trợ. Tham khảo: https://portal.university.edu.vn/",0
"From: Phòng hành chính <no-reply@university.edu.vn>
Subject: Kết quả đăng ký môn học
Thông tin chi tiết đã được cập nhật trên hệ thống. Bạn có thể đăng nhập bằng cách tự mở ứng dụng hoặc trang web quen thuộc. Mọi thay đổi quan trọng sẽ được thông báo trên hệ thống chính thức.",0
"From: Ban quản trị hệ thống <no-reply@company.vn>
Subject: Thông báo bảo trì hệ thống
Hệ thống sẽ được bảo trì trong thời gian dự kiến. Một số chức năng có thể tạm thời không sử dụng được.",0
"From: Bộ phận nhân sự <no-reply@company.vn>
Subject: Thông báo giao hàng
Vui lòng xem thông tin trong cổng thông tin nội bộ. Nếu cần hỗ trợ, hãy liên hệ bộ phận phụ trách qua kênh chính thức. Không gửi thông tin đăng nhập cho bất kỳ ai. Tham khảo: https://portal.company.vn/",0
"From: Phòng CNTT <no-reply@company.vn>
Subject: Biên nhận thanh toán
Đây là thông báo định kỳ. Bạn không cần cung cấp mật khẩu, mã OTP hoặc thông tin thẻ qua email. Mọi thay đổi quan trọng sẽ được thông báo trên hệ thống chính thức. Tham khảo: https://company.vn/support",0
"From: MoMo Support <support@secure-account.xyz>
Subject: Khẩn cấp: tài khoản của bạn sắp bị khóa
Final notice. Verify your account immediately using https://secure-account.xyz/billing/update or access may be suspended.",1
"From: Ban quản trị hệ thống <no-reply@company.vn>
Subject: Thông báo lịch học tuần này
Xin vui lòng kiểm tra lịch và phản hồi trước thời hạn ghi trong thông báo. Cảm ơn bạn. Nếu không yêu cầu thao tác này, hãy liên hệ bộ phận hỗ trợ.",0
"From: Thư viện <no-reply@university.edu.vn>
Subject: Thông báo bảo trì hệ thống
Biên nhận được gửi để bạn lưu trữ. Nếu có sai lệch, liên hệ bộ phận chăm sóc khách hàng theo thông tin trên website chính thức.",0
"From: Phòng hành chính <no-reply@university.edu.vn>
Subject: Nhắc lịch gia hạn dịch vụ
Đây là thông báo định kỳ. Bạn không cần cung cấp mật khẩu, mã OTP hoặc thông tin thẻ qua email.",0
"From: Ban quản trị hệ thống <no-reply@company.vn>
Subject: Xác nhận đăng ký
Đây là thông báo định kỳ. Bạn không cần cung cấp mật khẩu, mã OTP hoặc thông tin thẻ qua email. Bạn có thể bỏ qua email này nếu thông tin đã được cập nhật.",0
"From: Thư viện <no-reply@university.edu.vn>
Subject: Lịch họp ngày mai
Hệ thống sẽ được bảo trì trong thời gian dự kiến. Một số chức năng có thể tạm thời không sử dụng được. Nếu không yêu cầu thao tác này, hãy liên hệ bộ phận hỗ trợ. Tham khảo: https://university.edu.vn/support",0
"From: MoMo Support <support@secure-account.xyz>
Subject: Bạn đã trúng thưởng
Chúng tôi phát hiện hoạt động bất thường. Bạn phải xác minh thông tin đăng nhập trong 24 giờ tại http://45.76.123.9/verify.",1
"From: Thư viện <no-reply@university.edu.vn>
Subject: Tài liệu cuộc họp
Đây là thông báo định kỳ. Bạn không cần cung cấp mật khẩu, mã OTP hoặc thông tin thẻ qua email. Không gửi thông tin đăng nhập cho bất kỳ ai.",0
"From: Techcombank Security <security@login-protect.click>
Subject: Final notice: verify your account
Bạn được chọn nhận phần thưởng. Hãy cung cấp thông tin tài khoản và xác nhận tại https://login-protect.click/security-check để nhận tiền. !!! Hành động ngay lập tức!!!",1
"From: Thư viện <no-reply@university.edu.vn>
Subject: Xác nhận đăng ký
Đây là thông báo định kỳ. Bạn không cần cung cấp mật khẩu, mã OTP hoặc thông tin thẻ qua email. Nếu không yêu cầu thao tác này, hãy liên hệ bộ phận hỗ trợ.",0
"From: PayPal Billing <billing@service-update.top>
Subject: Khẩn cấp: tài khoản của bạn sắp bị khóa
Vui lòng xác minh tài khoản ngay lập tức để tránh bị khóa. Hãy nhập mật khẩu và mã OTP tại http://45.76.123.9/account/confirm.",1
"From: Ban quản trị hệ thống <no-reply@company.vn>
Subject: Tài liệu cuộc họp
Thông tin chi tiết đã được cập nhật trên hệ thống. Bạn có thể đăng nhập bằng cách tự mở ứng dụng hoặc trang web quen thuộc.",0
"From: Kế toán <no-reply@company.vn>
Subject: Thông báo bảo trì hệ thống
Đây là thông báo định kỳ. Bạn không cần cung cấp mật khẩu, mã OTP hoặc thông tin thẻ qua email.",0
"From: Apple Support <support@verify-user.top>
Subject: Yêu cầu cập nhật thông tin thanh toán
Khoản hoàn tiền đang chờ xử lý. Vui lòng xác nhận số thẻ, CVV và mã xác minh tại https://verify-user.top/account/confirm.",1
"From: Thư viện <no-reply@university.edu.vn>
Subject: Lịch họp ngày mai
Đây là thông báo định kỳ. Bạn không cần cung cấp mật khẩu, mã OTP hoặc thông tin thẻ qua email. Mọi thay đổi quan trọng sẽ được thông báo trên hệ thống chính thức.",0
"From: Phòng hành chính <no-reply@university.edu.vn>
Subject: Biên nhận thanh toán
Thông tin chi tiết đã được cập nhật trên hệ thống. Bạn có thể đăng nhập bằng cách tự mở ứng dụng hoặc trang web quen thuộc.",0
"From: Customer Care Apple <service@mail-security.club>
Subject: Security alert: act now
Khoản hoàn tiền đang chờ xử lý. Vui lòng xác nhận số thẻ, CVV và mã xác minh tại http://45.76.123.9/account/confirm. !!! Hành động ngay lập tức!!!",1
"From: Phòng CNTT <no-reply@company.vn>
Subject: Xác nhận đăng ký
Xin vui lòng kiểm tra lịch và phản hồi trước thời hạn ghi trong thông báo. Cảm ơn bạn.",0
"From: Customer Care Techcombank <service@verify-login.top>
Subject: Tài khoản hết hạn hôm nay
Vui lòng xác minh tài khoản ngay lập tức để tránh bị khóa. Hãy nhập mật khẩu và mã OTP tại https://verify-login.top/billing/update. !!! Hành động ngay lập tức!!! Your accunt must be verfy today.",1
"From: PayPal Billing <billing@account-review.xyz>
Subject: Urgent: unusual login detected
Vui lòng xác minh tài khoản ngay lập tức để tránh bị khóa. Hãy nhập mật khẩu và mã OTP tại https://account-review.xyz/login.",1
"From: Kế toán <no-reply@company.vn>
Subject: Biên nhận thanh toán
Đây là thông báo định kỳ. Bạn không cần cung cấp mật khẩu, mã OTP hoặc thông tin thẻ qua email.",0
"From: Phòng đào tạo <no-reply@university.edu.vn>
Subject: Kết quả đăng ký môn học
Đây là thông báo định kỳ. Bạn không cần cung cấp mật khẩu, mã OTP hoặc thông tin thẻ qua email. Bạn có thể bỏ qua email này nếu thông tin đã được cập nhật. Tham khảo: https://portal.university.edu.vn/",0
"From: Customer Care Google <service@verify-login.top>
Subject: Xác minh tài khoản để tránh đình chỉ
Tài khoản của bạn sẽ bị đình chỉ nếu không hành động ngay. Truy cập https://verify-login.top/security-check để xác minh danh tính.",1
"From: Vietcombank Support <support@secure-account.xyz>
Subject: Xác minh tài khoản để tránh đình chỉ
Tài khoản của bạn sẽ bị đình chỉ nếu không hành động ngay. Truy cập https://secure-account.xyz/login để xác minh danh tính.",1
"From: Google Billing <billing@security-alert.xyz>
Subject: Yêu cầu cập nhật thông tin thanh toán
Vui lòng xác minh tài khoản ngay lập tức để tránh bị khóa. Hãy nhập mật khẩu và mã OTP tại http://103.21.55.18/account/confirm. !!! Hành động ngay lập tức!!!",1
"From: Phòng CNTT <no-reply@company.vn>
Subject: Thông báo lịch học tuần này
Xin vui lòng kiểm tra lịch và phản hồi trước thời hạn ghi trong thông báo. Cảm ơn bạn. Không gửi thông tin đăng nhập cho bất kỳ ai.",0
"From: Phòng hành chính <no-reply@university.edu.vn>
Subject: Thông báo giao hàng
Hệ thống sẽ được bảo trì trong thời gian dự kiến. Một số chức năng có thể tạm thời không sử dụng được.",0
"From: Vietcombank Billing <billing@security-alert.xyz>
Subject: Cảnh báo bảo mật - xác minh ngay
Bạn được chọn nhận phần thưởng. Hãy cung cấp thông tin tài khoản và xác nhận tại http://security-alert.xyz/verify để nhận tiền. !!! Hành động ngay lập tức!!!",1
"From: Phòng CNTT <no-reply@company.vn>
Subject: Thông báo bảo trì hệ thống
Vui lòng xem thông tin trong cổng thông tin nội bộ. Nếu cần hỗ trợ, hãy liên hệ bộ phận phụ trách qua kênh chính thức. Tham khảo: https://company.vn/account",0
"From: Thư viện <no-reply@university.edu.vn>
Subject: Thông báo bảo trì hệ thống
Hệ thống sẽ được bảo trì trong thời gian dự kiến. Một số chức năng có thể tạm thời không sử dụng được. Nếu không yêu cầu thao tác này, hãy liên hệ bộ phận hỗ trợ.",0
"From: Apple Support <support@secure-account.xyz>
Subject: Yêu cầu cập nhật thông tin thanh toán
Khoản hoàn tiền đang chờ xử lý. Vui lòng xác nhận số thẻ, CVV và mã xác minh tại http://45.76.123.9/verify.",1
"From: Kế toán <no-reply@company.vn>
Subject: Thông báo bảo trì hệ thống
Hệ thống sẽ được bảo trì trong thời gian dự kiến. Một số chức năng có thể tạm thời không sử dụng được.",0
"From: BIDV Billing <billing@login-protect.click>
Subject: Cảnh báo bảo mật - xác minh ngay
Chúng tôi phát hiện hoạt động bất thường. Bạn phải xác minh thông tin đăng nhập trong 24 giờ tại https://login-protect.click/security-check.",1
"From: Amazon Billing <billing@login-protect.click>
Subject: Thông báo hoàn tiền - xác nhận thông tin
Vui lòng xác minh tài khoản ngay lập tức để tránh bị khóa. Hãy nhập mật khẩu và mã OTP tại https://login-protect.click/security-check.",1
"From: Phòng đào tạo <no-reply@university.edu.vn>
Subject: Lịch họp ngày mai
Biên nhận được gửi để bạn lưu trữ. Nếu có sai lệch, liên hệ bộ phận chăm sóc khách hàng theo thông tin trên website chính thức. Không gửi thông tin đăng nhập cho bất kỳ ai. Tham khảo: https://portal.university.edu.vn/",0
"From: Dịch vụ khách hàng <no-reply@shop.vn>
Subject: Thông báo lịch học tuần này
Vui lòng xem thông tin trong cổng thông tin nội bộ. Nếu cần hỗ trợ, hãy liên hệ bộ phận phụ trách qua kênh chính thức.",0
"From: Customer Care Amazon <service@login-protect.click>
Subject: Security alert: act now
Khoản hoàn tiền đang chờ xử lý. Vui lòng xác nhận số thẻ, CVV và mã xác minh tại https://login-protect.click/account/confirm.",1
"From: Phòng hành chính <no-reply@university.edu.vn>
Subject: Nhắc lịch gia hạn dịch vụ
Xin vui lòng kiểm tra lịch và phản hồi trước thời hạn ghi trong thông báo. Cảm ơn bạn. Mọi thay đổi quan trọng sẽ được thông báo trên hệ thống chính thức.",0
"From: Phòng đào tạo <no-reply@university.edu.vn>
Subject: Lịch họp ngày mai
Đây là thông báo định kỳ. Bạn không cần cung cấp mật khẩu, mã OTP hoặc thông tin thẻ qua email.",0
"From: Amazon Security <security@support-center.club>
Subject: Final notice: verify your account
Final notice. Verify your account immediately using https://support-center.club/login or access may be suspended. Your accunt must be verfy today.",1
"From: Ban quản trị hệ thống <no-reply@company.vn>
Subject: Kết quả đăng ký môn học
Hệ thống sẽ được bảo trì trong thời gian dự kiến. Một số chức năng có thể tạm thời không sử dụng được. Nếu không yêu cầu thao tác này, hãy liên hệ bộ phận hỗ trợ.",0
"From: Kế toán <no-reply@company.vn>
Subject: Nhắc lịch gia hạn dịch vụ
Vui lòng xem thông tin trong cổng thông tin nội bộ. Nếu cần hỗ trợ, hãy liên hệ bộ phận phụ trách qua kênh chính thức. Bạn có thể bỏ qua email này nếu thông tin đã được cập nhật.",0
"From: Bộ phận nhân sự <no-reply@company.vn>
Subject: Lịch họp ngày mai
Vui lòng xem thông tin trong cổng thông tin nội bộ. Nếu cần hỗ trợ, hãy liên hệ bộ phận phụ trách qua kênh chính thức.",0
"From: Thư viện <no-reply@university.edu.vn>
Subject: Phiếu lương tháng này
Xin vui lòng kiểm tra lịch và phản hồi trước thời hạn ghi trong thông báo. Cảm ơn bạn.",0
"From: Google Support <support@security-alert.xyz>
Subject: Thông báo hoàn tiền - xác nhận thông tin
Bạn được chọn nhận phần thưởng. Hãy cung cấp thông tin tài khoản và xác nhận tại https://security-alert.xyz/security-check để nhận tiền. !!! Hành động ngay lập tức!!!",1
"From: MoMo Support <support@verify-login.top>
Subject: Urgent: unusual login detected
Tài khoản của bạn sẽ bị đình chỉ nếu không hành động ngay. Truy cập https://verify-login.top/security-check để xác minh danh tính.",1
"From: BIDV Billing <billing@billing-confirm.loan>
Subject: Final notice: verify your account
Tài khoản của bạn sẽ bị đình chỉ nếu không hành động ngay. Truy cập http://185.10.20.30/billing/update để xác minh danh tính. Your accunt must be verfy today.",1
"From: Techcombank Support <support@service-update.top>
Subject: Xác minh tài khoản để tránh đình chỉ
Tài khoản của bạn sẽ bị đình chỉ nếu không hành động ngay. Truy cập https://service-update.top/login để xác minh danh tính.",1
"From: PayPal Security <security@account-review.xyz>
Subject: Bạn đã trúng thưởng
Vui lòng xác minh tài khoản ngay lập tức để tránh bị khóa. Hãy nhập mật khẩu và mã OTP tại https://account-review.xyz/billing/update.",1
"From: Phòng hành chính <no-reply@university.edu.vn>
Subject: Tài liệu cuộc họp
Thông tin chi tiết đã được cập nhật trên hệ thống. Bạn có thể đăng nhập bằng cách tự mở ứng dụng hoặc trang web quen thuộc.",0
"From: Customer Care PayPal <service@login-protect.click>
Subject: Tài khoản hết hạn hôm nay
Khoản hoàn tiền đang chờ xử lý. Vui lòng xác nhận số thẻ, CVV và mã xác minh tại https://login-protect.click/login. Your accunt must be verfy today.",1
"From: Phòng hành chính <no-reply@university.edu.vn>
Subject: Xác nhận đăng ký
Hệ thống sẽ được bảo trì trong thời gian dự kiến. Một số chức năng có thể tạm thời không sử dụng được.",0
"From: Thư viện <no-reply@university.edu.vn>
Subject: Thông báo lịch học tuần này
Đây là thông báo định kỳ. Bạn không cần cung cấp mật khẩu, mã OTP hoặc thông tin thẻ qua email. Bạn có thể bỏ qua email này nếu thông tin đã được cập nhật.",0
"From: Customer Care Microsoft <service@verify-login.top>
Subject: Security alert: act now
Vui lòng xác minh tài khoản ngay lập tức để tránh bị khóa. Hãy nhập mật khẩu và mã OTP tại https://verify-login.top/security-check.",1
"From: Vietcombank Security <security@service-update.top>
Subject: Urgent: unusual login detected
Chúng tôi phát hiện hoạt động bất thường. Bạn phải xác minh thông tin đăng nhập trong 24 giờ tại http://185.10.20.30/verify.",1
"From: Thư viện <no-reply@university.edu.vn>
Subject: Biên nhận thanh toán
Xin vui lòng kiểm tra lịch và phản hồi trước thời hạn ghi trong thông báo. Cảm ơn bạn.",0
"From: Microsoft Security <security@mail-security.club>
Subject: Security alert: act now
Tài khoản của bạn sẽ bị đình chỉ nếu không hành động ngay. Truy cập https://mail-security.club/login để xác minh danh tính.",1
"From: Phòng CNTT <no-reply@company.vn>
Subject: Kết quả đăng ký môn học
Hệ thống sẽ được bảo trì trong thời gian dự kiến. Một số chức năng có thể tạm thời không sử dụng được. Không gửi thông tin đăng nhập cho bất kỳ ai.",0
"From: Customer Care BIDV <service@mail-security.club>
Subject: Yêu cầu cập nhật thông tin thanh toán
Vui lòng xác minh tài khoản ngay lập tức để tránh bị khóa. Hãy nhập mật khẩu và mã OTP tại http://45.76.123.9/billing/update.",1
"From: Microsoft Security <security@secure-account.xyz>
Subject: Cảnh báo bảo mật - xác minh ngay
Final notice. Verify your account immediately using http://secure-account.xyz/verify or access may be suspended.",1
"From: Thư viện <no-reply@university.edu.vn>
Subject: Thông báo giao hàng
Biên nhận được gửi để bạn lưu trữ. Nếu có sai lệch, liên hệ bộ phận chăm sóc khách hàng theo thông tin trên website chính thức. Nếu không yêu cầu thao tác này, hãy liên hệ bộ phận hỗ trợ. Tham khảo: https://university.edu.vn/account",0
"From: Thư viện <no-reply@university.edu.vn>
Subject: Phiếu lương tháng này
Thông tin chi tiết đã được cập nhật trên hệ thống. Bạn có thể đăng nhập bằng cách tự mở ứng dụng hoặc trang web quen thuộc.",0
"From: Customer Care BIDV <service@secure-account.xyz>
Subject: Security alert: act now
Tài khoản của bạn sẽ bị đình chỉ nếu không hành động ngay. Truy cập https://secure-account.xyz/login để xác minh danh tính.",1
"From: Ban quản trị hệ thống <no-reply@company.vn>
Subject: Biên nhận thanh toán
Xin vui lòng kiểm tra lịch và phản hồi trước thời hạn ghi trong thông báo. Cảm ơn bạn.",0
"From: PayPal Billing <billing@security-alert.xyz>
Subject: Khẩn cấp: tài khoản của bạn sắp bị khóa
Khoản hoàn tiền đang chờ xử lý. Vui lòng xác nhận số thẻ, CVV và mã xác minh tại https://security-alert.xyz/login.",1
"From: Customer Care PayPal <service@billing-confirm.loan>
Subject: Security alert: act now
Vui lòng xác minh tài khoản ngay lập tức để tránh bị khóa. Hãy nhập mật khẩu và mã OTP tại https://billing-confirm.loan/billing/update. Your accunt must be verfy today.",1
"From: Customer Care Amazon <service@mail-security.club>
Subject: Thông báo hoàn tiền - xác nhận thông tin
Bạn được chọn nhận phần thưởng. Hãy cung cấp thông tin tài khoản và xác nhận tại https://mail-security.club/account/confirm để nhận tiền. Your accunt must be verfy today.",1
"From: Customer Care Microsoft <service@billing-confirm.loan>
Subject: Urgent: unusual login detected
Chúng tôi phát hiện hoạt động bất thường. Bạn phải xác minh thông tin đăng nhập trong 24 giờ tại http://billing-confirm.loan/verify.",1
"From: Dịch vụ khách hàng <no-reply@shop.vn>
Subject: Tài liệu cuộc họp
Hệ thống sẽ được bảo trì trong thời gian dự kiến. Một số chức năng có thể tạm thời không sử dụng được.",0
"From: Kế toán <no-reply@company.vn>
Subject: Phiếu lương tháng này
Xin vui lòng kiểm tra lịch và phản hồi trước thời hạn ghi trong thông báo. Cảm ơn bạn.",0
"From: Customer Care Microsoft <service@verify-login.top>
Subject: Cảnh báo bảo mật - xác minh ngay
Chúng tôi phát hiện hoạt động bất thường. Bạn phải xác minh thông tin đăng nhập trong 24 giờ tại https://verify-login.top/billing/update.",1
"From: Phòng CNTT <no-reply@company.vn>
Subject: Nhắc lịch gia hạn dịch vụ
Vui lòng xem thông tin trong cổng thông tin nội bộ. Nếu cần hỗ trợ, hãy liên hệ bộ phận phụ trách qua kênh chính thức.",0
"From: Apple Support <support@billing-confirm.loan>
Subject: Tài khoản hết hạn hôm nay
Final notice. Verify your account immediately using http://185.10.20.30/account/confirm or access may be suspended. Your accunt must be verfy today.",1
"From: MoMo Billing <billing@account-review.xyz>
Subject: Cảnh báo bảo mật - xác minh ngay
Bạn được chọn nhận phần thưởng. Hãy cung cấp thông tin tài khoản và xác nhận tại https://account-review.xyz/account/confirm để nhận tiền.",1
"From: Dịch vụ khách hàng <no-reply@shop.vn>
Subject: Thông báo giao hàng
Biên nhận được gửi để bạn lưu trữ. Nếu có sai lệch, liên hệ bộ phận chăm sóc khách hàng theo thông tin trên website chính thức. Mọi thay đổi quan trọng sẽ được thông báo trên hệ thống chính thức.",0
"From: Microsoft Support <support@verify-login.top>
Subject: Final notice: verify your account
Chúng tôi phát hiện hoạt động bất thường. Bạn phải xác minh thông tin đăng nhập trong 24 giờ tại https://verify-login.top/security-check.",1
"From: PayPal Security <security@support-center.club>
Subject: Tài khoản hết hạn hôm nay
Tài khoản của bạn sẽ bị đình chỉ nếu không hành động ngay. Truy cập https://support-center.club/security-check để xác minh danh tính.",1
"From: Vietcombank Security <security@mail-security.club>
Subject: Tài khoản hết hạn hôm nay
Chúng tôi phát hiện hoạt động bất thường. Bạn phải xác minh thông tin đăng nhập trong 24 giờ tại http://103.21.55.18/verify.",1
"From: Ban quản trị hệ thống <no-reply@company.vn>
Subject: Xác nhận đăng ký
Hệ thống sẽ được bảo trì trong thời gian dự kiến. Một số chức năng có thể tạm thời không sử dụng được. Nếu không yêu cầu thao tác này, hãy liên hệ bộ phận hỗ trợ.",0
"From: Techcombank Security <security@verify-login.top>
Subject: Khẩn cấp: tài khoản của bạn sắp bị khóa
Khoản hoàn tiền đang chờ xử lý. Vui lòng xác nhận số thẻ, CVV và mã xác minh tại https://verify-login.top/security-check. !!! Hành động ngay lập tức!!!",1
"From: PayPal Billing <billing@service-update.top>
Subject: Urgent: unusual login detected
Khoản hoàn tiền đang chờ xử lý. Vui lòng xác nhận số thẻ, CVV và mã xác minh tại https://service-update.top/billing/update. !!! Hành động ngay lập tức!!!",1
"From: Phòng CNTT <no-reply@company.vn>
Subject: Xác nhận đăng ký
Hệ thống sẽ được bảo trì trong thời gian dự kiến. Một số chức năng có thể tạm thời không sử dụng được. Nếu không yêu cầu thao tác này, hãy liên hệ bộ phận hỗ trợ.",0
"From: Thư viện <no-reply@university.edu.vn>
Subject: Tài liệu cuộc họp
Vui lòng xem thông tin trong cổng thông tin nội bộ. Nếu cần hỗ trợ, hãy liên hệ bộ phận phụ trách qua kênh chính thức. Không gửi thông tin đăng nhập cho bất kỳ ai.",0
"From: Apple Billing <billing@account-check.click>
Subject: Bạn đã trúng thưởng
Tài khoản của bạn sẽ bị đình chỉ nếu không hành động ngay. Truy cập https://account-check.click/security-check để xác minh danh tính. !!! Hành động ngay lập tức!!!",1
"From: Kế toán <no-reply@company.vn>
Subject: Nhắc lịch gia hạn dịch vụ
Đây là thông báo định kỳ. Bạn không cần cung cấp mật khẩu, mã OTP hoặc thông tin thẻ qua email. Nếu không yêu cầu thao tác này, hãy liên hệ bộ phận hỗ trợ.",0
"From: MoMo Billing <billing@login-protect.click>
Subject: Bạn đã trúng thưởng
Vui lòng xác minh tài khoản ngay lập tức để tránh bị khóa. Hãy nhập mật khẩu và mã OTP tại https://login-protect.click/billing/update.",1
"From: Kế toán <no-reply@company.vn>
Subject: Phiếu lương tháng này
Đây là thông báo định kỳ. Bạn không cần cung cấp mật khẩu, mã OTP hoặc thông tin thẻ qua email. Bạn có thể bỏ qua email này nếu thông tin đã được cập nhật.",0
"From: Google Support <support@security-alert.xyz>
Subject: Bạn đã trúng thưởng
Vui lòng xác minh tài khoản ngay lập tức để tránh bị khóa. Hãy nhập mật khẩu và mã OTP tại http://45.76.123.9/verify. !!! Hành động ngay lập tức!!!",1
"From: Amazon Billing <billing@confirm-access.xyz>
Subject: Tài khoản hết hạn hôm nay
Chúng tôi phát hiện hoạt động bất thường. Bạn phải xác minh thông tin đăng nhập trong 24 giờ tại http://confirm-access.xyz/verify.",1
"From: Techcombank Support <support@account-check.click>
Subject: Bạn đã trúng thưởng
Final notice. Verify your account immediately using https://account-check.click/login or access may be suspended.",1
"From: Phòng đào tạo <no-reply@university.edu.vn>
Subject: Thông báo giao hàng
Xin vui lòng kiểm tra lịch và phản hồi trước thời hạn ghi trong thông báo. Cảm ơn bạn.",0
"From: Bộ phận nhân sự <no-reply@company.vn>
Subject: Biên nhận thanh toán
Đây là thông báo định kỳ. Bạn không cần cung cấp mật khẩu, mã OTP hoặc thông tin thẻ qua email.",0
"From: Microsoft Support <support@login-protect.click>
Subject: Urgent: unusual login detected
Khoản hoàn tiền đang chờ xử lý. Vui lòng xác nhận số thẻ, CVV và mã xác minh tại https://login-protect.click/billing/update.",1
"From: Phòng CNTT <no-reply@company.vn>
Subject: Thông báo bảo trì hệ thống
Xin vui lòng kiểm tra lịch và phản hồi trước thời hạn ghi trong thông báo. Cảm ơn bạn. Không gửi thông tin đăng nhập cho bất kỳ ai.",0
"From: Customer Care Vietcombank <service@support-center.club>
Subject: Security alert: act now
Khoản hoàn tiền đang chờ xử lý. Vui lòng xác nhận số thẻ, CVV và mã xác minh tại http://185.10.20.30/account/confirm. !!! Hành động ngay lập tức!!!",1
"From: Kế toán <no-reply@company.vn>
Subject: Thông báo lịch học tuần này
Thông tin chi tiết đã được cập nhật trên hệ thống. Bạn có thể đăng nhập bằng cách tự mở ứng dụng hoặc trang web quen thuộc. Không gửi thông tin đăng nhập cho bất kỳ ai.",0
"From: Ban quản trị hệ thống <no-reply@company.vn>
Subject: Nhắc lịch gia hạn dịch vụ
Đây là thông báo định kỳ. Bạn không cần cung cấp mật khẩu, mã OTP hoặc thông tin thẻ qua email. Không gửi thông tin đăng nhập cho bất kỳ ai. Tham khảo: https://company.vn/account",0
"From: Techcombank Support <support@confirm-access.xyz>
Subject: Tài khoản hết hạn hôm nay
Vui lòng xác minh tài khoản ngay lập tức để tránh bị khóa. Hãy nhập mật khẩu và mã OTP tại http://confirm-access.xyz/verify. !!! Hành động ngay lập tức!!!",1
"From: Phòng hành chính <no-reply@university.edu.vn>
Subject: Thông báo bảo trì hệ thống
Xin vui lòng kiểm tra lịch và phản hồi trước thời hạn ghi trong thông báo. Cảm ơn bạn. Tham khảo: https://university.edu.vn/account",0
"From: Dịch vụ khách hàng <no-reply@shop.vn>
Subject: Thông báo giao hàng
Xin vui lòng kiểm tra lịch và phản hồi trước thời hạn ghi trong thông báo. Cảm ơn bạn.",0
"From: Kế toán <no-reply@company.vn>
Subject: Nhắc lịch gia hạn dịch vụ
Đây là thông báo định kỳ. Bạn không cần cung cấp mật khẩu, mã OTP hoặc thông tin thẻ qua email. Bạn có thể bỏ qua email này nếu thông tin đã được cập nhật.",0
"From: Amazon Security <security@support-center.club>
Subject: Final notice: verify your account
Bạn được chọn nhận phần thưởng. Hãy cung cấp thông tin tài khoản và xác nhận tại https://support-center.club/account/confirm để nhận tiền. Your accunt must be verfy today.",1
"From: Amazon Billing <billing@billing-confirm.loan>
Subject: Bạn đã trúng thưởng
Khoản hoàn tiền đang chờ xử lý. Vui lòng xác nhận số thẻ, CVV và mã xác minh tại https://billing-confirm.loan/billing/update.",1
"From: Google Billing <billing@account-check.click>
Subject: Final notice: verify your account
Khoản hoàn tiền đang chờ xử lý. Vui lòng xác nhận số thẻ, CVV và mã xác minh tại https://account-check.click/security-check.",1
"From: Kế toán <no-reply@company.vn>
Subject: Phiếu lương tháng này
Đây là thông báo định kỳ. Bạn không cần cung cấp mật khẩu, mã OTP hoặc thông tin thẻ qua email.",0
"From: Phòng hành chính <no-reply@university.edu.vn>
Subject: Thông báo bảo trì hệ thống
Thông tin chi tiết đã được cập nhật trên hệ thống. Bạn có thể đăng nhập bằng cách tự mở ứng dụng hoặc trang web quen thuộc. Mọi thay đổi quan trọng sẽ được thông báo trên hệ thống chính thức.",0
"From: Thư viện <no-reply@university.edu.vn>
Subject: Biên nhận thanh toán
Biên nhận được gửi để bạn lưu trữ. Nếu có sai lệch, liên hệ bộ phận chăm sóc khách hàng theo thông tin trên website chính thức. Bạn có thể bỏ qua email này nếu thông tin đã được cập nhật.",0
"From: Customer Care Apple <service@support-center.club>
Subject: Security alert: act now
Tài khoản của bạn sẽ bị đình chỉ nếu không hành động ngay. Truy cập https://support-center.club/billing/update để xác minh danh tính.",1
"From: Customer Care Apple <service@verify-user.top>
Subject: Final notice: verify your account
Chúng tôi phát hiện hoạt động bất thường. Bạn phải xác minh thông tin đăng nhập trong 24 giờ tại https://verify-user.top/billing/update.",1
"From: BIDV Support <support@security-alert.xyz>
Subject: Urgent: unusual login detected
Bạn được chọn nhận phần thưởng. Hãy cung cấp thông tin tài khoản và xác nhận tại http://45.76.123.9/billing/update để nhận tiền.",1
"From: PayPal Support <support@login-protect.click>
Subject: Khẩn cấp: tài khoản của bạn sắp bị khóa
Khoản hoàn tiền đang chờ xử lý. Vui lòng xác nhận số thẻ, CVV và mã xác minh tại http://login-protect.click/verify.",1
"From: BIDV Billing <billing@verify-login.top>
Subject: Bạn đã trúng thưởng
Bạn được chọn nhận phần thưởng. Hãy cung cấp thông tin tài khoản và xác nhận tại http://185.10.20.30/billing/update để nhận tiền.",1
"From: Vietcombank Billing <billing@account-check.click>
Subject: Yêu cầu cập nhật thông tin thanh toán
Vui lòng xác minh tài khoản ngay lập tức để tránh bị khóa. Hãy nhập mật khẩu và mã OTP tại http://account-check.click/verify. !!! Hành động ngay lập tức!!!",1
"From: Phòng đào tạo <no-reply@university.edu.vn>
Subject: Thông báo giao hàng
Hệ thống sẽ được bảo trì trong thời gian dự kiến. Một số chức năng có thể tạm thời không sử dụng được.",0
"From: Customer Care BIDV <service@confirm-access.xyz>
Subject: Tài khoản hết hạn hôm nay
Tài khoản của bạn sẽ bị đình chỉ nếu không hành động ngay. Truy cập https://confirm-access.xyz/billing/update để xác minh danh tính.",1
"From: Google Security <security@service-update.top>
Subject: Khẩn cấp: tài khoản của bạn sắp bị khóa
Vui lòng xác minh tài khoản ngay lập tức để tránh bị khóa. Hãy nhập mật khẩu và mã OTP tại https://service-update.top/security-check.",1
"From: Kế toán <no-reply@company.vn>
Subject: Biên nhận thanh toán
Biên nhận được gửi để bạn lưu trữ. Nếu có sai lệch, liên hệ bộ phận chăm sóc khách hàng theo thông tin trên website chính thức. Bạn có thể bỏ qua email này nếu thông tin đã được cập nhật.",0
"From: Phòng đào tạo <no-reply@university.edu.vn>
Subject: Biên nhận thanh toán
Vui lòng xem thông tin trong cổng thông tin nội bộ. Nếu cần hỗ trợ, hãy liên hệ bộ phận phụ trách qua kênh chính thức.",0
"From: Dịch vụ khách hàng <no-reply@shop.vn>
Subject: Phiếu lương tháng này
Thông tin chi tiết đã được cập nhật trên hệ thống. Bạn có thể đăng nhập bằng cách tự mở ứng dụng hoặc trang web quen thuộc. Mọi thay đổi quan trọng sẽ được thông báo trên hệ thống chính thức.",0
"From: Phòng hành chính <no-reply@university.edu.vn>
Subject: Nhắc lịch gia hạn dịch vụ
Xin vui lòng kiểm tra lịch và phản hồi trước thời hạn ghi trong thông báo. Cảm ơn bạn. Nếu không yêu cầu thao tác này, hãy liên hệ bộ phận hỗ trợ. Tham khảo: https://university.edu.vn/support",0
"From: Phòng đào tạo <no-reply@university.edu.vn>
Subject: Biên nhận thanh toán
Xin vui lòng kiểm tra lịch và phản hồi trước thời hạn ghi trong thông báo. Cảm ơn bạn. Mọi thay đổi quan trọng sẽ được thông báo trên hệ thống chính thức.",0
"From: Techcombank Billing <billing@verify-login.top>
Subject: Cảnh báo bảo mật - xác minh ngay
Tài khoản của bạn sẽ bị đình chỉ nếu không hành động ngay. Truy cập http://103.21.55.18/security-check để xác minh danh tính. !!! Hành động ngay lập tức!!!",1
"From: Bộ phận nhân sự <no-reply@company.vn>
Subject: Lịch họp ngày mai
Thông tin chi tiết đã được cập nhật trên hệ thống. Bạn có thể đăng nhập bằng cách tự mở ứng dụng hoặc trang web quen thuộc. Tham khảo: https://company.vn/support",0
"From: Kế toán <no-reply@company.vn>
Subject: Nhắc lịch gia hạn dịch vụ
Thông tin chi tiết đã được cập nhật trên hệ thống. Bạn có thể đăng nhập bằng cách tự mở ứng dụng hoặc trang web quen thuộc. Bạn có thể bỏ qua email này nếu thông tin đã được cập nhật. Tham khảo: https://company.vn/support",0
"From: Phòng CNTT <no-reply@company.vn>
Subject: Thông báo giao hàng
Xin vui lòng kiểm tra lịch và phản hồi trước thời hạn ghi trong thông báo. Cảm ơn bạn.",0
"From: Google Support <support@account-check.click>
Subject: Tài khoản hết hạn hôm nay
Final notice. Verify your account immediately using https://account-check.click/security-check or access may be suspended.",1
"From: Techcombank Security <security@login-protect.click>
Subject: Urgent: unusual login detected
Vui lòng xác minh tài khoản ngay lập tức để tránh bị khóa. Hãy nhập mật khẩu và mã OTP tại https://login-protect.click/account/confirm.",1
"From: Amazon Security <security@verify-login.top>
Subject: Khẩn cấp: tài khoản của bạn sắp bị khóa
Chúng tôi phát hiện hoạt động bất thường. Bạn phải xác minh thông tin đăng nhập trong 24 giờ tại http://45.76.123.9/account/confirm.",1
"From: Thư viện <no-reply@university.edu.vn>
Subject: Phiếu lương tháng này
Hệ thống sẽ được bảo trì trong thời gian dự kiến. Một số chức năng có thể tạm thời không sử dụng được. Bạn có thể bỏ qua email này nếu thông tin đã được cập nhật.",0
"From: Thư viện <no-reply@university.edu.vn>
Subject: Phiếu lương tháng này
Biên nhận được gửi để bạn lưu trữ. Nếu có sai lệch, liên hệ bộ phận chăm sóc khách hàng theo thông tin trên website chính thức.",0
"From: Bộ phận nhân sự <no-reply@company.vn>
Subject: Lịch họp ngày mai
Thông tin chi tiết đã được cập nhật trên hệ thống. Bạn có thể đăng nhập bằng cách tự mở ứng dụng hoặc trang web quen thuộc. Bạn có thể bỏ qua email này nếu thông tin đã được cập nhật.",0
"From: Phòng hành chính <no-reply@university.edu.vn>
Subject: Nhắc lịch gia hạn dịch vụ
Thông tin chi tiết đã được cập nhật trên hệ thống. Bạn có thể đăng nhập bằng cách tự mở ứng dụng hoặc trang web quen thuộc. Không gửi thông tin đăng nhập cho bất kỳ ai.",0
"From: MoMo Support <support@support-center.club>
Subject: Final notice: verify your account
Tài khoản của bạn sẽ bị đình chỉ nếu không hành động ngay. Truy cập http://support-center.club/verify để xác minh danh tính.",1
"From: MoMo Billing <billing@secure-account.xyz>
Subject: Khẩn cấp: tài khoản của bạn sắp bị khóa
Khoản hoàn tiền đang chờ xử lý. Vui lòng xác nhận số thẻ, CVV và mã xác minh tại https://secure-account.xyz/security-check.",1
"From: Customer Care Amazon <service@verify-login.top>
Subject: Security alert: act now
Bạn được chọn nhận phần thưởng. Hãy cung cấp thông tin tài khoản và xác nhận tại https://verify-login.top/security-check để nhận tiền.",1
"From: Phòng CNTT <no-reply@company.vn>
Subject: Xác nhận đăng ký
Vui lòng xem thông tin trong cổng thông tin nội bộ. Nếu cần hỗ trợ, hãy liên hệ bộ phận phụ trách qua kênh chính thức.",0
"From: Ban quản trị hệ thống <no-reply@company.vn>
Subject: Thông báo giao hàng
Xin vui lòng kiểm tra lịch và phản hồi trước thời hạn ghi trong thông báo. Cảm ơn bạn. Mọi thay đổi quan trọng sẽ được thông báo trên hệ thống chính thức.",0
"From: Kế toán <no-reply@company.vn>
Subject: Phiếu lương tháng này
Biên nhận được gửi để bạn lưu trữ. Nếu có sai lệch, liên hệ bộ phận chăm sóc khách hàng theo thông tin trên website chính thức.",0
"From: Kế toán <no-reply@company.vn>
Subject: Thông báo lịch học tuần này
Biên nhận được gửi để bạn lưu trữ. Nếu có sai lệch, liên hệ bộ phận chăm sóc khách hàng theo thông tin trên website chính thức.",0
"From: Customer Care MoMo <service@support-center.club>
Subject: Final notice: verify your account
Chúng tôi phát hiện hoạt động bất thường. Bạn phải xác minh thông tin đăng nhập trong 24 giờ tại https://support-center.club/account/confirm.",1
"From: Customer Care Vietcombank <service@account-check.click>
Subject: Tài khoản hết hạn hôm nay
Tài khoản của bạn sẽ bị đình chỉ nếu không hành động ngay. Truy cập https://account-check.click/security-check để xác minh danh tính.",1
"From: Amazon Billing <billing@account-check.click>
Subject: Security alert: act now
Khoản hoàn tiền đang chờ xử lý. Vui lòng xác nhận số thẻ, CVV và mã xác minh tại https://account-check.click/billing/update. !!! Hành động ngay lập tức!!!",1
"From: Microsoft Support <support@account-check.click>
Subject: Bạn đã trúng thưởng
Final notice. Verify your account immediately using https://account-check.click/login or access may be suspended. Your accunt must be verfy today.",1
"From: Phòng hành chính <no-reply@university.edu.vn>
Subject: Thông báo giao hàng
Xin vui lòng kiểm tra lịch và phản hồi trước thời hạn ghi trong thông báo. Cảm ơn bạn. Nếu không yêu cầu thao tác này, hãy liên hệ bộ phận hỗ trợ.",0
"From: Google Support <support@verify-login.top>
Subject: Khẩn cấp: tài khoản của bạn sắp bị khóa
Final notice. Verify your account immediately using https://verify-login.top/login or access may be suspended.",1
"From: Bộ phận nhân sự <no-reply@company.vn>
Subject: Biên nhận thanh toán
Hệ thống sẽ được bảo trì trong thời gian dự kiến. Một số chức năng có thể tạm thời không sử dụng được. Tham khảo: https://company.vn/support",0
"From: Dịch vụ khách hàng <no-reply@shop.vn>
Subject: Thông báo giao hàng
Hệ thống sẽ được bảo trì trong thời gian dự kiến. Một số chức năng có thể tạm thời không sử dụng được. Không gửi thông tin đăng nhập cho bất kỳ ai.",0
"From: Microsoft Security <security@login-protect.click>
Subject: Tài khoản hết hạn hôm nay
Bạn được chọn nhận phần thưởng. Hãy cung cấp thông tin tài khoản và xác nhận tại https://login-protect.click/security-check để nhận tiền.",1
"From: Vietcombank Support <support@support-center.club>
Subject: Thông báo hoàn tiền - xác nhận thông tin
Khoản hoàn tiền đang chờ xử lý. Vui lòng xác nhận số thẻ, CVV và mã xác minh tại https://support-center.club/security-check. !!! Hành động ngay lập tức!!!",1
"From: Phòng hành chính <no-reply@university.edu.vn>
Subject: Phiếu lương tháng này
Hệ thống sẽ được bảo trì trong thời gian dự kiến. Một số chức năng có thể tạm thời không sử dụng được. Không gửi thông tin đăng nhập cho bất kỳ ai.",0
"From: Phòng CNTT <no-reply@company.vn>
Subject: Nhắc lịch gia hạn dịch vụ
Đây là thông báo định kỳ. Bạn không cần cung cấp mật khẩu, mã OTP hoặc thông tin thẻ qua email. Bạn có thể bỏ qua email này nếu thông tin đã được cập nhật.",0
"From: Thư viện <no-reply@university.edu.vn>
Subject: Thông báo giao hàng
Đây là thông báo định kỳ. Bạn không cần cung cấp mật khẩu, mã OTP hoặc thông tin thẻ qua email. Nếu không yêu cầu thao tác này, hãy liên hệ bộ phận hỗ trợ.",0
"From: Techcombank Support <support@secure-account.xyz>
Subject: Urgent: unusual login detected
Khoản hoàn tiền đang chờ xử lý. Vui lòng xác nhận số thẻ, CVV và mã xác minh tại https://secure-account.xyz/account/confirm.",1
"From: Apple Billing <billing@account-review.xyz>
Subject: Tài khoản hết hạn hôm nay
Bạn được chọn nhận phần thưởng. Hãy cung cấp thông tin tài khoản và xác nhận tại https://account-review.xyz/login để nhận tiền.",1
"From: Dịch vụ khách hàng <no-reply@shop.vn>
Subject: Thông báo lịch học tuần này
Hệ thống sẽ được bảo trì trong thời gian dự kiến. Một số chức năng có thể tạm thời không sử dụng được. Không gửi thông tin đăng nhập cho bất kỳ ai. Tham khảo: https://shop.vn/support",0
"From: Ban quản trị hệ thống <no-reply@company.vn>
Subject: Kết quả đăng ký môn học
Hệ thống sẽ được bảo trì trong thời gian dự kiến. Một số chức năng có thể tạm thời không sử dụng được. Không gửi thông tin đăng nhập cho bất kỳ ai.",0
"From: BIDV Support <support@security-alert.xyz>
Subject: Security alert: act now
Khoản hoàn tiền đang chờ xử lý. Vui lòng xác nhận số thẻ, CVV và mã xác minh tại http://185.10.20.30/login.",1
"From: Thư viện <no-reply@university.edu.vn>
Subject: Xác nhận đăng ký
Xin vui lòng kiểm tra lịch và phản hồi trước thời hạn ghi trong thông báo. Cảm ơn bạn. Không gửi thông tin đăng nhập cho bất kỳ ai.",0
"From: Dịch vụ khách hàng <no-reply@shop.vn>
Subject: Thông báo lịch học tuần này
Xin vui lòng kiểm tra lịch và phản hồi trước thời hạn ghi trong thông báo. Cảm ơn bạn.",0
"From: Microsoft Support <support@login-protect.click>
Subject: Bạn đã trúng thưởng
Khoản hoàn tiền đang chờ xử lý. Vui lòng xác nhận số thẻ, CVV và mã xác minh tại http://185.10.20.30/verify. !!! Hành động ngay lập tức!!!",1
"From: Dịch vụ khách hàng <no-reply@shop.vn>
Subject: Nhắc lịch gia hạn dịch vụ
Đây là thông báo định kỳ. Bạn không cần cung cấp mật khẩu, mã OTP hoặc thông tin thẻ qua email. Bạn có thể bỏ qua email này nếu thông tin đã được cập nhật. Tham khảo: https://portal.shop.vn/",0
"From: Thư viện <no-reply@university.edu.vn>
Subject: Nhắc lịch gia hạn dịch vụ
Hệ thống sẽ được bảo trì trong thời gian dự kiến. Một số chức năng có thể tạm thời không sử dụng được.",0
"From: Google Billing <billing@account-review.xyz>
Subject: Final notice: verify your account
Vui lòng xác minh tài khoản ngay lập tức để tránh bị khóa. Hãy nhập mật khẩu và mã OTP tại https://account-review.xyz/security-check.",1
"From: Ban quản trị hệ thống <no-reply@company.vn>
Subject: Biên nhận thanh toán
Biên nhận được gửi để bạn lưu trữ. Nếu có sai lệch, liên hệ bộ phận chăm sóc khách hàng theo thông tin trên website chính thức. Tham khảo: https://company.vn/account",0
"From: Thư viện <no-reply@university.edu.vn>
Subject: Nhắc lịch gia hạn dịch vụ
Thông tin chi tiết đã được cập nhật trên hệ thống. Bạn có thể đăng nhập bằng cách tự mở ứng dụng hoặc trang web quen thuộc. Mọi thay đổi quan trọng sẽ được thông báo trên hệ thống chính thức. Tham khảo: https://portal.university.edu.vn/",0
"From: Dịch vụ khách hàng <no-reply@shop.vn>
Subject: Thông báo lịch học tuần này
Đây là thông báo định kỳ. Bạn không cần cung cấp mật khẩu, mã OTP hoặc thông tin thẻ qua email. Mọi thay đổi quan trọng sẽ được thông báo trên hệ thống chính thức. Tham khảo: https://shop.vn/support",0
"From: MoMo Billing <billing@account-check.click>
Subject: Urgent: unusual login detected
Chúng tôi phát hiện hoạt động bất thường. Bạn phải xác minh thông tin đăng nhập trong 24 giờ tại https://account-check.click/billing/update. Your accunt must be verfy today.",1
"From: Vietcombank Support <support@support-center.club>
Subject: Final notice: verify your account
Bạn được chọn nhận phần thưởng. Hãy cung cấp thông tin tài khoản và xác nhận tại http://45.76.123.9/account/confirm để nhận tiền.",1
"From: Bộ phận nhân sự <no-reply@company.vn>
Subject: Thông báo bảo trì hệ thống
Vui lòng xem thông tin trong cổng thông tin nội bộ. Nếu cần hỗ trợ, hãy liên hệ bộ phận phụ trách qua kênh chính thức. Không gửi thông tin đăng nhập cho bất kỳ ai. Tham khảo: https://company.vn/account",0
"From: Phòng hành chính <no-reply@university.edu.vn>
Subject: Phiếu lương tháng này
Đây là thông báo định kỳ. Bạn không cần cung cấp mật khẩu, mã OTP hoặc thông tin thẻ qua email. Nếu không yêu cầu thao tác này, hãy liên hệ bộ phận hỗ trợ.",0
"From: Amazon Billing <billing@account-review.xyz>
Subject: Urgent: unusual login detected
Vui lòng xác minh tài khoản ngay lập tức để tránh bị khóa. Hãy nhập mật khẩu và mã OTP tại https://account-review.xyz/billing/update. !!! Hành động ngay lập tức!!!",1
"From: Microsoft Security <security@mail-security.club>
Subject: Urgent: unusual login detected
Vui lòng xác minh tài khoản ngay lập tức để tránh bị khóa. Hãy nhập mật khẩu và mã OTP tại http://45.76.123.9/login. !!! Hành động ngay lập tức!!!",1
"From: Ban quản trị hệ thống <no-reply@company.vn>
Subject: Biên nhận thanh toán
Vui lòng xem thông tin trong cổng thông tin nội bộ. Nếu cần hỗ trợ, hãy liên hệ bộ phận phụ trách qua kênh chính thức. Bạn có thể bỏ qua email này nếu thông tin đã được cập nhật.",0
"From: BIDV Billing <billing@verify-login.top>
Subject: Urgent: unusual login detected
Vui lòng xác minh tài khoản ngay lập tức để tránh bị khóa. Hãy nhập mật khẩu và mã OTP tại https://verify-login.top/security-check. !!! Hành động ngay lập tức!!!",1
"From: Techcombank Billing <billing@secure-account.xyz>
Subject: Khẩn cấp: tài khoản của bạn sắp bị khóa
Final notice. Verify your account immediately using https://secure-account.xyz/billing/update or access may be suspended. !!! Hành động ngay lập tức!!!",1
"From: Thư viện <no-reply@university.edu.vn>
Subject: Nhắc lịch gia hạn dịch vụ
Thông tin chi tiết đã được cập nhật trên hệ thống. Bạn có thể đăng nhập bằng cách tự mở ứng dụng hoặc trang web quen thuộc. Mọi thay đổi quan trọng sẽ được thông báo trên hệ thống chính thức.",0
"From: Apple Security <security@security-alert.xyz>
Subject: Thông báo hoàn tiền - xác nhận thông tin
Vui lòng xác minh tài khoản ngay lập tức để tránh bị khóa. Hãy nhập mật khẩu và mã OTP tại http://45.76.123.9/login.",1
"From: Amazon Security <security@verify-user.top>
Subject: Yêu cầu cập nhật thông tin thanh toán
Khoản hoàn tiền đang chờ xử lý. Vui lòng xác nhận số thẻ, CVV và mã xác minh tại http://verify-user.top/verify.",1
"From: Phòng đào tạo <no-reply@university.edu.vn>
Subject: Phiếu lương tháng này
Đây là thông báo định kỳ. Bạn không cần cung cấp mật khẩu, mã OTP hoặc thông tin thẻ qua email. Nếu không yêu cầu thao tác này, hãy liên hệ bộ phận hỗ trợ.",0
"From: Dịch vụ khách hàng <no-reply@shop.vn>
Subject: Lịch họp ngày mai
Đây là thông báo định kỳ. Bạn không cần cung cấp mật khẩu, mã OTP hoặc thông tin thẻ qua email. Tham khảo: https://shop.vn/account",0
"From: Kế toán <no-reply@company.vn>
Subject: Tài liệu cuộc họp
Đây là thông báo định kỳ. Bạn không cần cung cấp mật khẩu, mã OTP hoặc thông tin thẻ qua email. Tham khảo: https://company.vn/support",0
"From: Microsoft Support <support@verify-login.top>
Subject: Tài khoản hết hạn hôm nay
Khoản hoàn tiền đang chờ xử lý. Vui lòng xác nhận số thẻ, CVV và mã xác minh tại https://verify-login.top/account/confirm. !!! Hành động ngay lập tức!!!",1
"From: Microsoft Security <security@account-review.xyz>
Subject: Tài khoản hết hạn hôm nay
Khoản hoàn tiền đang chờ xử lý. Vui lòng xác nhận số thẻ, CVV và mã xác minh tại https://account-review.xyz/security-check. !!! Hành động ngay lập tức!!!",1
"From: Microsoft Billing <billing@account-check.click>
Subject: Thông báo hoàn tiền - xác nhận thông tin
Khoản hoàn tiền đang chờ xử lý. Vui lòng xác nhận số thẻ, CVV và mã xác minh tại https://account-check.click/account/confirm.",1
"From: Thư viện <no-reply@university.edu.vn>
Subject: Thông báo bảo trì hệ thống
Xin vui lòng kiểm tra lịch và phản hồi trước thời hạn ghi trong thông báo. Cảm ơn bạn. Không gửi thông tin đăng nhập cho bất kỳ ai. Tham khảo: https://portal.university.edu.vn/",0
"From: Bộ phận nhân sự <no-reply@company.vn>
Subject: Thông báo giao hàng
Thông tin chi tiết đã được cập nhật trên hệ thống. Bạn có thể đăng nhập bằng cách tự mở ứng dụng hoặc trang web quen thuộc. Tham khảo: https://portal.company.vn/",0
"From: Dịch vụ khách hàng <no-reply@shop.vn>
Subject: Tài liệu cuộc họp
Xin vui lòng kiểm tra lịch và phản hồi trước thời hạn ghi trong thông báo. Cảm ơn bạn. Nếu không yêu cầu thao tác này, hãy liên hệ bộ phận hỗ trợ.",0
"From: Customer Care Microsoft <service@confirm-access.xyz>
Subject: Cảnh báo bảo mật - xác minh ngay
Tài khoản của bạn sẽ bị đình chỉ nếu không hành động ngay. Truy cập https://confirm-access.xyz/billing/update để xác minh danh tính.",1
"From: BIDV Security <security@mail-security.club>
Subject: Khẩn cấp: tài khoản của bạn sắp bị khóa
Tài khoản của bạn sẽ bị đình chỉ nếu không hành động ngay. Truy cập https://mail-security.club/billing/update để xác minh danh tính.",1
"From: Bộ phận nhân sự <no-reply@company.vn>
Subject: Xác nhận đăng ký
Đây là thông báo định kỳ. Bạn không cần cung cấp mật khẩu, mã OTP hoặc thông tin thẻ qua email. Nếu không yêu cầu thao tác này, hãy liên hệ bộ phận hỗ trợ. Tham khảo: https://company.vn/account",0
"From: Apple Billing <billing@security-alert.xyz>
Subject: Thông báo hoàn tiền - xác nhận thông tin
Final notice. Verify your account immediately using http://103.21.55.18/billing/update or access may be suspended.",1
"From: Customer Care Amazon <service@verify-login.top>
Subject: Xác minh tài khoản để tránh đình chỉ
Vui lòng xác minh tài khoản ngay lập tức để tránh bị khóa. Hãy nhập mật khẩu và mã OTP tại https://verify-login.top/login. !!! Hành động ngay lập tức!!!",1
"From: Phòng đào tạo <no-reply@university.edu.vn>
Subject: Thông báo lịch học tuần này
Vui lòng xem thông tin trong cổng thông tin nội bộ. Nếu cần hỗ trợ, hãy liên hệ bộ phận phụ trách qua kênh chính thức. Mọi thay đổi quan trọng sẽ được thông báo trên hệ thống chính thức. Tham khảo: https://university.edu.vn/support",0
"From: Customer Care MoMo <service@secure-account.xyz>
Subject: Xác minh tài khoản để tránh đình chỉ
Bạn được chọn nhận phần thưởng. Hãy cung cấp thông tin tài khoản và xác nhận tại https://secure-account.xyz/security-check để nhận tiền.",1
"From: Bộ phận nhân sự <no-reply@company.vn>
Subject: Nhắc lịch gia hạn dịch vụ
Biên nhận được gửi để bạn lưu trữ. Nếu có sai lệch, liên hệ bộ phận chăm sóc khách hàng theo thông tin trên website chính thức.",0
"From: Google Billing <billing@confirm-access.xyz>
Subject: Final notice: verify your account
Chúng tôi phát hiện hoạt động bất thường. Bạn phải xác minh thông tin đăng nhập trong 24 giờ tại https://confirm-access.xyz/billing/update. !!! Hành động ngay lập tức!!!",1
"From: MoMo Billing <billing@account-check.click>
Subject: Final notice: verify your account
Tài khoản của bạn sẽ bị đình chỉ nếu không hành động ngay. Truy cập https://account-check.click/account/confirm để xác minh danh tính.",1
"From: Vietcombank Security <security@confirm-access.xyz>
Subject: Thông báo hoàn tiền - xác nhận thông tin
Vui lòng xác minh tài khoản ngay lập tức để tránh bị khóa. Hãy nhập mật khẩu và mã OTP tại https://confirm-access.xyz/billing/update.",1
"From: MoMo Security <security@login-protect.click>
Subject: Bạn đã trúng thưởng
Khoản hoàn tiền đang chờ xử lý. Vui lòng xác nhận số thẻ, CVV và mã xác minh tại http://185.10.20.30/account/confirm.",1
"From: BIDV Billing <billing@secure-account.xyz>
Subject: Tài khoản hết hạn hôm nay
Vui lòng xác minh tài khoản ngay lập tức để tránh bị khóa. Hãy nhập mật khẩu và mã OTP tại http://103.21.55.18/security-check. !!! Hành động ngay lập tức!!!",1
"From: BIDV Support <support@mail-security.club>
Subject: Bạn đã trúng thưởng
Chúng tôi phát hiện hoạt động bất thường. Bạn phải xác minh thông tin đăng nhập trong 24 giờ tại http://185.10.20.30/security-check.",1
"From: Customer Care BIDV <service@support-center.club>
Subject: Bạn đã trúng thưởng
Chúng tôi phát hiện hoạt động bất thường. Bạn phải xác minh thông tin đăng nhập trong 24 giờ tại https://support-center.club/login.",1
"From: Dịch vụ khách hàng <no-reply@shop.vn>
Subject: Tài liệu cuộc họp
Vui lòng xem thông tin trong cổng thông tin nội bộ. Nếu cần hỗ trợ, hãy liên hệ bộ phận phụ trách qua kênh chính thức. Không gửi thông tin đăng nhập cho bất kỳ ai. Tham khảo: https://portal.shop.vn/",0
"From: Dịch vụ khách hàng <no-reply@shop.vn>
Subject: Phiếu lương tháng này
Biên nhận được gửi để bạn lưu trữ. Nếu có sai lệch, liên hệ bộ phận chăm sóc khách hàng theo thông tin trên website chính thức. Tham khảo: https://portal.shop.vn/",0
"From: Phòng CNTT <no-reply@company.vn>
Subject: Thông báo bảo trì hệ thống
Biên nhận được gửi để bạn lưu trữ. Nếu có sai lệch, liên hệ bộ phận chăm sóc khách hàng theo thông tin trên website chính thức. Bạn có thể bỏ qua email này nếu thông tin đã được cập nhật.",0
"From: Phòng CNTT <no-reply@company.vn>
Subject: Tài liệu cuộc họp
Thông tin chi tiết đã được cập nhật trên hệ thống. Bạn có thể đăng nhập bằng cách tự mở ứng dụng hoặc trang web quen thuộc.",0
"From: MoMo Security <security@confirm-access.xyz>
Subject: Cảnh báo bảo mật - xác minh ngay
Bạn được chọn nhận phần thưởng. Hãy cung cấp thông tin tài khoản và xác nhận tại http://confirm-access.xyz/verify để nhận tiền.",1
"From: Customer Care Apple <service@login-protect.click>
Subject: Security alert: act now
Bạn được chọn nhận phần thưởng. Hãy cung cấp thông tin tài khoản và xác nhận tại https://login-protect.click/account/confirm để nhận tiền. !!! Hành động ngay lập tức!!!",1
"From: Dịch vụ khách hàng <no-reply@shop.vn>
Subject: Xác nhận đăng ký
Xin vui lòng kiểm tra lịch và phản hồi trước thời hạn ghi trong thông báo. Cảm ơn bạn.",0
"From: Microsoft Security <security@account-check.click>
Subject: Tài khoản hết hạn hôm nay
Vui lòng xác minh tài khoản ngay lập tức để tránh bị khóa. Hãy nhập mật khẩu và mã OTP tại https://account-check.click/account/confirm. Your accunt must be verfy today.",1
"From: Dịch vụ khách hàng <no-reply@shop.vn>
Subject: Biên nhận thanh toán
Thông tin chi tiết đã được cập nhật trên hệ thống. Bạn có thể đăng nhập bằng cách tự mở ứng dụng hoặc trang web quen thuộc. Nếu không yêu cầu thao tác này, hãy liên hệ bộ phận hỗ trợ.",0
"From: Dịch vụ khách hàng <no-reply@shop.vn>
Subject: Biên nhận thanh toán
Thông tin chi tiết đã được cập nhật trên hệ thống. Bạn có thể đăng nhập bằng cách tự mở ứng dụng hoặc trang web quen thuộc. Bạn có thể bỏ qua email này nếu thông tin đã được cập nhật.",0
"From: Phòng CNTT <no-reply@company.vn>
Subject: Thông báo lịch học tuần này
Xin vui lòng kiểm tra lịch và phản hồi trước thời hạn ghi trong thông báo. Cảm ơn bạn. Bạn có thể bỏ qua email này nếu thông tin đã được cập nhật. Tham khảo: https://company.vn/support",0
"From: Ban quản trị hệ thống <no-reply@company.vn>
Subject: Phiếu lương tháng này
Vui lòng xem thông tin trong cổng thông tin nội bộ. Nếu cần hỗ trợ, hãy liên hệ bộ phận phụ trách qua kênh chính thức. Bạn có thể bỏ qua email này nếu thông tin đã được cập nhật. Tham khảo: https://company.vn/support",0
"From: Phòng đào tạo <no-reply@university.edu.vn>
Subject: Biên nhận thanh toán
Đây là thông báo định kỳ. Bạn không cần cung cấp mật khẩu, mã OTP hoặc thông tin thẻ qua email.",0
"From: Techcombank Support <support@confirm-access.xyz>
Subject: Yêu cầu cập nhật thông tin thanh toán
Final notice. Verify your account immediately using https://confirm-access.xyz/account/confirm or access may be suspended.",1
"From: Amazon Billing <billing@verify-login.top>
Subject: Xác minh tài khoản để tránh đình chỉ
Final notice. Verify your account immediately using https://verify-login.top/account/confirm or access may be suspended. Your accunt must be verfy today.",1
"From: Dịch vụ khách hàng <no-reply@shop.vn>
Subject: Lịch họp ngày mai
Hệ thống sẽ được bảo trì trong thời gian dự kiến. Một số chức năng có thể tạm thời không sử dụng được. Tham khảo: https://shop.vn/account",0
"From: Customer Care Amazon <service@service-update.top>
Subject: Cảnh báo bảo mật - xác minh ngay
Khoản hoàn tiền đang chờ xử lý. Vui lòng xác nhận số thẻ, CVV và mã xác minh tại https://service-update.top/security-check.",1
"From: Phòng đào tạo <no-reply@university.edu.vn>
Subject: Thông báo giao hàng
Biên nhận được gửi để bạn lưu trữ. Nếu có sai lệch, liên hệ bộ phận chăm sóc khách hàng theo thông tin trên website chính thức.",0
"From: Customer Care Techcombank <service@confirm-access.xyz>
Subject: Urgent: unusual login detected
Chúng tôi phát hiện hoạt động bất thường. Bạn phải xác minh thông tin đăng nhập trong 24 giờ tại https://confirm-access.xyz/billing/update.",1
"From: Customer Care PayPal <service@support-center.club>
Subject: Khẩn cấp: tài khoản của bạn sắp bị khóa
Tài khoản của bạn sẽ bị đình chỉ nếu không hành động ngay. Truy cập http://45.76.123.9/billing/update để xác minh danh tính.",1
"From: Phòng đào tạo <no-reply@university.edu.vn>
Subject: Xác nhận đăng ký
Hệ thống sẽ được bảo trì trong thời gian dự kiến. Một số chức năng có thể tạm thời không sử dụng được. Tham khảo: https://university.edu.vn/account",0
"From: Customer Care Techcombank <service@account-review.xyz>
Subject: Tài khoản hết hạn hôm nay
Final notice. Verify your account immediately using https://account-review.xyz/billing/update or access may be suspended.",1
"From: Vietcombank Security <security@mail-security.club>
Subject: Cảnh báo bảo mật - xác minh ngay
Vui lòng xác minh tài khoản ngay lập tức để tránh bị khóa. Hãy nhập mật khẩu và mã OTP tại http://185.10.20.30/login. Your accunt must be verfy today.",1
"From: Microsoft Billing <billing@support-center.club>
Subject: Thông báo hoàn tiền - xác nhận thông tin
Final notice. Verify your account immediately using https://support-center.club/billing/update or access may be suspended.",1
"From: Amazon Support <support@login-protect.click>
Subject: Tài khoản hết hạn hôm nay
Tài khoản của bạn sẽ bị đình chỉ nếu không hành động ngay. Truy cập https://login-protect.click/billing/update để xác minh danh tính.",1
"From: Customer Care Google <service@security-alert.xyz>
Subject: Urgent: unusual login detected
Bạn được chọn nhận phần thưởng. Hãy cung cấp thông tin tài khoản và xác nhận tại http://185.10.20.30/account/confirm để nhận tiền.",1
"From: Techcombank Security <security@account-review.xyz>
Subject: Security alert: act now
Khoản hoàn tiền đang chờ xử lý. Vui lòng xác nhận số thẻ, CVV và mã xác minh tại https://account-review.xyz/account/confirm.",1
"From: Phòng đào tạo <no-reply@university.edu.vn>
Subject: Xác nhận đăng ký
Hệ thống sẽ được bảo trì trong thời gian dự kiến. Một số chức năng có thể tạm thời không sử dụng được. Nếu không yêu cầu thao tác này, hãy liên hệ bộ phận hỗ trợ.",0
"From: Vietcombank Security <security@mail-security.club>
Subject: Thông báo hoàn tiền - xác nhận thông tin
Khoản hoàn tiền đang chờ xử lý. Vui lòng xác nhận số thẻ, CVV và mã xác minh tại https://mail-security.club/account/confirm. Your accunt must be verfy today.",1
"From: Vietcombank Security <security@support-center.club>
Subject: Xác minh tài khoản để tránh đình chỉ
Vui lòng xác minh tài khoản ngay lập tức để tránh bị khóa. Hãy nhập mật khẩu và mã OTP tại https://support-center.club/login.",1
"From: Thư viện <no-reply@university.edu.vn>
Subject: Phiếu lương tháng này
Đây là thông báo định kỳ. Bạn không cần cung cấp mật khẩu, mã OTP hoặc thông tin thẻ qua email.",0
"From: Bộ phận nhân sự <no-reply@company.vn>
Subject: Kết quả đăng ký môn học
Đây là thông báo định kỳ. Bạn không cần cung cấp mật khẩu, mã OTP hoặc thông tin thẻ qua email. Bạn có thể bỏ qua email này nếu thông tin đã được cập nhật.",0
"From: PayPal Billing <billing@service-update.top>
Subject: Urgent: unusual login detected
Khoản hoàn tiền đang chờ xử lý. Vui lòng xác nhận số thẻ, CVV và mã xác minh tại https://service-update.top/login. !!! Hành động ngay lập tức!!!",1
"From: Customer Care Amazon <service@account-check.click>
Subject: Final notice: verify your account
Final notice. Verify your account immediately using https://account-check.click/account/confirm or access may be suspended. !!! Hành động ngay lập tức!!!",1
"From: Vietcombank Billing <billing@secure-account.xyz>
Subject: Urgent: unusual login detected
Tài khoản của bạn sẽ bị đình chỉ nếu không hành động ngay. Truy cập https://secure-account.xyz/login để xác minh danh tính. !!! Hành động ngay lập tức!!!",1
"From: Microsoft Support <support@account-check.click>
Subject: Cảnh báo bảo mật - xác minh ngay
Final notice. Verify your account immediately using https://account-check.click/billing/update or access may be suspended.",1
"From: BIDV Security <security@mail-security.club>
Subject: Khẩn cấp: tài khoản của bạn sắp bị khóa
Khoản hoàn tiền đang chờ xử lý. Vui lòng xác nhận số thẻ, CVV và mã xác minh tại https://mail-security.club/billing/update.",1
"From: Thư viện <no-reply@university.edu.vn>
Subject: Phiếu lương tháng này
Xin vui lòng kiểm tra lịch và phản hồi trước thời hạn ghi trong thông báo. Cảm ơn bạn. Không gửi thông tin đăng nhập cho bất kỳ ai.",0
"From: PayPal Billing <billing@secure-account.xyz>
Subject: Thông báo hoàn tiền - xác nhận thông tin
Vui lòng xác minh tài khoản ngay lập tức để tránh bị khóa. Hãy nhập mật khẩu và mã OTP tại https://secure-account.xyz/billing/update. Your accunt must be verfy today.",1
"From: Customer Care Vietcombank <service@service-update.top>
Subject: Urgent: unusual login detected
Vui lòng xác minh tài khoản ngay lập tức để tránh bị khóa. Hãy nhập mật khẩu và mã OTP tại http://service-update.top/verify.",1
"From: Vietcombank Security <security@account-check.click>
Subject: Security alert: act now
Khoản hoàn tiền đang chờ xử lý. Vui lòng xác nhận số thẻ, CVV và mã xác minh tại https://account-check.click/login.",1
"From: Google Security <security@login-protect.click>
Subject: Khẩn cấp: tài khoản của bạn sắp bị khóa
Chúng tôi phát hiện hoạt động bất thường. Bạn phải xác minh thông tin đăng nhập trong 24 giờ tại http://185.10.20.30/account/confirm.",1
"From: BIDV Billing <billing@account-review.xyz>
Subject: Cảnh báo bảo mật - xác minh ngay
Chúng tôi phát hiện hoạt động bất thường. Bạn phải xác minh thông tin đăng nhập trong 24 giờ tại https://account-review.xyz/billing/update.",1
"From: Google Security <security@verify-login.top>
Subject: Bạn đã trúng thưởng
Final notice. Verify your account immediately using https://verify-login.top/account/confirm or access may be suspended. Your accunt must be verfy today.",1
"From: Ban quản trị hệ thống <no-reply@company.vn>
Subject: Thông báo giao hàng
Thông tin chi tiết đã được cập nhật trên hệ thống. Bạn có thể đăng nhập bằng cách tự mở ứng dụng hoặc trang web quen thuộc. Tham khảo: https://company.vn/account",0
"From: Phòng hành chính <no-reply@university.edu.vn>
Subject: Lịch họp ngày mai
Biên nhận được gửi để bạn lưu trữ. Nếu có sai lệch, liên hệ bộ phận chăm sóc khách hàng theo thông tin trên website chính thức. Mọi thay đổi quan trọng sẽ được thông báo trên hệ thống chính thức. Tham khảo: https://university.edu.vn/support",0
"From: Thư viện <no-reply@university.edu.vn>
Subject: Tài liệu cuộc họp
Hệ thống sẽ được bảo trì trong thời gian dự kiến. Một số chức năng có thể tạm thời không sử dụng được. Tham khảo: https://university.edu.vn/support",0
"From: Customer Care MoMo <service@support-center.club>
Subject: Final notice: verify your account
Vui lòng xác minh tài khoản ngay lập tức để tránh bị khóa. Hãy nhập mật khẩu và mã OTP tại https://support-center.club/login.",1
"From: Techcombank Support <support@mail-security.club>
Subject: Cảnh báo bảo mật - xác minh ngay
Chúng tôi phát hiện hoạt động bất thường. Bạn phải xác minh thông tin đăng nhập trong 24 giờ tại http://mail-security.club/verify. !!! Hành động ngay lập tức!!!",1
"From: Microsoft Security <security@security-alert.xyz>
Subject: Security alert: act now
Chúng tôi phát hiện hoạt động bất thường. Bạn phải xác minh thông tin đăng nhập trong 24 giờ tại https://security-alert.xyz/login.",1
"From: Dịch vụ khách hàng <no-reply@shop.vn>
Subject: Xác nhận đăng ký
Thông tin chi tiết đã được cập nhật trên hệ thống. Bạn có thể đăng nhập bằng cách tự mở ứng dụng hoặc trang web quen thuộc. Không gửi thông tin đăng nhập cho bất kỳ ai.",0
"From: Phòng hành chính <no-reply@university.edu.vn>
Subject: Tài liệu cuộc họp
Biên nhận được gửi để bạn lưu trữ. Nếu có sai lệch, liên hệ bộ phận chăm sóc khách hàng theo thông tin trên website chính thức.",0
"From: Apple Support <support@security-alert.xyz>
Subject: Khẩn cấp: tài khoản của bạn sắp bị khóa
Khoản hoàn tiền đang chờ xử lý. Vui lòng xác nhận số thẻ, CVV và mã xác minh tại http://security-alert.xyz/verify.",1
"From: PayPal Billing <billing@verify-login.top>
Subject: Final notice: verify your account
Final notice. Verify your account immediately using https://verify-login.top/account/confirm or access may be suspended. Your accunt must be verfy today.",1
"From: Ban quản trị hệ thống <no-reply@company.vn>
Subject: Nhắc lịch gia hạn dịch vụ
Xin vui lòng kiểm tra lịch và phản hồi trước thời hạn ghi trong thông báo. Cảm ơn bạn. Nếu không yêu cầu thao tác này, hãy liên hệ bộ phận hỗ trợ.",0
"From: Phòng CNTT <no-reply@company.vn>
Subject: Lịch họp ngày mai
Thông tin chi tiết đã được cập nhật trên hệ thống. Bạn có thể đăng nhập bằng cách tự mở ứng dụng hoặc trang web quen thuộc. Mọi thay đổi quan trọng sẽ được thông báo trên hệ thống chính thức.",0
"From: Vietcombank Security <security@verify-login.top>
Subject: Cảnh báo bảo mật - xác minh ngay
Bạn được chọn nhận phần thưởng. Hãy cung cấp thông tin tài khoản và xác nhận tại https://verify-login.top/billing/update để nhận tiền.",1
"From: BIDV Billing <billing@verify-user.top>
Subject: Security alert: act now
Khoản hoàn tiền đang chờ xử lý. Vui lòng xác nhận số thẻ, CVV và mã xác minh tại http://verify-user.top/verify. Your accunt must be verfy today.",1
"From: Customer Care BIDV <service@support-center.club>
Subject: Xác minh tài khoản để tránh đình chỉ
Chúng tôi phát hiện hoạt động bất thường. Bạn phải xác minh thông tin đăng nhập trong 24 giờ tại http://support-center.club/verify.",1
"From: Vietcombank Security <security@support-center.club>
Subject: Yêu cầu cập nhật thông tin thanh toán
Tài khoản của bạn sẽ bị đình chỉ nếu không hành động ngay. Truy cập https://support-center.club/billing/update để xác minh danh tính. !!! Hành động ngay lập tức!!!",1
"From: Customer Care Techcombank <service@service-update.top>
Subject: Yêu cầu cập nhật thông tin thanh toán
Khoản hoàn tiền đang chờ xử lý. Vui lòng xác nhận số thẻ, CVV và mã xác minh tại https://service-update.top/security-check.",1
"From: Dịch vụ khách hàng <no-reply@shop.vn>
Subject: Xác nhận đăng ký
Vui lòng xem thông tin trong cổng thông tin nội bộ. Nếu cần hỗ trợ, hãy liên hệ bộ phận phụ trách qua kênh chính thức. Tham khảo: https://shop.vn/account",0
"From: Apple Billing <billing@billing-confirm.loan>
Subject: Security alert: act now
Tài khoản của bạn sẽ bị đình chỉ nếu không hành động ngay. Truy cập https://billing-confirm.loan/login để xác minh danh tính.",1
"From: Phòng CNTT <no-reply@company.vn>
Subject: Phiếu lương tháng này
Biên nhận được gửi để bạn lưu trữ. Nếu có sai lệch, liên hệ bộ phận chăm sóc khách hàng theo thông tin trên website chính thức.",0
"From: Vietcombank Billing <billing@verify-login.top>
Subject: Khẩn cấp: tài khoản của bạn sắp bị khóa
Tài khoản của bạn sẽ bị đình chỉ nếu không hành động ngay. Truy cập https://verify-login.top/account/confirm để xác minh danh tính.",1
"From: BIDV Billing <billing@billing-confirm.loan>
Subject: Bạn đã trúng thưởng
Tài khoản của bạn sẽ bị đình chỉ nếu không hành động ngay. Truy cập https://billing-confirm.loan/account/confirm để xác minh danh tính.",1
"From: MoMo Billing <billing@service-update.top>
Subject: Yêu cầu cập nhật thông tin thanh toán
Tài khoản của bạn sẽ bị đình chỉ nếu không hành động ngay. Truy cập http://103.21.55.18/login để xác minh danh tính.",1
"From: Ban quản trị hệ thống <no-reply@company.vn>
Subject: Nhắc lịch gia hạn dịch vụ
Đây là thông báo định kỳ. Bạn không cần cung cấp mật khẩu, mã OTP hoặc thông tin thẻ qua email. Mọi thay đổi quan trọng sẽ được thông báo trên hệ thống chính thức.",0
"From: Thư viện <no-reply@university.edu.vn>
Subject: Tài liệu cuộc họp
Hệ thống sẽ được bảo trì trong thời gian dự kiến. Một số chức năng có thể tạm thời không sử dụng được.",0
"From: Microsoft Billing <billing@billing-confirm.loan>
Subject: Cảnh báo bảo mật - xác minh ngay
Khoản hoàn tiền đang chờ xử lý. Vui lòng xác nhận số thẻ, CVV và mã xác minh tại https://billing-confirm.loan/account/confirm.",1
"From: Vietcombank Billing <billing@billing-confirm.loan>
Subject: Bạn đã trúng thưởng
Final notice. Verify your account immediately using https://billing-confirm.loan/account/confirm or access may be suspended. !!! Hành động ngay lập tức!!!",1
"From: Customer Care BIDV <service@secure-account.xyz>
Subject: Thông báo hoàn tiền - xác nhận thông tin
Bạn được chọn nhận phần thưởng. Hãy cung cấp thông tin tài khoản và xác nhận tại https://secure-account.xyz/account/confirm để nhận tiền.",1
"From: Thư viện <no-reply@university.edu.vn>
Subject: Thông báo bảo trì hệ thống
Xin vui lòng kiểm tra lịch và phản hồi trước thời hạn ghi trong thông báo. Cảm ơn bạn.",0
"From: Google Support <support@verify-login.top>
Subject: Final notice: verify your account
Khoản hoàn tiền đang chờ xử lý. Vui lòng xác nhận số thẻ, CVV và mã xác minh tại https://verify-login.top/security-check.",1
"From: MoMo Support <support@service-update.top>
Subject: Khẩn cấp: tài khoản của bạn sắp bị khóa
Tài khoản của bạn sẽ bị đình chỉ nếu không hành động ngay. Truy cập https://service-update.top/billing/update để xác minh danh tính. !!! Hành động ngay lập tức!!!",1
"From: Techcombank Support <support@verify-login.top>
Subject: Urgent: unusual login detected
Khoản hoàn tiền đang chờ xử lý. Vui lòng xác nhận số thẻ, CVV và mã xác minh tại https://verify-login.top/security-check.",1
"From: Phòng hành chính <no-reply@university.edu.vn>
Subject: Tài liệu cuộc họp
Vui lòng xem thông tin trong cổng thông tin nội bộ. Nếu cần hỗ trợ, hãy liên hệ bộ phận phụ trách qua kênh chính thức. Nếu không yêu cầu thao tác này, hãy liên hệ bộ phận hỗ trợ. Tham khảo: https://university.edu.vn/account",0
"From: Phòng hành chính <no-reply@university.edu.vn>
Subject: Thông báo bảo trì hệ thống
Hệ thống sẽ được bảo trì trong thời gian dự kiến. Một số chức năng có thể tạm thời không sử dụng được.",0
"From: Microsoft Billing <billing@verify-login.top>
Subject: Thông báo hoàn tiền - xác nhận thông tin
Vui lòng xác minh tài khoản ngay lập tức để tránh bị khóa. Hãy nhập mật khẩu và mã OTP tại http://verify-login.top/verify.",1
"From: Vietcombank Billing <billing@login-protect.click>
Subject: Tài khoản hết hạn hôm nay
Final notice. Verify your account immediately using https://login-protect.click/account/confirm or access may be suspended. !!! Hành động ngay lập tức!!!",1
"From: PayPal Billing <billing@billing-confirm.loan>
Subject: Final notice: verify your account
Bạn được chọn nhận phần thưởng. Hãy cung cấp thông tin tài khoản và xác nhận tại https://billing-confirm.loan/security-check để nhận tiền.",1
"From: Dịch vụ khách hàng <no-reply@shop.vn>
Subject: Thông báo lịch học tuần này
Biên nhận được gửi để bạn lưu trữ. Nếu có sai lệch, liên hệ bộ phận chăm sóc khách hàng theo thông tin trên website chính thức. Tham khảo: https://portal.shop.vn/",0
"From: Phòng CNTT <no-reply@company.vn>
Subject: Thông báo giao hàng
Xin vui lòng kiểm tra lịch và phản hồi trước thời hạn ghi trong thông báo. Cảm ơn bạn.",0
"From: Thư viện <no-reply@university.edu.vn>
Subject: Kết quả đăng ký môn học
Thông tin chi tiết đã được cập nhật trên hệ thống. Bạn có thể đăng nhập bằng cách tự mở ứng dụng hoặc trang web quen thuộc. Tham khảo: https://university.edu.vn/support",0
"From: Vietcombank Support <support@account-check.click>
Subject: Urgent: unusual login detected
Vui lòng xác minh tài khoản ngay lập tức để tránh bị khóa. Hãy nhập mật khẩu và mã OTP tại https://account-check.click/account/confirm.",1
"From: Vietcombank Support <support@login-protect.click>
Subject: Thông báo hoàn tiền - xác nhận thông tin
Final notice. Verify your account immediately using http://login-protect.click/verify or access may be suspended.",1
"From: Techcombank Support <support@verify-login.top>
Subject: Security alert: act now
Tài khoản của bạn sẽ bị đình chỉ nếu không hành động ngay. Truy cập https://verify-login.top/login để xác minh danh tính.",1
"From: Phòng đào tạo <no-reply@university.edu.vn>
Subject: Biên nhận thanh toán
Thông tin chi tiết đã được cập nhật trên hệ thống. Bạn có thể đăng nhập bằng cách tự mở ứng dụng hoặc trang web quen thuộc. Không gửi thông tin đăng nhập cho bất kỳ ai.",0
"From: Phòng hành chính <no-reply@university.edu.vn>
Subject: Thông báo lịch học tuần này
Biên nhận được gửi để bạn lưu trữ. Nếu có sai lệch, liên hệ bộ phận chăm sóc khách hàng theo thông tin trên website chính thức. Nếu không yêu cầu thao tác này, hãy liên hệ bộ phận hỗ trợ.",0
"From: Customer Care Microsoft <service@account-check.click>
Subject: Xác minh tài khoản để tránh đình chỉ
Final notice. Verify your account immediately using http://account-check.click/verify or access may be suspended.",1
"From: Thư viện <no-reply@university.edu.vn>
Subject: Biên nhận thanh toán
Xin vui lòng kiểm tra lịch và phản hồi trước thời hạn ghi trong thông báo. Cảm ơn bạn. Không gửi thông tin đăng nhập cho bất kỳ ai.",0
"From: Phòng CNTT <no-reply@company.vn>
Subject: Thông báo giao hàng
Biên nhận được gửi để bạn lưu trữ. Nếu có sai lệch, liên hệ bộ phận chăm sóc khách hàng theo thông tin trên website chính thức.",0
"From: Vietcombank Security <security@security-alert.xyz>
Subject: Yêu cầu cập nhật thông tin thanh toán
Final notice. Verify your account immediately using https://security-alert.xyz/account/confirm or access may be suspended.",1
"From: Thư viện <no-reply@university.edu.vn>
Subject: Kết quả đăng ký môn học
Hệ thống sẽ được bảo trì trong thời gian dự kiến. Một số chức năng có thể tạm thời không sử dụng được.",0
"From: Thư viện <no-reply@university.edu.vn>
Subject: Nhắc lịch gia hạn dịch vụ
Biên nhận được gửi để bạn lưu trữ. Nếu có sai lệch, liên hệ bộ phận chăm sóc khách hàng theo thông tin trên website chính thức.",0
"From: Phòng CNTT <no-reply@company.vn>
Subject: Lịch họp ngày mai
Xin vui lòng kiểm tra lịch và phản hồi trước thời hạn ghi trong thông báo. Cảm ơn bạn. Nếu không yêu cầu thao tác này, hãy liên hệ bộ phận hỗ trợ.",0
"From: Ban quản trị hệ thống <no-reply@company.vn>
Subject: Thông báo giao hàng
Hệ thống sẽ được bảo trì trong thời gian dự kiến. Một số chức năng có thể tạm thời không sử dụng được. Không gửi thông tin đăng nhập cho bất kỳ ai.",0
"From: Phòng đào tạo <no-reply@university.edu.vn>
Subject: Xác nhận đăng ký
Đây là thông báo định kỳ. Bạn không cần cung cấp mật khẩu, mã OTP hoặc thông tin thẻ qua email.",0
"From: Phòng CNTT <no-reply@company.vn>
Subject: Tài liệu cuộc họp
Hệ thống sẽ được bảo trì trong thời gian dự kiến. Một số chức năng có thể tạm thời không sử dụng được. Tham khảo: https://portal.company.vn/",0
"From: Phòng đào tạo <no-reply@university.edu.vn>
Subject: Kết quả đăng ký môn học
Vui lòng xem thông tin trong cổng thông tin nội bộ. Nếu cần hỗ trợ, hãy liên hệ bộ phận phụ trách qua kênh chính thức.",0
"From: Vietcombank Security <security@verify-login.top>
Subject: Urgent: unusual login detected
Final notice. Verify your account immediately using https://verify-login.top/account/confirm or access may be suspended.",1
"From: Microsoft Support <support@billing-confirm.loan>
Subject: Cảnh báo bảo mật - xác minh ngay
Khoản hoàn tiền đang chờ xử lý. Vui lòng xác nhận số thẻ, CVV và mã xác minh tại https://billing-confirm.loan/login.",1
"From: Kế toán <no-reply@company.vn>
Subject: Thông báo giao hàng
Hệ thống sẽ được bảo trì trong thời gian dự kiến. Một số chức năng có thể tạm thời không sử dụng được.",0
"From: Dịch vụ khách hàng <no-reply@shop.vn>
Subject: Nhắc lịch gia hạn dịch vụ
Xin vui lòng kiểm tra lịch và phản hồi trước thời hạn ghi trong thông báo. Cảm ơn bạn. Không gửi thông tin đăng nhập cho bất kỳ ai.",0
"From: Bộ phận nhân sự <no-reply@company.vn>
Subject: Biên nhận thanh toán
Hệ thống sẽ được bảo trì trong thời gian dự kiến. Một số chức năng có thể tạm thời không sử dụng được.",0
"From: Apple Security <security@secure-account.xyz>
Subject: Tài khoản hết hạn hôm nay
Bạn được chọn nhận phần thưởng. Hãy cung cấp thông tin tài khoản và xác nhận tại https://secure-account.xyz/security-check để nhận tiền. !!! Hành động ngay lập tức!!!",1
"From: Customer Care Vietcombank <service@support-center.club>
Subject: Khẩn cấp: tài khoản của bạn sắp bị khóa
Chúng tôi phát hiện hoạt động bất thường. Bạn phải xác minh thông tin đăng nhập trong 24 giờ tại http://support-center.club/verify. Your accunt must be verfy today.",1
"From: Kế toán <no-reply@company.vn>
Subject: Lịch họp ngày mai
Xin vui lòng kiểm tra lịch và phản hồi trước thời hạn ghi trong thông báo. Cảm ơn bạn. Mọi thay đổi quan trọng sẽ được thông báo trên hệ thống chính thức.",0
"From: Apple Support <support@service-update.top>
Subject: Urgent: unusual login detected
Final notice. Verify your account immediately using http://service-update.top/verify or access may be suspended. Your accunt must be verfy today.",1
"From: Amazon Support <support@account-check.click>
Subject: Final notice: verify your account
Vui lòng xác minh tài khoản ngay lập tức để tránh bị khóa. Hãy nhập mật khẩu và mã OTP tại https://account-check.click/billing/update.",1
"From: Microsoft Security <security@mail-security.club>
Subject: Yêu cầu cập nhật thông tin thanh toán
Khoản hoàn tiền đang chờ xử lý. Vui lòng xác nhận số thẻ, CVV và mã xác minh tại https://mail-security.club/billing/update.",1
"From: Bộ phận nhân sự <no-reply@company.vn>
Subject: Phiếu lương tháng này
Vui lòng xem thông tin trong cổng thông tin nội bộ. Nếu cần hỗ trợ, hãy liên hệ bộ phận phụ trách qua kênh chính thức. Không gửi thông tin đăng nhập cho bất kỳ ai. Tham khảo: https://company.vn/account",0
"From: Ban quản trị hệ thống <no-reply@company.vn>
Subject: Lịch họp ngày mai
Vui lòng xem thông tin trong cổng thông tin nội bộ. Nếu cần hỗ trợ, hãy liên hệ bộ phận phụ trách qua kênh chính thức. Không gửi thông tin đăng nhập cho bất kỳ ai.",0
"From: Bộ phận nhân sự <no-reply@company.vn>
Subject: Lịch họp ngày mai
Vui lòng xem thông tin trong cổng thông tin nội bộ. Nếu cần hỗ trợ, hãy liên hệ bộ phận phụ trách qua kênh chính thức.",0
"From: Techcombank Security <security@support-center.club>
Subject: Yêu cầu cập nhật thông tin thanh toán
Chúng tôi phát hiện hoạt động bất thường. Bạn phải xác minh thông tin đăng nhập trong 24 giờ tại http://103.21.55.18/security-check.",1
"From: Dịch vụ khách hàng <no-reply@shop.vn>
Subject: Tài liệu cuộc họp
Hệ thống sẽ được bảo trì trong thời gian dự kiến. Một số chức năng có thể tạm thời không sử dụng được.",0
"From: Phòng CNTT <no-reply@company.vn>
Subject: Nhắc lịch gia hạn dịch vụ
Vui lòng xem thông tin trong cổng thông tin nội bộ. Nếu cần hỗ trợ, hãy liên hệ bộ phận phụ trách qua kênh chính thức.",0
"From: Thư viện <no-reply@university.edu.vn>
Subject: Biên nhận thanh toán
Biên nhận được gửi để bạn lưu trữ. Nếu có sai lệch, liên hệ bộ phận chăm sóc khách hàng theo thông tin trên website chính thức.",0
"From: Thư viện <no-reply@university.edu.vn>
Subject: Xác nhận đăng ký
Vui lòng xem thông tin trong cổng thông tin nội bộ. Nếu cần hỗ trợ, hãy liên hệ bộ phận phụ trách qua kênh chính thức. Nếu không yêu cầu thao tác này, hãy liên hệ bộ phận hỗ trợ. Tham khảo: https://university.edu.vn/account",0
"From: Ban quản trị hệ thống <no-reply@company.vn>
Subject: Thông báo lịch học tuần này
Biên nhận được gửi để bạn lưu trữ. Nếu có sai lệch, liên hệ bộ phận chăm sóc khách hàng theo thông tin trên website chính thức. Nếu không yêu cầu thao tác này, hãy liên hệ bộ phận hỗ trợ. Tham khảo: https://portal.company.vn/",0
"From: Vietcombank Support <support@confirm-access.xyz>
Subject: Yêu cầu cập nhật thông tin thanh toán
Chúng tôi phát hiện hoạt động bất thường. Bạn phải xác minh thông tin đăng nhập trong 24 giờ tại http://103.21.55.18/login. !!! Hành động ngay lập tức!!!",1
"From: PayPal Support <support@service-update.top>
Subject: Urgent: unusual login detected
Khoản hoàn tiền đang chờ xử lý. Vui lòng xác nhận số thẻ, CVV và mã xác minh tại http://45.76.123.9/verify. !!! Hành động ngay lập tức!!!",1
"From: Google Security <security@login-protect.click>
Subject: Security alert: act now
Tài khoản của bạn sẽ bị đình chỉ nếu không hành động ngay. Truy cập https://login-protect.click/billing/update để xác minh danh tính.",1
"From: Dịch vụ khách hàng <no-reply@shop.vn>
Subject: Phiếu lương tháng này
Xin vui lòng kiểm tra lịch và phản hồi trước thời hạn ghi trong thông báo. Cảm ơn bạn.",0
"From: Techcombank Security <security@confirm-access.xyz>
Subject: Khẩn cấp: tài khoản của bạn sắp bị khóa
Khoản hoàn tiền đang chờ xử lý. Vui lòng xác nhận số thẻ, CVV và mã xác minh tại https://confirm-access.xyz/security-check.",1
"From: Phòng đào tạo <no-reply@university.edu.vn>
Subject: Phiếu lương tháng này
Vui lòng xem thông tin trong cổng thông tin nội bộ. Nếu cần hỗ trợ, hãy liên hệ bộ phận phụ trách qua kênh chính thức. Nếu không yêu cầu thao tác này, hãy liên hệ bộ phận hỗ trợ.",0
"From: Dịch vụ khách hàng <no-reply@shop.vn>
Subject: Thông báo bảo trì hệ thống
Vui lòng xem thông tin trong cổng thông tin nội bộ. Nếu cần hỗ trợ, hãy liên hệ bộ phận phụ trách qua kênh chính thức.",0
"From: Phòng CNTT <no-reply@company.vn>
Subject: Phiếu lương tháng này
Hệ thống sẽ được bảo trì trong thời gian dự kiến. Một số chức năng có thể tạm thời không sử dụng được. Tham khảo: https://company.vn/account",0
"From: Phòng đào tạo <no-reply@university.edu.vn>
Subject: Kết quả đăng ký môn học
Đây là thông báo định kỳ. Bạn không cần cung cấp mật khẩu, mã OTP hoặc thông tin thẻ qua email. Nếu không yêu cầu thao tác này, hãy liên hệ bộ phận hỗ trợ.",0
"From: Kế toán <no-reply@company.vn>
Subject: Thông báo giao hàng
Đây là thông báo định kỳ. Bạn không cần cung cấp mật khẩu, mã OTP hoặc thông tin thẻ qua email.",0
"From: Google Support <support@security-alert.xyz>
Subject: Security alert: act now
Khoản hoàn tiền đang chờ xử lý. Vui lòng xác nhận số thẻ, CVV và mã xác minh tại https://security-alert.xyz/security-check.",1
"From: Microsoft Security <security@service-update.top>
Subject: Xác minh tài khoản để tránh đình chỉ
Tài khoản của bạn sẽ bị đình chỉ nếu không hành động ngay. Truy cập https://service-update.top/billing/update để xác minh danh tính.",1
"From: Amazon Billing <billing@secure-account.xyz>
Subject: Thông báo hoàn tiền - xác nhận thông tin
Chúng tôi phát hiện hoạt động bất thường. Bạn phải xác minh thông tin đăng nhập trong 24 giờ tại http://185.10.20.30/billing/update.",1
"From: Customer Care Amazon <service@support-center.club>
Subject: Thông báo hoàn tiền - xác nhận thông tin
Bạn được chọn nhận phần thưởng. Hãy cung cấp thông tin tài khoản và xác nhận tại https://support-center.club/billing/update để nhận tiền.",1
"From: Customer Care Vietcombank <service@verify-login.top>
Subject: Urgent: unusual login detected
Khoản hoàn tiền đang chờ xử lý. Vui lòng xác nhận số thẻ, CVV và mã xác minh tại https://verify-login.top/account/confirm. Your accunt must be verfy today.",1
"From: Dịch vụ khách hàng <no-reply@shop.vn>
Subject: Thông báo bảo trì hệ thống
Thông tin chi tiết đã được cập nhật trên hệ thống. Bạn có thể đăng nhập bằng cách tự mở ứng dụng hoặc trang web quen thuộc.",0
"From: MoMo Support <support@account-review.xyz>
Subject: Cảnh báo bảo mật - xác minh ngay
Final notice. Verify your account immediately using https://account-review.xyz/security-check or access may be suspended.",1
"From: Customer Care Google <service@mail-security.club>
Subject: Yêu cầu cập nhật thông tin thanh toán
Final notice. Verify your account immediately using http://mail-security.club/verify or access may be suspended. !!! Hành động ngay lập tức!!!",1
"From: Microsoft Security <security@support-center.club>
Subject: Khẩn cấp: tài khoản của bạn sắp bị khóa
Tài khoản của bạn sẽ bị đình chỉ nếu không hành động ngay. Truy cập http://103.21.55.18/login để xác minh danh tính.",1
"From: Bộ phận nhân sự <no-reply@company.vn>
Subject: Xác nhận đăng ký
Vui lòng xem thông tin trong cổng thông tin nội bộ. Nếu cần hỗ trợ, hãy liên hệ bộ phận phụ trách qua kênh chính thức. Không gửi thông tin đăng nhập cho bất kỳ ai.",0
"From: Customer Care BIDV <service@support-center.club>
Subject: Final notice: verify your account
Bạn được chọn nhận phần thưởng. Hãy cung cấp thông tin tài khoản và xác nhận tại https://support-center.club/login để nhận tiền. Your accunt must be verfy today.",1
"From: Customer Care PayPal <service@account-check.click>
Subject: Cảnh báo bảo mật - xác minh ngay
Tài khoản của bạn sẽ bị đình chỉ nếu không hành động ngay. Truy cập https://account-check.click/billing/update để xác minh danh tính.",1
"From: Customer Care Techcombank <service@service-update.top>
Subject: Cảnh báo bảo mật - xác minh ngay
Chúng tôi phát hiện hoạt động bất thường. Bạn phải xác minh thông tin đăng nhập trong 24 giờ tại https://service-update.top/billing/update.",1
"From: Bộ phận nhân sự <no-reply@company.vn>
Subject: Xác nhận đăng ký
Hệ thống sẽ được bảo trì trong thời gian dự kiến. Một số chức năng có thể tạm thời không sử dụng được. Tham khảo: https://portal.company.vn/",0
"From: Phòng CNTT <no-reply@company.vn>
Subject: Nhắc lịch gia hạn dịch vụ
Đây là thông báo định kỳ. Bạn không cần cung cấp mật khẩu, mã OTP hoặc thông tin thẻ qua email. Bạn có thể bỏ qua email này nếu thông tin đã được cập nhật.",0
"From: Customer Care PayPal <service@confirm-access.xyz>
Subject: Tài khoản hết hạn hôm nay
Chúng tôi phát hiện hoạt động bất thường. Bạn phải xác minh thông tin đăng nhập trong 24 giờ tại https://confirm-access.xyz/security-check.",1
"From: Microsoft Billing <billing@security-alert.xyz>
Subject: Urgent: unusual login detected
Tài khoản của bạn sẽ bị đình chỉ nếu không hành động ngay. Truy cập http://185.10.20.30/account/confirm để xác minh danh tính.",1
"From: Microsoft Security <security@verify-login.top>
Subject: Cảnh báo bảo mật - xác minh ngay
Vui lòng xác minh tài khoản ngay lập tức để tránh bị khóa. Hãy nhập mật khẩu và mã OTP tại https://verify-login.top/billing/update.",1
"From: Dịch vụ khách hàng <no-reply@shop.vn>
Subject: Thông báo lịch học tuần này
Thông tin chi tiết đã được cập nhật trên hệ thống. Bạn có thể đăng nhập bằng cách tự mở ứng dụng hoặc trang web quen thuộc. Mọi thay đổi quan trọng sẽ được thông báo trên hệ thống chính thức.",0
"From: Customer Care BIDV <service@verify-user.top>
Subject: Khẩn cấp: tài khoản của bạn sắp bị khóa
Final notice. Verify your account immediately using https://verify-user.top/billing/update or access may be suspended. !!! Hành động ngay lập tức!!!",1
"From: Kế toán <no-reply@company.vn>
Subject: Thông báo bảo trì hệ thống
Xin vui lòng kiểm tra lịch và phản hồi trước thời hạn ghi trong thông báo. Cảm ơn bạn.",0
"From: Customer Care Google <service@support-center.club>
Subject: Tài khoản hết hạn hôm nay
Tài khoản của bạn sẽ bị đình chỉ nếu không hành động ngay. Truy cập https://support-center.club/account/confirm để xác minh danh tính. !!! Hành động ngay lập tức!!!",1
"From: Bộ phận nhân sự <no-reply@company.vn>
Subject: Phiếu lương tháng này
Vui lòng xem thông tin trong cổng thông tin nội bộ. Nếu cần hỗ trợ, hãy liên hệ bộ phận phụ trách qua kênh chính thức.",0
"From: Customer Care PayPal <service@verify-user.top>
Subject: Yêu cầu cập nhật thông tin thanh toán
Vui lòng xác minh tài khoản ngay lập tức để tránh bị khóa. Hãy nhập mật khẩu và mã OTP tại https://verify-user.top/security-check.",1
"From: Phòng CNTT <no-reply@company.vn>
Subject: Tài liệu cuộc họp
Xin vui lòng kiểm tra lịch và phản hồi trước thời hạn ghi trong thông báo. Cảm ơn bạn. Nếu không yêu cầu thao tác này, hãy liên hệ bộ phận hỗ trợ. Tham khảo: https://company.vn/support",0
"From: Google Security <security@secure-account.xyz>
Subject: Thông báo hoàn tiền - xác nhận thông tin
Tài khoản của bạn sẽ bị đình chỉ nếu không hành động ngay. Truy cập http://103.21.55.18/login để xác minh danh tính.",1
"From: Customer Care Microsoft <service@security-alert.xyz>
Subject: Thông báo hoàn tiền - xác nhận thông tin
Tài khoản của bạn sẽ bị đình chỉ nếu không hành động ngay. Truy cập https://security-alert.xyz/login để xác minh danh tính. !!! Hành động ngay lập tức!!!",1
"From: Phòng CNTT <no-reply@company.vn>
Subject: Nhắc lịch gia hạn dịch vụ
Thông tin chi tiết đã được cập nhật trên hệ thống. Bạn có thể đăng nhập bằng cách tự mở ứng dụng hoặc trang web quen thuộc.",0
"From: Amazon Billing <billing@support-center.club>
Subject: Xác minh tài khoản để tránh đình chỉ
Bạn được chọn nhận phần thưởng. Hãy cung cấp thông tin tài khoản và xác nhận tại https://support-center.club/login để nhận tiền. Your accunt must be verfy today.",1
"From: Dịch vụ khách hàng <no-reply@shop.vn>
Subject: Thông báo giao hàng
Thông tin chi tiết đã được cập nhật trên hệ thống. Bạn có thể đăng nhập bằng cách tự mở ứng dụng hoặc trang web quen thuộc. Tham khảo: https://portal.shop.vn/",0
"From: Vietcombank Support <support@account-check.click>
Subject: Cảnh báo bảo mật - xác minh ngay
Khoản hoàn tiền đang chờ xử lý. Vui lòng xác nhận số thẻ, CVV và mã xác minh tại http://45.76.123.9/billing/update. !!! Hành động ngay lập tức!!! Your accunt must be verfy today.",1
"From: PayPal Security <security@support-center.club>
Subject: Khẩn cấp: tài khoản của bạn sắp bị khóa
Bạn được chọn nhận phần thưởng. Hãy cung cấp thông tin tài khoản và xác nhận tại https://support-center.club/account/confirm để nhận tiền.",1
"From: Techcombank Billing <billing@support-center.club>
Subject: Security alert: act now
Final notice. Verify your account immediately using http://103.21.55.18/login or access may be suspended. !!! Hành động ngay lập tức!!!",1
"From: Google Support <support@mail-security.club>
Subject: Urgent: unusual login detected
Chúng tôi phát hiện hoạt động bất thường. Bạn phải xác minh thông tin đăng nhập trong 24 giờ tại https://mail-security.club/security-check. Your accunt must be verfy today.",1
"From: BIDV Support <support@secure-account.xyz>
Subject: Final notice: verify your account
Chúng tôi phát hiện hoạt động bất thường. Bạn phải xác minh thông tin đăng nhập trong 24 giờ tại http://secure-account.xyz/verify.",1
"From: Ban quản trị hệ thống <no-reply@company.vn>
Subject: Phiếu lương tháng này
Hệ thống sẽ được bảo trì trong thời gian dự kiến. Một số chức năng có thể tạm thời không sử dụng được. Mọi thay đổi quan trọng sẽ được thông báo trên hệ thống chính thức.",0
"From: Apple Billing <billing@service-update.top>
Subject: Xác minh tài khoản để tránh đình chỉ
Khoản hoàn tiền đang chờ xử lý. Vui lòng xác nhận số thẻ, CVV và mã xác minh tại http://103.21.55.18/security-check.",1
"From: Ban quản trị hệ thống <no-reply@company.vn>
Subject: Tài liệu cuộc họp
Vui lòng xem thông tin trong cổng thông tin nội bộ. Nếu cần hỗ trợ, hãy liên hệ bộ phận phụ trách qua kênh chính thức. Nếu không yêu cầu thao tác này, hãy liên hệ bộ phận hỗ trợ.",0
"From: Kế toán <no-reply@company.vn>
Subject: Xác nhận đăng ký
Xin vui lòng kiểm tra lịch và phản hồi trước thời hạn ghi trong thông báo. Cảm ơn bạn. Mọi thay đổi quan trọng sẽ được thông báo trên hệ thống chính thức.",0
"From: Phòng hành chính <no-reply@university.edu.vn>
Subject: Biên nhận thanh toán
Đây là thông báo định kỳ. Bạn không cần cung cấp mật khẩu, mã OTP hoặc thông tin thẻ qua email.",0
"From: Phòng hành chính <no-reply@university.edu.vn>
Subject: Nhắc lịch gia hạn dịch vụ
Hệ thống sẽ được bảo trì trong thời gian dự kiến. Một số chức năng có thể tạm thời không sử dụng được. Nếu không yêu cầu thao tác này, hãy liên hệ bộ phận hỗ trợ. Tham khảo: https://portal.university.edu.vn/",0
"From: Vietcombank Security <security@verify-user.top>
Subject: Security alert: act now
Khoản hoàn tiền đang chờ xử lý. Vui lòng xác nhận số thẻ, CVV và mã xác minh tại https://verify-user.top/billing/update.",1
"From: Microsoft Security <security@confirm-access.xyz>
Subject: Thông báo hoàn tiền - xác nhận thông tin
Bạn được chọn nhận phần thưởng. Hãy cung cấp thông tin tài khoản và xác nhận tại https://confirm-access.xyz/security-check để nhận tiền.",1
"From: Google Support <support@login-protect.click>
Subject: Xác minh tài khoản để tránh đình chỉ
Final notice. Verify your account immediately using https://login-protect.click/security-check or access may be suspended.",1
"From: Thư viện <no-reply@university.edu.vn>
Subject: Kết quả đăng ký môn học
Hệ thống sẽ được bảo trì trong thời gian dự kiến. Một số chức năng có thể tạm thời không sử dụng được.",0
"From: Phòng CNTT <no-reply@company.vn>
Subject: Biên nhận thanh toán
Đây là thông báo định kỳ. Bạn không cần cung cấp mật khẩu, mã OTP hoặc thông tin thẻ qua email. Mọi thay đổi quan trọng sẽ được thông báo trên hệ thống chính thức. Tham khảo: https://company.vn/account",0
"From: Dịch vụ khách hàng <no-reply@shop.vn>
Subject: Lịch họp ngày mai
Hệ thống sẽ được bảo trì trong thời gian dự kiến. Một số chức năng có thể tạm thời không sử dụng được. Tham khảo: https://shop.vn/support",0
"From: BIDV Security <security@verify-user.top>
Subject: Bạn đã trúng thưởng
Chúng tôi phát hiện hoạt động bất thường. Bạn phải xác minh thông tin đăng nhập trong 24 giờ tại https://verify-user.top/security-check.",1
"From: Phòng CNTT <no-reply@company.vn>
Subject: Biên nhận thanh toán
Thông tin chi tiết đã được cập nhật trên hệ thống. Bạn có thể đăng nhập bằng cách tự mở ứng dụng hoặc trang web quen thuộc. Tham khảo: https://company.vn/account",0
"From: Microsoft Security <security@security-alert.xyz>
Subject: Security alert: act now
Tài khoản của bạn sẽ bị đình chỉ nếu không hành động ngay. Truy cập https://security-alert.xyz/security-check để xác minh danh tính.",1
"From: PayPal Billing <billing@verify-login.top>
Subject: Bạn đã trúng thưởng
Khoản hoàn tiền đang chờ xử lý. Vui lòng xác nhận số thẻ, CVV và mã xác minh tại https://verify-login.top/security-check.",1
"From: Amazon Security <security@billing-confirm.loan>
Subject: Cảnh báo bảo mật - xác minh ngay
Final notice. Verify your account immediately using https://billing-confirm.loan/account/confirm or access may be suspended.",1
"From: Microsoft Security <security@account-check.click>
Subject: Final notice: verify your account
Chúng tôi phát hiện hoạt động bất thường. Bạn phải xác minh thông tin đăng nhập trong 24 giờ tại https://account-check.click/billing/update.",1
"From: Vietcombank Billing <billing@account-check.click>
Subject: Tài khoản hết hạn hôm nay
Bạn được chọn nhận phần thưởng. Hãy cung cấp thông tin tài khoản và xác nhận tại https://account-check.click/account/confirm để nhận tiền.",1
"From: Phòng đào tạo <no-reply@university.edu.vn>
Subject: Kết quả đăng ký môn học
Xin vui lòng kiểm tra lịch và phản hồi trước thời hạn ghi trong thông báo. Cảm ơn bạn. Nếu không yêu cầu thao tác này, hãy liên hệ bộ phận hỗ trợ. Tham khảo: https://university.edu.vn/support",0
"From: Thư viện <no-reply@university.edu.vn>
Subject: Nhắc lịch gia hạn dịch vụ
Biên nhận được gửi để bạn lưu trữ. Nếu có sai lệch, liên hệ bộ phận chăm sóc khách hàng theo thông tin trên website chính thức.",0
"From: Ban quản trị hệ thống <no-reply@company.vn>
Subject: Nhắc lịch gia hạn dịch vụ
Thông tin chi tiết đã được cập nhật trên hệ thống. Bạn có thể đăng nhập bằng cách tự mở ứng dụng hoặc trang web quen thuộc. Mọi thay đổi quan trọng sẽ được thông báo trên hệ thống chính thức.",0
"From: Techcombank Support <support@mail-security.club>
Subject: Tài khoản hết hạn hôm nay
Khoản hoàn tiền đang chờ xử lý. Vui lòng xác nhận số thẻ, CVV và mã xác minh tại https://mail-security.club/security-check. !!! Hành động ngay lập tức!!!",1
"From: BIDV Billing <billing@service-update.top>
Subject: Cảnh báo bảo mật - xác minh ngay
Final notice. Verify your account immediately using https://service-update.top/login or access may be suspended.",1
"From: Ban quản trị hệ thống <no-reply@company.vn>
Subject: Biên nhận thanh toán
Hệ thống sẽ được bảo trì trong thời gian dự kiến. Một số chức năng có thể tạm thời không sử dụng được.",0
"From: Phòng hành chính <no-reply@university.edu.vn>
Subject: Nhắc lịch gia hạn dịch vụ
Thông tin chi tiết đã được cập nhật trên hệ thống. Bạn có thể đăng nhập bằng cách tự mở ứng dụng hoặc trang web quen thuộc. Nếu không yêu cầu thao tác này, hãy liên hệ bộ phận hỗ trợ.",0
"From: Google Billing <billing@secure-account.xyz>
Subject: Cảnh báo bảo mật - xác minh ngay
Bạn được chọn nhận phần thưởng. Hãy cung cấp thông tin tài khoản và xác nhận tại http://secure-account.xyz/verify để nhận tiền.",1
"From: Customer Care Techcombank <service@verify-login.top>
Subject: Khẩn cấp: tài khoản của bạn sắp bị khóa
Khoản hoàn tiền đang chờ xử lý. Vui lòng xác nhận số thẻ, CVV và mã xác minh tại https://verify-login.top/login.",1
"From: Customer Care MoMo <service@verify-user.top>
Subject: Bạn đã trúng thưởng
Khoản hoàn tiền đang chờ xử lý. Vui lòng xác nhận số thẻ, CVV và mã xác minh tại http://verify-user.top/verify.",1
"From: Bộ phận nhân sự <no-reply@company.vn>
Subject: Thông báo lịch học tuần này
Vui lòng xem thông tin trong cổng thông tin nội bộ. Nếu cần hỗ trợ, hãy liên hệ bộ phận phụ trách qua kênh chính thức. Nếu không yêu cầu thao tác này, hãy liên hệ bộ phận hỗ trợ.",0
"From: Thư viện <no-reply@university.edu.vn>
Subject: Thông báo bảo trì hệ thống
Đây là thông báo định kỳ. Bạn không cần cung cấp mật khẩu, mã OTP hoặc thông tin thẻ qua email. Tham khảo: https://portal.university.edu.vn/",0
"From: Customer Care BIDV <service@login-protect.click>
Subject: Thông báo hoàn tiền - xác nhận thông tin
Tài khoản của bạn sẽ bị đình chỉ nếu không hành động ngay. Truy cập http://185.10.20.30/billing/update để xác minh danh tính.",1
"From: Thư viện <no-reply@university.edu.vn>
Subject: Nhắc lịch gia hạn dịch vụ
Vui lòng xem thông tin trong cổng thông tin nội bộ. Nếu cần hỗ trợ, hãy liên hệ bộ phận phụ trách qua kênh chính thức.",0
"From: BIDV Security <security@service-update.top>
Subject: Khẩn cấp: tài khoản của bạn sắp bị khóa
Vui lòng xác minh tài khoản ngay lập tức để tránh bị khóa. Hãy nhập mật khẩu và mã OTP tại https://service-update.top/security-check.",1
"From: Phòng hành chính <no-reply@university.edu.vn>
Subject: Thông báo lịch học tuần này
Hệ thống sẽ được bảo trì trong thời gian dự kiến. Một số chức năng có thể tạm thời không sử dụng được. Không gửi thông tin đăng nhập cho bất kỳ ai. Tham khảo: https://university.edu.vn/support",0
"From: MoMo Support <support@account-review.xyz>
Subject: Khẩn cấp: tài khoản của bạn sắp bị khóa
Final notice. Verify your account immediately using http://account-review.xyz/verify or access may be suspended.",1
"From: Microsoft Billing <billing@login-protect.click>
Subject: Cảnh báo bảo mật - xác minh ngay
Chúng tôi phát hiện hoạt động bất thường. Bạn phải xác minh thông tin đăng nhập trong 24 giờ tại https://login-protect.click/login.",1
"From: Apple Billing <billing@account-review.xyz>
Subject: Urgent: unusual login detected
Vui lòng xác minh tài khoản ngay lập tức để tránh bị khóa. Hãy nhập mật khẩu và mã OTP tại https://account-review.xyz/billing/update.",1
"From: Dịch vụ khách hàng <no-reply@shop.vn>
Subject: Thông báo bảo trì hệ thống
Vui lòng xem thông tin trong cổng thông tin nội bộ. Nếu cần hỗ trợ, hãy liên hệ bộ phận phụ trách qua kênh chính thức. Mọi thay đổi quan trọng sẽ được thông báo trên hệ thống chính thức.",0
"From: Kế toán <no-reply@company.vn>
Subject: Thông báo giao hàng
Biên nhận được gửi để bạn lưu trữ. Nếu có sai lệch, liên hệ bộ phận chăm sóc khách hàng theo thông tin trên website chính thức.",0
"From: Vietcombank Billing <billing@billing-confirm.loan>
Subject: Security alert: act now
Bạn được chọn nhận phần thưởng. Hãy cung cấp thông tin tài khoản và xác nhận tại http://45.76.123.9/account/confirm để nhận tiền.",1
"From: Customer Care BIDV <service@secure-account.xyz>
Subject: Tài khoản hết hạn hôm nay
Final notice. Verify your account immediately using http://secure-account.xyz/verify or access may be suspended. Your accunt must be verfy today.",1
"From: Kế toán <no-reply@company.vn>
Subject: Thông báo giao hàng
Đây là thông báo định kỳ. Bạn không cần cung cấp mật khẩu, mã OTP hoặc thông tin thẻ qua email. Không gửi thông tin đăng nhập cho bất kỳ ai.",0
"From: Ban quản trị hệ thống <no-reply@company.vn>
Subject: Kết quả đăng ký môn học
Biên nhận được gửi để bạn lưu trữ. Nếu có sai lệch, liên hệ bộ phận chăm sóc khách hàng theo thông tin trên website chính thức. Tham khảo: https://company.vn/support",0
"From: Customer Care PayPal <service@security-alert.xyz>
Subject: Tài khoản hết hạn hôm nay
Bạn được chọn nhận phần thưởng. Hãy cung cấp thông tin tài khoản và xác nhận tại https://security-alert.xyz/login để nhận tiền.",1
"From: Phòng đào tạo <no-reply@university.edu.vn>
Subject: Thông báo lịch học tuần này
Vui lòng xem thông tin trong cổng thông tin nội bộ. Nếu cần hỗ trợ, hãy liên hệ bộ phận phụ trách qua kênh chính thức.",0
"From: Thư viện <no-reply@university.edu.vn>
Subject: Xác nhận đăng ký
Hệ thống sẽ được bảo trì trong thời gian dự kiến. Một số chức năng có thể tạm thời không sử dụng được. Bạn có thể bỏ qua email này nếu thông tin đã được cập nhật. Tham khảo: https://university.edu.vn/support",0
"From: Amazon Security <security@verify-login.top>
Subject: Xác minh tài khoản để tránh đình chỉ
Chúng tôi phát hiện hoạt động bất thường. Bạn phải xác minh thông tin đăng nhập trong 24 giờ tại https://verify-login.top/security-check.",1
"From: Customer Care MoMo <service@service-update.top>
Subject: Yêu cầu cập nhật thông tin thanh toán
Vui lòng xác minh tài khoản ngay lập tức để tránh bị khóa. Hãy nhập mật khẩu và mã OTP tại https://service-update.top/security-check.",1
"From: Customer Care Apple <service@confirm-access.xyz>
Subject: Security alert: act now
Tài khoản của bạn sẽ bị đình chỉ nếu không hành động ngay. Truy cập https://confirm-access.xyz/login để xác minh danh tính.",1
"From: Phòng hành chính <no-reply@university.edu.vn>
Subject: Nhắc lịch gia hạn dịch vụ
Biên nhận được gửi để bạn lưu trữ. Nếu có sai lệch, liên hệ bộ phận chăm sóc khách hàng theo thông tin trên website chính thức.",0
"From: PayPal Security <security@security-alert.xyz>
Subject: Xác minh tài khoản để tránh đình chỉ
Tài khoản của bạn sẽ bị đình chỉ nếu không hành động ngay. Truy cập http://103.21.55.18/account/confirm để xác minh danh tính. Your accunt must be verfy today.",1
"From: Techcombank Support <support@account-review.xyz>
Subject: Yêu cầu cập nhật thông tin thanh toán
Tài khoản của bạn sẽ bị đình chỉ nếu không hành động ngay. Truy cập https://account-review.xyz/billing/update để xác minh danh tính.",1
"From: PayPal Security <security@account-review.xyz>
Subject: Yêu cầu cập nhật thông tin thanh toán
Final notice. Verify your account immediately using https://account-review.xyz/login or access may be suspended.",1
"From: Amazon Security <security@confirm-access.xyz>
Subject: Urgent: unusual login detected
Tài khoản của bạn sẽ bị đình chỉ nếu không hành động ngay. Truy cập http://confirm-access.xyz/verify để xác minh danh tính. !!! Hành động ngay lập tức!!!",1
"From: BIDV Billing <billing@billing-confirm.loan>
Subject: Khẩn cấp: tài khoản của bạn sắp bị khóa
Bạn được chọn nhận phần thưởng. Hãy cung cấp thông tin tài khoản và xác nhận tại https://billing-confirm.loan/security-check để nhận tiền.",1
"From: Phòng hành chính <no-reply@university.edu.vn>
Subject: Thông báo bảo trì hệ thống
Đây là thông báo định kỳ. Bạn không cần cung cấp mật khẩu, mã OTP hoặc thông tin thẻ qua email. Tham khảo: https://portal.university.edu.vn/",0
"From: Techcombank Security <security@billing-confirm.loan>
Subject: Xác minh tài khoản để tránh đình chỉ
Vui lòng xác minh tài khoản ngay lập tức để tránh bị khóa. Hãy nhập mật khẩu và mã OTP tại http://103.21.55.18/verify.",1
"From: Dịch vụ khách hàng <no-reply@shop.vn>
Subject: Biên nhận thanh toán
Đây là thông báo định kỳ. Bạn không cần cung cấp mật khẩu, mã OTP hoặc thông tin thẻ qua email. Không gửi thông tin đăng nhập cho bất kỳ ai. Tham khảo: https://portal.shop.vn/",0
"From: BIDV Security <security@account-check.click>
Subject: Security alert: act now
Final notice. Verify your account immediately using https://account-check.click/login or access may be suspended.",1
"From: BIDV Security <security@billing-confirm.loan>
Subject: Cảnh báo bảo mật - xác minh ngay
Final notice. Verify your account immediately using https://billing-confirm.loan/billing/update or access may be suspended.",1
"From: Amazon Security <security@login-protect.click>
Subject: Urgent: unusual login detected
Bạn được chọn nhận phần thưởng. Hãy cung cấp thông tin tài khoản và xác nhận tại https://login-protect.click/login để nhận tiền. !!! Hành động ngay lập tức!!!",1
"From: Apple Billing <billing@account-check.click>
Subject: Xác minh tài khoản để tránh đình chỉ
Khoản hoàn tiền đang chờ xử lý. Vui lòng xác nhận số thẻ, CVV và mã xác minh tại https://account-check.click/security-check.",1
"From: Phòng CNTT <no-reply@company.vn>
Subject: Thông báo giao hàng
Biên nhận được gửi để bạn lưu trữ. Nếu có sai lệch, liên hệ bộ phận chăm sóc khách hàng theo thông tin trên website chính thức. Không gửi thông tin đăng nhập cho bất kỳ ai. Tham khảo: https://company.vn/support",0
"From: PayPal Security <security@mail-security.club>
Subject: Urgent: unusual login detected
Khoản hoàn tiền đang chờ xử lý. Vui lòng xác nhận số thẻ, CVV và mã xác minh tại http://mail-security.club/verify. !!! Hành động ngay lập tức!!!",1
"From: BIDV Billing <billing@login-protect.click>
Subject: Tài khoản hết hạn hôm nay
Chúng tôi phát hiện hoạt động bất thường. Bạn phải xác minh thông tin đăng nhập trong 24 giờ tại https://login-protect.click/login.",1
"From: Google Support <support@service-update.top>
Subject: Xác minh tài khoản để tránh đình chỉ
Khoản hoàn tiền đang chờ xử lý. Vui lòng xác nhận số thẻ, CVV và mã xác minh tại https://service-update.top/security-check.",1
"From: BIDV Billing <billing@service-update.top>
Subject: Bạn đã trúng thưởng
Vui lòng xác minh tài khoản ngay lập tức để tránh bị khóa. Hãy nhập mật khẩu và mã OTP tại https://service-update.top/login.",1
"From: BIDV Support <support@confirm-access.xyz>
Subject: Final notice: verify your account
Vui lòng xác minh tài khoản ngay lập tức để tránh bị khóa. Hãy nhập mật khẩu và mã OTP tại https://confirm-access.xyz/login.",1
"From: Bộ phận nhân sự <no-reply@company.vn>
Subject: Kết quả đăng ký môn học
Thông tin chi tiết đã được cập nhật trên hệ thống. Bạn có thể đăng nhập bằng cách tự mở ứng dụng hoặc trang web quen thuộc. Bạn có thể bỏ qua email này nếu thông tin đã được cập nhật. Tham khảo: https://company.vn/support",0
"From: Ban quản trị hệ thống <no-reply@company.vn>
Subject: Lịch họp ngày mai
Biên nhận được gửi để bạn lưu trữ. Nếu có sai lệch, liên hệ bộ phận chăm sóc khách hàng theo thông tin trên website chính thức. Mọi thay đổi quan trọng sẽ được thông báo trên hệ thống chính thức. Tham khảo: https://company.vn/account",0
"From: Bộ phận nhân sự <no-reply@company.vn>
Subject: Phiếu lương tháng này
Xin vui lòng kiểm tra lịch và phản hồi trước thời hạn ghi trong thông báo. Cảm ơn bạn.",0
"From: Kế toán <no-reply@company.vn>
Subject: Phiếu lương tháng này
Vui lòng xem thông tin trong cổng thông tin nội bộ. Nếu cần hỗ trợ, hãy liên hệ bộ phận phụ trách qua kênh chính thức. Nếu không yêu cầu thao tác này, hãy liên hệ bộ phận hỗ trợ. Tham khảo: https://company.vn/support",0
"From: Amazon Billing <billing@account-check.click>
Subject: Security alert: act now
Chúng tôi phát hiện hoạt động bất thường. Bạn phải xác minh thông tin đăng nhập trong 24 giờ tại https://account-check.click/security-check.",1
"From: Apple Security <security@confirm-access.xyz>
Subject: Yêu cầu cập nhật thông tin thanh toán
Final notice. Verify your account immediately using https://confirm-access.xyz/login or access may be suspended.",1
"From: Thư viện <no-reply@university.edu.vn>
Subject: Lịch họp ngày mai
Hệ thống sẽ được bảo trì trong thời gian dự kiến. Một số chức năng có thể tạm thời không sử dụng được. Không gửi thông tin đăng nhập cho bất kỳ ai.",0
"From: Phòng CNTT <no-reply@company.vn>
Subject: Thông báo bảo trì hệ thống
Biên nhận được gửi để bạn lưu trữ. Nếu có sai lệch, liên hệ bộ phận chăm sóc khách hàng theo thông tin trên website chính thức. Không gửi thông tin đăng nhập cho bất kỳ ai.",0
"From: Vietcombank Support <support@confirm-access.xyz>
Subject: Thông báo hoàn tiền - xác nhận thông tin
Tài khoản của bạn sẽ bị đình chỉ nếu không hành động ngay. Truy cập http://103.21.55.18/account/confirm để xác minh danh tính.",1
"From: Google Security <security@support-center.club>
Subject: Final notice: verify your account
Bạn được chọn nhận phần thưởng. Hãy cung cấp thông tin tài khoản và xác nhận tại https://support-center.club/security-check để nhận tiền.",1
"From: Techcombank Security <security@support-center.club>
Subject: Xác minh tài khoản để tránh đình chỉ
Final notice. Verify your account immediately using http://185.10.20.30/account/confirm or access may be suspended.",1
"From: Microsoft Security <security@billing-confirm.loan>
Subject: Bạn đã trúng thưởng
Tài khoản của bạn sẽ bị đình chỉ nếu không hành động ngay. Truy cập https://billing-confirm.loan/account/confirm để xác minh danh tính.",1
"From: Phòng đào tạo <no-reply@university.edu.vn>
Subject: Kết quả đăng ký môn học
Đây là thông báo định kỳ. Bạn không cần cung cấp mật khẩu, mã OTP hoặc thông tin thẻ qua email. Bạn có thể bỏ qua email này nếu thông tin đã được cập nhật. Tham khảo: https://portal.university.edu.vn/",0
"From: Techcombank Security <security@login-protect.click>
Subject: Khẩn cấp: tài khoản của bạn sắp bị khóa
Tài khoản của bạn sẽ bị đình chỉ nếu không hành động ngay. Truy cập http://45.76.123.9/account/confirm để xác minh danh tính.",1
"From: Bộ phận nhân sự <no-reply@company.vn>
Subject: Biên nhận thanh toán
Thông tin chi tiết đã được cập nhật trên hệ thống. Bạn có thể đăng nhập bằng cách tự mở ứng dụng hoặc trang web quen thuộc. Không gửi thông tin đăng nhập cho bất kỳ ai. Tham khảo: https://company.vn/account",0
"From: Bộ phận nhân sự <no-reply@company.vn>
Subject: Biên nhận thanh toán
Hệ thống sẽ được bảo trì trong thời gian dự kiến. Một số chức năng có thể tạm thời không sử dụng được.",0
"From: Thư viện <no-reply@university.edu.vn>
Subject: Phiếu lương tháng này
Thông tin chi tiết đã được cập nhật trên hệ thống. Bạn có thể đăng nhập bằng cách tự mở ứng dụng hoặc trang web quen thuộc. Nếu không yêu cầu thao tác này, hãy liên hệ bộ phận hỗ trợ. Tham khảo: https://university.edu.vn/support",0
"From: Kế toán <no-reply@company.vn>
Subject: Nhắc lịch gia hạn dịch vụ
Vui lòng xem thông tin trong cổng thông tin nội bộ. Nếu cần hỗ trợ, hãy liên hệ bộ phận phụ trách qua kênh chính thức. Bạn có thể bỏ qua email này nếu thông tin đã được cập nhật.",0
"From: Phòng hành chính <no-reply@university.edu.vn>
Subject: Phiếu lương tháng này
Đây là thông báo định kỳ. Bạn không cần cung cấp mật khẩu, mã OTP hoặc thông tin thẻ qua email. Tham khảo: https://portal.university.edu.vn/",0
"From: Microsoft Support <support@billing-confirm.loan>
Subject: Security alert: act now
Khoản hoàn tiền đang chờ xử lý. Vui lòng xác nhận số thẻ, CVV và mã xác minh tại http://103.21.55.18/verify.",1
"From: Phòng hành chính <no-reply@university.edu.vn>
Subject: Biên nhận thanh toán
Biên nhận được gửi để bạn lưu trữ. Nếu có sai lệch, liên hệ bộ phận chăm sóc khách hàng theo thông tin trên website chính thức. Nếu không yêu cầu thao tác này, hãy liên hệ bộ phận hỗ trợ.",0
"From: Phòng CNTT <no-reply@company.vn>
Subject: Thông báo bảo trì hệ thống
Xin vui lòng kiểm tra lịch và phản hồi trước thời hạn ghi trong thông báo. Cảm ơn bạn. Nếu không yêu cầu thao tác này, hãy liên hệ bộ phận hỗ trợ.",0
"From: Bộ phận nhân sự <no-reply@company.vn>
Subject: Lịch họp ngày mai
Biên nhận được gửi để bạn lưu trữ. Nếu có sai lệch, liên hệ bộ phận chăm sóc khách hàng theo thông tin trên website chính thức. Tham khảo: https://company.vn/support",0
"From: Kế toán <no-reply@company.vn>
Subject: Thông báo lịch học tuần này
Hệ thống sẽ được bảo trì trong thời gian dự kiến. Một số chức năng có thể tạm thời không sử dụng được. Tham khảo: https://company.vn/account",0
"From: BIDV Security <security@confirm-access.xyz>
Subject: Cảnh báo bảo mật - xác minh ngay
Khoản hoàn tiền đang chờ xử lý. Vui lòng xác nhận số thẻ, CVV và mã xác minh tại https://confirm-access.xyz/account/confirm. Your accunt must be verfy today.",1
"From: Microsoft Security <security@confirm-access.xyz>
Subject: Thông báo hoàn tiền - xác nhận thông tin
Chúng tôi phát hiện hoạt động bất thường. Bạn phải xác minh thông tin đăng nhập trong 24 giờ tại https://confirm-access.xyz/account/confirm.",1
"From: Phòng đào tạo <no-reply@university.edu.vn>
Subject: Biên nhận thanh toán
Đây là thông báo định kỳ. Bạn không cần cung cấp mật khẩu, mã OTP hoặc thông tin thẻ qua email. Tham khảo: https://portal.university.edu.vn/",0
"From: Apple Support <support@verify-user.top>
Subject: Final notice: verify your account
Tài khoản của bạn sẽ bị đình chỉ nếu không hành động ngay. Truy cập https://verify-user.top/login để xác minh danh tính.",1
"From: Kế toán <no-reply@company.vn>
Subject: Xác nhận đăng ký
Thông tin chi tiết đã được cập nhật trên hệ thống. Bạn có thể đăng nhập bằng cách tự mở ứng dụng hoặc trang web quen thuộc. Tham khảo: https://company.vn/account",0
"From: Vietcombank Support <support@account-check.click>
Subject: Thông báo hoàn tiền - xác nhận thông tin
Final notice. Verify your account immediately using https://account-check.click/security-check or access may be suspended. !!! Hành động ngay lập tức!!!",1
"From: Customer Care MoMo <service@mail-security.club>
Subject: Urgent: unusual login detected
Final notice. Verify your account immediately using https://mail-security.club/security-check or access may be suspended. Your accunt must be verfy today.",1
"From: Customer Care Apple <service@secure-account.xyz>
Subject: Tài khoản hết hạn hôm nay
Bạn được chọn nhận phần thưởng. Hãy cung cấp thông tin tài khoản và xác nhận tại https://secure-account.xyz/security-check để nhận tiền.",1
"From: Phòng hành chính <no-reply@university.edu.vn>
Subject: Thông báo giao hàng
Hệ thống sẽ được bảo trì trong thời gian dự kiến. Một số chức năng có thể tạm thời không sử dụng được.",0
"From: Phòng CNTT <no-reply@company.vn>
Subject: Xác nhận đăng ký
Hệ thống sẽ được bảo trì trong thời gian dự kiến. Một số chức năng có thể tạm thời không sử dụng được.",0
"From: Customer Care Techcombank <service@account-check.click>
Subject: Security alert: act now
Final notice. Verify your account immediately using https://account-check.click/security-check or access may be suspended. !!! Hành động ngay lập tức!!! Your accunt must be verfy today.",1
"From: Techcombank Support <support@verify-user.top>
Subject: Thông báo hoàn tiền - xác nhận thông tin
Final notice. Verify your account immediately using https://verify-user.top/billing/update or access may be suspended.",1
"From: Kế toán <no-reply@company.vn>
Subject: Biên nhận thanh toán
Xin vui lòng kiểm tra lịch và phản hồi trước thời hạn ghi trong thông báo. Cảm ơn bạn. Tham khảo: https://company.vn/account",0
"From: Thư viện <no-reply@university.edu.vn>
Subject: Thông báo bảo trì hệ thống
Thông tin chi tiết đã được cập nhật trên hệ thống. Bạn có thể đăng nhập bằng cách tự mở ứng dụng hoặc trang web quen thuộc. Mọi thay đổi quan trọng sẽ được thông báo trên hệ thống chính thức.",0
"From: Customer Care MoMo <service@confirm-access.xyz>
Subject: Urgent: unusual login detected
Khoản hoàn tiền đang chờ xử lý. Vui lòng xác nhận số thẻ, CVV và mã xác minh tại http://185.10.20.30/account/confirm.",1
"From: Phòng đào tạo <no-reply@university.edu.vn>
Subject: Biên nhận thanh toán
Xin vui lòng kiểm tra lịch và phản hồi trước thời hạn ghi trong thông báo. Cảm ơn bạn. Không gửi thông tin đăng nhập cho bất kỳ ai. Tham khảo: https://university.edu.vn/account",0
"From: Dịch vụ khách hàng <no-reply@shop.vn>
Subject: Thông báo giao hàng
Hệ thống sẽ được bảo trì trong thời gian dự kiến. Một số chức năng có thể tạm thời không sử dụng được. Bạn có thể bỏ qua email này nếu thông tin đã được cập nhật.",0
"From: Phòng hành chính <no-reply@university.edu.vn>
Subject: Nhắc lịch gia hạn dịch vụ
Biên nhận được gửi để bạn lưu trữ. Nếu có sai lệch, liên hệ bộ phận chăm sóc khách hàng theo thông tin trên website chính thức. Bạn có thể bỏ qua email này nếu thông tin đã được cập nhật. Tham khảo: https://portal.university.edu.vn/",0
"From: Customer Care PayPal <service@mail-security.club>
Subject: Urgent: unusual login detected
Tài khoản của bạn sẽ bị đình chỉ nếu không hành động ngay. Truy cập https://mail-security.club/account/confirm để xác minh danh tính.",1
"From: Customer Care Amazon <service@account-check.click>
Subject: Bạn đã trúng thưởng
Chúng tôi phát hiện hoạt động bất thường. Bạn phải xác minh thông tin đăng nhập trong 24 giờ tại http://account-check.click/verify. !!! Hành động ngay lập tức!!!",1
"From: Kế toán <no-reply@company.vn>
Subject: Thông báo giao hàng
Biên nhận được gửi để bạn lưu trữ. Nếu có sai lệch, liên hệ bộ phận chăm sóc khách hàng theo thông tin trên website chính thức. Không gửi thông tin đăng nhập cho bất kỳ ai.",0
"From: Kế toán <no-reply@company.vn>
Subject: Phiếu lương tháng này
Vui lòng xem thông tin trong cổng thông tin nội bộ. Nếu cần hỗ trợ, hãy liên hệ bộ phận phụ trách qua kênh chính thức.",0
"From: Ban quản trị hệ thống <no-reply@company.vn>
Subject: Lịch họp ngày mai
Thông tin chi tiết đã được cập nhật trên hệ thống. Bạn có thể đăng nhập bằng cách tự mở ứng dụng hoặc trang web quen thuộc.",0
"From: Vietcombank Security <security@account-review.xyz>
Subject: Thông báo hoàn tiền - xác nhận thông tin
Tài khoản của bạn sẽ bị đình chỉ nếu không hành động ngay. Truy cập https://account-review.xyz/billing/update để xác minh danh tính.",1
"From: Phòng hành chính <no-reply@university.edu.vn>
Subject: Xác nhận đăng ký
Vui lòng xem thông tin trong cổng thông tin nội bộ. Nếu cần hỗ trợ, hãy liên hệ bộ phận phụ trách qua kênh chính thức. Mọi thay đổi quan trọng sẽ được thông báo trên hệ thống chính thức. Tham khảo: https://university.edu.vn/account",0
"From: Phòng CNTT <no-reply@company.vn>
Subject: Nhắc lịch gia hạn dịch vụ
Biên nhận được gửi để bạn lưu trữ. Nếu có sai lệch, liên hệ bộ phận chăm sóc khách hàng theo thông tin trên website chính thức.",0
"From: Kế toán <no-reply@company.vn>
Subject: Biên nhận thanh toán
Vui lòng xem thông tin trong cổng thông tin nội bộ. Nếu cần hỗ trợ, hãy liên hệ bộ phận phụ trách qua kênh chính thức. Mọi thay đổi quan trọng sẽ được thông báo trên hệ thống chính thức.",0
"From: Phòng đào tạo <no-reply@university.edu.vn>
Subject: Thông báo giao hàng
Đây là thông báo định kỳ. Bạn không cần cung cấp mật khẩu, mã OTP hoặc thông tin thẻ qua email.",0
"From: Amazon Security <security@confirm-access.xyz>
Subject: Cảnh báo bảo mật - xác minh ngay
Khoản hoàn tiền đang chờ xử lý. Vui lòng xác nhận số thẻ, CVV và mã xác minh tại https://confirm-access.xyz/account/confirm.",1
"From: Techcombank Support <support@billing-confirm.loan>
Subject: Thông báo hoàn tiền - xác nhận thông tin
Chúng tôi phát hiện hoạt động bất thường. Bạn phải xác minh thông tin đăng nhập trong 24 giờ tại https://billing-confirm.loan/account/confirm.",1
"From: Kế toán <no-reply@company.vn>
Subject: Nhắc lịch gia hạn dịch vụ
Biên nhận được gửi để bạn lưu trữ. Nếu có sai lệch, liên hệ bộ phận chăm sóc khách hàng theo thông tin trên website chính thức. Tham khảo: https://portal.company.vn/",0
"From: Kế toán <no-reply@company.vn>
Subject: Nhắc lịch gia hạn dịch vụ
Biên nhận được gửi để bạn lưu trữ. Nếu có sai lệch, liên hệ bộ phận chăm sóc khách hàng theo thông tin trên website chính thức. Không gửi thông tin đăng nhập cho bất kỳ ai. Tham khảo: https://portal.company.vn/",0
"From: MoMo Support <support@billing-confirm.loan>
Subject: Tài khoản hết hạn hôm nay
Tài khoản của bạn sẽ bị đình chỉ nếu không hành động ngay. Truy cập http://billing-confirm.loan/verify để xác minh danh tính.",1
"From: Techcombank Support <support@verify-login.top>
Subject: Xác minh tài khoản để tránh đình chỉ
Khoản hoàn tiền đang chờ xử lý. Vui lòng xác nhận số thẻ, CVV và mã xác minh tại http://103.21.55.18/login.",1
"From: Phòng CNTT <no-reply@company.vn>
Subject: Xác nhận đăng ký
Vui lòng xem thông tin trong cổng thông tin nội bộ. Nếu cần hỗ trợ, hãy liên hệ bộ phận phụ trách qua kênh chính thức.",0
"From: Dịch vụ khách hàng <no-reply@shop.vn>
Subject: Nhắc lịch gia hạn dịch vụ
Hệ thống sẽ được bảo trì trong thời gian dự kiến. Một số chức năng có thể tạm thời không sử dụng được.",0
"From: Apple Billing <billing@account-check.click>
Subject: Urgent: unusual login detected
Final notice. Verify your account immediately using http://45.76.123.9/account/confirm or access may be suspended.",1
"From: Ban quản trị hệ thống <no-reply@company.vn>
Subject: Biên nhận thanh toán
Hệ thống sẽ được bảo trì trong thời gian dự kiến. Một số chức năng có thể tạm thời không sử dụng được. Tham khảo: https://company.vn/account",0
"From: Google Support <support@confirm-access.xyz>
Subject: Khẩn cấp: tài khoản của bạn sắp bị khóa
Bạn được chọn nhận phần thưởng. Hãy cung cấp thông tin tài khoản và xác nhận tại http://185.10.20.30/account/confirm để nhận tiền. !!! Hành động ngay lập tức!!!",1
"From: Kế toán <no-reply@company.vn>
Subject: Tài liệu cuộc họp
Đây là thông báo định kỳ. Bạn không cần cung cấp mật khẩu, mã OTP hoặc thông tin thẻ qua email. Không gửi thông tin đăng nhập cho bất kỳ ai.",0
"From: Customer Care Google <service@security-alert.xyz>
Subject: Thông báo hoàn tiền - xác nhận thông tin
Final notice. Verify your account immediately using http://security-alert.xyz/verify or access may be suspended.",1
"From: Apple Support <support@account-review.xyz>
Subject: Cảnh báo bảo mật - xác minh ngay
Chúng tôi phát hiện hoạt động bất thường. Bạn phải xác minh thông tin đăng nhập trong 24 giờ tại https://account-review.xyz/billing/update.",1
"From: Bộ phận nhân sự <no-reply@company.vn>
Subject: Thông báo bảo trì hệ thống
Đây là thông báo định kỳ. Bạn không cần cung cấp mật khẩu, mã OTP hoặc thông tin thẻ qua email.",0
"From: Customer Care Techcombank <service@security-alert.xyz>
Subject: Khẩn cấp: tài khoản của bạn sắp bị khóa
Final notice. Verify your account immediately using http://security-alert.xyz/verify or access may be suspended.",1
"From: Dịch vụ khách hàng <no-reply@shop.vn>
Subject: Nhắc lịch gia hạn dịch vụ
Biên nhận được gửi để bạn lưu trữ. Nếu có sai lệch, liên hệ bộ phận chăm sóc khách hàng theo thông tin trên website chính thức.",0
"From: Bộ phận nhân sự <no-reply@company.vn>
Subject: Thông báo giao hàng
Hệ thống sẽ được bảo trì trong thời gian dự kiến. Một số chức năng có thể tạm thời không sử dụng được.",0
"From: Phòng đào tạo <no-reply@university.edu.vn>
Subject: Thông báo bảo trì hệ thống
Vui lòng xem thông tin trong cổng thông tin nội bộ. Nếu cần hỗ trợ, hãy liên hệ bộ phận phụ trách qua kênh chính thức.",0
"From: Customer Care Techcombank <service@verify-user.top>
Subject: Thông báo hoàn tiền - xác nhận thông tin
Bạn được chọn nhận phần thưởng. Hãy cung cấp thông tin tài khoản và xác nhận tại https://verify-user.top/billing/update để nhận tiền. !!! Hành động ngay lập tức!!! Your accunt must be verfy today.",1
"From: Dịch vụ khách hàng <no-reply@shop.vn>
Subject: Kết quả đăng ký môn học
Xin vui lòng kiểm tra lịch và phản hồi trước thời hạn ghi trong thông báo. Cảm ơn bạn.",0
"From: PayPal Security <security@billing-confirm.loan>
Subject: Urgent: unusual login detected
Vui lòng xác minh tài khoản ngay lập tức để tránh bị khóa. Hãy nhập mật khẩu và mã OTP tại https://billing-confirm.loan/security-check. !!! Hành động ngay lập tức!!!",1
"From: Dịch vụ khách hàng <no-reply@shop.vn>
Subject: Thông báo lịch học tuần này
Xin vui lòng kiểm tra lịch và phản hồi trước thời hạn ghi trong thông báo. Cảm ơn bạn. Nếu không yêu cầu thao tác này, hãy liên hệ bộ phận hỗ trợ.",0
"From: Kế toán <no-reply@company.vn>
Subject: Lịch họp ngày mai
Thông tin chi tiết đã được cập nhật trên hệ thống. Bạn có thể đăng nhập bằng cách tự mở ứng dụng hoặc trang web quen thuộc. Tham khảo: https://portal.company.vn/",0
"From: Vietcombank Billing <billing@account-review.xyz>
Subject: Thông báo hoàn tiền - xác nhận thông tin
Vui lòng xác minh tài khoản ngay lập tức để tránh bị khóa. Hãy nhập mật khẩu và mã OTP tại https://account-review.xyz/login.",1
"From: MoMo Billing <billing@account-check.click>
Subject: Cảnh báo bảo mật - xác minh ngay
Final notice. Verify your account immediately using http://account-check.click/verify or access may be suspended.",1
"From: Kế toán <no-reply@company.vn>
Subject: Phiếu lương tháng này
Thông tin chi tiết đã được cập nhật trên hệ thống. Bạn có thể đăng nhập bằng cách tự mở ứng dụng hoặc trang web quen thuộc. Không gửi thông tin đăng nhập cho bất kỳ ai.",0
"From: Customer Care Techcombank <service@login-protect.click>
Subject: Xác minh tài khoản để tránh đình chỉ
Bạn được chọn nhận phần thưởng. Hãy cung cấp thông tin tài khoản và xác nhận tại http://45.76.123.9/security-check để nhận tiền. !!! Hành động ngay lập tức!!! Your accunt must be verfy today.",1
"From: Phòng CNTT <no-reply@company.vn>
Subject: Tài liệu cuộc họp
Vui lòng xem thông tin trong cổng thông tin nội bộ. Nếu cần hỗ trợ, hãy liên hệ bộ phận phụ trách qua kênh chính thức. Không gửi thông tin đăng nhập cho bất kỳ ai.",0
"From: Apple Billing <billing@verify-login.top>
Subject: Final notice: verify your account
Tài khoản của bạn sẽ bị đình chỉ nếu không hành động ngay. Truy cập http://185.10.20.30/login để xác minh danh tính.",1
"From: MoMo Security <security@verify-user.top>
Subject: Thông báo hoàn tiền - xác nhận thông tin
Chúng tôi phát hiện hoạt động bất thường. Bạn phải xác minh thông tin đăng nhập trong 24 giờ tại http://185.10.20.30/verify. !!! Hành động ngay lập tức!!!",1
"From: Thư viện <no-reply@university.edu.vn>
Subject: Thông báo bảo trì hệ thống
Biên nhận được gửi để bạn lưu trữ. Nếu có sai lệch, liên hệ bộ phận chăm sóc khách hàng theo thông tin trên website chính thức.",0
"From: Customer Care Microsoft <service@billing-confirm.loan>
Subject: Security alert: act now
Chúng tôi phát hiện hoạt động bất thường. Bạn phải xác minh thông tin đăng nhập trong 24 giờ tại https://billing-confirm.loan/account/confirm. !!! Hành động ngay lập tức!!!",1
"From: PayPal Billing <billing@account-review.xyz>
Subject: Urgent: unusual login detected
Vui lòng xác minh tài khoản ngay lập tức để tránh bị khóa. Hãy nhập mật khẩu và mã OTP tại http://185.10.20.30/verify. !!! Hành động ngay lập tức!!! Your accunt must be verfy today.",1
"From: Thư viện <no-reply@university.edu.vn>
Subject: Phiếu lương tháng này
Xin vui lòng kiểm tra lịch và phản hồi trước thời hạn ghi trong thông báo. Cảm ơn bạn. Nếu không yêu cầu thao tác này, hãy liên hệ bộ phận hỗ trợ.",0
"From: Customer Care BIDV <service@account-check.click>
Subject: Urgent: unusual login detected
Tài khoản của bạn sẽ bị đình chỉ nếu không hành động ngay. Truy cập https://account-check.click/security-check để xác minh danh tính.",1
"From: Phòng đào tạo <no-reply@university.edu.vn>
Subject: Xác nhận đăng ký
Hệ thống sẽ được bảo trì trong thời gian dự kiến. Một số chức năng có thể tạm thời không sử dụng được. Không gửi thông tin đăng nhập cho bất kỳ ai. Tham khảo: https://university.edu.vn/support",0
"From: Dịch vụ khách hàng <no-reply@shop.vn>
Subject: Thông báo giao hàng
Hệ thống sẽ được bảo trì trong thời gian dự kiến. Một số chức năng có thể tạm thời không sử dụng được. Mọi thay đổi quan trọng sẽ được thông báo trên hệ thống chính thức.",0
"From: Phòng hành chính <no-reply@university.edu.vn>
Subject: Kết quả đăng ký môn học
Biên nhận được gửi để bạn lưu trữ. Nếu có sai lệch, liên hệ bộ phận chăm sóc khách hàng theo thông tin trên website chính thức.",0
"From: Thư viện <no-reply@university.edu.vn>
Subject: Phiếu lương tháng này
Vui lòng xem thông tin trong cổng thông tin nội bộ. Nếu cần hỗ trợ, hãy liên hệ bộ phận phụ trách qua kênh chính thức. Mọi thay đổi quan trọng sẽ được thông báo trên hệ thống chính thức.",0
"From: Techcombank Security <security@support-center.club>
Subject: Final notice: verify your account
Khoản hoàn tiền đang chờ xử lý. Vui lòng xác nhận số thẻ, CVV và mã xác minh tại https://support-center.club/billing/update.",1
"From: BIDV Support <support@confirm-access.xyz>
Subject: Khẩn cấp: tài khoản của bạn sắp bị khóa
Bạn được chọn nhận phần thưởng. Hãy cung cấp thông tin tài khoản và xác nhận tại http://confirm-access.xyz/verify để nhận tiền.",1
"From: Dịch vụ khách hàng <no-reply@shop.vn>
Subject: Biên nhận thanh toán
Xin vui lòng kiểm tra lịch và phản hồi trước thời hạn ghi trong thông báo. Cảm ơn bạn.",0
"From: Thư viện <no-reply@university.edu.vn>
Subject: Nhắc lịch gia hạn dịch vụ
Xin vui lòng kiểm tra lịch và phản hồi trước thời hạn ghi trong thông báo. Cảm ơn bạn. Bạn có thể bỏ qua email này nếu thông tin đã được cập nhật. Tham khảo: https://portal.university.edu.vn/",0
"From: Techcombank Support <support@verify-user.top>
Subject: Urgent: unusual login detected
Final notice. Verify your account immediately using http://verify-user.top/verify or access may be suspended. !!! Hành động ngay lập tức!!!",1
"From: Bộ phận nhân sự <no-reply@company.vn>
Subject: Nhắc lịch gia hạn dịch vụ
Hệ thống sẽ được bảo trì trong thời gian dự kiến. Một số chức năng có thể tạm thời không sử dụng được. Mọi thay đổi quan trọng sẽ được thông báo trên hệ thống chính thức. Tham khảo: https://company.vn/support",0
"From: Phòng CNTT <no-reply@company.vn>
Subject: Xác nhận đăng ký
Đây là thông báo định kỳ. Bạn không cần cung cấp mật khẩu, mã OTP hoặc thông tin thẻ qua email. Tham khảo: https://company.vn/account",0
"From: Apple Billing <billing@verify-login.top>
Subject: Xác minh tài khoản để tránh đình chỉ
Vui lòng xác minh tài khoản ngay lập tức để tránh bị khóa. Hãy nhập mật khẩu và mã OTP tại https://verify-login.top/billing/update. !!! Hành động ngay lập tức!!!",1
"From: Apple Support <support@security-alert.xyz>
Subject: Xác minh tài khoản để tránh đình chỉ
Final notice. Verify your account immediately using https://security-alert.xyz/security-check or access may be suspended.",1
"From: Phòng CNTT <no-reply@company.vn>
Subject: Thông báo bảo trì hệ thống
Xin vui lòng kiểm tra lịch và phản hồi trước thời hạn ghi trong thông báo. Cảm ơn bạn. Tham khảo: https://company.vn/account",0
"From: BIDV Security <security@account-review.xyz>
Subject: Xác minh tài khoản để tránh đình chỉ
Final notice. Verify your account immediately using https://account-review.xyz/account/confirm or access may be suspended.",1
"From: Google Security <security@mail-security.club>
Subject: Thông báo hoàn tiền - xác nhận thông tin
Tài khoản của bạn sẽ bị đình chỉ nếu không hành động ngay. Truy cập http://mail-security.club/verify để xác minh danh tính.",1
"From: Dịch vụ khách hàng <no-reply@shop.vn>
Subject: Xác nhận đăng ký
Biên nhận được gửi để bạn lưu trữ. Nếu có sai lệch, liên hệ bộ phận chăm sóc khách hàng theo thông tin trên website chính thức. Mọi thay đổi quan trọng sẽ được thông báo trên hệ thống chính thức. Tham khảo: https://shop.vn/support",0
"From: Dịch vụ khách hàng <no-reply@shop.vn>
Subject: Thông báo giao hàng
Xin vui lòng kiểm tra lịch và phản hồi trước thời hạn ghi trong thông báo. Cảm ơn bạn.",0
"From: Amazon Billing <billing@security-alert.xyz>
Subject: Cảnh báo bảo mật - xác minh ngay
Vui lòng xác minh tài khoản ngay lập tức để tránh bị khóa. Hãy nhập mật khẩu và mã OTP tại https://security-alert.xyz/security-check.",1
"From: BIDV Security <security@account-review.xyz>
Subject: Xác minh tài khoản để tránh đình chỉ
Tài khoản của bạn sẽ bị đình chỉ nếu không hành động ngay. Truy cập http://account-review.xyz/verify để xác minh danh tính. Your accunt must be verfy today.",1
"From: Customer Care Techcombank <service@support-center.club>
Subject: Khẩn cấp: tài khoản của bạn sắp bị khóa
Vui lòng xác minh tài khoản ngay lập tức để tránh bị khóa. Hãy nhập mật khẩu và mã OTP tại http://support-center.club/verify.",1
"From: Phòng hành chính <no-reply@university.edu.vn>
Subject: Lịch họp ngày mai
Vui lòng xem thông tin trong cổng thông tin nội bộ. Nếu cần hỗ trợ, hãy liên hệ bộ phận phụ trách qua kênh chính thức.",0
"From: Techcombank Support <support@account-review.xyz>
Subject: Final notice: verify your account
Final notice. Verify your account immediately using https://account-review.xyz/security-check or access may be suspended.",1
"From: BIDV Billing <billing@security-alert.xyz>
Subject: Final notice: verify your account
Tài khoản của bạn sẽ bị đình chỉ nếu không hành động ngay. Truy cập http://security-alert.xyz/verify để xác minh danh tính. Your accunt must be verfy today.",1
"From: Apple Support <support@support-center.club>
Subject: Security alert: act now
Khoản hoàn tiền đang chờ xử lý. Vui lòng xác nhận số thẻ, CVV và mã xác minh tại https://support-center.club/security-check.",1
"From: Dịch vụ khách hàng <no-reply@shop.vn>
Subject: Xác nhận đăng ký
Biên nhận được gửi để bạn lưu trữ. Nếu có sai lệch, liên hệ bộ phận chăm sóc khách hàng theo thông tin trên website chính thức. Tham khảo: https://portal.shop.vn/",0
"From: Phòng CNTT <no-reply@company.vn>
Subject: Thông báo giao hàng
Hệ thống sẽ được bảo trì trong thời gian dự kiến. Một số chức năng có thể tạm thời không sử dụng được.",0
"From: Microsoft Billing <billing@billing-confirm.loan>
Subject: Final notice: verify your account
Chúng tôi phát hiện hoạt động bất thường. Bạn phải xác minh thông tin đăng nhập trong 24 giờ tại https://billing-confirm.loan/security-check.",1
"From: Amazon Support <support@support-center.club>
Subject: Yêu cầu cập nhật thông tin thanh toán
Tài khoản của bạn sẽ bị đình chỉ nếu không hành động ngay. Truy cập https://support-center.club/security-check để xác minh danh tính. !!! Hành động ngay lập tức!!!",1
"From: Phòng CNTT <no-reply@company.vn>
Subject: Kết quả đăng ký môn học
Đây là thông báo định kỳ. Bạn không cần cung cấp mật khẩu, mã OTP hoặc thông tin thẻ qua email.",0
"From: BIDV Billing <billing@account-check.click>
Subject: Security alert: act now
Vui lòng xác minh tài khoản ngay lập tức để tránh bị khóa. Hãy nhập mật khẩu và mã OTP tại https://account-check.click/billing/update.",1
"From: Amazon Support <support@verify-login.top>
Subject: Security alert: act now
Vui lòng xác minh tài khoản ngay lập tức để tránh bị khóa. Hãy nhập mật khẩu và mã OTP tại https://verify-login.top/security-check.",1
"From: Phòng đào tạo <no-reply@university.edu.vn>
Subject: Thông báo giao hàng
Đây là thông báo định kỳ. Bạn không cần cung cấp mật khẩu, mã OTP hoặc thông tin thẻ qua email. Mọi thay đổi quan trọng sẽ được thông báo trên hệ thống chính thức. Tham khảo: https://university.edu.vn/account",0
"From: Google Support <support@secure-account.xyz>
Subject: Final notice: verify your account
Final notice. Verify your account immediately using http://185.10.20.30/verify or access may be suspended. !!! Hành động ngay lập tức!!!",1
"From: Thư viện <no-reply@university.edu.vn>
Subject: Thông báo lịch học tuần này
Thông tin chi tiết đã được cập nhật trên hệ thống. Bạn có thể đăng nhập bằng cách tự mở ứng dụng hoặc trang web quen thuộc. Nếu không yêu cầu thao tác này, hãy liên hệ bộ phận hỗ trợ.",0
"From: Google Security <security@security-alert.xyz>
Subject: Tài khoản hết hạn hôm nay
Khoản hoàn tiền đang chờ xử lý. Vui lòng xác nhận số thẻ, CVV và mã xác minh tại http://185.10.20.30/verify. !!! Hành động ngay lập tức!!!",1
"From: PayPal Billing <billing@account-review.xyz>
Subject: Urgent: unusual login detected
Tài khoản của bạn sẽ bị đình chỉ nếu không hành động ngay. Truy cập https://account-review.xyz/billing/update để xác minh danh tính.",1
"From: Phòng CNTT <no-reply@company.vn>
Subject: Thông báo lịch học tuần này
Hệ thống sẽ được bảo trì trong thời gian dự kiến. Một số chức năng có thể tạm thời không sử dụng được. Không gửi thông tin đăng nhập cho bất kỳ ai.",0
"From: Techcombank Billing <billing@secure-account.xyz>
Subject: Yêu cầu cập nhật thông tin thanh toán
Chúng tôi phát hiện hoạt động bất thường. Bạn phải xác minh thông tin đăng nhập trong 24 giờ tại https://secure-account.xyz/security-check. !!! Hành động ngay lập tức!!!",1
"From: Phòng CNTT <no-reply@company.vn>
Subject: Thông báo lịch học tuần này
Xin vui lòng kiểm tra lịch và phản hồi trước thời hạn ghi trong thông báo. Cảm ơn bạn.",0
"From: BIDV Security <security@support-center.club>
Subject: Cảnh báo bảo mật - xác minh ngay
Final notice. Verify your account immediately using https://support-center.club/billing/update or access may be suspended.",1
"From: Bộ phận nhân sự <no-reply@company.vn>
Subject: Xác nhận đăng ký
Biên nhận được gửi để bạn lưu trữ. Nếu có sai lệch, liên hệ bộ phận chăm sóc khách hàng theo thông tin trên website chính thức. Bạn có thể bỏ qua email này nếu thông tin đã được cập nhật. Tham khảo: https://company.vn/account",0
"From: Vietcombank Billing <billing@account-review.xyz>
Subject: Tài khoản hết hạn hôm nay
Final notice. Verify your account immediately using https://account-review.xyz/security-check or access may be suspended. !!! Hành động ngay lập tức!!!",1
"From: Techcombank Support <support@verify-user.top>
Subject: Security alert: act now
Vui lòng xác minh tài khoản ngay lập tức để tránh bị khóa. Hãy nhập mật khẩu và mã OTP tại http://185.10.20.30/login. !!! Hành động ngay lập tức!!!",1
"From: Phòng hành chính <no-reply@university.edu.vn>
Subject: Tài liệu cuộc họp
Hệ thống sẽ được bảo trì trong thời gian dự kiến. Một số chức năng có thể tạm thời không sử dụng được. Nếu không yêu cầu thao tác này, hãy liên hệ bộ phận hỗ trợ.",0
"From: Apple Support <support@security-alert.xyz>
Subject: Cảnh báo bảo mật - xác minh ngay
Khoản hoàn tiền đang chờ xử lý. Vui lòng xác nhận số thẻ, CVV và mã xác minh tại https://security-alert.xyz/login. !!! Hành động ngay lập tức!!!",1
"From: Phòng hành chính <no-reply@university.edu.vn>
Subject: Tài liệu cuộc họp
Đây là thông báo định kỳ. Bạn không cần cung cấp mật khẩu, mã OTP hoặc thông tin thẻ qua email. Không gửi thông tin đăng nhập cho bất kỳ ai.",0
"From: Bộ phận nhân sự <no-reply@company.vn>
Subject: Thông báo bảo trì hệ thống
Biên nhận được gửi để bạn lưu trữ. Nếu có sai lệch, liên hệ bộ phận chăm sóc khách hàng theo thông tin trên website chính thức. Nếu không yêu cầu thao tác này, hãy liên hệ bộ phận hỗ trợ.",0
"From: Phòng CNTT <no-reply@company.vn>
Subject: Thông báo giao hàng
Vui lòng xem thông tin trong cổng thông tin nội bộ. Nếu cần hỗ trợ, hãy liên hệ bộ phận phụ trách qua kênh chính thức. Nếu không yêu cầu thao tác này, hãy liên hệ bộ phận hỗ trợ. Tham khảo: https://company.vn/account",0
"From: Kế toán <no-reply@company.vn>
Subject: Thông báo lịch học tuần này
Vui lòng xem thông tin trong cổng thông tin nội bộ. Nếu cần hỗ trợ, hãy liên hệ bộ phận phụ trách qua kênh chính thức. Bạn có thể bỏ qua email này nếu thông tin đã được cập nhật. Tham khảo: https://company.vn/support",0
"From: Microsoft Security <security@mail-security.club>
Subject: Yêu cầu cập nhật thông tin thanh toán
Final notice. Verify your account immediately using http://mail-security.club/verify or access may be suspended. !!! Hành động ngay lập tức!!!",1
"From: BIDV Security <security@verify-login.top>
Subject: Security alert: act now
Final notice. Verify your account immediately using http://103.21.55.18/verify or access may be suspended.",1
"From: Google Billing <billing@service-update.top>
Subject: Thông báo hoàn tiền - xác nhận thông tin
Bạn được chọn nhận phần thưởng. Hãy cung cấp thông tin tài khoản và xác nhận tại https://service-update.top/billing/update để nhận tiền.",1
"From: Kế toán <no-reply@company.vn>
Subject: Phiếu lương tháng này
Xin vui lòng kiểm tra lịch và phản hồi trước thời hạn ghi trong thông báo. Cảm ơn bạn.",0
"From: PayPal Security <security@billing-confirm.loan>
Subject: Urgent: unusual login detected
Chúng tôi phát hiện hoạt động bất thường. Bạn phải xác minh thông tin đăng nhập trong 24 giờ tại https://billing-confirm.loan/security-check.",1
"From: Microsoft Billing <billing@verify-login.top>
Subject: Khẩn cấp: tài khoản của bạn sắp bị khóa
Chúng tôi phát hiện hoạt động bất thường. Bạn phải xác minh thông tin đăng nhập trong 24 giờ tại https://verify-login.top/login. !!! Hành động ngay lập tức!!!",1
"From: Thư viện <no-reply@university.edu.vn>
Subject: Kết quả đăng ký môn học
Hệ thống sẽ được bảo trì trong thời gian dự kiến. Một số chức năng có thể tạm thời không sử dụng được. Mọi thay đổi quan trọng sẽ được thông báo trên hệ thống chính thức.",0
"From: Thư viện <no-reply@university.edu.vn>
Subject: Xác nhận đăng ký
Thông tin chi tiết đã được cập nhật trên hệ thống. Bạn có thể đăng nhập bằng cách tự mở ứng dụng hoặc trang web quen thuộc.",0
"From: Phòng hành chính <no-reply@university.edu.vn>
Subject: Biên nhận thanh toán
Đây là thông báo định kỳ. Bạn không cần cung cấp mật khẩu, mã OTP hoặc thông tin thẻ qua email. Nếu không yêu cầu thao tác này, hãy liên hệ bộ phận hỗ trợ.",0
"From: Customer Care BIDV <service@security-alert.xyz>
Subject: Bạn đã trúng thưởng
Vui lòng xác minh tài khoản ngay lập tức để tránh bị khóa. Hãy nhập mật khẩu và mã OTP tại https://security-alert.xyz/security-check.",1
"From: PayPal Billing <billing@account-review.xyz>
Subject: Yêu cầu cập nhật thông tin thanh toán
Khoản hoàn tiền đang chờ xử lý. Vui lòng xác nhận số thẻ, CVV và mã xác minh tại http://account-review.xyz/verify.",1
"From: Customer Care Microsoft <service@account-review.xyz>
Subject: Security alert: act now
Chúng tôi phát hiện hoạt động bất thường. Bạn phải xác minh thông tin đăng nhập trong 24 giờ tại http://185.10.20.30/login.",1
"From: Thư viện <no-reply@university.edu.vn>
Subject: Xác nhận đăng ký
Vui lòng xem thông tin trong cổng thông tin nội bộ. Nếu cần hỗ trợ, hãy liên hệ bộ phận phụ trách qua kênh chính thức. Bạn có thể bỏ qua email này nếu thông tin đã được cập nhật. Tham khảo: https://university.edu.vn/account",0
"From: Vietcombank Billing <billing@service-update.top>
Subject: Tài khoản hết hạn hôm nay
Tài khoản của bạn sẽ bị đình chỉ nếu không hành động ngay. Truy cập https://service-update.top/account/confirm để xác minh danh tính.",1
"From: Dịch vụ khách hàng <no-reply@shop.vn>
Subject: Biên nhận thanh toán
Biên nhận được gửi để bạn lưu trữ. Nếu có sai lệch, liên hệ bộ phận chăm sóc khách hàng theo thông tin trên website chính thức. Mọi thay đổi quan trọng sẽ được thông báo trên hệ thống chính thức.",0
"From: Kế toán <no-reply@company.vn>
Subject: Xác nhận đăng ký
Xin vui lòng kiểm tra lịch và phản hồi trước thời hạn ghi trong thông báo. Cảm ơn bạn. Bạn có thể bỏ qua email này nếu thông tin đã được cập nhật.",0
"From: Kế toán <no-reply@company.vn>
Subject: Biên nhận thanh toán
Thông tin chi tiết đã được cập nhật trên hệ thống. Bạn có thể đăng nhập bằng cách tự mở ứng dụng hoặc trang web quen thuộc. Nếu không yêu cầu thao tác này, hãy liên hệ bộ phận hỗ trợ.",0
"From: Customer Care Amazon <service@billing-confirm.loan>
Subject: Thông báo hoàn tiền - xác nhận thông tin
Vui lòng xác minh tài khoản ngay lập tức để tránh bị khóa. Hãy nhập mật khẩu và mã OTP tại http://billing-confirm.loan/verify.",1
"From: Phòng CNTT <no-reply@company.vn>
Subject: Xác nhận đăng ký
Đây là thông báo định kỳ. Bạn không cần cung cấp mật khẩu, mã OTP hoặc thông tin thẻ qua email.",0
"From: Techcombank Billing <billing@account-check.click>
Subject: Khẩn cấp: tài khoản của bạn sắp bị khóa
Bạn được chọn nhận phần thưởng. Hãy cung cấp thông tin tài khoản và xác nhận tại https://account-check.click/billing/update để nhận tiền.",1
"From: Customer Care Vietcombank <service@account-check.click>
Subject: Thông báo hoàn tiền - xác nhận thông tin
Chúng tôi phát hiện hoạt động bất thường. Bạn phải xác minh thông tin đăng nhập trong 24 giờ tại https://account-check.click/security-check.",1
"From: Vietcombank Support <support@login-protect.click>
Subject: Xác minh tài khoản để tránh đình chỉ
Chúng tôi phát hiện hoạt động bất thường. Bạn phải xác minh thông tin đăng nhập trong 24 giờ tại http://login-protect.click/verify. !!! Hành động ngay lập tức!!!",1
"From: MoMo Support <support@support-center.club>
Subject: Cảnh báo bảo mật - xác minh ngay
Vui lòng xác minh tài khoản ngay lập tức để tránh bị khóa. Hãy nhập mật khẩu và mã OTP tại https://support-center.club/account/confirm. !!! Hành động ngay lập tức!!!",1
"From: Kế toán <no-reply@company.vn>
Subject: Kết quả đăng ký môn học
Biên nhận được gửi để bạn lưu trữ. Nếu có sai lệch, liên hệ bộ phận chăm sóc khách hàng theo thông tin trên website chính thức. Bạn có thể bỏ qua email này nếu thông tin đã được cập nhật.",0
"From: Microsoft Security <security@service-update.top>
Subject: Khẩn cấp: tài khoản của bạn sắp bị khóa
Khoản hoàn tiền đang chờ xử lý. Vui lòng xác nhận số thẻ, CVV và mã xác minh tại https://service-update.top/billing/update.",1
"From: Customer Care MoMo <service@verify-login.top>
Subject: Tài khoản hết hạn hôm nay
Bạn được chọn nhận phần thưởng. Hãy cung cấp thông tin tài khoản và xác nhận tại http://verify-login.top/verify để nhận tiền.",1
"From: Microsoft Billing <billing@account-review.xyz>
Subject: Bạn đã trúng thưởng
Tài khoản của bạn sẽ bị đình chỉ nếu không hành động ngay. Truy cập https://account-review.xyz/login để xác minh danh tính. Your accunt must be verfy today.",1
"From: Customer Care Techcombank <service@verify-login.top>
Subject: Tài khoản hết hạn hôm nay
Final notice. Verify your account immediately using https://verify-login.top/billing/update or access may be suspended. Your accunt must be verfy today.",1
"From: Bộ phận nhân sự <no-reply@company.vn>
Subject: Thông báo bảo trì hệ thống
Xin vui lòng kiểm tra lịch và phản hồi trước thời hạn ghi trong thông báo. Cảm ơn bạn. Nếu không yêu cầu thao tác này, hãy liên hệ bộ phận hỗ trợ.",0
"From: PayPal Billing <billing@support-center.club>
Subject: Urgent: unusual login detected
Vui lòng xác minh tài khoản ngay lập tức để tránh bị khóa. Hãy nhập mật khẩu và mã OTP tại http://support-center.club/verify.",1
"From: BIDV Billing <billing@account-review.xyz>
Subject: Xác minh tài khoản để tránh đình chỉ
Khoản hoàn tiền đang chờ xử lý. Vui lòng xác nhận số thẻ, CVV và mã xác minh tại http://account-review.xyz/verify.",1
"From: Techcombank Security <security@verify-user.top>
Subject: Thông báo hoàn tiền - xác nhận thông tin
Chúng tôi phát hiện hoạt động bất thường. Bạn phải xác minh thông tin đăng nhập trong 24 giờ tại https://verify-user.top/login.",1
"From: Amazon Support <support@confirm-access.xyz>
Subject: Urgent: unusual login detected
Tài khoản của bạn sẽ bị đình chỉ nếu không hành động ngay. Truy cập https://confirm-access.xyz/account/confirm để xác minh danh tính.",1
"From: Phòng CNTT <no-reply@company.vn>
Subject: Xác nhận đăng ký
Vui lòng xem thông tin trong cổng thông tin nội bộ. Nếu cần hỗ trợ, hãy liên hệ bộ phận phụ trách qua kênh chính thức. Mọi thay đổi quan trọng sẽ được thông báo trên hệ thống chính thức. Tham khảo: https://portal.company.vn/",0
"From: BIDV Billing <billing@billing-confirm.loan>
Subject: Bạn đã trúng thưởng
Bạn được chọn nhận phần thưởng. Hãy cung cấp thông tin tài khoản và xác nhận tại https://billing-confirm.loan/billing/update để nhận tiền. Your accunt must be verfy today.",1
"From: Phòng CNTT <no-reply@company.vn>
Subject: Tài liệu cuộc họp
Vui lòng xem thông tin trong cổng thông tin nội bộ. Nếu cần hỗ trợ, hãy liên hệ bộ phận phụ trách qua kênh chính thức. Nếu không yêu cầu thao tác này, hãy liên hệ bộ phận hỗ trợ. Tham khảo: https://company.vn/support",0
"From: PayPal Billing <billing@account-check.click>
Subject: Urgent: unusual login detected
Chúng tôi phát hiện hoạt động bất thường. Bạn phải xác minh thông tin đăng nhập trong 24 giờ tại https://account-check.click/security-check.",1
"From: Apple Billing <billing@confirm-access.xyz>
Subject: Yêu cầu cập nhật thông tin thanh toán
Chúng tôi phát hiện hoạt động bất thường. Bạn phải xác minh thông tin đăng nhập trong 24 giờ tại https://confirm-access.xyz/account/confirm.",1
"From: Phòng đào tạo <no-reply@university.edu.vn>
Subject: Biên nhận thanh toán
Vui lòng xem thông tin trong cổng thông tin nội bộ. Nếu cần hỗ trợ, hãy liên hệ bộ phận phụ trách qua kênh chính thức. Nếu không yêu cầu thao tác này, hãy liên hệ bộ phận hỗ trợ.",0
"From: Apple Support <support@account-review.xyz>
Subject: Khẩn cấp: tài khoản của bạn sắp bị khóa
Tài khoản của bạn sẽ bị đình chỉ nếu không hành động ngay. Truy cập https://account-review.xyz/security-check để xác minh danh tính. !!! Hành động ngay lập tức!!!",1
"From: Customer Care Google <service@verify-user.top>
Subject: Tài khoản hết hạn hôm nay
Bạn được chọn nhận phần thưởng. Hãy cung cấp thông tin tài khoản và xác nhận tại https://verify-user.top/billing/update để nhận tiền.",1
"From: Dịch vụ khách hàng <no-reply@shop.vn>
Subject: Thông báo bảo trì hệ thống
Biên nhận được gửi để bạn lưu trữ. Nếu có sai lệch, liên hệ bộ phận chăm sóc khách hàng theo thông tin trên website chính thức. Không gửi thông tin đăng nhập cho bất kỳ ai. Tham khảo: https://portal.shop.vn/",0
"From: PayPal Billing <billing@confirm-access.xyz>
Subject: Final notice: verify your account
Bạn được chọn nhận phần thưởng. Hãy cung cấp thông tin tài khoản và xác nhận tại https://confirm-access.xyz/security-check để nhận tiền.",1
"From: Thư viện <no-reply@university.edu.vn>
Subject: Phiếu lương tháng này
Đây là thông báo định kỳ. Bạn không cần cung cấp mật khẩu, mã OTP hoặc thông tin thẻ qua email. Không gửi thông tin đăng nhập cho bất kỳ ai.",0
"From: Customer Care BIDV <service@secure-account.xyz>
Subject: Khẩn cấp: tài khoản của bạn sắp bị khóa
Tài khoản của bạn sẽ bị đình chỉ nếu không hành động ngay. Truy cập https://secure-account.xyz/security-check để xác minh danh tính. !!! Hành động ngay lập tức!!!",1
"From: BIDV Security <security@mail-security.club>
Subject: Yêu cầu cập nhật thông tin thanh toán
Vui lòng xác minh tài khoản ngay lập tức để tránh bị khóa. Hãy nhập mật khẩu và mã OTP tại http://mail-security.club/verify.",1
"From: Customer Care Vietcombank <service@mail-security.club>
Subject: Thông báo hoàn tiền - xác nhận thông tin
Vui lòng xác minh tài khoản ngay lập tức để tránh bị khóa. Hãy nhập mật khẩu và mã OTP tại https://mail-security.club/account/confirm.",1
"From: Kế toán <no-reply@company.vn>
Subject: Thông báo giao hàng
Thông tin chi tiết đã được cập nhật trên hệ thống. Bạn có thể đăng nhập bằng cách tự mở ứng dụng hoặc trang web quen thuộc. Bạn có thể bỏ qua email này nếu thông tin đã được cập nhật.",0
"From: Phòng CNTT <no-reply@company.vn>
Subject: Tài liệu cuộc họp
Thông tin chi tiết đã được cập nhật trên hệ thống. Bạn có thể đăng nhập bằng cách tự mở ứng dụng hoặc trang web quen thuộc. Mọi thay đổi quan trọng sẽ được thông báo trên hệ thống chính thức.",0
"From: MoMo Billing <billing@mail-security.club>
Subject: Security alert: act now
Tài khoản của bạn sẽ bị đình chỉ nếu không hành động ngay. Truy cập https://mail-security.club/security-check để xác minh danh tính.",1
"From: Ban quản trị hệ thống <no-reply@company.vn>
Subject: Phiếu lương tháng này
Đây là thông báo định kỳ. Bạn không cần cung cấp mật khẩu, mã OTP hoặc thông tin thẻ qua email. Không gửi thông tin đăng nhập cho bất kỳ ai.",0
"From: Customer Care Techcombank <service@account-review.xyz>
Subject: Yêu cầu cập nhật thông tin thanh toán
Khoản hoàn tiền đang chờ xử lý. Vui lòng xác nhận số thẻ, CVV và mã xác minh tại http://account-review.xyz/verify. Your accunt must be verfy today.",1
"From: Kế toán <no-reply@company.vn>
Subject: Biên nhận thanh toán
Biên nhận được gửi để bạn lưu trữ. Nếu có sai lệch, liên hệ bộ phận chăm sóc khách hàng theo thông tin trên website chính thức.",0
"From: Phòng hành chính <no-reply@university.edu.vn>
Subject: Thông báo giao hàng
Biên nhận được gửi để bạn lưu trữ. Nếu có sai lệch, liên hệ bộ phận chăm sóc khách hàng theo thông tin trên website chính thức. Mọi thay đổi quan trọng sẽ được thông báo trên hệ thống chính thức. Tham khảo: https://university.edu.vn/support",0
"From: Vietcombank Security <security@confirm-access.xyz>
Subject: Thông báo hoàn tiền - xác nhận thông tin
Khoản hoàn tiền đang chờ xử lý. Vui lòng xác nhận số thẻ, CVV và mã xác minh tại http://confirm-access.xyz/verify. !!! Hành động ngay lập tức!!! Your accunt must be verfy today.",1
"From: Dịch vụ khách hàng <no-reply@shop.vn>
Subject: Biên nhận thanh toán
Biên nhận được gửi để bạn lưu trữ. Nếu có sai lệch, liên hệ bộ phận chăm sóc khách hàng theo thông tin trên website chính thức.",0
"From: Dịch vụ khách hàng <no-reply@shop.vn>
Subject: Thông báo bảo trì hệ thống
Hệ thống sẽ được bảo trì trong thời gian dự kiến. Một số chức năng có thể tạm thời không sử dụng được.",0
"From: Bộ phận nhân sự <no-reply@company.vn>
Subject: Tài liệu cuộc họp
Vui lòng xem thông tin trong cổng thông tin nội bộ. Nếu cần hỗ trợ, hãy liên hệ bộ phận phụ trách qua kênh chính thức. Tham khảo: https://company.vn/support",0
"From: Dịch vụ khách hàng <no-reply@shop.vn>
Subject: Lịch họp ngày mai
Biên nhận được gửi để bạn lưu trữ. Nếu có sai lệch, liên hệ bộ phận chăm sóc khách hàng theo thông tin trên website chính thức. Bạn có thể bỏ qua email này nếu thông tin đã được cập nhật.",0
"From: Dịch vụ khách hàng <no-reply@shop.vn>
Subject: Nhắc lịch gia hạn dịch vụ
Biên nhận được gửi để bạn lưu trữ. Nếu có sai lệch, liên hệ bộ phận chăm sóc khách hàng theo thông tin trên website chính thức. Tham khảo: https://portal.shop.vn/",0
"From: Phòng đào tạo <no-reply@university.edu.vn>
Subject: Biên nhận thanh toán
Vui lòng xem thông tin trong cổng thông tin nội bộ. Nếu cần hỗ trợ, hãy liên hệ bộ phận phụ trách qua kênh chính thức.",0
"From: Customer Care MoMo <service@service-update.top>
Subject: Tài khoản hết hạn hôm nay
Bạn được chọn nhận phần thưởng. Hãy cung cấp thông tin tài khoản và xác nhận tại https://service-update.top/billing/update để nhận tiền.",1
"From: BIDV Security <security@login-protect.click>
Subject: Cảnh báo bảo mật - xác minh ngay
Tài khoản của bạn sẽ bị đình chỉ nếu không hành động ngay. Truy cập http://185.10.20.30/login để xác minh danh tính. !!! Hành động ngay lập tức!!! Your accunt must be verfy today.",1
"From: BIDV Support <support@verify-login.top>
Subject: Xác minh tài khoản để tránh đình chỉ
Tài khoản của bạn sẽ bị đình chỉ nếu không hành động ngay. Truy cập http://185.10.20.30/billing/update để xác minh danh tính.",1
"From: Ban quản trị hệ thống <no-reply@company.vn>
Subject: Nhắc lịch gia hạn dịch vụ
Vui lòng xem thông tin trong cổng thông tin nội bộ. Nếu cần hỗ trợ, hãy liên hệ bộ phận phụ trách qua kênh chính thức. Bạn có thể bỏ qua email này nếu thông tin đã được cập nhật.",0
"From: Kế toán <no-reply@company.vn>
Subject: Thông báo lịch học tuần này
Vui lòng xem thông tin trong cổng thông tin nội bộ. Nếu cần hỗ trợ, hãy liên hệ bộ phận phụ trách qua kênh chính thức. Mọi thay đổi quan trọng sẽ được thông báo trên hệ thống chính thức.",0
"From: Thư viện <no-reply@university.edu.vn>
Subject: Tài liệu cuộc họp
Đây là thông báo định kỳ. Bạn không cần cung cấp mật khẩu, mã OTP hoặc thông tin thẻ qua email. Nếu không yêu cầu thao tác này, hãy liên hệ bộ phận hỗ trợ.",0
"From: Phòng CNTT <no-reply@company.vn>
Subject: Lịch họp ngày mai
Hệ thống sẽ được bảo trì trong thời gian dự kiến. Một số chức năng có thể tạm thời không sử dụng được.",0
"From: BIDV Support <support@login-protect.click>
Subject: Bạn đã trúng thưởng
Chúng tôi phát hiện hoạt động bất thường. Bạn phải xác minh thông tin đăng nhập trong 24 giờ tại https://login-protect.click/account/confirm. !!! Hành động ngay lập tức!!!",1
"From: Customer Care Apple <service@support-center.club>
Subject: Yêu cầu cập nhật thông tin thanh toán
Final notice. Verify your account immediately using https://support-center.club/security-check or access may be suspended.",1
"From: Dịch vụ khách hàng <no-reply@shop.vn>
Subject: Biên nhận thanh toán
Thông tin chi tiết đã được cập nhật trên hệ thống. Bạn có thể đăng nhập bằng cách tự mở ứng dụng hoặc trang web quen thuộc. Tham khảo: https://shop.vn/account",0
"From: Phòng đào tạo <no-reply@university.edu.vn>
Subject: Kết quả đăng ký môn học
Xin vui lòng kiểm tra lịch và phản hồi trước thời hạn ghi trong thông báo. Cảm ơn bạn.",0
"From: Dịch vụ khách hàng <no-reply@shop.vn>
Subject: Xác nhận đăng ký
Hệ thống sẽ được bảo trì trong thời gian dự kiến. Một số chức năng có thể tạm thời không sử dụng được. Nếu không yêu cầu thao tác này, hãy liên hệ bộ phận hỗ trợ.",0
"From: Phòng đào tạo <no-reply@university.edu.vn>
Subject: Kết quả đăng ký môn học
Biên nhận được gửi để bạn lưu trữ. Nếu có sai lệch, liên hệ bộ phận chăm sóc khách hàng theo thông tin trên website chính thức. Mọi thay đổi quan trọng sẽ được thông báo trên hệ thống chính thức.",0
"From: Vietcombank Billing <billing@account-check.click>
Subject: Urgent: unusual login detected
Khoản hoàn tiền đang chờ xử lý. Vui lòng xác nhận số thẻ, CVV và mã xác minh tại https://account-check.click/security-check. Your accunt must be verfy today.",1
"From: BIDV Security <security@billing-confirm.loan>
Subject: Final notice: verify your account
Chúng tôi phát hiện hoạt động bất thường. Bạn phải xác minh thông tin đăng nhập trong 24 giờ tại http://billing-confirm.loan/verify.",1
"From: Kế toán <no-reply@company.vn>
Subject: Nhắc lịch gia hạn dịch vụ
Đây là thông báo định kỳ. Bạn không cần cung cấp mật khẩu, mã OTP hoặc thông tin thẻ qua email. Bạn có thể bỏ qua email này nếu thông tin đã được cập nhật. Tham khảo: https://company.vn/support",0
"From: Bộ phận nhân sự <no-reply@company.vn>
Subject: Tài liệu cuộc họp
Biên nhận được gửi để bạn lưu trữ. Nếu có sai lệch, liên hệ bộ phận chăm sóc khách hàng theo thông tin trên website chính thức. Bạn có thể bỏ qua email này nếu thông tin đã được cập nhật. Tham khảo: https://portal.company.vn/",0
"From: Techcombank Billing <billing@confirm-access.xyz>
Subject: Final notice: verify your account
Khoản hoàn tiền đang chờ xử lý. Vui lòng xác nhận số thẻ, CVV và mã xác minh tại https://confirm-access.xyz/security-check.",1
"From: Thư viện <no-reply@university.edu.vn>
Subject: Thông báo giao hàng
Đây là thông báo định kỳ. Bạn không cần cung cấp mật khẩu, mã OTP hoặc thông tin thẻ qua email.",0
"From: Phòng hành chính <no-reply@university.edu.vn>
Subject: Thông báo lịch học tuần này
Hệ thống sẽ được bảo trì trong thời gian dự kiến. Một số chức năng có thể tạm thời không sử dụng được. Bạn có thể bỏ qua email này nếu thông tin đã được cập nhật.",0
"From: Thư viện <no-reply@university.edu.vn>
Subject: Phiếu lương tháng này
Hệ thống sẽ được bảo trì trong thời gian dự kiến. Một số chức năng có thể tạm thời không sử dụng được. Không gửi thông tin đăng nhập cho bất kỳ ai.",0
"From: Dịch vụ khách hàng <no-reply@shop.vn>
Subject: Thông báo giao hàng
Đây là thông báo định kỳ. Bạn không cần cung cấp mật khẩu, mã OTP hoặc thông tin thẻ qua email. Bạn có thể bỏ qua email này nếu thông tin đã được cập nhật.",0
"From: Customer Care Vietcombank <service@support-center.club>
Subject: Urgent: unusual login detected
Final notice. Verify your account immediately using http://185.10.20.30/verify or access may be suspended.",1
"From: Apple Billing <billing@secure-account.xyz>
Subject: Urgent: unusual login detected
Final notice. Verify your account immediately using https://secure-account.xyz/login or access may be suspended.",1
"From: Apple Support <support@security-alert.xyz>
Subject: Cảnh báo bảo mật - xác minh ngay
Bạn được chọn nhận phần thưởng. Hãy cung cấp thông tin tài khoản và xác nhận tại https://security-alert.xyz/login để nhận tiền. !!! Hành động ngay lập tức!!! Your accunt must be verfy today.",1
"From: Thư viện <no-reply@university.edu.vn>
Subject: Tài liệu cuộc họp
Thông tin chi tiết đã được cập nhật trên hệ thống. Bạn có thể đăng nhập bằng cách tự mở ứng dụng hoặc trang web quen thuộc. Không gửi thông tin đăng nhập cho bất kỳ ai.",0
"From: Thư viện <no-reply@university.edu.vn>
Subject: Biên nhận thanh toán
Biên nhận được gửi để bạn lưu trữ. Nếu có sai lệch, liên hệ bộ phận chăm sóc khách hàng theo thông tin trên website chính thức.",0
"From: Microsoft Security <security@account-review.xyz>
Subject: Khẩn cấp: tài khoản của bạn sắp bị khóa
Khoản hoàn tiền đang chờ xử lý. Vui lòng xác nhận số thẻ, CVV và mã xác minh tại https://account-review.xyz/billing/update. Your accunt must be verfy today.",1
"From: Dịch vụ khách hàng <no-reply@shop.vn>
Subject: Nhắc lịch gia hạn dịch vụ
Xin vui lòng kiểm tra lịch và phản hồi trước thời hạn ghi trong thông báo. Cảm ơn bạn. Bạn có thể bỏ qua email này nếu thông tin đã được cập nhật.",0
"From: PayPal Billing <billing@mail-security.club>
Subject: Tài khoản hết hạn hôm nay
Tài khoản của bạn sẽ bị đình chỉ nếu không hành động ngay. Truy cập http://45.76.123.9/login để xác minh danh tính.",1
"From: Customer Care BIDV <service@verify-user.top>
Subject: Khẩn cấp: tài khoản của bạn sắp bị khóa
Khoản hoàn tiền đang chờ xử lý. Vui lòng xác nhận số thẻ, CVV và mã xác minh tại https://verify-user.top/login.",1
"From: Phòng hành chính <no-reply@university.edu.vn>
Subject: Thông báo lịch học tuần này
Vui lòng xem thông tin trong cổng thông tin nội bộ. Nếu cần hỗ trợ, hãy liên hệ bộ phận phụ trách qua kênh chính thức. Tham khảo: https://portal.university.edu.vn/",0
"From: Thư viện <no-reply@university.edu.vn>
Subject: Thông báo lịch học tuần này
Vui lòng xem thông tin trong cổng thông tin nội bộ. Nếu cần hỗ trợ, hãy liên hệ bộ phận phụ trách qua kênh chính thức. Bạn có thể bỏ qua email này nếu thông tin đã được cập nhật.",0
"From: Techcombank Support <support@security-alert.xyz>
Subject: Khẩn cấp: tài khoản của bạn sắp bị khóa
Vui lòng xác minh tài khoản ngay lập tức để tránh bị khóa. Hãy nhập mật khẩu và mã OTP tại https://security-alert.xyz/security-check.",1
"From: Amazon Billing <billing@account-check.click>
Subject: Security alert: act now
Khoản hoàn tiền đang chờ xử lý. Vui lòng xác nhận số thẻ, CVV và mã xác minh tại https://account-check.click/billing/update.",1
"From: Dịch vụ khách hàng <no-reply@shop.vn>
Subject: Tài liệu cuộc họp
Đây là thông báo định kỳ. Bạn không cần cung cấp mật khẩu, mã OTP hoặc thông tin thẻ qua email. Không gửi thông tin đăng nhập cho bất kỳ ai. Tham khảo: https://shop.vn/support",0
"From: BIDV Billing <billing@support-center.club>
Subject: Cảnh báo bảo mật - xác minh ngay
Final notice. Verify your account immediately using http://45.76.123.9/security-check or access may be suspended.",1
"From: Google Security <security@billing-confirm.loan>
Subject: Xác minh tài khoản để tránh đình chỉ
Khoản hoàn tiền đang chờ xử lý. Vui lòng xác nhận số thẻ, CVV và mã xác minh tại http://billing-confirm.loan/verify.",1
"From: Customer Care Google <service@billing-confirm.loan>
Subject: Final notice: verify your account
Final notice. Verify your account immediately using https://billing-confirm.loan/billing/update or access may be suspended.",1
"From: Bộ phận nhân sự <no-reply@company.vn>
Subject: Thông báo bảo trì hệ thống
Vui lòng xem thông tin trong cổng thông tin nội bộ. Nếu cần hỗ trợ, hãy liên hệ bộ phận phụ trách qua kênh chính thức. Nếu không yêu cầu thao tác này, hãy liên hệ bộ phận hỗ trợ. Tham khảo: https://company.vn/account",0
"From: Amazon Billing <billing@service-update.top>
Subject: Bạn đã trúng thưởng
Bạn được chọn nhận phần thưởng. Hãy cung cấp thông tin tài khoản và xác nhận tại http://service-update.top/verify để nhận tiền. !!! Hành động ngay lập tức!!! Your accunt must be verfy today.",1
"From: Thư viện <no-reply@university.edu.vn>
Subject: Lịch họp ngày mai
Xin vui lòng kiểm tra lịch và phản hồi trước thời hạn ghi trong thông báo. Cảm ơn bạn. Không gửi thông tin đăng nhập cho bất kỳ ai.",0
"From: PayPal Support <support@account-review.xyz>
Subject: Tài khoản hết hạn hôm nay
Vui lòng xác minh tài khoản ngay lập tức để tránh bị khóa. Hãy nhập mật khẩu và mã OTP tại http://account-review.xyz/verify.",1
"From: Apple Security <security@mail-security.club>
Subject: Khẩn cấp: tài khoản của bạn sắp bị khóa
Final notice. Verify your account immediately using http://45.76.123.9/verify or access may be suspended.",1
"From: Customer Care MoMo <service@billing-confirm.loan>
Subject: Tài khoản hết hạn hôm nay
Tài khoản của bạn sẽ bị đình chỉ nếu không hành động ngay. Truy cập https://billing-confirm.loan/login để xác minh danh tính.",1
"From: Google Security <security@account-review.xyz>
Subject: Khẩn cấp: tài khoản của bạn sắp bị khóa
Vui lòng xác minh tài khoản ngay lập tức để tránh bị khóa. Hãy nhập mật khẩu và mã OTP tại https://account-review.xyz/billing/update.",1
"From: Vietcombank Security <security@billing-confirm.loan>
Subject: Cảnh báo bảo mật - xác minh ngay
Vui lòng xác minh tài khoản ngay lập tức để tránh bị khóa. Hãy nhập mật khẩu và mã OTP tại https://billing-confirm.loan/billing/update.",1
"From: Kế toán <no-reply@company.vn>
Subject: Phiếu lương tháng này
Xin vui lòng kiểm tra lịch và phản hồi trước thời hạn ghi trong thông báo. Cảm ơn bạn. Tham khảo: https://company.vn/account",0
"From: Amazon Security <security@billing-confirm.loan>
Subject: Urgent: unusual login detected
Tài khoản của bạn sẽ bị đình chỉ nếu không hành động ngay. Truy cập https://billing-confirm.loan/billing/update để xác minh danh tính.",1
"From: BIDV Security <security@account-check.click>
Subject: Thông báo hoàn tiền - xác nhận thông tin
Vui lòng xác minh tài khoản ngay lập tức để tránh bị khóa. Hãy nhập mật khẩu và mã OTP tại https://account-check.click/security-check. !!! Hành động ngay lập tức!!!",1
"From: Thư viện <no-reply@university.edu.vn>
Subject: Biên nhận thanh toán
Vui lòng xem thông tin trong cổng thông tin nội bộ. Nếu cần hỗ trợ, hãy liên hệ bộ phận phụ trách qua kênh chính thức.",0
"From: BIDV Security <security@mail-security.club>
Subject: Urgent: unusual login detected
Chúng tôi phát hiện hoạt động bất thường. Bạn phải xác minh thông tin đăng nhập trong 24 giờ tại http://mail-security.club/verify. !!! Hành động ngay lập tức!!!",1
"From: Customer Care MoMo <service@support-center.club>
Subject: Xác minh tài khoản để tránh đình chỉ
Tài khoản của bạn sẽ bị đình chỉ nếu không hành động ngay. Truy cập http://185.10.20.30/verify để xác minh danh tính. !!! Hành động ngay lập tức!!! Your accunt must be verfy today.",1
"From: Kế toán <no-reply@company.vn>
Subject: Thông báo bảo trì hệ thống
Đây là thông báo định kỳ. Bạn không cần cung cấp mật khẩu, mã OTP hoặc thông tin thẻ qua email.",0
"From: Phòng hành chính <no-reply@university.edu.vn>
Subject: Nhắc lịch gia hạn dịch vụ
Xin vui lòng kiểm tra lịch và phản hồi trước thời hạn ghi trong thông báo. Cảm ơn bạn. Tham khảo: https://portal.university.edu.vn/",0
"From: Vietcombank Security <security@account-check.click>
Subject: Urgent: unusual login detected
Khoản hoàn tiền đang chờ xử lý. Vui lòng xác nhận số thẻ, CVV và mã xác minh tại https://account-check.click/security-check.",1
"From: Dịch vụ khách hàng <no-reply@shop.vn>
Subject: Lịch họp ngày mai
Xin vui lòng kiểm tra lịch và phản hồi trước thời hạn ghi trong thông báo. Cảm ơn bạn. Tham khảo: https://shop.vn/account",0
"From: Bộ phận nhân sự <no-reply@company.vn>
Subject: Biên nhận thanh toán
Đây là thông báo định kỳ. Bạn không cần cung cấp mật khẩu, mã OTP hoặc thông tin thẻ qua email. Tham khảo: https://portal.company.vn/",0
"From: Kế toán <no-reply@company.vn>
Subject: Kết quả đăng ký môn học
Thông tin chi tiết đã được cập nhật trên hệ thống. Bạn có thể đăng nhập bằng cách tự mở ứng dụng hoặc trang web quen thuộc. Mọi thay đổi quan trọng sẽ được thông báo trên hệ thống chính thức.",0
"From: Kế toán <no-reply@company.vn>
Subject: Kết quả đăng ký môn học
Vui lòng xem thông tin trong cổng thông tin nội bộ. Nếu cần hỗ trợ, hãy liên hệ bộ phận phụ trách qua kênh chính thức.",0
"From: Phòng CNTT <no-reply@company.vn>
Subject: Nhắc lịch gia hạn dịch vụ
Hệ thống sẽ được bảo trì trong thời gian dự kiến. Một số chức năng có thể tạm thời không sử dụng được. Mọi thay đổi quan trọng sẽ được thông báo trên hệ thống chính thức.",0
"From: MoMo Billing <billing@verify-login.top>
Subject: Yêu cầu cập nhật thông tin thanh toán
Khoản hoàn tiền đang chờ xử lý. Vui lòng xác nhận số thẻ, CVV và mã xác minh tại https://verify-login.top/account/confirm.",1
"From: BIDV Billing <billing@service-update.top>
Subject: Bạn đã trúng thưởng
Final notice. Verify your account immediately using https://service-update.top/security-check or access may be suspended. !!! Hành động ngay lập tức!!!",1
"From: Kế toán <no-reply@company.vn>
Subject: Nhắc lịch gia hạn dịch vụ
Thông tin chi tiết đã được cập nhật trên hệ thống. Bạn có thể đăng nhập bằng cách tự mở ứng dụng hoặc trang web quen thuộc. Tham khảo: https://portal.company.vn/",0
"From: Vietcombank Security <security@mail-security.club>
Subject: Tài khoản hết hạn hôm nay
Khoản hoàn tiền đang chờ xử lý. Vui lòng xác nhận số thẻ, CVV và mã xác minh tại https://mail-security.club/security-check. Your accunt must be verfy today.",1
"From: Phòng CNTT <no-reply@company.vn>
Subject: Thông báo lịch học tuần này
Vui lòng xem thông tin trong cổng thông tin nội bộ. Nếu cần hỗ trợ, hãy liên hệ bộ phận phụ trách qua kênh chính thức.",0
"From: Kế toán <no-reply@company.vn>
Subject: Thông báo lịch học tuần này
Hệ thống sẽ được bảo trì trong thời gian dự kiến. Một số chức năng có thể tạm thời không sử dụng được. Tham khảo: https://portal.company.vn/",0
"From: Customer Care BIDV <service@account-check.click>
Subject: Thông báo hoàn tiền - xác nhận thông tin
Khoản hoàn tiền đang chờ xử lý. Vui lòng xác nhận số thẻ, CVV và mã xác minh tại https://account-check.click/security-check.",1
"From: Apple Billing <billing@account-check.click>
Subject: Security alert: act now
Khoản hoàn tiền đang chờ xử lý. Vui lòng xác nhận số thẻ, CVV và mã xác minh tại https://account-check.click/billing/update. !!! Hành động ngay lập tức!!!",1
"From: Customer Care PayPal <service@confirm-access.xyz>
Subject: Tài khoản hết hạn hôm nay
Final notice. Verify your account immediately using http://103.21.55.18/login or access may be suspended.",1
"From: Phòng đào tạo <no-reply@university.edu.vn>
Subject: Thông báo giao hàng
Hệ thống sẽ được bảo trì trong thời gian dự kiến. Một số chức năng có thể tạm thời không sử dụng được. Bạn có thể bỏ qua email này nếu thông tin đã được cập nhật.",0
"From: Microsoft Security <security@security-alert.xyz>
Subject: Thông báo hoàn tiền - xác nhận thông tin
Khoản hoàn tiền đang chờ xử lý. Vui lòng xác nhận số thẻ, CVV và mã xác minh tại https://security-alert.xyz/account/confirm.",1
"From: Phòng hành chính <no-reply@university.edu.vn>
Subject: Xác nhận đăng ký
Biên nhận được gửi để bạn lưu trữ. Nếu có sai lệch, liên hệ bộ phận chăm sóc khách hàng theo thông tin trên website chính thức.",0
"From: MoMo Billing <billing@security-alert.xyz>
Subject: Security alert: act now
Vui lòng xác minh tài khoản ngay lập tức để tránh bị khóa. Hãy nhập mật khẩu và mã OTP tại https://security-alert.xyz/login.",1
"From: Bộ phận nhân sự <no-reply@company.vn>
Subject: Thông báo giao hàng
Hệ thống sẽ được bảo trì trong thời gian dự kiến. Một số chức năng có thể tạm thời không sử dụng được. Không gửi thông tin đăng nhập cho bất kỳ ai. Tham khảo: https://company.vn/account",0
"From: MoMo Support <support@billing-confirm.loan>
Subject: Urgent: unusual login detected
Chúng tôi phát hiện hoạt động bất thường. Bạn phải xác minh thông tin đăng nhập trong 24 giờ tại http://billing-confirm.loan/verify.",1
"From: Ban quản trị hệ thống <no-reply@company.vn>
Subject: Lịch họp ngày mai
Hệ thống sẽ được bảo trì trong thời gian dự kiến. Một số chức năng có thể tạm thời không sử dụng được. Mọi thay đổi quan trọng sẽ được thông báo trên hệ thống chính thức.",0
"From: Phòng đào tạo <no-reply@university.edu.vn>
Subject: Thông báo lịch học tuần này
Xin vui lòng kiểm tra lịch và phản hồi trước thời hạn ghi trong thông báo. Cảm ơn bạn. Không gửi thông tin đăng nhập cho bất kỳ ai.",0
"From: Techcombank Billing <billing@verify-user.top>
Subject: Urgent: unusual login detected
Bạn được chọn nhận phần thưởng. Hãy cung cấp thông tin tài khoản và xác nhận tại https://verify-user.top/login để nhận tiền.",1
"From: Dịch vụ khách hàng <no-reply@shop.vn>
Subject: Xác nhận đăng ký
Biên nhận được gửi để bạn lưu trữ. Nếu có sai lệch, liên hệ bộ phận chăm sóc khách hàng theo thông tin trên website chính thức.",0
"From: Phòng hành chính <no-reply@university.edu.vn>
Subject: Tài liệu cuộc họp
Vui lòng xem thông tin trong cổng thông tin nội bộ. Nếu cần hỗ trợ, hãy liên hệ bộ phận phụ trách qua kênh chính thức. Nếu không yêu cầu thao tác này, hãy liên hệ bộ phận hỗ trợ.",0
"From: Microsoft Billing <billing@confirm-access.xyz>
Subject: Final notice: verify your account
Vui lòng xác minh tài khoản ngay lập tức để tránh bị khóa. Hãy nhập mật khẩu và mã OTP tại https://confirm-access.xyz/account/confirm.",1
"From: Microsoft Security <security@billing-confirm.loan>
Subject: Security alert: act now
Final notice. Verify your account immediately using http://billing-confirm.loan/verify or access may be suspended.",1
"From: Apple Billing <billing@confirm-access.xyz>
Subject: Cảnh báo bảo mật - xác minh ngay
Tài khoản của bạn sẽ bị đình chỉ nếu không hành động ngay. Truy cập https://confirm-access.xyz/account/confirm để xác minh danh tính.",1
"From: PayPal Security <security@secure-account.xyz>
Subject: Urgent: unusual login detected
Khoản hoàn tiền đang chờ xử lý. Vui lòng xác nhận số thẻ, CVV và mã xác minh tại http://185.10.20.30/security-check. !!! Hành động ngay lập tức!!!",1
"From: PayPal Security <security@billing-confirm.loan>
Subject: Final notice: verify your account
Vui lòng xác minh tài khoản ngay lập tức để tránh bị khóa. Hãy nhập mật khẩu và mã OTP tại http://billing-confirm.loan/verify. Your accunt must be verfy today.",1
"From: Bộ phận nhân sự <no-reply@company.vn>
Subject: Xác nhận đăng ký
Biên nhận được gửi để bạn lưu trữ. Nếu có sai lệch, liên hệ bộ phận chăm sóc khách hàng theo thông tin trên website chính thức. Mọi thay đổi quan trọng sẽ được thông báo trên hệ thống chính thức.",0
"From: Phòng hành chính <no-reply@university.edu.vn>
Subject: Phiếu lương tháng này
Biên nhận được gửi để bạn lưu trữ. Nếu có sai lệch, liên hệ bộ phận chăm sóc khách hàng theo thông tin trên website chính thức. Bạn có thể bỏ qua email này nếu thông tin đã được cập nhật.",0
"From: Amazon Security <security@verify-user.top>
Subject: Tài khoản hết hạn hôm nay
Vui lòng xác minh tài khoản ngay lập tức để tránh bị khóa. Hãy nhập mật khẩu và mã OTP tại https://verify-user.top/account/confirm. Your accunt must be verfy today.",1
"From: Ban quản trị hệ thống <no-reply@company.vn>
Subject: Biên nhận thanh toán
Hệ thống sẽ được bảo trì trong thời gian dự kiến. Một số chức năng có thể tạm thời không sử dụng được. Nếu không yêu cầu thao tác này, hãy liên hệ bộ phận hỗ trợ.",0
"From: Ban quản trị hệ thống <no-reply@company.vn>
Subject: Xác nhận đăng ký
Hệ thống sẽ được bảo trì trong thời gian dự kiến. Một số chức năng có thể tạm thời không sử dụng được.",0
"From: Phòng CNTT <no-reply@company.vn>
Subject: Thông báo giao hàng
Thông tin chi tiết đã được cập nhật trên hệ thống. Bạn có thể đăng nhập bằng cách tự mở ứng dụng hoặc trang web quen thuộc.",0
"From: Phòng đào tạo <no-reply@university.edu.vn>
Subject: Lịch họp ngày mai
Đây là thông báo định kỳ. Bạn không cần cung cấp mật khẩu, mã OTP hoặc thông tin thẻ qua email. Nếu không yêu cầu thao tác này, hãy liên hệ bộ phận hỗ trợ.",0
"From: Phòng hành chính <no-reply@university.edu.vn>
Subject: Thông báo giao hàng
Biên nhận được gửi để bạn lưu trữ. Nếu có sai lệch, liên hệ bộ phận chăm sóc khách hàng theo thông tin trên website chính thức. Mọi thay đổi quan trọng sẽ được thông báo trên hệ thống chính thức. Tham khảo: https://portal.university.edu.vn/",0
"From: BIDV Security <security@support-center.club>
Subject: Xác minh tài khoản để tránh đình chỉ
Bạn được chọn nhận phần thưởng. Hãy cung cấp thông tin tài khoản và xác nhận tại http://103.21.55.18/account/confirm để nhận tiền.",1
"From: Microsoft Billing <billing@verify-user.top>
Subject: Urgent: unusual login detected
Khoản hoàn tiền đang chờ xử lý. Vui lòng xác nhận số thẻ, CVV và mã xác minh tại http://103.21.55.18/account/confirm.",1
"From: Customer Care Microsoft <service@account-review.xyz>
Subject: Thông báo hoàn tiền - xác nhận thông tin
Khoản hoàn tiền đang chờ xử lý. Vui lòng xác nhận số thẻ, CVV và mã xác minh tại https://account-review.xyz/billing/update.",1
"From: Customer Care Techcombank <service@service-update.top>
Subject: Thông báo hoàn tiền - xác nhận thông tin
Vui lòng xác minh tài khoản ngay lập tức để tránh bị khóa. Hãy nhập mật khẩu và mã OTP tại http://service-update.top/verify.",1
"From: Dịch vụ khách hàng <no-reply@shop.vn>
Subject: Lịch họp ngày mai
Thông tin chi tiết đã được cập nhật trên hệ thống. Bạn có thể đăng nhập bằng cách tự mở ứng dụng hoặc trang web quen thuộc.",0
"From: Ban quản trị hệ thống <no-reply@company.vn>
Subject: Lịch họp ngày mai
Vui lòng xem thông tin trong cổng thông tin nội bộ. Nếu cần hỗ trợ, hãy liên hệ bộ phận phụ trách qua kênh chính thức. Không gửi thông tin đăng nhập cho bất kỳ ai. Tham khảo: https://company.vn/account",0
"From: Bộ phận nhân sự <no-reply@company.vn>
Subject: Thông báo giao hàng
Thông tin chi tiết đã được cập nhật trên hệ thống. Bạn có thể đăng nhập bằng cách tự mở ứng dụng hoặc trang web quen thuộc.",0
"From: MoMo Billing <billing@confirm-access.xyz>
Subject: Security alert: act now
Vui lòng xác minh tài khoản ngay lập tức để tránh bị khóa. Hãy nhập mật khẩu và mã OTP tại https://confirm-access.xyz/account/confirm. !!! Hành động ngay lập tức!!!",1
"From: Customer Care Vietcombank <service@secure-account.xyz>
Subject: Urgent: unusual login detected
Final notice. Verify your account immediately using http://45.76.123.9/verify or access may be suspended.",1
"From: Dịch vụ khách hàng <no-reply@shop.vn>
Subject: Biên nhận thanh toán
Hệ thống sẽ được bảo trì trong thời gian dự kiến. Một số chức năng có thể tạm thời không sử dụng được.",0
"From: Phòng đào tạo <no-reply@university.edu.vn>
Subject: Nhắc lịch gia hạn dịch vụ
Hệ thống sẽ được bảo trì trong thời gian dự kiến. Một số chức năng có thể tạm thời không sử dụng được. Nếu không yêu cầu thao tác này, hãy liên hệ bộ phận hỗ trợ.",0
"From: Bộ phận nhân sự <no-reply@company.vn>
Subject: Kết quả đăng ký môn học
Đây là thông báo định kỳ. Bạn không cần cung cấp mật khẩu, mã OTP hoặc thông tin thẻ qua email. Mọi thay đổi quan trọng sẽ được thông báo trên hệ thống chính thức.",0
"From: PayPal Security <security@support-center.club>
Subject: Cảnh báo bảo mật - xác minh ngay
Khoản hoàn tiền đang chờ xử lý. Vui lòng xác nhận số thẻ, CVV và mã xác minh tại http://support-center.club/verify.",1
"From: Kế toán <no-reply@company.vn>
Subject: Xác nhận đăng ký
Hệ thống sẽ được bảo trì trong thời gian dự kiến. Một số chức năng có thể tạm thời không sử dụng được. Không gửi thông tin đăng nhập cho bất kỳ ai.",0
"From: Bộ phận nhân sự <no-reply@company.vn>
Subject: Thông báo lịch học tuần này
Biên nhận được gửi để bạn lưu trữ. Nếu có sai lệch, liên hệ bộ phận chăm sóc khách hàng theo thông tin trên website chính thức. Mọi thay đổi quan trọng sẽ được thông báo trên hệ thống chính thức.",0
"From: Ban quản trị hệ thống <no-reply@company.vn>
Subject: Kết quả đăng ký môn học
Đây là thông báo định kỳ. Bạn không cần cung cấp mật khẩu, mã OTP hoặc thông tin thẻ qua email.",0
"From: MoMo Support <support@login-protect.click>
Subject: Security alert: act now
Khoản hoàn tiền đang chờ xử lý. Vui lòng xác nhận số thẻ, CVV và mã xác minh tại https://login-protect.click/security-check. Your accunt must be verfy today.",1
"From: Kế toán <no-reply@company.vn>
Subject: Kết quả đăng ký môn học
Thông tin chi tiết đã được cập nhật trên hệ thống. Bạn có thể đăng nhập bằng cách tự mở ứng dụng hoặc trang web quen thuộc.",0
"From: Phòng CNTT <no-reply@company.vn>
Subject: Xác nhận đăng ký
Xin vui lòng kiểm tra lịch và phản hồi trước thời hạn ghi trong thông báo. Cảm ơn bạn.",0
"From: BIDV Billing <billing@service-update.top>
Subject: Yêu cầu cập nhật thông tin thanh toán
Vui lòng xác minh tài khoản ngay lập tức để tránh bị khóa. Hãy nhập mật khẩu và mã OTP tại https://service-update.top/security-check.",1
"From: Google Billing <billing@account-review.xyz>
Subject: Final notice: verify your account
Vui lòng xác minh tài khoản ngay lập tức để tránh bị khóa. Hãy nhập mật khẩu và mã OTP tại https://account-review.xyz/login.",1
"From: Ban quản trị hệ thống <no-reply@company.vn>
Subject: Thông báo bảo trì hệ thống
Đây là thông báo định kỳ. Bạn không cần cung cấp mật khẩu, mã OTP hoặc thông tin thẻ qua email. Không gửi thông tin đăng nhập cho bất kỳ ai. Tham khảo: https://company.vn/support",0
"From: Vietcombank Security <security@login-protect.click>
Subject: Cảnh báo bảo mật - xác minh ngay
Final notice. Verify your account immediately using https://login-protect.click/account/confirm or access may be suspended. !!! Hành động ngay lập tức!!!",1
"From: Dịch vụ khách hàng <no-reply@shop.vn>
Subject: Phiếu lương tháng này
Hệ thống sẽ được bảo trì trong thời gian dự kiến. Một số chức năng có thể tạm thời không sử dụng được. Bạn có thể bỏ qua email này nếu thông tin đã được cập nhật. Tham khảo: https://shop.vn/account",0
"From: Phòng hành chính <no-reply@university.edu.vn>
Subject: Thông báo lịch học tuần này
Vui lòng xem thông tin trong cổng thông tin nội bộ. Nếu cần hỗ trợ, hãy liên hệ bộ phận phụ trách qua kênh chính thức. Tham khảo: https://university.edu.vn/account",0
"From: BIDV Support <support@verify-user.top>
Subject: Thông báo hoàn tiền - xác nhận thông tin
Khoản hoàn tiền đang chờ xử lý. Vui lòng xác nhận số thẻ, CVV và mã xác minh tại https://verify-user.top/security-check.",1
"From: Kế toán <no-reply@company.vn>
Subject: Lịch họp ngày mai
Biên nhận được gửi để bạn lưu trữ. Nếu có sai lệch, liên hệ bộ phận chăm sóc khách hàng theo thông tin trên website chính thức. Không gửi thông tin đăng nhập cho bất kỳ ai. Tham khảo: https://portal.company.vn/",0
"From: Kế toán <no-reply@company.vn>
Subject: Thông báo giao hàng
Thông tin chi tiết đã được cập nhật trên hệ thống. Bạn có thể đăng nhập bằng cách tự mở ứng dụng hoặc trang web quen thuộc. Không gửi thông tin đăng nhập cho bất kỳ ai.",0
"From: Techcombank Support <support@support-center.club>
Subject: Final notice: verify your account
Final notice. Verify your account immediately using http://support-center.club/verify or access may be suspended.",1
"From: Customer Care Apple <service@support-center.club>
Subject: Khẩn cấp: tài khoản của bạn sắp bị khóa
Tài khoản của bạn sẽ bị đình chỉ nếu không hành động ngay. Truy cập http://support-center.club/verify để xác minh danh tính.",1
"From: Microsoft Support <support@account-review.xyz>
Subject: Yêu cầu cập nhật thông tin thanh toán
Final notice. Verify your account immediately using https://account-review.xyz/billing/update or access may be suspended.",1
"From: BIDV Support <support@secure-account.xyz>
Subject: Xác minh tài khoản để tránh đình chỉ
Khoản hoàn tiền đang chờ xử lý. Vui lòng xác nhận số thẻ, CVV và mã xác minh tại https://secure-account.xyz/security-check.",1
"From: Phòng hành chính <no-reply@university.edu.vn>
Subject: Thông báo bảo trì hệ thống
Thông tin chi tiết đã được cập nhật trên hệ thống. Bạn có thể đăng nhập bằng cách tự mở ứng dụng hoặc trang web quen thuộc.",0
"From: Ban quản trị hệ thống <no-reply@company.vn>
Subject: Lịch họp ngày mai
Đây là thông báo định kỳ. Bạn không cần cung cấp mật khẩu, mã OTP hoặc thông tin thẻ qua email. Tham khảo: https://portal.company.vn/",0
"From: Bộ phận nhân sự <no-reply@company.vn>
Subject: Lịch họp ngày mai
Vui lòng xem thông tin trong cổng thông tin nội bộ. Nếu cần hỗ trợ, hãy liên hệ bộ phận phụ trách qua kênh chính thức. Tham khảo: https://company.vn/support",0
"From: Microsoft Security <security@security-alert.xyz>
Subject: Khẩn cấp: tài khoản của bạn sắp bị khóa
Tài khoản của bạn sẽ bị đình chỉ nếu không hành động ngay. Truy cập https://security-alert.xyz/account/confirm để xác minh danh tính. Your accunt must be verfy today.",1
"From: Microsoft Billing <billing@support-center.club>
Subject: Urgent: unusual login detected
Bạn được chọn nhận phần thưởng. Hãy cung cấp thông tin tài khoản và xác nhận tại http://103.21.55.18/login để nhận tiền.",1
"From: BIDV Billing <billing@account-review.xyz>
Subject: Yêu cầu cập nhật thông tin thanh toán
Bạn được chọn nhận phần thưởng. Hãy cung cấp thông tin tài khoản và xác nhận tại https://account-review.xyz/security-check để nhận tiền.",1
"From: Vietcombank Support <support@support-center.club>
Subject: Security alert: act now
Bạn được chọn nhận phần thưởng. Hãy cung cấp thông tin tài khoản và xác nhận tại https://support-center.club/security-check để nhận tiền. !!! Hành động ngay lập tức!!!",1
"From: Phòng CNTT <no-reply@company.vn>
Subject: Phiếu lương tháng này
Biên nhận được gửi để bạn lưu trữ. Nếu có sai lệch, liên hệ bộ phận chăm sóc khách hàng theo thông tin trên website chính thức.",0
"From: MoMo Security <security@billing-confirm.loan>
Subject: Thông báo hoàn tiền - xác nhận thông tin
Final notice. Verify your account immediately using http://billing-confirm.loan/verify or access may be suspended.",1
"From: Bộ phận nhân sự <no-reply@company.vn>
Subject: Nhắc lịch gia hạn dịch vụ
Đây là thông báo định kỳ. Bạn không cần cung cấp mật khẩu, mã OTP hoặc thông tin thẻ qua email. Tham khảo: https://portal.company.vn/",0
"From: Amazon Support <support@billing-confirm.loan>
Subject: Urgent: unusual login detected
Tài khoản của bạn sẽ bị đình chỉ nếu không hành động ngay. Truy cập https://billing-confirm.loan/security-check để xác minh danh tính. !!! Hành động ngay lập tức!!!",1
"From: Google Security <security@secure-account.xyz>
Subject: Bạn đã trúng thưởng
Tài khoản của bạn sẽ bị đình chỉ nếu không hành động ngay. Truy cập https://secure-account.xyz/login để xác minh danh tính.",1
"From: Thư viện <no-reply@university.edu.vn>
Subject: Tài liệu cuộc họp
Xin vui lòng kiểm tra lịch và phản hồi trước thời hạn ghi trong thông báo. Cảm ơn bạn.",0
"From: Microsoft Billing <billing@secure-account.xyz>
Subject: Thông báo hoàn tiền - xác nhận thông tin
Tài khoản của bạn sẽ bị đình chỉ nếu không hành động ngay. Truy cập http://185.10.20.30/security-check để xác minh danh tính.",1
"From: Vietcombank Support <support@account-check.click>
Subject: Security alert: act now
Tài khoản của bạn sẽ bị đình chỉ nếu không hành động ngay. Truy cập https://account-check.click/account/confirm để xác minh danh tính. !!! Hành động ngay lập tức!!!",1
"From: Ban quản trị hệ thống <no-reply@company.vn>
Subject: Lịch họp ngày mai
Thông tin chi tiết đã được cập nhật trên hệ thống. Bạn có thể đăng nhập bằng cách tự mở ứng dụng hoặc trang web quen thuộc. Không gửi thông tin đăng nhập cho bất kỳ ai.",0
"From: Amazon Security <security@secure-account.xyz>
Subject: Khẩn cấp: tài khoản của bạn sắp bị khóa
Vui lòng xác minh tài khoản ngay lập tức để tránh bị khóa. Hãy nhập mật khẩu và mã OTP tại http://45.76.123.9/account/confirm. !!! Hành động ngay lập tức!!!",1
"From: BIDV Support <support@account-check.click>
Subject: Thông báo hoàn tiền - xác nhận thông tin
Tài khoản của bạn sẽ bị đình chỉ nếu không hành động ngay. Truy cập http://account-check.click/verify để xác minh danh tính.",1
"From: MoMo Billing <billing@account-check.click>
Subject: Xác minh tài khoản để tránh đình chỉ
Khoản hoàn tiền đang chờ xử lý. Vui lòng xác nhận số thẻ, CVV và mã xác minh tại http://103.21.55.18/account/confirm.",1
"From: Phòng CNTT <no-reply@company.vn>
Subject: Xác nhận đăng ký
Vui lòng xem thông tin trong cổng thông tin nội bộ. Nếu cần hỗ trợ, hãy liên hệ bộ phận phụ trách qua kênh chính thức. Nếu không yêu cầu thao tác này, hãy liên hệ bộ phận hỗ trợ.",0
"From: Vietcombank Security <security@login-protect.click>
Subject: Cảnh báo bảo mật - xác minh ngay
Khoản hoàn tiền đang chờ xử lý. Vui lòng xác nhận số thẻ, CVV và mã xác minh tại http://103.21.55.18/account/confirm. !!! Hành động ngay lập tức!!!",1
"From: PayPal Billing <billing@security-alert.xyz>
Subject: Security alert: act now
Bạn được chọn nhận phần thưởng. Hãy cung cấp thông tin tài khoản và xác nhận tại https://security-alert.xyz/billing/update để nhận tiền.",1
"From: Customer Care Techcombank <service@login-protect.click>
Subject: Final notice: verify your account
Chúng tôi phát hiện hoạt động bất thường. Bạn phải xác minh thông tin đăng nhập trong 24 giờ tại https://login-protect.click/security-check.",1
"From: Phòng hành chính <no-reply@university.edu.vn>
Subject: Tài liệu cuộc họp
Thông tin chi tiết đã được cập nhật trên hệ thống. Bạn có thể đăng nhập bằng cách tự mở ứng dụng hoặc trang web quen thuộc. Tham khảo: https://university.edu.vn/support",0
"From: Phòng CNTT <no-reply@company.vn>
Subject: Xác nhận đăng ký
Biên nhận được gửi để bạn lưu trữ. Nếu có sai lệch, liên hệ bộ phận chăm sóc khách hàng theo thông tin trên website chính thức. Tham khảo: https://company.vn/support",0
"From: Bộ phận nhân sự <no-reply@company.vn>
Subject: Xác nhận đăng ký
Biên nhận được gửi để bạn lưu trữ. Nếu có sai lệch, liên hệ bộ phận chăm sóc khách hàng theo thông tin trên website chính thức. Mọi thay đổi quan trọng sẽ được thông báo trên hệ thống chính thức.",0
"From: Dịch vụ khách hàng <no-reply@shop.vn>
Subject: Lịch họp ngày mai
Thông tin chi tiết đã được cập nhật trên hệ thống. Bạn có thể đăng nhập bằng cách tự mở ứng dụng hoặc trang web quen thuộc.",0
"From: Microsoft Support <support@billing-confirm.loan>
Subject: Tài khoản hết hạn hôm nay
Khoản hoàn tiền đang chờ xử lý. Vui lòng xác nhận số thẻ, CVV và mã xác minh tại https://billing-confirm.loan/billing/update.",1
"From: Google Security <security@security-alert.xyz>
Subject: Urgent: unusual login detected
Final notice. Verify your account immediately using http://185.10.20.30/security-check or access may be suspended. Your accunt must be verfy today.",1
"From: BIDV Security <security@service-update.top>
Subject: Security alert: act now
Chúng tôi phát hiện hoạt động bất thường. Bạn phải xác minh thông tin đăng nhập trong 24 giờ tại https://service-update.top/security-check.",1
"From: Phòng hành chính <no-reply@university.edu.vn>
Subject: Biên nhận thanh toán
Đây là thông báo định kỳ. Bạn không cần cung cấp mật khẩu, mã OTP hoặc thông tin thẻ qua email. Không gửi thông tin đăng nhập cho bất kỳ ai.",0
"From: Bộ phận nhân sự <no-reply@company.vn>
Subject: Thông báo bảo trì hệ thống
Vui lòng xem thông tin trong cổng thông tin nội bộ. Nếu cần hỗ trợ, hãy liên hệ bộ phận phụ trách qua kênh chính thức. Nếu không yêu cầu thao tác này, hãy liên hệ bộ phận hỗ trợ.",0
"From: Microsoft Support <support@login-protect.click>
Subject: Tài khoản hết hạn hôm nay
Chúng tôi phát hiện hoạt động bất thường. Bạn phải xác minh thông tin đăng nhập trong 24 giờ tại http://login-protect.click/verify.",1
"From: Vietcombank Support <support@mail-security.club>
Subject: Xác minh tài khoản để tránh đình chỉ
Final notice. Verify your account immediately using https://mail-security.club/billing/update or access may be suspended. !!! Hành động ngay lập tức!!!",1
"From: Phòng đào tạo <no-reply@university.edu.vn>
Subject: Xác nhận đăng ký
Xin vui lòng kiểm tra lịch và phản hồi trước thời hạn ghi trong thông báo. Cảm ơn bạn. Bạn có thể bỏ qua email này nếu thông tin đã được cập nhật.",0
"From: Phòng CNTT <no-reply@company.vn>
Subject: Biên nhận thanh toán
Xin vui lòng kiểm tra lịch và phản hồi trước thời hạn ghi trong thông báo. Cảm ơn bạn. Tham khảo: https://company.vn/support",0
"From: Customer Care MoMo <service@service-update.top>
Subject: Urgent: unusual login detected
Chúng tôi phát hiện hoạt động bất thường. Bạn phải xác minh thông tin đăng nhập trong 24 giờ tại http://45.76.123.9/account/confirm. !!! Hành động ngay lập tức!!!",1
"From: Dịch vụ khách hàng <no-reply@shop.vn>
Subject: Tài liệu cuộc họp
Xin vui lòng kiểm tra lịch và phản hồi trước thời hạn ghi trong thông báo. Cảm ơn bạn. Mọi thay đổi quan trọng sẽ được thông báo trên hệ thống chính thức.",0
"From: Techcombank Billing <billing@support-center.club>
Subject: Cảnh báo bảo mật - xác minh ngay
Bạn được chọn nhận phần thưởng. Hãy cung cấp thông tin tài khoản và xác nhận tại https://support-center.club/security-check để nhận tiền.",1
"From: Customer Care MoMo <service@secure-account.xyz>
Subject: Security alert: act now
Chúng tôi phát hiện hoạt động bất thường. Bạn phải xác minh thông tin đăng nhập trong 24 giờ tại https://secure-account.xyz/billing/update. Your accunt must be verfy today.",1
"From: Kế toán <no-reply@company.vn>
Subject: Xác nhận đăng ký
Hệ thống sẽ được bảo trì trong thời gian dự kiến. Một số chức năng có thể tạm thời không sử dụng được. Tham khảo: https://company.vn/account",0
"From: Customer Care BIDV <service@verify-login.top>
Subject: Security alert: act now
Chúng tôi phát hiện hoạt động bất thường. Bạn phải xác minh thông tin đăng nhập trong 24 giờ tại https://verify-login.top/security-check.",1
"From: Dịch vụ khách hàng <no-reply@shop.vn>
Subject: Biên nhận thanh toán
Biên nhận được gửi để bạn lưu trữ. Nếu có sai lệch, liên hệ bộ phận chăm sóc khách hàng theo thông tin trên website chính thức. Bạn có thể bỏ qua email này nếu thông tin đã được cập nhật.",0
"From: Dịch vụ khách hàng <no-reply@shop.vn>
Subject: Thông báo giao hàng
Biên nhận được gửi để bạn lưu trữ. Nếu có sai lệch, liên hệ bộ phận chăm sóc khách hàng theo thông tin trên website chính thức. Bạn có thể bỏ qua email này nếu thông tin đã được cập nhật.",0
"From: Vietcombank Billing <billing@billing-confirm.loan>
Subject: Khẩn cấp: tài khoản của bạn sắp bị khóa
Vui lòng xác minh tài khoản ngay lập tức để tránh bị khóa. Hãy nhập mật khẩu và mã OTP tại https://billing-confirm.loan/billing/update. !!! Hành động ngay lập tức!!!",1
"From: Phòng đào tạo <no-reply@university.edu.vn>
Subject: Kết quả đăng ký môn học
Thông tin chi tiết đã được cập nhật trên hệ thống. Bạn có thể đăng nhập bằng cách tự mở ứng dụng hoặc trang web quen thuộc. Tham khảo: https://university.edu.vn/support",0
"From: Phòng CNTT <no-reply@company.vn>
Subject: Xác nhận đăng ký
Thông tin chi tiết đã được cập nhật trên hệ thống. Bạn có thể đăng nhập bằng cách tự mở ứng dụng hoặc trang web quen thuộc. Tham khảo: https://portal.company.vn/",0
"From: Customer Care Google <service@security-alert.xyz>
Subject: Cảnh báo bảo mật - xác minh ngay
Tài khoản của bạn sẽ bị đình chỉ nếu không hành động ngay. Truy cập http://security-alert.xyz/verify để xác minh danh tính.",1
"From: Google Support <support@service-update.top>
Subject: Xác minh tài khoản để tránh đình chỉ
Tài khoản của bạn sẽ bị đình chỉ nếu không hành động ngay. Truy cập https://service-update.top/security-check để xác minh danh tính.",1
"From: Ban quản trị hệ thống <no-reply@company.vn>
Subject: Tài liệu cuộc họp
Xin vui lòng kiểm tra lịch và phản hồi trước thời hạn ghi trong thông báo. Cảm ơn bạn. Nếu không yêu cầu thao tác này, hãy liên hệ bộ phận hỗ trợ.",0
"From: Bộ phận nhân sự <no-reply@company.vn>
Subject: Biên nhận thanh toán
Thông tin chi tiết đã được cập nhật trên hệ thống. Bạn có thể đăng nhập bằng cách tự mở ứng dụng hoặc trang web quen thuộc. Mọi thay đổi quan trọng sẽ được thông báo trên hệ thống chính thức.",0
"From: Ban quản trị hệ thống <no-reply@company.vn>
Subject: Xác nhận đăng ký
Vui lòng xem thông tin trong cổng thông tin nội bộ. Nếu cần hỗ trợ, hãy liên hệ bộ phận phụ trách qua kênh chính thức.",0
"From: Apple Billing <billing@login-protect.click>
Subject: Bạn đã trúng thưởng
Vui lòng xác minh tài khoản ngay lập tức để tránh bị khóa. Hãy nhập mật khẩu và mã OTP tại http://45.76.123.9/billing/update.",1
"From: Apple Billing <billing@account-review.xyz>
Subject: Urgent: unusual login detected
Bạn được chọn nhận phần thưởng. Hãy cung cấp thông tin tài khoản và xác nhận tại https://account-review.xyz/login để nhận tiền.",1
"From: Phòng CNTT <no-reply@company.vn>
Subject: Phiếu lương tháng này
Đây là thông báo định kỳ. Bạn không cần cung cấp mật khẩu, mã OTP hoặc thông tin thẻ qua email. Nếu không yêu cầu thao tác này, hãy liên hệ bộ phận hỗ trợ. Tham khảo: https://company.vn/support",0
"From: Phòng đào tạo <no-reply@university.edu.vn>
Subject: Thông báo lịch học tuần này
Hệ thống sẽ được bảo trì trong thời gian dự kiến. Một số chức năng có thể tạm thời không sử dụng được.",0
"From: Kế toán <no-reply@company.vn>
Subject: Kết quả đăng ký môn học
Đây là thông báo định kỳ. Bạn không cần cung cấp mật khẩu, mã OTP hoặc thông tin thẻ qua email. Nếu không yêu cầu thao tác này, hãy liên hệ bộ phận hỗ trợ.",0
"From: Phòng đào tạo <no-reply@university.edu.vn>
Subject: Nhắc lịch gia hạn dịch vụ
Thông tin chi tiết đã được cập nhật trên hệ thống. Bạn có thể đăng nhập bằng cách tự mở ứng dụng hoặc trang web quen thuộc. Tham khảo: https://portal.university.edu.vn/",0
"From: Apple Security <security@verify-login.top>
Subject: Tài khoản hết hạn hôm nay
Chúng tôi phát hiện hoạt động bất thường. Bạn phải xác minh thông tin đăng nhập trong 24 giờ tại https://verify-login.top/billing/update.",1
"From: Phòng CNTT <no-reply@company.vn>
Subject: Nhắc lịch gia hạn dịch vụ
Vui lòng xem thông tin trong cổng thông tin nội bộ. Nếu cần hỗ trợ, hãy liên hệ bộ phận phụ trách qua kênh chính thức. Mọi thay đổi quan trọng sẽ được thông báo trên hệ thống chính thức.",0
"From: Phòng hành chính <no-reply@university.edu.vn>
Subject: Thông báo lịch học tuần này
Biên nhận được gửi để bạn lưu trữ. Nếu có sai lệch, liên hệ bộ phận chăm sóc khách hàng theo thông tin trên website chính thức.",0
"From: Dịch vụ khách hàng <no-reply@shop.vn>
Subject: Phiếu lương tháng này
Vui lòng xem thông tin trong cổng thông tin nội bộ. Nếu cần hỗ trợ, hãy liên hệ bộ phận phụ trách qua kênh chính thức. Tham khảo: https://shop.vn/account",0
"From: Customer Care Apple <service@support-center.club>
Subject: Khẩn cấp: tài khoản của bạn sắp bị khóa
Vui lòng xác minh tài khoản ngay lập tức để tránh bị khóa. Hãy nhập mật khẩu và mã OTP tại https://support-center.club/account/confirm. !!! Hành động ngay lập tức!!!",1
"From: Ban quản trị hệ thống <no-reply@company.vn>
Subject: Xác nhận đăng ký
Vui lòng xem thông tin trong cổng thông tin nội bộ. Nếu cần hỗ trợ, hãy liên hệ bộ phận phụ trách qua kênh chính thức. Mọi thay đổi quan trọng sẽ được thông báo trên hệ thống chính thức.",0
"From: Techcombank Support <support@login-protect.click>
Subject: Final notice: verify your account
Chúng tôi phát hiện hoạt động bất thường. Bạn phải xác minh thông tin đăng nhập trong 24 giờ tại https://login-protect.click/billing/update. !!! Hành động ngay lập tức!!!",1
"From: Customer Care Apple <service@account-review.xyz>
Subject: Final notice: verify your account
Tài khoản của bạn sẽ bị đình chỉ nếu không hành động ngay. Truy cập http://account-review.xyz/verify để xác minh danh tính.",1
"From: Bộ phận nhân sự <no-reply@company.vn>
Subject: Phiếu lương tháng này
Hệ thống sẽ được bảo trì trong thời gian dự kiến. Một số chức năng có thể tạm thời không sử dụng được. Tham khảo: https://company.vn/account",0
"From: Phòng hành chính <no-reply@university.edu.vn>
Subject: Lịch họp ngày mai
Xin vui lòng kiểm tra lịch và phản hồi trước thời hạn ghi trong thông báo. Cảm ơn bạn. Nếu không yêu cầu thao tác này, hãy liên hệ bộ phận hỗ trợ.",0
"From: Bộ phận nhân sự <no-reply@company.vn>
Subject: Thông báo giao hàng
Thông tin chi tiết đã được cập nhật trên hệ thống. Bạn có thể đăng nhập bằng cách tự mở ứng dụng hoặc trang web quen thuộc. Bạn có thể bỏ qua email này nếu thông tin đã được cập nhật.",0
"From: Amazon Security <security@security-alert.xyz>
Subject: Tài khoản hết hạn hôm nay
Tài khoản của bạn sẽ bị đình chỉ nếu không hành động ngay. Truy cập https://security-alert.xyz/account/confirm để xác minh danh tính. !!! Hành động ngay lập tức!!!",1
"From: Kế toán <no-reply@company.vn>
Subject: Thông báo lịch học tuần này
Hệ thống sẽ được bảo trì trong thời gian dự kiến. Một số chức năng có thể tạm thời không sử dụng được.",0
"From: Customer Care Vietcombank <service@account-check.click>
Subject: Urgent: unusual login detected
Vui lòng xác minh tài khoản ngay lập tức để tránh bị khóa. Hãy nhập mật khẩu và mã OTP tại https://account-check.click/account/confirm.",1
"From: Customer Care Techcombank <service@security-alert.xyz>
Subject: Bạn đã trúng thưởng
Final notice. Verify your account immediately using https://security-alert.xyz/account/confirm or access may be suspended.",1
"From: Bộ phận nhân sự <no-reply@company.vn>
Subject: Xác nhận đăng ký
Thông tin chi tiết đã được cập nhật trên hệ thống. Bạn có thể đăng nhập bằng cách tự mở ứng dụng hoặc trang web quen thuộc. Tham khảo: https://portal.company.vn/",0
"From: Ban quản trị hệ thống <no-reply@company.vn>
Subject: Thông báo giao hàng
Đây là thông báo định kỳ. Bạn không cần cung cấp mật khẩu, mã OTP hoặc thông tin thẻ qua email. Mọi thay đổi quan trọng sẽ được thông báo trên hệ thống chính thức.",0
"From: Customer Care Google <service@verify-login.top>
Subject: Cảnh báo bảo mật - xác minh ngay
Bạn được chọn nhận phần thưởng. Hãy cung cấp thông tin tài khoản và xác nhận tại https://verify-login.top/login để nhận tiền.",1
"From: Kế toán <no-reply@company.vn>
Subject: Thông báo giao hàng
Xin vui lòng kiểm tra lịch và phản hồi trước thời hạn ghi trong thông báo. Cảm ơn bạn. Tham khảo: https://company.vn/support",0
"From: Dịch vụ khách hàng <no-reply@shop.vn>
Subject: Tài liệu cuộc họp
Đây là thông báo định kỳ. Bạn không cần cung cấp mật khẩu, mã OTP hoặc thông tin thẻ qua email. Mọi thay đổi quan trọng sẽ được thông báo trên hệ thống chính thức.",0
"From: Phòng hành chính <no-reply@university.edu.vn>
Subject: Thông báo bảo trì hệ thống
Hệ thống sẽ được bảo trì trong thời gian dự kiến. Một số chức năng có thể tạm thời không sử dụng được.",0
"From: Customer Care PayPal <service@billing-confirm.loan>
Subject: Tài khoản hết hạn hôm nay
Bạn được chọn nhận phần thưởng. Hãy cung cấp thông tin tài khoản và xác nhận tại https://billing-confirm.loan/login để nhận tiền.",1
"From: Phòng hành chính <no-reply@university.edu.vn>
Subject: Thông báo bảo trì hệ thống
Xin vui lòng kiểm tra lịch và phản hồi trước thời hạn ghi trong thông báo. Cảm ơn bạn.",0
"From: Techcombank Billing <billing@account-review.xyz>
Subject: Xác minh tài khoản để tránh đình chỉ
Chúng tôi phát hiện hoạt động bất thường. Bạn phải xác minh thông tin đăng nhập trong 24 giờ tại https://account-review.xyz/account/confirm.",1
"From: Amazon Support <support@confirm-access.xyz>
Subject: Cảnh báo bảo mật - xác minh ngay
Vui lòng xác minh tài khoản ngay lập tức để tránh bị khóa. Hãy nhập mật khẩu và mã OTP tại https://confirm-access.xyz/security-check.",1
"From: Google Security <security@secure-account.xyz>
Subject: Xác minh tài khoản để tránh đình chỉ
Final notice. Verify your account immediately using http://secure-account.xyz/verify or access may be suspended. !!! Hành động ngay lập tức!!!",1
"From: Customer Care MoMo <service@billing-confirm.loan>
Subject: Final notice: verify your account
Chúng tôi phát hiện hoạt động bất thường. Bạn phải xác minh thông tin đăng nhập trong 24 giờ tại http://185.10.20.30/login.",1
"From: Google Billing <billing@service-update.top>
Subject: Urgent: unusual login detected
Khoản hoàn tiền đang chờ xử lý. Vui lòng xác nhận số thẻ, CVV và mã xác minh tại http://103.21.55.18/account/confirm. !!! Hành động ngay lập tức!!!",1
"From: Ban quản trị hệ thống <no-reply@company.vn>
Subject: Biên nhận thanh toán
Hệ thống sẽ được bảo trì trong thời gian dự kiến. Một số chức năng có thể tạm thời không sử dụng được. Bạn có thể bỏ qua email này nếu thông tin đã được cập nhật.",0
"From: BIDV Security <security@verify-user.top>
Subject: Security alert: act now
Vui lòng xác minh tài khoản ngay lập tức để tránh bị khóa. Hãy nhập mật khẩu và mã OTP tại https://verify-user.top/security-check.",1
"From: MoMo Support <support@login-protect.click>
Subject: Urgent: unusual login detected
Final notice. Verify your account immediately using https://login-protect.click/account/confirm or access may be suspended.",1
"From: Phòng đào tạo <no-reply@university.edu.vn>
Subject: Tài liệu cuộc họp
Xin vui lòng kiểm tra lịch và phản hồi trước thời hạn ghi trong thông báo. Cảm ơn bạn. Bạn có thể bỏ qua email này nếu thông tin đã được cập nhật.",0
"From: Dịch vụ khách hàng <no-reply@shop.vn>
Subject: Xác nhận đăng ký
Biên nhận được gửi để bạn lưu trữ. Nếu có sai lệch, liên hệ bộ phận chăm sóc khách hàng theo thông tin trên website chính thức.",0
"From: Techcombank Billing <billing@verify-user.top>
Subject: Thông báo hoàn tiền - xác nhận thông tin
Chúng tôi phát hiện hoạt động bất thường. Bạn phải xác minh thông tin đăng nhập trong 24 giờ tại https://verify-user.top/account/confirm. Your accunt must be verfy today.",1
"From: Ban quản trị hệ thống <no-reply@company.vn>
Subject: Kết quả đăng ký môn học
Hệ thống sẽ được bảo trì trong thời gian dự kiến. Một số chức năng có thể tạm thời không sử dụng được. Bạn có thể bỏ qua email này nếu thông tin đã được cập nhật.",0
"From: Customer Care Techcombank <service@security-alert.xyz>
Subject: Urgent: unusual login detected
Khoản hoàn tiền đang chờ xử lý. Vui lòng xác nhận số thẻ, CVV và mã xác minh tại https://security-alert.xyz/account/confirm.",1
"From: Phòng hành chính <no-reply@university.edu.vn>
Subject: Tài liệu cuộc họp
Đây là thông báo định kỳ. Bạn không cần cung cấp mật khẩu, mã OTP hoặc thông tin thẻ qua email. Bạn có thể bỏ qua email này nếu thông tin đã được cập nhật.",0
"From: Customer Care Microsoft <service@secure-account.xyz>
Subject: Final notice: verify your account
Tài khoản của bạn sẽ bị đình chỉ nếu không hành động ngay. Truy cập https://secure-account.xyz/security-check để xác minh danh tính.",1
"From: Customer Care Techcombank <service@account-check.click>
Subject: Cảnh báo bảo mật - xác minh ngay
Bạn được chọn nhận phần thưởng. Hãy cung cấp thông tin tài khoản và xác nhận tại https://account-check.click/security-check để nhận tiền. Your accunt must be verfy today.",1
"From: Phòng đào tạo <no-reply@university.edu.vn>
Subject: Thông báo bảo trì hệ thống
Vui lòng xem thông tin trong cổng thông tin nội bộ. Nếu cần hỗ trợ, hãy liên hệ bộ phận phụ trách qua kênh chính thức. Nếu không yêu cầu thao tác này, hãy liên hệ bộ phận hỗ trợ.",0
"From: Bộ phận nhân sự <no-reply@company.vn>
Subject: Biên nhận thanh toán
Vui lòng xem thông tin trong cổng thông tin nội bộ. Nếu cần hỗ trợ, hãy liên hệ bộ phận phụ trách qua kênh chính thức.",0
"From: Kế toán <no-reply@company.vn>
Subject: Thông báo bảo trì hệ thống
Đây là thông báo định kỳ. Bạn không cần cung cấp mật khẩu, mã OTP hoặc thông tin thẻ qua email.",0
"From: Vietcombank Billing <billing@secure-account.xyz>
Subject: Urgent: unusual login detected
Khoản hoàn tiền đang chờ xử lý. Vui lòng xác nhận số thẻ, CVV và mã xác minh tại https://secure-account.xyz/account/confirm.",1
"From: Apple Security <security@secure-account.xyz>
Subject: Xác minh tài khoản để tránh đình chỉ
Chúng tôi phát hiện hoạt động bất thường. Bạn phải xác minh thông tin đăng nhập trong 24 giờ tại http://103.21.55.18/account/confirm. !!! Hành động ngay lập tức!!!",1
"From: Dịch vụ khách hàng <no-reply@shop.vn>
Subject: Thông báo bảo trì hệ thống
Đây là thông báo định kỳ. Bạn không cần cung cấp mật khẩu, mã OTP hoặc thông tin thẻ qua email. Bạn có thể bỏ qua email này nếu thông tin đã được cập nhật. Tham khảo: https://shop.vn/support",0
"From: Thư viện <no-reply@university.edu.vn>
Subject: Tài liệu cuộc họp
Hệ thống sẽ được bảo trì trong thời gian dự kiến. Một số chức năng có thể tạm thời không sử dụng được.",0
"From: Apple Billing <billing@account-review.xyz>
Subject: Xác minh tài khoản để tránh đình chỉ
Tài khoản của bạn sẽ bị đình chỉ nếu không hành động ngay. Truy cập http://account-review.xyz/verify để xác minh danh tính.",1
"From: Amazon Security <security@login-protect.click>
Subject: Cảnh báo bảo mật - xác minh ngay
Tài khoản của bạn sẽ bị đình chỉ nếu không hành động ngay. Truy cập https://login-protect.click/billing/update để xác minh danh tính.",1
"From: Kế toán <no-reply@company.vn>
Subject: Lịch họp ngày mai
Thông tin chi tiết đã được cập nhật trên hệ thống. Bạn có thể đăng nhập bằng cách tự mở ứng dụng hoặc trang web quen thuộc. Bạn có thể bỏ qua email này nếu thông tin đã được cập nhật.",0
"From: Techcombank Billing <billing@confirm-access.xyz>
Subject: Thông báo hoàn tiền - xác nhận thông tin
Khoản hoàn tiền đang chờ xử lý. Vui lòng xác nhận số thẻ, CVV và mã xác minh tại https://confirm-access.xyz/login.",1
"From: Customer Care Microsoft <service@account-review.xyz>
Subject: Bạn đã trúng thưởng
Final notice. Verify your account immediately using https://account-review.xyz/security-check or access may be suspended.",1
"From: Phòng CNTT <no-reply@company.vn>
Subject: Thông báo lịch học tuần này
Biên nhận được gửi để bạn lưu trữ. Nếu có sai lệch, liên hệ bộ phận chăm sóc khách hàng theo thông tin trên website chính thức.",0
"From: BIDV Security <security@security-alert.xyz>
Subject: Security alert: act now
Khoản hoàn tiền đang chờ xử lý. Vui lòng xác nhận số thẻ, CVV và mã xác minh tại https://security-alert.xyz/security-check.",1
"From: PayPal Billing <billing@verify-user.top>
Subject: Khẩn cấp: tài khoản của bạn sắp bị khóa
Vui lòng xác minh tài khoản ngay lập tức để tránh bị khóa. Hãy nhập mật khẩu và mã OTP tại http://185.10.20.30/login. Your accunt must be verfy today.",1
"From: Amazon Security <security@account-check.click>
Subject: Security alert: act now
Vui lòng xác minh tài khoản ngay lập tức để tránh bị khóa. Hãy nhập mật khẩu và mã OTP tại http://account-check.click/verify. Your accunt must be verfy today.",1
"From: BIDV Billing <billing@verify-user.top>
Subject: Cảnh báo bảo mật - xác minh ngay
Vui lòng xác minh tài khoản ngay lập tức để tránh bị khóa. Hãy nhập mật khẩu và mã OTP tại http://verify-user.top/verify.",1
"From: Google Security <security@login-protect.click>
Subject: Xác minh tài khoản để tránh đình chỉ
Vui lòng xác minh tài khoản ngay lập tức để tránh bị khóa. Hãy nhập mật khẩu và mã OTP tại http://login-protect.click/verify.",1
"From: Google Security <security@support-center.club>
Subject: Thông báo hoàn tiền - xác nhận thông tin
Vui lòng xác minh tài khoản ngay lập tức để tránh bị khóa. Hãy nhập mật khẩu và mã OTP tại https://support-center.club/login.",1
"From: Customer Care Amazon <service@login-protect.click>
Subject: Cảnh báo bảo mật - xác minh ngay
Tài khoản của bạn sẽ bị đình chỉ nếu không hành động ngay. Truy cập http://45.76.123.9/account/confirm để xác minh danh tính. Your accunt must be verfy today.",1
"From: BIDV Support <support@mail-security.club>
Subject: Yêu cầu cập nhật thông tin thanh toán
Chúng tôi phát hiện hoạt động bất thường. Bạn phải xác minh thông tin đăng nhập trong 24 giờ tại https://mail-security.club/billing/update.",1
"From: Phòng CNTT <no-reply@company.vn>
Subject: Phiếu lương tháng này
Biên nhận được gửi để bạn lưu trữ. Nếu có sai lệch, liên hệ bộ phận chăm sóc khách hàng theo thông tin trên website chính thức.",0
"From: Phòng CNTT <no-reply@company.vn>
Subject: Thông báo bảo trì hệ thống
Hệ thống sẽ được bảo trì trong thời gian dự kiến. Một số chức năng có thể tạm thời không sử dụng được.",0
"From: Customer Care Apple <service@verify-login.top>
Subject: Yêu cầu cập nhật thông tin thanh toán
Chúng tôi phát hiện hoạt động bất thường. Bạn phải xác minh thông tin đăng nhập trong 24 giờ tại http://verify-login.top/verify.",1
"From: BIDV Billing <billing@account-check.click>
Subject: Final notice: verify your account
Chúng tôi phát hiện hoạt động bất thường. Bạn phải xác minh thông tin đăng nhập trong 24 giờ tại http://account-check.click/verify.",1
"From: Ban quản trị hệ thống <no-reply@company.vn>
Subject: Thông báo giao hàng
Vui lòng xem thông tin trong cổng thông tin nội bộ. Nếu cần hỗ trợ, hãy liên hệ bộ phận phụ trách qua kênh chính thức. Không gửi thông tin đăng nhập cho bất kỳ ai. Tham khảo: https://company.vn/account",0
"From: Kế toán <no-reply@company.vn>
Subject: Thông báo bảo trì hệ thống
Đây là thông báo định kỳ. Bạn không cần cung cấp mật khẩu, mã OTP hoặc thông tin thẻ qua email.",0
"From: Phòng đào tạo <no-reply@university.edu.vn>
Subject: Xác nhận đăng ký
Thông tin chi tiết đã được cập nhật trên hệ thống. Bạn có thể đăng nhập bằng cách tự mở ứng dụng hoặc trang web quen thuộc. Mọi thay đổi quan trọng sẽ được thông báo trên hệ thống chính thức. Tham khảo: https://university.edu.vn/account",0
"From: Microsoft Security <security@billing-confirm.loan>
Subject: Tài khoản hết hạn hôm nay
Khoản hoàn tiền đang chờ xử lý. Vui lòng xác nhận số thẻ, CVV và mã xác minh tại https://billing-confirm.loan/billing/update.",1
"From: Customer Care Microsoft <service@account-review.xyz>
Subject: Tài khoản hết hạn hôm nay
Vui lòng xác minh tài khoản ngay lập tức để tránh bị khóa. Hãy nhập mật khẩu và mã OTP tại https://account-review.xyz/billing/update.",1
"From: Phòng CNTT <no-reply@company.vn>
Subject: Phiếu lương tháng này
Thông tin chi tiết đã được cập nhật trên hệ thống. Bạn có thể đăng nhập bằng cách tự mở ứng dụng hoặc trang web quen thuộc.",0
"From: Dịch vụ khách hàng <no-reply@shop.vn>
Subject: Thông báo bảo trì hệ thống
Hệ thống sẽ được bảo trì trong thời gian dự kiến. Một số chức năng có thể tạm thời không sử dụng được. Tham khảo: https://shop.vn/account",0
"From: Ban quản trị hệ thống <no-reply@company.vn>
Subject: Tài liệu cuộc họp
Đây là thông báo định kỳ. Bạn không cần cung cấp mật khẩu, mã OTP hoặc thông tin thẻ qua email.",0
"From: Vietcombank Billing <billing@account-check.click>
Subject: Tài khoản hết hạn hôm nay
Tài khoản của bạn sẽ bị đình chỉ nếu không hành động ngay. Truy cập https://account-check.click/account/confirm để xác minh danh tính.",1
"From: Ban quản trị hệ thống <no-reply@company.vn>
Subject: Thông báo bảo trì hệ thống
Hệ thống sẽ được bảo trì trong thời gian dự kiến. Một số chức năng có thể tạm thời không sử dụng được.",0
"From: Bộ phận nhân sự <no-reply@company.vn>
Subject: Biên nhận thanh toán
Vui lòng xem thông tin trong cổng thông tin nội bộ. Nếu cần hỗ trợ, hãy liên hệ bộ phận phụ trách qua kênh chính thức.",0
"From: Apple Billing <billing@login-protect.click>
Subject: Security alert: act now
Chúng tôi phát hiện hoạt động bất thường. Bạn phải xác minh thông tin đăng nhập trong 24 giờ tại https://login-protect.click/billing/update.",1
"From: Dịch vụ khách hàng <no-reply@shop.vn>
Subject: Nhắc lịch gia hạn dịch vụ
Hệ thống sẽ được bảo trì trong thời gian dự kiến. Một số chức năng có thể tạm thời không sử dụng được.",0
"From: Phòng hành chính <no-reply@university.edu.vn>
Subject: Kết quả đăng ký môn học
Xin vui lòng kiểm tra lịch và phản hồi trước thời hạn ghi trong thông báo. Cảm ơn bạn.",0
"From: BIDV Security <security@support-center.club>
Subject: Final notice: verify your account
Tài khoản của bạn sẽ bị đình chỉ nếu không hành động ngay. Truy cập http://support-center.club/verify để xác minh danh tính.",1
"From: Phòng CNTT <no-reply@company.vn>
Subject: Xác nhận đăng ký
Hệ thống sẽ được bảo trì trong thời gian dự kiến. Một số chức năng có thể tạm thời không sử dụng được.",0
"From: Thư viện <no-reply@university.edu.vn>
Subject: Thông báo bảo trì hệ thống
Biên nhận được gửi để bạn lưu trữ. Nếu có sai lệch, liên hệ bộ phận chăm sóc khách hàng theo thông tin trên website chính thức. Bạn có thể bỏ qua email này nếu thông tin đã được cập nhật. Tham khảo: https://portal.university.edu.vn/",0
"From: Phòng CNTT <no-reply@company.vn>
Subject: Biên nhận thanh toán
Đây là thông báo định kỳ. Bạn không cần cung cấp mật khẩu, mã OTP hoặc thông tin thẻ qua email. Bạn có thể bỏ qua email này nếu thông tin đã được cập nhật. Tham khảo: https://portal.company.vn/",0
"From: Bộ phận nhân sự <no-reply@company.vn>
Subject: Tài liệu cuộc họp
Hệ thống sẽ được bảo trì trong thời gian dự kiến. Một số chức năng có thể tạm thời không sử dụng được. Không gửi thông tin đăng nhập cho bất kỳ ai.",0
"From: Bộ phận nhân sự <no-reply@company.vn>
Subject: Thông báo lịch học tuần này
Xin vui lòng kiểm tra lịch và phản hồi trước thời hạn ghi trong thông báo. Cảm ơn bạn. Bạn có thể bỏ qua email này nếu thông tin đã được cập nhật. Tham khảo: https://company.vn/account",0
"From: Phòng CNTT <no-reply@company.vn>
Subject: Phiếu lương tháng này
Biên nhận được gửi để bạn lưu trữ. Nếu có sai lệch, liên hệ bộ phận chăm sóc khách hàng theo thông tin trên website chính thức. Nếu không yêu cầu thao tác này, hãy liên hệ bộ phận hỗ trợ.",0
"From: Amazon Support <support@account-review.xyz>
Subject: Yêu cầu cập nhật thông tin thanh toán
Chúng tôi phát hiện hoạt động bất thường. Bạn phải xác minh thông tin đăng nhập trong 24 giờ tại http://account-review.xyz/verify. !!! Hành động ngay lập tức!!!",1
"From: Bộ phận nhân sự <no-reply@company.vn>
Subject: Kết quả đăng ký môn học
Thông tin chi tiết đã được cập nhật trên hệ thống. Bạn có thể đăng nhập bằng cách tự mở ứng dụng hoặc trang web quen thuộc. Tham khảo: https://company.vn/account",0
"From: Amazon Security <security@support-center.club>
Subject: Tài khoản hết hạn hôm nay
Vui lòng xác minh tài khoản ngay lập tức để tránh bị khóa. Hãy nhập mật khẩu và mã OTP tại http://support-center.club/verify. !!! Hành động ngay lập tức!!!",1
"From: Thư viện <no-reply@university.edu.vn>
Subject: Biên nhận thanh toán
Vui lòng xem thông tin trong cổng thông tin nội bộ. Nếu cần hỗ trợ, hãy liên hệ bộ phận phụ trách qua kênh chính thức. Tham khảo: https://portal.university.edu.vn/",0
"From: Customer Care Google <service@account-check.click>
Subject: Cảnh báo bảo mật - xác minh ngay
Final notice. Verify your account immediately using http://account-check.click/verify or access may be suspended.",1
"From: Amazon Billing <billing@support-center.club>
Subject: Security alert: act now
Chúng tôi phát hiện hoạt động bất thường. Bạn phải xác minh thông tin đăng nhập trong 24 giờ tại http://45.76.123.9/billing/update.",1
"From: Dịch vụ khách hàng <no-reply@shop.vn>
Subject: Lịch họp ngày mai
Hệ thống sẽ được bảo trì trong thời gian dự kiến. Một số chức năng có thể tạm thời không sử dụng được.",0
"From: Ban quản trị hệ thống <no-reply@company.vn>
Subject: Tài liệu cuộc họp
Xin vui lòng kiểm tra lịch và phản hồi trước thời hạn ghi trong thông báo. Cảm ơn bạn. Tham khảo: https://portal.company.vn/",0
"From: Bộ phận nhân sự <no-reply@company.vn>
Subject: Kết quả đăng ký môn học
Xin vui lòng kiểm tra lịch và phản hồi trước thời hạn ghi trong thông báo. Cảm ơn bạn. Tham khảo: https://company.vn/support",0
"From: Customer Care Microsoft <service@mail-security.club>
Subject: Security alert: act now
Khoản hoàn tiền đang chờ xử lý. Vui lòng xác nhận số thẻ, CVV và mã xác minh tại https://mail-security.club/account/confirm.",1
"From: Phòng hành chính <no-reply@university.edu.vn>
Subject: Tài liệu cuộc họp
Đây là thông báo định kỳ. Bạn không cần cung cấp mật khẩu, mã OTP hoặc thông tin thẻ qua email. Tham khảo: https://portal.university.edu.vn/",0
"From: Phòng CNTT <no-reply@company.vn>
Subject: Thông báo giao hàng
Xin vui lòng kiểm tra lịch và phản hồi trước thời hạn ghi trong thông báo. Cảm ơn bạn.",0
"From: Thư viện <no-reply@university.edu.vn>
Subject: Lịch họp ngày mai
Hệ thống sẽ được bảo trì trong thời gian dự kiến. Một số chức năng có thể tạm thời không sử dụng được. Bạn có thể bỏ qua email này nếu thông tin đã được cập nhật.",0
"From: Customer Care Techcombank <service@security-alert.xyz>
Subject: Bạn đã trúng thưởng
Chúng tôi phát hiện hoạt động bất thường. Bạn phải xác minh thông tin đăng nhập trong 24 giờ tại https://security-alert.xyz/security-check.",1
"From: Phòng hành chính <no-reply@university.edu.vn>
Subject: Xác nhận đăng ký
Đây là thông báo định kỳ. Bạn không cần cung cấp mật khẩu, mã OTP hoặc thông tin thẻ qua email. Tham khảo: https://university.edu.vn/account",0
"From: Dịch vụ khách hàng <no-reply@shop.vn>
Subject: Phiếu lương tháng này
Thông tin chi tiết đã được cập nhật trên hệ thống. Bạn có thể đăng nhập bằng cách tự mở ứng dụng hoặc trang web quen thuộc. Bạn có thể bỏ qua email này nếu thông tin đã được cập nhật. Tham khảo: https://portal.shop.vn/",0
"From: Phòng hành chính <no-reply@university.edu.vn>
Subject: Lịch họp ngày mai
Hệ thống sẽ được bảo trì trong thời gian dự kiến. Một số chức năng có thể tạm thời không sử dụng được. Mọi thay đổi quan trọng sẽ được thông báo trên hệ thống chính thức.",0
"From: Phòng đào tạo <no-reply@university.edu.vn>
Subject: Thông báo lịch học tuần này
Hệ thống sẽ được bảo trì trong thời gian dự kiến. Một số chức năng có thể tạm thời không sử dụng được.",0
"From: Phòng đào tạo <no-reply@university.edu.vn>
Subject: Thông báo lịch học tuần này
Biên nhận được gửi để bạn lưu trữ. Nếu có sai lệch, liên hệ bộ phận chăm sóc khách hàng theo thông tin trên website chính thức. Tham khảo: https://portal.university.edu.vn/",0
"From: Phòng hành chính <no-reply@university.edu.vn>
Subject: Thông báo lịch học tuần này
Đây là thông báo định kỳ. Bạn không cần cung cấp mật khẩu, mã OTP hoặc thông tin thẻ qua email. Tham khảo: https://university.edu.vn/account",0
"From: Customer Care Microsoft <service@support-center.club>
Subject: Cảnh báo bảo mật - xác minh ngay
Chúng tôi phát hiện hoạt động bất thường. Bạn phải xác minh thông tin đăng nhập trong 24 giờ tại https://support-center.club/security-check.",1
"From: Amazon Security <security@account-review.xyz>
Subject: Tài khoản hết hạn hôm nay
Vui lòng xác minh tài khoản ngay lập tức để tránh bị khóa. Hãy nhập mật khẩu và mã OTP tại http://account-review.xyz/verify.",1
"From: Customer Care Techcombank <service@service-update.top>
Subject: Cảnh báo bảo mật - xác minh ngay
Chúng tôi phát hiện hoạt động bất thường. Bạn phải xác minh thông tin đăng nhập trong 24 giờ tại https://service-update.top/login.",1
"From: Customer Care Techcombank <service@verify-user.top>
Subject: Yêu cầu cập nhật thông tin thanh toán
Final notice. Verify your account immediately using https://verify-user.top/account/confirm or access may be suspended. !!! Hành động ngay lập tức!!!",1
"From: Phòng hành chính <no-reply@university.edu.vn>
Subject: Biên nhận thanh toán
Thông tin chi tiết đã được cập nhật trên hệ thống. Bạn có thể đăng nhập bằng cách tự mở ứng dụng hoặc trang web quen thuộc. Nếu không yêu cầu thao tác này, hãy liên hệ bộ phận hỗ trợ. Tham khảo: https://university.edu.vn/support",0
"From: Google Support <support@login-protect.click>
Subject: Urgent: unusual login detected
Vui lòng xác minh tài khoản ngay lập tức để tránh bị khóa. Hãy nhập mật khẩu và mã OTP tại https://login-protect.click/login.",1
"From: Phòng đào tạo <no-reply@university.edu.vn>
Subject: Kết quả đăng ký môn học
Vui lòng xem thông tin trong cổng thông tin nội bộ. Nếu cần hỗ trợ, hãy liên hệ bộ phận phụ trách qua kênh chính thức.",0
"From: Techcombank Security <security@account-review.xyz>
Subject: Bạn đã trúng thưởng
Final notice. Verify your account immediately using https://account-review.xyz/billing/update or access may be suspended.",1
"From: Kế toán <no-reply@company.vn>
Subject: Thông báo lịch học tuần này
Biên nhận được gửi để bạn lưu trữ. Nếu có sai lệch, liên hệ bộ phận chăm sóc khách hàng theo thông tin trên website chính thức.",0
"From: Thư viện <no-reply@university.edu.vn>
Subject: Thông báo lịch học tuần này
Xin vui lòng kiểm tra lịch và phản hồi trước thời hạn ghi trong thông báo. Cảm ơn bạn. Mọi thay đổi quan trọng sẽ được thông báo trên hệ thống chính thức.",0
"From: Phòng hành chính <no-reply@university.edu.vn>
Subject: Kết quả đăng ký môn học
Thông tin chi tiết đã được cập nhật trên hệ thống. Bạn có thể đăng nhập bằng cách tự mở ứng dụng hoặc trang web quen thuộc. Nếu không yêu cầu thao tác này, hãy liên hệ bộ phận hỗ trợ.",0
"From: Ban quản trị hệ thống <no-reply@company.vn>
Subject: Tài liệu cuộc họp
Xin vui lòng kiểm tra lịch và phản hồi trước thời hạn ghi trong thông báo. Cảm ơn bạn.",0
"From: Phòng CNTT <no-reply@company.vn>
Subject: Nhắc lịch gia hạn dịch vụ
Thông tin chi tiết đã được cập nhật trên hệ thống. Bạn có thể đăng nhập bằng cách tự mở ứng dụng hoặc trang web quen thuộc.",0
"From: Google Support <support@secure-account.xyz>
Subject: Thông báo hoàn tiền - xác nhận thông tin
Chúng tôi phát hiện hoạt động bất thường. Bạn phải xác minh thông tin đăng nhập trong 24 giờ tại https://secure-account.xyz/billing/update. Your accunt must be verfy today.",1
"From: Kế toán <no-reply@company.vn>
Subject: Lịch họp ngày mai
Xin vui lòng kiểm tra lịch và phản hồi trước thời hạn ghi trong thông báo. Cảm ơn bạn. Không gửi thông tin đăng nhập cho bất kỳ ai.",0
"From: Vietcombank Support <support@support-center.club>
Subject: Khẩn cấp: tài khoản của bạn sắp bị khóa
Bạn được chọn nhận phần thưởng. Hãy cung cấp thông tin tài khoản và xác nhận tại https://support-center.club/account/confirm để nhận tiền.",1
"From: Techcombank Billing <billing@verify-login.top>
Subject: Thông báo hoàn tiền - xác nhận thông tin
Bạn được chọn nhận phần thưởng. Hãy cung cấp thông tin tài khoản và xác nhận tại https://verify-login.top/billing/update để nhận tiền. !!! Hành động ngay lập tức!!!",1
"From: Google Security <security@account-check.click>
Subject: Khẩn cấp: tài khoản của bạn sắp bị khóa
Khoản hoàn tiền đang chờ xử lý. Vui lòng xác nhận số thẻ, CVV và mã xác minh tại https://account-check.click/account/confirm. !!! Hành động ngay lập tức!!!",1
"From: Phòng hành chính <no-reply@university.edu.vn>
Subject: Lịch họp ngày mai
Biên nhận được gửi để bạn lưu trữ. Nếu có sai lệch, liên hệ bộ phận chăm sóc khách hàng theo thông tin trên website chính thức. Nếu không yêu cầu thao tác này, hãy liên hệ bộ phận hỗ trợ.",0
"From: Thư viện <no-reply@university.edu.vn>
Subject: Tài liệu cuộc họp
Vui lòng xem thông tin trong cổng thông tin nội bộ. Nếu cần hỗ trợ, hãy liên hệ bộ phận phụ trách qua kênh chính thức. Mọi thay đổi quan trọng sẽ được thông báo trên hệ thống chính thức.",0
"From: Bộ phận nhân sự <no-reply@company.vn>
Subject: Thông báo lịch học tuần này
Đây là thông báo định kỳ. Bạn không cần cung cấp mật khẩu, mã OTP hoặc thông tin thẻ qua email. Nếu không yêu cầu thao tác này, hãy liên hệ bộ phận hỗ trợ. Tham khảo: https://portal.company.vn/",0
"From: Phòng hành chính <no-reply@university.edu.vn>
Subject: Phiếu lương tháng này
Thông tin chi tiết đã được cập nhật trên hệ thống. Bạn có thể đăng nhập bằng cách tự mở ứng dụng hoặc trang web quen thuộc. Không gửi thông tin đăng nhập cho bất kỳ ai.",0
"From: Ban quản trị hệ thống <no-reply@company.vn>
Subject: Thông báo giao hàng
Xin vui lòng kiểm tra lịch và phản hồi trước thời hạn ghi trong thông báo. Cảm ơn bạn. Tham khảo: https://company.vn/support",0
"From: Phòng CNTT <no-reply@company.vn>
Subject: Lịch họp ngày mai
Đây là thông báo định kỳ. Bạn không cần cung cấp mật khẩu, mã OTP hoặc thông tin thẻ qua email. Mọi thay đổi quan trọng sẽ được thông báo trên hệ thống chính thức.",0
"From: Kế toán <no-reply@company.vn>
Subject: Nhắc lịch gia hạn dịch vụ
Biên nhận được gửi để bạn lưu trữ. Nếu có sai lệch, liên hệ bộ phận chăm sóc khách hàng theo thông tin trên website chính thức.",0
"From: Customer Care Apple <service@confirm-access.xyz>
Subject: Security alert: act now
Tài khoản của bạn sẽ bị đình chỉ nếu không hành động ngay. Truy cập https://confirm-access.xyz/billing/update để xác minh danh tính.",1
"From: MoMo Security <security@support-center.club>
Subject: Security alert: act now
Vui lòng xác minh tài khoản ngay lập tức để tránh bị khóa. Hãy nhập mật khẩu và mã OTP tại https://support-center.club/account/confirm.",1
"From: Techcombank Security <security@verify-user.top>
Subject: Cảnh báo bảo mật - xác minh ngay
Final notice. Verify your account immediately using http://verify-user.top/verify or access may be suspended.",1
"From: Dịch vụ khách hàng <no-reply@shop.vn>
Subject: Tài liệu cuộc họp
Biên nhận được gửi để bạn lưu trữ. Nếu có sai lệch, liên hệ bộ phận chăm sóc khách hàng theo thông tin trên website chính thức.",0
"From: Apple Billing <billing@secure-account.xyz>
Subject: Tài khoản hết hạn hôm nay
Vui lòng xác minh tài khoản ngay lập tức để tránh bị khóa. Hãy nhập mật khẩu và mã OTP tại http://103.21.55.18/security-check.",1
"From: Kế toán <no-reply@company.vn>
Subject: Nhắc lịch gia hạn dịch vụ
Thông tin chi tiết đã được cập nhật trên hệ thống. Bạn có thể đăng nhập bằng cách tự mở ứng dụng hoặc trang web quen thuộc. Nếu không yêu cầu thao tác này, hãy liên hệ bộ phận hỗ trợ. Tham khảo: https://company.vn/account",0
"From: Customer Care MoMo <service@billing-confirm.loan>
Subject: Security alert: act now
Final notice. Verify your account immediately using https://billing-confirm.loan/security-check or access may be suspended.",1
"From: BIDV Billing <billing@security-alert.xyz>
Subject: Urgent: unusual login detected
Tài khoản của bạn sẽ bị đình chỉ nếu không hành động ngay. Truy cập https://security-alert.xyz/login để xác minh danh tính.",1
"From: Bộ phận nhân sự <no-reply@company.vn>
Subject: Nhắc lịch gia hạn dịch vụ
Biên nhận được gửi để bạn lưu trữ. Nếu có sai lệch, liên hệ bộ phận chăm sóc khách hàng theo thông tin trên website chính thức. Bạn có thể bỏ qua email này nếu thông tin đã được cập nhật. Tham khảo: https://company.vn/account",0
"From: Dịch vụ khách hàng <no-reply@shop.vn>
Subject: Lịch họp ngày mai
Thông tin chi tiết đã được cập nhật trên hệ thống. Bạn có thể đăng nhập bằng cách tự mở ứng dụng hoặc trang web quen thuộc. Bạn có thể bỏ qua email này nếu thông tin đã được cập nhật.",0
"From: Techcombank Billing <billing@verify-user.top>
Subject: Security alert: act now
Tài khoản của bạn sẽ bị đình chỉ nếu không hành động ngay. Truy cập https://verify-user.top/security-check để xác minh danh tính. Your accunt must be verfy today.",1
"From: Customer Care Amazon <service@verify-user.top>
Subject: Yêu cầu cập nhật thông tin thanh toán
Chúng tôi phát hiện hoạt động bất thường. Bạn phải xác minh thông tin đăng nhập trong 24 giờ tại https://verify-user.top/security-check. !!! Hành động ngay lập tức!!! Your accunt must be verfy today.",1
"From: Bộ phận nhân sự <no-reply@company.vn>
Subject: Lịch họp ngày mai
Hệ thống sẽ được bảo trì trong thời gian dự kiến. Một số chức năng có thể tạm thời không sử dụng được. Tham khảo: https://company.vn/account",0
"From: PayPal Security <security@security-alert.xyz>
Subject: Xác minh tài khoản để tránh đình chỉ
Khoản hoàn tiền đang chờ xử lý. Vui lòng xác nhận số thẻ, CVV và mã xác minh tại http://security-alert.xyz/verify.",1
"From: Kế toán <no-reply@company.vn>
Subject: Phiếu lương tháng này
Biên nhận được gửi để bạn lưu trữ. Nếu có sai lệch, liên hệ bộ phận chăm sóc khách hàng theo thông tin trên website chính thức.",0
"From: Google Security <security@verify-user.top>
Subject: Khẩn cấp: tài khoản của bạn sắp bị khóa
Vui lòng xác minh tài khoản ngay lập tức để tránh bị khóa. Hãy nhập mật khẩu và mã OTP tại http://45.76.123.9/verify.",1
"From: Techcombank Security <security@verify-login.top>
Subject: Tài khoản hết hạn hôm nay
Tài khoản của bạn sẽ bị đình chỉ nếu không hành động ngay. Truy cập http://185.10.20.30/billing/update để xác minh danh tính. !!! Hành động ngay lập tức!!!",1
"From: Dịch vụ khách hàng <no-reply@shop.vn>
Subject: Biên nhận thanh toán
Xin vui lòng kiểm tra lịch và phản hồi trước thời hạn ghi trong thông báo. Cảm ơn bạn. Mọi thay đổi quan trọng sẽ được thông báo trên hệ thống chính thức.",0
"From: Apple Billing <billing@verify-user.top>
Subject: Xác minh tài khoản để tránh đình chỉ
Final notice. Verify your account immediately using https://verify-user.top/account/confirm or access may be suspended. !!! Hành động ngay lập tức!!!",1
"From: Thư viện <no-reply@university.edu.vn>
Subject: Kết quả đăng ký môn học
Thông tin chi tiết đã được cập nhật trên hệ thống. Bạn có thể đăng nhập bằng cách tự mở ứng dụng hoặc trang web quen thuộc. Nếu không yêu cầu thao tác này, hãy liên hệ bộ phận hỗ trợ.",0
"From: Kế toán <no-reply@company.vn>
Subject: Phiếu lương tháng này
Xin vui lòng kiểm tra lịch và phản hồi trước thời hạn ghi trong thông báo. Cảm ơn bạn. Bạn có thể bỏ qua email này nếu thông tin đã được cập nhật.",0
"From: Thư viện <no-reply@university.edu.vn>
Subject: Thông báo lịch học tuần này
Xin vui lòng kiểm tra lịch và phản hồi trước thời hạn ghi trong thông báo. Cảm ơn bạn.",0
"From: MoMo Support <support@support-center.club>
Subject: Urgent: unusual login detected
Tài khoản của bạn sẽ bị đình chỉ nếu không hành động ngay. Truy cập http://support-center.club/verify để xác minh danh tính.",1
"From: Vietcombank Support <support@account-review.xyz>
Subject: Final notice: verify your account
Tài khoản của bạn sẽ bị đình chỉ nếu không hành động ngay. Truy cập https://account-review.xyz/login để xác minh danh tính.",1
"From: Amazon Security <security@support-center.club>
Subject: Final notice: verify your account
Vui lòng xác minh tài khoản ngay lập tức để tránh bị khóa. Hãy nhập mật khẩu và mã OTP tại https://support-center.club/billing/update.",1
"From: Kế toán <no-reply@company.vn>
Subject: Biên nhận thanh toán
Thông tin chi tiết đã được cập nhật trên hệ thống. Bạn có thể đăng nhập bằng cách tự mở ứng dụng hoặc trang web quen thuộc. Không gửi thông tin đăng nhập cho bất kỳ ai.",0
"From: Customer Care MoMo <service@support-center.club>
Subject: Thông báo hoàn tiền - xác nhận thông tin
Khoản hoàn tiền đang chờ xử lý. Vui lòng xác nhận số thẻ, CVV và mã xác minh tại https://support-center.club/account/confirm.",1
"From: PayPal Security <security@billing-confirm.loan>
Subject: Urgent: unusual login detected
Final notice. Verify your account immediately using https://billing-confirm.loan/login or access may be suspended. !!! Hành động ngay lập tức!!!",1
"From: Customer Care PayPal <service@security-alert.xyz>
Subject: Urgent: unusual login detected
Tài khoản của bạn sẽ bị đình chỉ nếu không hành động ngay. Truy cập https://security-alert.xyz/account/confirm để xác minh danh tính.",1
"From: Kế toán <no-reply@company.vn>
Subject: Thông báo lịch học tuần này
Vui lòng xem thông tin trong cổng thông tin nội bộ. Nếu cần hỗ trợ, hãy liên hệ bộ phận phụ trách qua kênh chính thức. Nếu không yêu cầu thao tác này, hãy liên hệ bộ phận hỗ trợ.",0
"From: Dịch vụ khách hàng <no-reply@shop.vn>
Subject: Thông báo lịch học tuần này
Vui lòng xem thông tin trong cổng thông tin nội bộ. Nếu cần hỗ trợ, hãy liên hệ bộ phận phụ trách qua kênh chính thức. Bạn có thể bỏ qua email này nếu thông tin đã được cập nhật. Tham khảo: https://shop.vn/support",0
"From: Ban quản trị hệ thống <no-reply@company.vn>
Subject: Kết quả đăng ký môn học
Hệ thống sẽ được bảo trì trong thời gian dự kiến. Một số chức năng có thể tạm thời không sử dụng được. Mọi thay đổi quan trọng sẽ được thông báo trên hệ thống chính thức.",0
"From: Customer Care MoMo <service@verify-user.top>
Subject: Yêu cầu cập nhật thông tin thanh toán
Khoản hoàn tiền đang chờ xử lý. Vui lòng xác nhận số thẻ, CVV và mã xác minh tại http://103.21.55.18/account/confirm. !!! Hành động ngay lập tức!!!",1
"From: Thư viện <no-reply@university.edu.vn>
Subject: Nhắc lịch gia hạn dịch vụ
Xin vui lòng kiểm tra lịch và phản hồi trước thời hạn ghi trong thông báo. Cảm ơn bạn. Mọi thay đổi quan trọng sẽ được thông báo trên hệ thống chính thức. Tham khảo: https://university.edu.vn/support",0
"From: Amazon Security <security@security-alert.xyz>
Subject: Yêu cầu cập nhật thông tin thanh toán
Vui lòng xác minh tài khoản ngay lập tức để tránh bị khóa. Hãy nhập mật khẩu và mã OTP tại https://security-alert.xyz/billing/update.",1
"From: PayPal Billing <billing@account-check.click>
Subject: Yêu cầu cập nhật thông tin thanh toán
Chúng tôi phát hiện hoạt động bất thường. Bạn phải xác minh thông tin đăng nhập trong 24 giờ tại https://account-check.click/account/confirm.",1
"From: Microsoft Security <security@verify-login.top>
Subject: Tài khoản hết hạn hôm nay
Final notice. Verify your account immediately using https://verify-login.top/login or access may be suspended. !!! Hành động ngay lập tức!!!",1
"From: MoMo Support <support@confirm-access.xyz>
Subject: Thông báo hoàn tiền - xác nhận thông tin
Tài khoản của bạn sẽ bị đình chỉ nếu không hành động ngay. Truy cập https://confirm-access.xyz/billing/update để xác minh danh tính. Your accunt must be verfy today.",1
"From: Bộ phận nhân sự <no-reply@company.vn>
Subject: Kết quả đăng ký môn học
Thông tin chi tiết đã được cập nhật trên hệ thống. Bạn có thể đăng nhập bằng cách tự mở ứng dụng hoặc trang web quen thuộc. Không gửi thông tin đăng nhập cho bất kỳ ai.",0
"From: Dịch vụ khách hàng <no-reply@shop.vn>
Subject: Lịch họp ngày mai
Đây là thông báo định kỳ. Bạn không cần cung cấp mật khẩu, mã OTP hoặc thông tin thẻ qua email. Mọi thay đổi quan trọng sẽ được thông báo trên hệ thống chính thức.",0
"From: Phòng đào tạo <no-reply@university.edu.vn>
Subject: Thông báo giao hàng
Đây là thông báo định kỳ. Bạn không cần cung cấp mật khẩu, mã OTP hoặc thông tin thẻ qua email. Nếu không yêu cầu thao tác này, hãy liên hệ bộ phận hỗ trợ.",0
"From: PayPal Billing <billing@confirm-access.xyz>
Subject: Xác minh tài khoản để tránh đình chỉ
Final notice. Verify your account immediately using https://confirm-access.xyz/login or access may be suspended. !!! Hành động ngay lập tức!!!",1
"From: BIDV Support <support@mail-security.club>
Subject: Bạn đã trúng thưởng
Khoản hoàn tiền đang chờ xử lý. Vui lòng xác nhận số thẻ, CVV và mã xác minh tại https://mail-security.club/account/confirm.",1
"From: Apple Support <support@account-review.xyz>
Subject: Yêu cầu cập nhật thông tin thanh toán
Chúng tôi phát hiện hoạt động bất thường. Bạn phải xác minh thông tin đăng nhập trong 24 giờ tại https://account-review.xyz/billing/update. !!! Hành động ngay lập tức!!!",1
"From: Kế toán <no-reply@company.vn>
Subject: Thông báo bảo trì hệ thống
Hệ thống sẽ được bảo trì trong thời gian dự kiến. Một số chức năng có thể tạm thời không sử dụng được.",0
"From: Microsoft Billing <billing@login-protect.click>
Subject: Urgent: unusual login detected
Khoản hoàn tiền đang chờ xử lý. Vui lòng xác nhận số thẻ, CVV và mã xác minh tại http://login-protect.click/verify. !!! Hành động ngay lập tức!!!",1
"From: Phòng đào tạo <no-reply@university.edu.vn>
Subject: Xác nhận đăng ký
Hệ thống sẽ được bảo trì trong thời gian dự kiến. Một số chức năng có thể tạm thời không sử dụng được. Không gửi thông tin đăng nhập cho bất kỳ ai. Tham khảo: https://university.edu.vn/support",0
"From: Customer Care Vietcombank <service@account-check.click>
Subject: Xác minh tài khoản để tránh đình chỉ
Final notice. Verify your account immediately using https://account-check.click/billing/update or access may be suspended.",1
"From: Thư viện <no-reply@university.edu.vn>
Subject: Xác nhận đăng ký
Xin vui lòng kiểm tra lịch và phản hồi trước thời hạn ghi trong thông báo. Cảm ơn bạn. Bạn có thể bỏ qua email này nếu thông tin đã được cập nhật. Tham khảo: https://university.edu.vn/account",0
"From: Kế toán <no-reply@company.vn>
Subject: Tài liệu cuộc họp
Thông tin chi tiết đã được cập nhật trên hệ thống. Bạn có thể đăng nhập bằng cách tự mở ứng dụng hoặc trang web quen thuộc.",0
"From: Phòng đào tạo <no-reply@university.edu.vn>
Subject: Thông báo lịch học tuần này
Đây là thông báo định kỳ. Bạn không cần cung cấp mật khẩu, mã OTP hoặc thông tin thẻ qua email.",0
"From: Thư viện <no-reply@university.edu.vn>
Subject: Biên nhận thanh toán
Đây là thông báo định kỳ. Bạn không cần cung cấp mật khẩu, mã OTP hoặc thông tin thẻ qua email. Mọi thay đổi quan trọng sẽ được thông báo trên hệ thống chính thức. Tham khảo: https://portal.university.edu.vn/",0
"From: Phòng đào tạo <no-reply@university.edu.vn>
Subject: Biên nhận thanh toán
Vui lòng xem thông tin trong cổng thông tin nội bộ. Nếu cần hỗ trợ, hãy liên hệ bộ phận phụ trách qua kênh chính thức. Tham khảo: https://portal.university.edu.vn/",0
"From: MoMo Security <security@secure-account.xyz>
Subject: Urgent: unusual login detected
Khoản hoàn tiền đang chờ xử lý. Vui lòng xác nhận số thẻ, CVV và mã xác minh tại https://secure-account.xyz/security-check. Your accunt must be verfy today.",1
"From: Phòng CNTT <no-reply@company.vn>
Subject: Biên nhận thanh toán
Biên nhận được gửi để bạn lưu trữ. Nếu có sai lệch, liên hệ bộ phận chăm sóc khách hàng theo thông tin trên website chính thức.",0
"From: Amazon Security <security@account-check.click>
Subject: Yêu cầu cập nhật thông tin thanh toán
Khoản hoàn tiền đang chờ xử lý. Vui lòng xác nhận số thẻ, CVV và mã xác minh tại http://103.21.55.18/login.",1
"From: Vietcombank Billing <billing@billing-confirm.loan>
Subject: Security alert: act now
Khoản hoàn tiền đang chờ xử lý. Vui lòng xác nhận số thẻ, CVV và mã xác minh tại https://billing-confirm.loan/login.",1
"From: Phòng CNTT <no-reply@company.vn>
Subject: Thông báo lịch học tuần này
Biên nhận được gửi để bạn lưu trữ. Nếu có sai lệch, liên hệ bộ phận chăm sóc khách hàng theo thông tin trên website chính thức. Không gửi thông tin đăng nhập cho bất kỳ ai. Tham khảo: https://portal.company.vn/",0
"From: Vietcombank Security <security@support-center.club>
Subject: Security alert: act now
Chúng tôi phát hiện hoạt động bất thường. Bạn phải xác minh thông tin đăng nhập trong 24 giờ tại https://support-center.club/account/confirm.",1
"From: Phòng đào tạo <no-reply@university.edu.vn>
Subject: Nhắc lịch gia hạn dịch vụ
Biên nhận được gửi để bạn lưu trữ. Nếu có sai lệch, liên hệ bộ phận chăm sóc khách hàng theo thông tin trên website chính thức. Tham khảo: https://university.edu.vn/account",0
"From: Customer Care BIDV <service@verify-login.top>
Subject: Tài khoản hết hạn hôm nay
Chúng tôi phát hiện hoạt động bất thường. Bạn phải xác minh thông tin đăng nhập trong 24 giờ tại http://verify-login.top/verify. !!! Hành động ngay lập tức!!!",1
"From: Ban quản trị hệ thống <no-reply@company.vn>
Subject: Nhắc lịch gia hạn dịch vụ
Biên nhận được gửi để bạn lưu trữ. Nếu có sai lệch, liên hệ bộ phận chăm sóc khách hàng theo thông tin trên website chính thức. Bạn có thể bỏ qua email này nếu thông tin đã được cập nhật. Tham khảo: https://company.vn/account",0
"From: Phòng hành chính <no-reply@university.edu.vn>
Subject: Nhắc lịch gia hạn dịch vụ
Đây là thông báo định kỳ. Bạn không cần cung cấp mật khẩu, mã OTP hoặc thông tin thẻ qua email.",0
"From: Customer Care Apple <service@billing-confirm.loan>
Subject: Bạn đã trúng thưởng
Vui lòng xác minh tài khoản ngay lập tức để tránh bị khóa. Hãy nhập mật khẩu và mã OTP tại http://billing-confirm.loan/verify.",1
"From: Dịch vụ khách hàng <no-reply@shop.vn>
Subject: Lịch họp ngày mai
Xin vui lòng kiểm tra lịch và phản hồi trước thời hạn ghi trong thông báo. Cảm ơn bạn. Nếu không yêu cầu thao tác này, hãy liên hệ bộ phận hỗ trợ.",0
"From: Apple Support <support@service-update.top>
Subject: Final notice: verify your account
Khoản hoàn tiền đang chờ xử lý. Vui lòng xác nhận số thẻ, CVV và mã xác minh tại http://service-update.top/verify.",1
"From: Phòng đào tạo <no-reply@university.edu.vn>
Subject: Xác nhận đăng ký
Xin vui lòng kiểm tra lịch và phản hồi trước thời hạn ghi trong thông báo. Cảm ơn bạn. Bạn có thể bỏ qua email này nếu thông tin đã được cập nhật. Tham khảo: https://university.edu.vn/account",0
"From: Dịch vụ khách hàng <no-reply@shop.vn>
Subject: Tài liệu cuộc họp
Thông tin chi tiết đã được cập nhật trên hệ thống. Bạn có thể đăng nhập bằng cách tự mở ứng dụng hoặc trang web quen thuộc. Mọi thay đổi quan trọng sẽ được thông báo trên hệ thống chính thức. Tham khảo: https://shop.vn/account",0
"From: Google Billing <billing@service-update.top>
Subject: Xác minh tài khoản để tránh đình chỉ
Bạn được chọn nhận phần thưởng. Hãy cung cấp thông tin tài khoản và xác nhận tại https://service-update.top/billing/update để nhận tiền.",1
"From: Vietcombank Support <support@account-check.click>
Subject: Yêu cầu cập nhật thông tin thanh toán
Bạn được chọn nhận phần thưởng. Hãy cung cấp thông tin tài khoản và xác nhận tại https://account-check.click/account/confirm để nhận tiền. Your accunt must be verfy today.",1
"From: Thư viện <no-reply@university.edu.vn>
Subject: Thông báo bảo trì hệ thống
Vui lòng xem thông tin trong cổng thông tin nội bộ. Nếu cần hỗ trợ, hãy liên hệ bộ phận phụ trách qua kênh chính thức. Bạn có thể bỏ qua email này nếu thông tin đã được cập nhật. Tham khảo: https://portal.university.edu.vn/",0
"From: Apple Security <security@service-update.top>
Subject: Final notice: verify your account
Chúng tôi phát hiện hoạt động bất thường. Bạn phải xác minh thông tin đăng nhập trong 24 giờ tại https://service-update.top/security-check.",1
"From: Customer Care Google <service@billing-confirm.loan>
Subject: Thông báo hoàn tiền - xác nhận thông tin
Bạn được chọn nhận phần thưởng. Hãy cung cấp thông tin tài khoản và xác nhận tại http://185.10.20.30/login để nhận tiền.",1
"From: Phòng CNTT <no-reply@company.vn>
Subject: Thông báo giao hàng
Thông tin chi tiết đã được cập nhật trên hệ thống. Bạn có thể đăng nhập bằng cách tự mở ứng dụng hoặc trang web quen thuộc. Mọi thay đổi quan trọng sẽ được thông báo trên hệ thống chính thức. Tham khảo: https://portal.company.vn/",0
"From: Vietcombank Security <security@login-protect.click>
Subject: Bạn đã trúng thưởng
Vui lòng xác minh tài khoản ngay lập tức để tránh bị khóa. Hãy nhập mật khẩu và mã OTP tại https://login-protect.click/account/confirm.",1
"From: Dịch vụ khách hàng <no-reply@shop.vn>
Subject: Nhắc lịch gia hạn dịch vụ
Thông tin chi tiết đã được cập nhật trên hệ thống. Bạn có thể đăng nhập bằng cách tự mở ứng dụng hoặc trang web quen thuộc.",0
"From: Kế toán <no-reply@company.vn>
Subject: Biên nhận thanh toán
Biên nhận được gửi để bạn lưu trữ. Nếu có sai lệch, liên hệ bộ phận chăm sóc khách hàng theo thông tin trên website chính thức. Mọi thay đổi quan trọng sẽ được thông báo trên hệ thống chính thức.",0
"From: Phòng hành chính <no-reply@university.edu.vn>
Subject: Xác nhận đăng ký
Vui lòng xem thông tin trong cổng thông tin nội bộ. Nếu cần hỗ trợ, hãy liên hệ bộ phận phụ trách qua kênh chính thức.",0
"From: Customer Care Apple <service@account-check.click>
Subject: Final notice: verify your account
Tài khoản của bạn sẽ bị đình chỉ nếu không hành động ngay. Truy cập https://account-check.click/security-check để xác minh danh tính. !!! Hành động ngay lập tức!!!",1
"From: Customer Care Vietcombank <service@secure-account.xyz>
Subject: Cảnh báo bảo mật - xác minh ngay
Final notice. Verify your account immediately using https://secure-account.xyz/login or access may be suspended.",1
"From: Apple Security <security@security-alert.xyz>
Subject: Khẩn cấp: tài khoản của bạn sắp bị khóa
Chúng tôi phát hiện hoạt động bất thường. Bạn phải xác minh thông tin đăng nhập trong 24 giờ tại http://security-alert.xyz/verify.",1
"From: Amazon Billing <billing@service-update.top>
Subject: Thông báo hoàn tiền - xác nhận thông tin
Khoản hoàn tiền đang chờ xử lý. Vui lòng xác nhận số thẻ, CVV và mã xác minh tại https://service-update.top/account/confirm.",1
"From: Phòng đào tạo <no-reply@university.edu.vn>
Subject: Kết quả đăng ký môn học
Đây là thông báo định kỳ. Bạn không cần cung cấp mật khẩu, mã OTP hoặc thông tin thẻ qua email. Nếu không yêu cầu thao tác này, hãy liên hệ bộ phận hỗ trợ.",0
"From: Dịch vụ khách hàng <no-reply@shop.vn>
Subject: Lịch họp ngày mai
Xin vui lòng kiểm tra lịch và phản hồi trước thời hạn ghi trong thông báo. Cảm ơn bạn. Mọi thay đổi quan trọng sẽ được thông báo trên hệ thống chính thức.",0
"From: Techcombank Security <security@mail-security.club>
Subject: Yêu cầu cập nhật thông tin thanh toán
Vui lòng xác minh tài khoản ngay lập tức để tránh bị khóa. Hãy nhập mật khẩu và mã OTP tại https://mail-security.club/account/confirm. !!! Hành động ngay lập tức!!!",1
"From: Microsoft Security <security@verify-user.top>
Subject: Xác minh tài khoản để tránh đình chỉ
Tài khoản của bạn sẽ bị đình chỉ nếu không hành động ngay. Truy cập http://verify-user.top/verify để xác minh danh tính.",1
"From: Thư viện <no-reply@university.edu.vn>
Subject: Xác nhận đăng ký
Biên nhận được gửi để bạn lưu trữ. Nếu có sai lệch, liên hệ bộ phận chăm sóc khách hàng theo thông tin trên website chính thức. Bạn có thể bỏ qua email này nếu thông tin đã được cập nhật.",0
"From: Vietcombank Support <support@account-review.xyz>
Subject: Security alert: act now
Vui lòng xác minh tài khoản ngay lập tức để tránh bị khóa. Hãy nhập mật khẩu và mã OTP tại http://account-review.xyz/verify.",1
"From: Customer Care Vietcombank <service@account-review.xyz>
Subject: Security alert: act now
Final notice. Verify your account immediately using https://account-review.xyz/billing/update or access may be suspended.",1
"From: Thư viện <no-reply@university.edu.vn>
Subject: Nhắc lịch gia hạn dịch vụ
Xin vui lòng kiểm tra lịch và phản hồi trước thời hạn ghi trong thông báo. Cảm ơn bạn. Mọi thay đổi quan trọng sẽ được thông báo trên hệ thống chính thức.",0
"From: Customer Care BIDV <service@account-check.click>
Subject: Yêu cầu cập nhật thông tin thanh toán
Final notice. Verify your account immediately using https://account-check.click/billing/update or access may be suspended.",1
"From: Phòng CNTT <no-reply@company.vn>
Subject: Phiếu lương tháng này
Vui lòng xem thông tin trong cổng thông tin nội bộ. Nếu cần hỗ trợ, hãy liên hệ bộ phận phụ trách qua kênh chính thức. Tham khảo: https://portal.company.vn/",0
"From: Phòng đào tạo <no-reply@university.edu.vn>
Subject: Thông báo lịch học tuần này
Đây là thông báo định kỳ. Bạn không cần cung cấp mật khẩu, mã OTP hoặc thông tin thẻ qua email.",0
"From: Phòng CNTT <no-reply@company.vn>
Subject: Xác nhận đăng ký
Vui lòng xem thông tin trong cổng thông tin nội bộ. Nếu cần hỗ trợ, hãy liên hệ bộ phận phụ trách qua kênh chính thức. Nếu không yêu cầu thao tác này, hãy liên hệ bộ phận hỗ trợ.",0
"From: Amazon Support <support@login-protect.click>
Subject: Xác minh tài khoản để tránh đình chỉ
Bạn được chọn nhận phần thưởng. Hãy cung cấp thông tin tài khoản và xác nhận tại http://login-protect.click/verify để nhận tiền.",1
"From: Customer Care Techcombank <service@mail-security.club>
Subject: Cảnh báo bảo mật - xác minh ngay
Tài khoản của bạn sẽ bị đình chỉ nếu không hành động ngay. Truy cập https://mail-security.club/security-check để xác minh danh tính.",1
"From: Customer Care Techcombank <service@support-center.club>
Subject: Xác minh tài khoản để tránh đình chỉ
Final notice. Verify your account immediately using https://support-center.club/billing/update or access may be suspended.",1
"From: Customer Care PayPal <service@confirm-access.xyz>
Subject: Bạn đã trúng thưởng
Chúng tôi phát hiện hoạt động bất thường. Bạn phải xác minh thông tin đăng nhập trong 24 giờ tại http://confirm-access.xyz/verify. !!! Hành động ngay lập tức!!!",1
"From: Customer Care Techcombank <service@verify-user.top>
Subject: Bạn đã trúng thưởng
Bạn được chọn nhận phần thưởng. Hãy cung cấp thông tin tài khoản và xác nhận tại https://verify-user.top/account/confirm để nhận tiền. Your accunt must be verfy today.",1
"From: Bộ phận nhân sự <no-reply@company.vn>
Subject: Kết quả đăng ký môn học
Xin vui lòng kiểm tra lịch và phản hồi trước thời hạn ghi trong thông báo. Cảm ơn bạn.",0
"From: Dịch vụ khách hàng <no-reply@shop.vn>
Subject: Thông báo bảo trì hệ thống
Đây là thông báo định kỳ. Bạn không cần cung cấp mật khẩu, mã OTP hoặc thông tin thẻ qua email.",0
"From: Vietcombank Support <support@support-center.club>
Subject: Security alert: act now
Chúng tôi phát hiện hoạt động bất thường. Bạn phải xác minh thông tin đăng nhập trong 24 giờ tại https://support-center.club/login. !!! Hành động ngay lập tức!!!",1
"From: Ban quản trị hệ thống <no-reply@company.vn>
Subject: Lịch họp ngày mai
Hệ thống sẽ được bảo trì trong thời gian dự kiến. Một số chức năng có thể tạm thời không sử dụng được. Không gửi thông tin đăng nhập cho bất kỳ ai. Tham khảo: https://company.vn/support",0
"From: Phòng CNTT <no-reply@company.vn>
Subject: Thông báo lịch học tuần này
Thông tin chi tiết đã được cập nhật trên hệ thống. Bạn có thể đăng nhập bằng cách tự mở ứng dụng hoặc trang web quen thuộc.",0
"From: Vietcombank Support <support@account-review.xyz>
Subject: Cảnh báo bảo mật - xác minh ngay
Khoản hoàn tiền đang chờ xử lý. Vui lòng xác nhận số thẻ, CVV và mã xác minh tại http://185.10.20.30/login. !!! Hành động ngay lập tức!!!",1
"From: Ban quản trị hệ thống <no-reply@company.vn>
Subject: Nhắc lịch gia hạn dịch vụ
Đây là thông báo định kỳ. Bạn không cần cung cấp mật khẩu, mã OTP hoặc thông tin thẻ qua email.",0
"From: Phòng hành chính <no-reply@university.edu.vn>
Subject: Kết quả đăng ký môn học
Thông tin chi tiết đã được cập nhật trên hệ thống. Bạn có thể đăng nhập bằng cách tự mở ứng dụng hoặc trang web quen thuộc. Bạn có thể bỏ qua email này nếu thông tin đã được cập nhật. Tham khảo: https://university.edu.vn/account",0
"From: Microsoft Security <security@billing-confirm.loan>
Subject: Tài khoản hết hạn hôm nay
Khoản hoàn tiền đang chờ xử lý. Vui lòng xác nhận số thẻ, CVV và mã xác minh tại https://billing-confirm.loan/security-check.",1
"From: Customer Care PayPal <service@verify-login.top>
Subject: Tài khoản hết hạn hôm nay
Vui lòng xác minh tài khoản ngay lập tức để tránh bị khóa. Hãy nhập mật khẩu và mã OTP tại https://verify-login.top/security-check.",1
"From: Customer Care Vietcombank <service@secure-account.xyz>
Subject: Security alert: act now
Vui lòng xác minh tài khoản ngay lập tức để tránh bị khóa. Hãy nhập mật khẩu và mã OTP tại https://secure-account.xyz/login.",1
"From: Vietcombank Billing <billing@mail-security.club>
Subject: Khẩn cấp: tài khoản của bạn sắp bị khóa
Vui lòng xác minh tài khoản ngay lập tức để tránh bị khóa. Hãy nhập mật khẩu và mã OTP tại http://mail-security.club/verify.",1
"From: PayPal Billing <billing@secure-account.xyz>
Subject: Thông báo hoàn tiền - xác nhận thông tin
Tài khoản của bạn sẽ bị đình chỉ nếu không hành động ngay. Truy cập https://secure-account.xyz/login để xác minh danh tính. Your accunt must be verfy today.",1
"From: Customer Care Apple <service@security-alert.xyz>
Subject: Thông báo hoàn tiền - xác nhận thông tin
Bạn được chọn nhận phần thưởng. Hãy cung cấp thông tin tài khoản và xác nhận tại https://security-alert.xyz/account/confirm để nhận tiền.",1
"From: Phòng đào tạo <no-reply@university.edu.vn>
Subject: Tài liệu cuộc họp
Vui lòng xem thông tin trong cổng thông tin nội bộ. Nếu cần hỗ trợ, hãy liên hệ bộ phận phụ trách qua kênh chính thức.",0
"From: Amazon Security <security@secure-account.xyz>
Subject: Yêu cầu cập nhật thông tin thanh toán
Tài khoản của bạn sẽ bị đình chỉ nếu không hành động ngay. Truy cập http://45.76.123.9/billing/update để xác minh danh tính. !!! Hành động ngay lập tức!!!",1
"From: Phòng hành chính <no-reply@university.edu.vn>
Subject: Thông báo lịch học tuần này
Biên nhận được gửi để bạn lưu trữ. Nếu có sai lệch, liên hệ bộ phận chăm sóc khách hàng theo thông tin trên website chính thức.",0
"From: Thư viện <no-reply@university.edu.vn>
Subject: Phiếu lương tháng này
Đây là thông báo định kỳ. Bạn không cần cung cấp mật khẩu, mã OTP hoặc thông tin thẻ qua email. Mọi thay đổi quan trọng sẽ được thông báo trên hệ thống chính thức.",0
"From: Phòng CNTT <no-reply@company.vn>
Subject: Tài liệu cuộc họp
Thông tin chi tiết đã được cập nhật trên hệ thống. Bạn có thể đăng nhập bằng cách tự mở ứng dụng hoặc trang web quen thuộc. Không gửi thông tin đăng nhập cho bất kỳ ai.",0
"From: Phòng đào tạo <no-reply@university.edu.vn>
Subject: Kết quả đăng ký môn học
Đây là thông báo định kỳ. Bạn không cần cung cấp mật khẩu, mã OTP hoặc thông tin thẻ qua email. Không gửi thông tin đăng nhập cho bất kỳ ai.",0
"From: Ban quản trị hệ thống <no-reply@company.vn>
Subject: Thông báo bảo trì hệ thống
Biên nhận được gửi để bạn lưu trữ. Nếu có sai lệch, liên hệ bộ phận chăm sóc khách hàng theo thông tin trên website chính thức.",0
"From: Phòng đào tạo <no-reply@university.edu.vn>
Subject: Thông báo bảo trì hệ thống
Biên nhận được gửi để bạn lưu trữ. Nếu có sai lệch, liên hệ bộ phận chăm sóc khách hàng theo thông tin trên website chính thức. Tham khảo: https://university.edu.vn/support",0
"From: Phòng hành chính <no-reply@university.edu.vn>
Subject: Lịch họp ngày mai
Đây là thông báo định kỳ. Bạn không cần cung cấp mật khẩu, mã OTP hoặc thông tin thẻ qua email. Mọi thay đổi quan trọng sẽ được thông báo trên hệ thống chính thức. Tham khảo: https://university.edu.vn/support",0
"From: MoMo Support <support@confirm-access.xyz>
Subject: Yêu cầu cập nhật thông tin thanh toán
Chúng tôi phát hiện hoạt động bất thường. Bạn phải xác minh thông tin đăng nhập trong 24 giờ tại https://confirm-access.xyz/login. Your accunt must be verfy today.",1
"From: Ban quản trị hệ thống <no-reply@company.vn>
Subject: Kết quả đăng ký môn học
Vui lòng xem thông tin trong cổng thông tin nội bộ. Nếu cần hỗ trợ, hãy liên hệ bộ phận phụ trách qua kênh chính thức. Không gửi thông tin đăng nhập cho bất kỳ ai.",0
"From: Amazon Support <support@secure-account.xyz>
Subject: Security alert: act now
Chúng tôi phát hiện hoạt động bất thường. Bạn phải xác minh thông tin đăng nhập trong 24 giờ tại https://secure-account.xyz/security-check.",1
"From: Phòng đào tạo <no-reply@university.edu.vn>
Subject: Thông báo giao hàng
Hệ thống sẽ được bảo trì trong thời gian dự kiến. Một số chức năng có thể tạm thời không sử dụng được. Không gửi thông tin đăng nhập cho bất kỳ ai.",0
"From: Techcombank Billing <billing@security-alert.xyz>
Subject: Final notice: verify your account
Khoản hoàn tiền đang chờ xử lý. Vui lòng xác nhận số thẻ, CVV và mã xác minh tại http://security-alert.xyz/verify.",1
"From: Customer Care Google <service@verify-login.top>
Subject: Xác minh tài khoản để tránh đình chỉ
Chúng tôi phát hiện hoạt động bất thường. Bạn phải xác minh thông tin đăng nhập trong 24 giờ tại http://verify-login.top/verify. Your accunt must be verfy today.",1
"From: MoMo Security <security@verify-user.top>
Subject: Security alert: act now
Vui lòng xác minh tài khoản ngay lập tức để tránh bị khóa. Hãy nhập mật khẩu và mã OTP tại https://verify-user.top/security-check.",1
"From: Techcombank Security <security@security-alert.xyz>
Subject: Urgent: unusual login detected
Tài khoản của bạn sẽ bị đình chỉ nếu không hành động ngay. Truy cập https://security-alert.xyz/billing/update để xác minh danh tính. Your accunt must be verfy today.",1
"From: Ban quản trị hệ thống <no-reply@company.vn>
Subject: Thông báo lịch học tuần này
Vui lòng xem thông tin trong cổng thông tin nội bộ. Nếu cần hỗ trợ, hãy liên hệ bộ phận phụ trách qua kênh chính thức. Không gửi thông tin đăng nhập cho bất kỳ ai.",0
"From: Customer Care MoMo <service@login-protect.click>
Subject: Xác minh tài khoản để tránh đình chỉ
Khoản hoàn tiền đang chờ xử lý. Vui lòng xác nhận số thẻ, CVV và mã xác minh tại http://login-protect.click/verify. !!! Hành động ngay lập tức!!!",1
"From: Bộ phận nhân sự <no-reply@company.vn>
Subject: Tài liệu cuộc họp
Xin vui lòng kiểm tra lịch và phản hồi trước thời hạn ghi trong thông báo. Cảm ơn bạn.",0
"From: Kế toán <no-reply@company.vn>
Subject: Nhắc lịch gia hạn dịch vụ
Thông tin chi tiết đã được cập nhật trên hệ thống. Bạn có thể đăng nhập bằng cách tự mở ứng dụng hoặc trang web quen thuộc. Nếu không yêu cầu thao tác này, hãy liên hệ bộ phận hỗ trợ.",0
"From: Bộ phận nhân sự <no-reply@company.vn>
Subject: Lịch họp ngày mai
Hệ thống sẽ được bảo trì trong thời gian dự kiến. Một số chức năng có thể tạm thời không sử dụng được. Không gửi thông tin đăng nhập cho bất kỳ ai.",0
"From: Amazon Support <support@support-center.club>
Subject: Bạn đã trúng thưởng
Tài khoản của bạn sẽ bị đình chỉ nếu không hành động ngay. Truy cập https://support-center.club/account/confirm để xác minh danh tính.",1
"From: Amazon Security <security@account-check.click>
Subject: Thông báo hoàn tiền - xác nhận thông tin
Tài khoản của bạn sẽ bị đình chỉ nếu không hành động ngay. Truy cập http://45.76.123.9/login để xác minh danh tính.",1
"From: Bộ phận nhân sự <no-reply@company.vn>
Subject: Biên nhận thanh toán
Vui lòng xem thông tin trong cổng thông tin nội bộ. Nếu cần hỗ trợ, hãy liên hệ bộ phận phụ trách qua kênh chính thức. Không gửi thông tin đăng nhập cho bất kỳ ai.",0
"From: Google Billing <billing@billing-confirm.loan>
Subject: Khẩn cấp: tài khoản của bạn sắp bị khóa
Tài khoản của bạn sẽ bị đình chỉ nếu không hành động ngay. Truy cập https://billing-confirm.loan/login để xác minh danh tính.",1
"From: Dịch vụ khách hàng <no-reply@shop.vn>
Subject: Thông báo giao hàng
Vui lòng xem thông tin trong cổng thông tin nội bộ. Nếu cần hỗ trợ, hãy liên hệ bộ phận phụ trách qua kênh chính thức. Mọi thay đổi quan trọng sẽ được thông báo trên hệ thống chính thức.",0
"From: Bộ phận nhân sự <no-reply@company.vn>
Subject: Phiếu lương tháng này
Xin vui lòng kiểm tra lịch và phản hồi trước thời hạn ghi trong thông báo. Cảm ơn bạn. Mọi thay đổi quan trọng sẽ được thông báo trên hệ thống chính thức. Tham khảo: https://company.vn/account",0
"From: Phòng CNTT <no-reply@company.vn>
Subject: Lịch họp ngày mai
Xin vui lòng kiểm tra lịch và phản hồi trước thời hạn ghi trong thông báo. Cảm ơn bạn.",0
"From: Ban quản trị hệ thống <no-reply@company.vn>
Subject: Thông báo bảo trì hệ thống
Vui lòng xem thông tin trong cổng thông tin nội bộ. Nếu cần hỗ trợ, hãy liên hệ bộ phận phụ trách qua kênh chính thức.",0
"From: Bộ phận nhân sự <no-reply@company.vn>
Subject: Phiếu lương tháng này
Thông tin chi tiết đã được cập nhật trên hệ thống. Bạn có thể đăng nhập bằng cách tự mở ứng dụng hoặc trang web quen thuộc. Bạn có thể bỏ qua email này nếu thông tin đã được cập nhật.",0
"From: Phòng hành chính <no-reply@university.edu.vn>
Subject: Phiếu lương tháng này
Vui lòng xem thông tin trong cổng thông tin nội bộ. Nếu cần hỗ trợ, hãy liên hệ bộ phận phụ trách qua kênh chính thức. Tham khảo: https://university.edu.vn/account",0
"From: Customer Care PayPal <service@confirm-access.xyz>
Subject: Final notice: verify your account
Chúng tôi phát hiện hoạt động bất thường. Bạn phải xác minh thông tin đăng nhập trong 24 giờ tại http://103.21.55.18/security-check.",1
"From: Phòng hành chính <no-reply@university.edu.vn>
Subject: Nhắc lịch gia hạn dịch vụ
Vui lòng xem thông tin trong cổng thông tin nội bộ. Nếu cần hỗ trợ, hãy liên hệ bộ phận phụ trách qua kênh chính thức.",0
"From: MoMo Security <security@security-alert.xyz>
Subject: Final notice: verify your account
Final notice. Verify your account immediately using http://security-alert.xyz/verify or access may be suspended. !!! Hành động ngay lập tức!!!",1
"From: Apple Security <security@confirm-access.xyz>
Subject: Yêu cầu cập nhật thông tin thanh toán
Final notice. Verify your account immediately using http://confirm-access.xyz/verify or access may be suspended.",1
"From: BIDV Security <security@confirm-access.xyz>
Subject: Cảnh báo bảo mật - xác minh ngay
Vui lòng xác minh tài khoản ngay lập tức để tránh bị khóa. Hãy nhập mật khẩu và mã OTP tại https://confirm-access.xyz/account/confirm. !!! Hành động ngay lập tức!!!",1
"From: Techcombank Support <support@account-check.click>
Subject: Final notice: verify your account
Chúng tôi phát hiện hoạt động bất thường. Bạn phải xác minh thông tin đăng nhập trong 24 giờ tại https://account-check.click/security-check. !!! Hành động ngay lập tức!!!",1
"From: Apple Billing <billing@support-center.club>
Subject: Yêu cầu cập nhật thông tin thanh toán
Khoản hoàn tiền đang chờ xử lý. Vui lòng xác nhận số thẻ, CVV và mã xác minh tại https://support-center.club/security-check.",1
"From: Phòng hành chính <no-reply@university.edu.vn>
Subject: Nhắc lịch gia hạn dịch vụ
Vui lòng xem thông tin trong cổng thông tin nội bộ. Nếu cần hỗ trợ, hãy liên hệ bộ phận phụ trách qua kênh chính thức. Bạn có thể bỏ qua email này nếu thông tin đã được cập nhật.",0
"From: Techcombank Support <support@secure-account.xyz>
Subject: Tài khoản hết hạn hôm nay
Chúng tôi phát hiện hoạt động bất thường. Bạn phải xác minh thông tin đăng nhập trong 24 giờ tại http://45.76.123.9/billing/update. Your accunt must be verfy today.",1
"From: Dịch vụ khách hàng <no-reply@shop.vn>
Subject: Thông báo giao hàng
Xin vui lòng kiểm tra lịch và phản hồi trước thời hạn ghi trong thông báo. Cảm ơn bạn. Không gửi thông tin đăng nhập cho bất kỳ ai.",0
"From: Phòng CNTT <no-reply@company.vn>
Subject: Phiếu lương tháng này
Vui lòng xem thông tin trong cổng thông tin nội bộ. Nếu cần hỗ trợ, hãy liên hệ bộ phận phụ trách qua kênh chính thức. Nếu không yêu cầu thao tác này, hãy liên hệ bộ phận hỗ trợ. Tham khảo: https://company.vn/account",0
"From: Bộ phận nhân sự <no-reply@company.vn>
Subject: Kết quả đăng ký môn học
Thông tin chi tiết đã được cập nhật trên hệ thống. Bạn có thể đăng nhập bằng cách tự mở ứng dụng hoặc trang web quen thuộc. Mọi thay đổi quan trọng sẽ được thông báo trên hệ thống chính thức.",0
"From: Phòng đào tạo <no-reply@university.edu.vn>
Subject: Tài liệu cuộc họp
Thông tin chi tiết đã được cập nhật trên hệ thống. Bạn có thể đăng nhập bằng cách tự mở ứng dụng hoặc trang web quen thuộc. Tham khảo: https://portal.university.edu.vn/",0
"From: Ban quản trị hệ thống <no-reply@company.vn>
Subject: Lịch họp ngày mai
Xin vui lòng kiểm tra lịch và phản hồi trước thời hạn ghi trong thông báo. Cảm ơn bạn. Nếu không yêu cầu thao tác này, hãy liên hệ bộ phận hỗ trợ. Tham khảo: https://portal.company.vn/",0
"From: Kế toán <no-reply@company.vn>
Subject: Phiếu lương tháng này
Hệ thống sẽ được bảo trì trong thời gian dự kiến. Một số chức năng có thể tạm thời không sử dụng được. Mọi thay đổi quan trọng sẽ được thông báo trên hệ thống chính thức.",0
"From: Customer Care Google <service@support-center.club>
Subject: Security alert: act now
Bạn được chọn nhận phần thưởng. Hãy cung cấp thông tin tài khoản và xác nhận tại https://support-center.club/billing/update để nhận tiền.",1
"From: Vietcombank Support <support@security-alert.xyz>
Subject: Yêu cầu cập nhật thông tin thanh toán
Final notice. Verify your account immediately using http://security-alert.xyz/verify or access may be suspended. !!! Hành động ngay lập tức!!!",1
"From: Techcombank Security <security@mail-security.club>
Subject: Final notice: verify your account
Bạn được chọn nhận phần thưởng. Hãy cung cấp thông tin tài khoản và xác nhận tại https://mail-security.club/billing/update để nhận tiền.",1
"From: Ban quản trị hệ thống <no-reply@company.vn>
Subject: Phiếu lương tháng này
Xin vui lòng kiểm tra lịch và phản hồi trước thời hạn ghi trong thông báo. Cảm ơn bạn.",0
"From: Thư viện <no-reply@university.edu.vn>
Subject: Lịch họp ngày mai
Xin vui lòng kiểm tra lịch và phản hồi trước thời hạn ghi trong thông báo. Cảm ơn bạn. Mọi thay đổi quan trọng sẽ được thông báo trên hệ thống chính thức. Tham khảo: https://university.edu.vn/support",0
"From: Google Billing <billing@verify-user.top>
Subject: Khẩn cấp: tài khoản của bạn sắp bị khóa
Khoản hoàn tiền đang chờ xử lý. Vui lòng xác nhận số thẻ, CVV và mã xác minh tại https://verify-user.top/account/confirm.",1
"From: Phòng hành chính <no-reply@university.edu.vn>
Subject: Biên nhận thanh toán
Biên nhận được gửi để bạn lưu trữ. Nếu có sai lệch, liên hệ bộ phận chăm sóc khách hàng theo thông tin trên website chính thức. Không gửi thông tin đăng nhập cho bất kỳ ai. Tham khảo: https://university.edu.vn/account",0
"From: Microsoft Support <support@verify-login.top>
Subject: Tài khoản hết hạn hôm nay
Final notice. Verify your account immediately using http://103.21.55.18/login or access may be suspended. Your accunt must be verfy today.",1
"From: Apple Support <support@account-review.xyz>
Subject: Bạn đã trúng thưởng
Final notice. Verify your account immediately using http://account-review.xyz/verify or access may be suspended.",1
"From: Customer Care Amazon <service@secure-account.xyz>
Subject: Cảnh báo bảo mật - xác minh ngay
Khoản hoàn tiền đang chờ xử lý. Vui lòng xác nhận số thẻ, CVV và mã xác minh tại https://secure-account.xyz/billing/update. !!! Hành động ngay lập tức!!!",1
"From: Bộ phận nhân sự <no-reply@company.vn>
Subject: Biên nhận thanh toán
Đây là thông báo định kỳ. Bạn không cần cung cấp mật khẩu, mã OTP hoặc thông tin thẻ qua email. Không gửi thông tin đăng nhập cho bất kỳ ai.",0
"From: Dịch vụ khách hàng <no-reply@shop.vn>
Subject: Phiếu lương tháng này
Thông tin chi tiết đã được cập nhật trên hệ thống. Bạn có thể đăng nhập bằng cách tự mở ứng dụng hoặc trang web quen thuộc. Không gửi thông tin đăng nhập cho bất kỳ ai.",0
"From: Customer Care MoMo <service@security-alert.xyz>
Subject: Yêu cầu cập nhật thông tin thanh toán
Final notice. Verify your account immediately using https://security-alert.xyz/login or access may be suspended.",1
"From: Microsoft Billing <billing@billing-confirm.loan>
Subject: Final notice: verify your account
Chúng tôi phát hiện hoạt động bất thường. Bạn phải xác minh thông tin đăng nhập trong 24 giờ tại http://45.76.123.9/account/confirm.",1
"From: Dịch vụ khách hàng <no-reply@shop.vn>
Subject: Phiếu lương tháng này
Xin vui lòng kiểm tra lịch và phản hồi trước thời hạn ghi trong thông báo. Cảm ơn bạn. Mọi thay đổi quan trọng sẽ được thông báo trên hệ thống chính thức.",0
"From: Kế toán <no-reply@company.vn>
Subject: Nhắc lịch gia hạn dịch vụ
Biên nhận được gửi để bạn lưu trữ. Nếu có sai lệch, liên hệ bộ phận chăm sóc khách hàng theo thông tin trên website chính thức. Nếu không yêu cầu thao tác này, hãy liên hệ bộ phận hỗ trợ. Tham khảo: https://portal.company.vn/",0
"From: Amazon Billing <billing@account-check.click>
Subject: Bạn đã trúng thưởng
Tài khoản của bạn sẽ bị đình chỉ nếu không hành động ngay. Truy cập https://account-check.click/login để xác minh danh tính.",1
"From: Customer Care Google <service@account-review.xyz>
Subject: Khẩn cấp: tài khoản của bạn sắp bị khóa
Tài khoản của bạn sẽ bị đình chỉ nếu không hành động ngay. Truy cập https://account-review.xyz/security-check để xác minh danh tính.",1
"From: Dịch vụ khách hàng <no-reply@shop.vn>
Subject: Xác nhận đăng ký
Vui lòng xem thông tin trong cổng thông tin nội bộ. Nếu cần hỗ trợ, hãy liên hệ bộ phận phụ trách qua kênh chính thức.",0
"From: Dịch vụ khách hàng <no-reply@shop.vn>
Subject: Kết quả đăng ký môn học
Hệ thống sẽ được bảo trì trong thời gian dự kiến. Một số chức năng có thể tạm thời không sử dụng được. Không gửi thông tin đăng nhập cho bất kỳ ai.",0
"From: Apple Support <support@secure-account.xyz>
Subject: Cảnh báo bảo mật - xác minh ngay
Vui lòng xác minh tài khoản ngay lập tức để tránh bị khóa. Hãy nhập mật khẩu và mã OTP tại https://secure-account.xyz/login.",1
"From: Vietcombank Security <security@mail-security.club>
Subject: Thông báo hoàn tiền - xác nhận thông tin
Chúng tôi phát hiện hoạt động bất thường. Bạn phải xác minh thông tin đăng nhập trong 24 giờ tại https://mail-security.club/login. Your accunt must be verfy today.",1
"From: Phòng hành chính <no-reply@university.edu.vn>
Subject: Xác nhận đăng ký
Đây là thông báo định kỳ. Bạn không cần cung cấp mật khẩu, mã OTP hoặc thông tin thẻ qua email.",0
"From: Dịch vụ khách hàng <no-reply@shop.vn>
Subject: Lịch họp ngày mai
Thông tin chi tiết đã được cập nhật trên hệ thống. Bạn có thể đăng nhập bằng cách tự mở ứng dụng hoặc trang web quen thuộc. Nếu không yêu cầu thao tác này, hãy liên hệ bộ phận hỗ trợ. Tham khảo: https://shop.vn/account",0
"From: BIDV Support <support@login-protect.click>
Subject: Bạn đã trúng thưởng
Final notice. Verify your account immediately using https://login-protect.click/login or access may be suspended.",1
"From: Apple Support <support@mail-security.club>
Subject: Security alert: act now
Vui lòng xác minh tài khoản ngay lập tức để tránh bị khóa. Hãy nhập mật khẩu và mã OTP tại https://mail-security.club/login. Your accunt must be verfy today.",1
"From: Phòng hành chính <no-reply@university.edu.vn>
Subject: Thông báo lịch học tuần này
Hệ thống sẽ được bảo trì trong thời gian dự kiến. Một số chức năng có thể tạm thời không sử dụng được. Không gửi thông tin đăng nhập cho bất kỳ ai.",0
"From: Google Billing <billing@confirm-access.xyz>
Subject: Bạn đã trúng thưởng
Bạn được chọn nhận phần thưởng. Hãy cung cấp thông tin tài khoản và xác nhận tại https://confirm-access.xyz/account/confirm để nhận tiền.",1
"From: MoMo Security <security@support-center.club>
Subject: Cảnh báo bảo mật - xác minh ngay
Khoản hoàn tiền đang chờ xử lý. Vui lòng xác nhận số thẻ, CVV và mã xác minh tại https://support-center.club/login.",1
"From: Kế toán <no-reply@company.vn>
Subject: Tài liệu cuộc họp
Xin vui lòng kiểm tra lịch và phản hồi trước thời hạn ghi trong thông báo. Cảm ơn bạn. Nếu không yêu cầu thao tác này, hãy liên hệ bộ phận hỗ trợ.",0
"From: Customer Care Amazon <service@mail-security.club>
Subject: Tài khoản hết hạn hôm nay
Bạn được chọn nhận phần thưởng. Hãy cung cấp thông tin tài khoản và xác nhận tại http://mail-security.club/verify để nhận tiền.",1
"From: Dịch vụ khách hàng <no-reply@shop.vn>
Subject: Tài liệu cuộc họp
Hệ thống sẽ được bảo trì trong thời gian dự kiến. Một số chức năng có thể tạm thời không sử dụng được.",0
"From: Google Security <security@service-update.top>
Subject: Urgent: unusual login detected
Bạn được chọn nhận phần thưởng. Hãy cung cấp thông tin tài khoản và xác nhận tại https://service-update.top/security-check để nhận tiền.",1
"From: Dịch vụ khách hàng <no-reply@shop.vn>
Subject: Xác nhận đăng ký
Biên nhận được gửi để bạn lưu trữ. Nếu có sai lệch, liên hệ bộ phận chăm sóc khách hàng theo thông tin trên website chính thức.",0
"From: Phòng hành chính <no-reply@university.edu.vn>
Subject: Nhắc lịch gia hạn dịch vụ
Vui lòng xem thông tin trong cổng thông tin nội bộ. Nếu cần hỗ trợ, hãy liên hệ bộ phận phụ trách qua kênh chính thức.",0
"From: Phòng đào tạo <no-reply@university.edu.vn>
Subject: Tài liệu cuộc họp
Biên nhận được gửi để bạn lưu trữ. Nếu có sai lệch, liên hệ bộ phận chăm sóc khách hàng theo thông tin trên website chính thức.",0
"From: Microsoft Support <support@verify-user.top>
Subject: Security alert: act now
Bạn được chọn nhận phần thưởng. Hãy cung cấp thông tin tài khoản và xác nhận tại http://185.10.20.30/security-check để nhận tiền. !!! Hành động ngay lập tức!!!",1
"From: BIDV Security <security@billing-confirm.loan>
Subject: Urgent: unusual login detected
Final notice. Verify your account immediately using https://billing-confirm.loan/account/confirm or access may be suspended.",1
"From: Customer Care Amazon <service@account-review.xyz>
Subject: Security alert: act now
Bạn được chọn nhận phần thưởng. Hãy cung cấp thông tin tài khoản và xác nhận tại https://account-review.xyz/login để nhận tiền.",1
"From: Phòng CNTT <no-reply@company.vn>
Subject: Lịch họp ngày mai
Biên nhận được gửi để bạn lưu trữ. Nếu có sai lệch, liên hệ bộ phận chăm sóc khách hàng theo thông tin trên website chính thức.",0
"From: Vietcombank Security <security@service-update.top>
Subject: Yêu cầu cập nhật thông tin thanh toán
Khoản hoàn tiền đang chờ xử lý. Vui lòng xác nhận số thẻ, CVV và mã xác minh tại http://45.76.123.9/account/confirm.",1
"From: Kế toán <no-reply@company.vn>
Subject: Biên nhận thanh toán
Xin vui lòng kiểm tra lịch và phản hồi trước thời hạn ghi trong thông báo. Cảm ơn bạn. Nếu không yêu cầu thao tác này, hãy liên hệ bộ phận hỗ trợ.",0
"From: Google Security <security@confirm-access.xyz>
Subject: Khẩn cấp: tài khoản của bạn sắp bị khóa
Final notice. Verify your account immediately using https://confirm-access.xyz/billing/update or access may be suspended. !!! Hành động ngay lập tức!!!",1
"From: MoMo Support <support@mail-security.club>
Subject: Final notice: verify your account
Khoản hoàn tiền đang chờ xử lý. Vui lòng xác nhận số thẻ, CVV và mã xác minh tại http://45.76.123.9/security-check.",1
"From: Phòng CNTT <no-reply@company.vn>
Subject: Thông báo giao hàng
Hệ thống sẽ được bảo trì trong thời gian dự kiến. Một số chức năng có thể tạm thời không sử dụng được.",0
"From: Customer Care MoMo <service@mail-security.club>
Subject: Cảnh báo bảo mật - xác minh ngay
Final notice. Verify your account immediately using https://mail-security.club/security-check or access may be suspended. !!! Hành động ngay lập tức!!! Your accunt must be verfy today.",1
"From: PayPal Billing <billing@service-update.top>
Subject: Cảnh báo bảo mật - xác minh ngay
Final notice. Verify your account immediately using http://service-update.top/verify or access may be suspended.",1
"From: Dịch vụ khách hàng <no-reply@shop.vn>
Subject: Kết quả đăng ký môn học
Thông tin chi tiết đã được cập nhật trên hệ thống. Bạn có thể đăng nhập bằng cách tự mở ứng dụng hoặc trang web quen thuộc.",0
"From: Ban quản trị hệ thống <no-reply@company.vn>
Subject: Thông báo lịch học tuần này
Hệ thống sẽ được bảo trì trong thời gian dự kiến. Một số chức năng có thể tạm thời không sử dụng được.",0
"From: Ban quản trị hệ thống <no-reply@company.vn>
Subject: Thông báo giao hàng
Biên nhận được gửi để bạn lưu trữ. Nếu có sai lệch, liên hệ bộ phận chăm sóc khách hàng theo thông tin trên website chính thức. Mọi thay đổi quan trọng sẽ được thông báo trên hệ thống chính thức.",0
"From: BIDV Security <security@secure-account.xyz>
Subject: Bạn đã trúng thưởng
Vui lòng xác minh tài khoản ngay lập tức để tránh bị khóa. Hãy nhập mật khẩu và mã OTP tại https://secure-account.xyz/security-check. !!! Hành động ngay lập tức!!!",1
"From: Bộ phận nhân sự <no-reply@company.vn>
Subject: Phiếu lương tháng này
Thông tin chi tiết đã được cập nhật trên hệ thống. Bạn có thể đăng nhập bằng cách tự mở ứng dụng hoặc trang web quen thuộc. Tham khảo: https://company.vn/support",0
"From: Phòng CNTT <no-reply@company.vn>
Subject: Tài liệu cuộc họp
Thông tin chi tiết đã được cập nhật trên hệ thống. Bạn có thể đăng nhập bằng cách tự mở ứng dụng hoặc trang web quen thuộc. Nếu không yêu cầu thao tác này, hãy liên hệ bộ phận hỗ trợ. Tham khảo: https://company.vn/support",0
"From: Google Billing <billing@account-review.xyz>
Subject: Thông báo hoàn tiền - xác nhận thông tin
Tài khoản của bạn sẽ bị đình chỉ nếu không hành động ngay. Truy cập https://account-review.xyz/account/confirm để xác minh danh tính. !!! Hành động ngay lập tức!!!",1
"From: Apple Support <support@login-protect.click>
Subject: Final notice: verify your account
Final notice. Verify your account immediately using https://login-protect.click/security-check or access may be suspended.",1
"From: Phòng đào tạo <no-reply@university.edu.vn>
Subject: Biên nhận thanh toán
Hệ thống sẽ được bảo trì trong thời gian dự kiến. Một số chức năng có thể tạm thời không sử dụng được. Nếu không yêu cầu thao tác này, hãy liên hệ bộ phận hỗ trợ.",0
"From: Customer Care BIDV <service@verify-login.top>
Subject: Security alert: act now
Chúng tôi phát hiện hoạt động bất thường. Bạn phải xác minh thông tin đăng nhập trong 24 giờ tại http://185.10.20.30/login.",1
"From: Phòng hành chính <no-reply@university.edu.vn>
Subject: Phiếu lương tháng này
Hệ thống sẽ được bảo trì trong thời gian dự kiến. Một số chức năng có thể tạm thời không sử dụng được. Bạn có thể bỏ qua email này nếu thông tin đã được cập nhật.",0
"From: Dịch vụ khách hàng <no-reply@shop.vn>
Subject: Tài liệu cuộc họp
Vui lòng xem thông tin trong cổng thông tin nội bộ. Nếu cần hỗ trợ, hãy liên hệ bộ phận phụ trách qua kênh chính thức. Bạn có thể bỏ qua email này nếu thông tin đã được cập nhật.",0
"From: Thư viện <no-reply@university.edu.vn>
Subject: Tài liệu cuộc họp
Vui lòng xem thông tin trong cổng thông tin nội bộ. Nếu cần hỗ trợ, hãy liên hệ bộ phận phụ trách qua kênh chính thức.",0
"From: Techcombank Billing <billing@login-protect.click>
Subject: Yêu cầu cập nhật thông tin thanh toán
Final notice. Verify your account immediately using https://login-protect.click/account/confirm or access may be suspended. !!! Hành động ngay lập tức!!! Your accunt must be verfy today.",1
"From: Phòng CNTT <no-reply@company.vn>
Subject: Biên nhận thanh toán
Đây là thông báo định kỳ. Bạn không cần cung cấp mật khẩu, mã OTP hoặc thông tin thẻ qua email.",0
"From: BIDV Billing <billing@confirm-access.xyz>
Subject: Xác minh tài khoản để tránh đình chỉ
Final notice. Verify your account immediately using http://103.21.55.18/verify or access may be suspended.",1
"From: Bộ phận nhân sự <no-reply@company.vn>
Subject: Xác nhận đăng ký
Hệ thống sẽ được bảo trì trong thời gian dự kiến. Một số chức năng có thể tạm thời không sử dụng được. Không gửi thông tin đăng nhập cho bất kỳ ai. Tham khảo: https://company.vn/support",0
"From: Phòng CNTT <no-reply@company.vn>
Subject: Thông báo lịch học tuần này
Thông tin chi tiết đã được cập nhật trên hệ thống. Bạn có thể đăng nhập bằng cách tự mở ứng dụng hoặc trang web quen thuộc. Mọi thay đổi quan trọng sẽ được thông báo trên hệ thống chính thức.",0
"From: Google Support <support@mail-security.club>
Subject: Tài khoản hết hạn hôm nay
Khoản hoàn tiền đang chờ xử lý. Vui lòng xác nhận số thẻ, CVV và mã xác minh tại http://45.76.123.9/billing/update.",1
"From: Vietcombank Billing <billing@verify-user.top>
Subject: Yêu cầu cập nhật thông tin thanh toán
Final notice. Verify your account immediately using https://verify-user.top/billing/update or access may be suspended. !!! Hành động ngay lập tức!!! Your accunt must be verfy today.",1
"From: Phòng hành chính <no-reply@university.edu.vn>
Subject: Kết quả đăng ký môn học
Xin vui lòng kiểm tra lịch và phản hồi trước thời hạn ghi trong thông báo. Cảm ơn bạn. Bạn có thể bỏ qua email này nếu thông tin đã được cập nhật.",0
"From: Techcombank Security <security@confirm-access.xyz>
Subject: Tài khoản hết hạn hôm nay
Chúng tôi phát hiện hoạt động bất thường. Bạn phải xác minh thông tin đăng nhập trong 24 giờ tại https://confirm-access.xyz/login.",1
"From: Phòng đào tạo <no-reply@university.edu.vn>
Subject: Thông báo lịch học tuần này
Biên nhận được gửi để bạn lưu trữ. Nếu có sai lệch, liên hệ bộ phận chăm sóc khách hàng theo thông tin trên website chính thức.",0
"From: Phòng CNTT <no-reply@company.vn>
Subject: Kết quả đăng ký môn học
Xin vui lòng kiểm tra lịch và phản hồi trước thời hạn ghi trong thông báo. Cảm ơn bạn. Không gửi thông tin đăng nhập cho bất kỳ ai.",0
"From: Phòng CNTT <no-reply@company.vn>
Subject: Kết quả đăng ký môn học
Vui lòng xem thông tin trong cổng thông tin nội bộ. Nếu cần hỗ trợ, hãy liên hệ bộ phận phụ trách qua kênh chính thức. Không gửi thông tin đăng nhập cho bất kỳ ai.",0
"From: Apple Security <security@service-update.top>
Subject: Xác minh tài khoản để tránh đình chỉ
Final notice. Verify your account immediately using https://service-update.top/account/confirm or access may be suspended.",1
"From: Ban quản trị hệ thống <no-reply@company.vn>
Subject: Nhắc lịch gia hạn dịch vụ
Đây là thông báo định kỳ. Bạn không cần cung cấp mật khẩu, mã OTP hoặc thông tin thẻ qua email. Tham khảo: https://company.vn/account",0
"From: Amazon Security <security@verify-user.top>
Subject: Thông báo hoàn tiền - xác nhận thông tin
Final notice. Verify your account immediately using https://verify-user.top/security-check or access may be suspended. !!! Hành động ngay lập tức!!!",1
"From: Kế toán <no-reply@company.vn>
Subject: Nhắc lịch gia hạn dịch vụ
Đây là thông báo định kỳ. Bạn không cần cung cấp mật khẩu, mã OTP hoặc thông tin thẻ qua email. Mọi thay đổi quan trọng sẽ được thông báo trên hệ thống chính thức.",0
"From: Customer Care PayPal <service@support-center.club>
Subject: Urgent: unusual login detected
Tài khoản của bạn sẽ bị đình chỉ nếu không hành động ngay. Truy cập http://support-center.club/verify để xác minh danh tính.",1
"From: MoMo Support <support@confirm-access.xyz>
Subject: Urgent: unusual login detected
Chúng tôi phát hiện hoạt động bất thường. Bạn phải xác minh thông tin đăng nhập trong 24 giờ tại https://confirm-access.xyz/login. Your accunt must be verfy today.",1
"From: Customer Care BIDV <service@account-check.click>
Subject: Khẩn cấp: tài khoản của bạn sắp bị khóa
Chúng tôi phát hiện hoạt động bất thường. Bạn phải xác minh thông tin đăng nhập trong 24 giờ tại https://account-check.click/login.",1
"From: Phòng đào tạo <no-reply@university.edu.vn>
Subject: Nhắc lịch gia hạn dịch vụ
Hệ thống sẽ được bảo trì trong thời gian dự kiến. Một số chức năng có thể tạm thời không sử dụng được.",0
"From: BIDV Support <support@security-alert.xyz>
Subject: Urgent: unusual login detected
Khoản hoàn tiền đang chờ xử lý. Vui lòng xác nhận số thẻ, CVV và mã xác minh tại https://security-alert.xyz/billing/update.",1
"From: Google Support <support@service-update.top>
Subject: Thông báo hoàn tiền - xác nhận thông tin
Final notice. Verify your account immediately using http://103.21.55.18/billing/update or access may be suspended. !!! Hành động ngay lập tức!!!",1
"From: Customer Care Amazon <service@secure-account.xyz>
Subject: Cảnh báo bảo mật - xác minh ngay
Chúng tôi phát hiện hoạt động bất thường. Bạn phải xác minh thông tin đăng nhập trong 24 giờ tại http://103.21.55.18/verify.",1
"From: Phòng CNTT <no-reply@company.vn>
Subject: Thông báo giao hàng
Biên nhận được gửi để bạn lưu trữ. Nếu có sai lệch, liên hệ bộ phận chăm sóc khách hàng theo thông tin trên website chính thức. Bạn có thể bỏ qua email này nếu thông tin đã được cập nhật.",0
"From: Ban quản trị hệ thống <no-reply@company.vn>
Subject: Lịch họp ngày mai
Đây là thông báo định kỳ. Bạn không cần cung cấp mật khẩu, mã OTP hoặc thông tin thẻ qua email. Tham khảo: https://company.vn/support",0
"From: MoMo Support <support@secure-account.xyz>
Subject: Final notice: verify your account
Khoản hoàn tiền đang chờ xử lý. Vui lòng xác nhận số thẻ, CVV và mã xác minh tại https://secure-account.xyz/account/confirm.",1
"From: Google Support <support@service-update.top>
Subject: Bạn đã trúng thưởng
Vui lòng xác minh tài khoản ngay lập tức để tránh bị khóa. Hãy nhập mật khẩu và mã OTP tại http://185.10.20.30/security-check.",1
"From: Thư viện <no-reply@university.edu.vn>
Subject: Thông báo lịch học tuần này
Biên nhận được gửi để bạn lưu trữ. Nếu có sai lệch, liên hệ bộ phận chăm sóc khách hàng theo thông tin trên website chính thức.",0
"From: PayPal Billing <billing@verify-login.top>
Subject: Thông báo hoàn tiền - xác nhận thông tin
Khoản hoàn tiền đang chờ xử lý. Vui lòng xác nhận số thẻ, CVV và mã xác minh tại https://verify-login.top/billing/update.",1
"From: Apple Billing <billing@service-update.top>
Subject: Tài khoản hết hạn hôm nay
Final notice. Verify your account immediately using http://103.21.55.18/security-check or access may be suspended.",1
"From: Dịch vụ khách hàng <no-reply@shop.vn>
Subject: Xác nhận đăng ký
Thông tin chi tiết đã được cập nhật trên hệ thống. Bạn có thể đăng nhập bằng cách tự mở ứng dụng hoặc trang web quen thuộc.",0
"From: Customer Care Amazon <service@verify-user.top>
Subject: Xác minh tài khoản để tránh đình chỉ
Vui lòng xác minh tài khoản ngay lập tức để tránh bị khóa. Hãy nhập mật khẩu và mã OTP tại http://verify-user.top/verify. !!! Hành động ngay lập tức!!!",1
"From: Bộ phận nhân sự <no-reply@company.vn>
Subject: Phiếu lương tháng này
Xin vui lòng kiểm tra lịch và phản hồi trước thời hạn ghi trong thông báo. Cảm ơn bạn. Không gửi thông tin đăng nhập cho bất kỳ ai.",0
"From: Apple Security <security@security-alert.xyz>
Subject: Yêu cầu cập nhật thông tin thanh toán
Final notice. Verify your account immediately using https://security-alert.xyz/billing/update or access may be suspended.",1
"From: Phòng CNTT <no-reply@company.vn>
Subject: Tài liệu cuộc họp
Biên nhận được gửi để bạn lưu trữ. Nếu có sai lệch, liên hệ bộ phận chăm sóc khách hàng theo thông tin trên website chính thức.",0
"From: Phòng hành chính <no-reply@university.edu.vn>
Subject: Phiếu lương tháng này
Hệ thống sẽ được bảo trì trong thời gian dự kiến. Một số chức năng có thể tạm thời không sử dụng được. Mọi thay đổi quan trọng sẽ được thông báo trên hệ thống chính thức.",0
"From: Microsoft Billing <billing@mail-security.club>
Subject: Bạn đã trúng thưởng
Tài khoản của bạn sẽ bị đình chỉ nếu không hành động ngay. Truy cập http://mail-security.club/verify để xác minh danh tính.",1
"From: Phòng CNTT <no-reply@company.vn>
Subject: Thông báo lịch học tuần này
Vui lòng xem thông tin trong cổng thông tin nội bộ. Nếu cần hỗ trợ, hãy liên hệ bộ phận phụ trách qua kênh chính thức. Bạn có thể bỏ qua email này nếu thông tin đã được cập nhật.",0
"From: Thư viện <no-reply@university.edu.vn>
Subject: Thông báo giao hàng
Vui lòng xem thông tin trong cổng thông tin nội bộ. Nếu cần hỗ trợ, hãy liên hệ bộ phận phụ trách qua kênh chính thức. Bạn có thể bỏ qua email này nếu thông tin đã được cập nhật.",0
"From: Bộ phận nhân sự <no-reply@company.vn>
Subject: Thông báo lịch học tuần này
Biên nhận được gửi để bạn lưu trữ. Nếu có sai lệch, liên hệ bộ phận chăm sóc khách hàng theo thông tin trên website chính thức. Tham khảo: https://portal.company.vn/",0
"From: Ban quản trị hệ thống <no-reply@company.vn>
Subject: Kết quả đăng ký môn học
Biên nhận được gửi để bạn lưu trữ. Nếu có sai lệch, liên hệ bộ phận chăm sóc khách hàng theo thông tin trên website chính thức. Mọi thay đổi quan trọng sẽ được thông báo trên hệ thống chính thức. Tham khảo: https://portal.company.vn/",0
"From: Kế toán <no-reply@company.vn>
Subject: Nhắc lịch gia hạn dịch vụ
Xin vui lòng kiểm tra lịch và phản hồi trước thời hạn ghi trong thông báo. Cảm ơn bạn. Nếu không yêu cầu thao tác này, hãy liên hệ bộ phận hỗ trợ. Tham khảo: https://company.vn/support",0
"From: Techcombank Billing <billing@confirm-access.xyz>
Subject: Security alert: act now
Chúng tôi phát hiện hoạt động bất thường. Bạn phải xác minh thông tin đăng nhập trong 24 giờ tại http://45.76.123.9/verify. Your accunt must be verfy today.",1
"From: PayPal Security <security@verify-login.top>
Subject: Xác minh tài khoản để tránh đình chỉ
Khoản hoàn tiền đang chờ xử lý. Vui lòng xác nhận số thẻ, CVV và mã xác minh tại https://verify-login.top/billing/update. Your accunt must be verfy today.",1
"From: Amazon Billing <billing@secure-account.xyz>
Subject: Thông báo hoàn tiền - xác nhận thông tin
Vui lòng xác minh tài khoản ngay lập tức để tránh bị khóa. Hãy nhập mật khẩu và mã OTP tại https://secure-account.xyz/login.",1
"From: Phòng hành chính <no-reply@university.edu.vn>
Subject: Lịch họp ngày mai
Xin vui lòng kiểm tra lịch và phản hồi trước thời hạn ghi trong thông báo. Cảm ơn bạn. Mọi thay đổi quan trọng sẽ được thông báo trên hệ thống chính thức.",0
"From: PayPal Support <support@secure-account.xyz>
Subject: Cảnh báo bảo mật - xác minh ngay
Bạn được chọn nhận phần thưởng. Hãy cung cấp thông tin tài khoản và xác nhận tại http://103.21.55.18/account/confirm để nhận tiền. Your accunt must be verfy today.",1
"From: Ban quản trị hệ thống <no-reply@company.vn>
Subject: Thông báo bảo trì hệ thống
Đây là thông báo định kỳ. Bạn không cần cung cấp mật khẩu, mã OTP hoặc thông tin thẻ qua email. Tham khảo: https://company.vn/account",0
"From: Techcombank Security <security@service-update.top>
Subject: Yêu cầu cập nhật thông tin thanh toán
Chúng tôi phát hiện hoạt động bất thường. Bạn phải xác minh thông tin đăng nhập trong 24 giờ tại https://service-update.top/account/confirm. !!! Hành động ngay lập tức!!!",1
"From: Dịch vụ khách hàng <no-reply@shop.vn>
Subject: Tài liệu cuộc họp
Thông tin chi tiết đã được cập nhật trên hệ thống. Bạn có thể đăng nhập bằng cách tự mở ứng dụng hoặc trang web quen thuộc. Mọi thay đổi quan trọng sẽ được thông báo trên hệ thống chính thức.",0
"From: Amazon Support <support@secure-account.xyz>
Subject: Yêu cầu cập nhật thông tin thanh toán
Chúng tôi phát hiện hoạt động bất thường. Bạn phải xác minh thông tin đăng nhập trong 24 giờ tại https://secure-account.xyz/account/confirm. Your accunt must be verfy today.",1
"From: Amazon Security <security@mail-security.club>
Subject: Bạn đã trúng thưởng
Khoản hoàn tiền đang chờ xử lý. Vui lòng xác nhận số thẻ, CVV và mã xác minh tại https://mail-security.club/login. Your accunt must be verfy today.",1
"From: Customer Care Apple <service@login-protect.click>
Subject: Urgent: unusual login detected
Bạn được chọn nhận phần thưởng. Hãy cung cấp thông tin tài khoản và xác nhận tại https://login-protect.click/security-check để nhận tiền. !!! Hành động ngay lập tức!!!",1
"From: Phòng hành chính <no-reply@university.edu.vn>
Subject: Lịch họp ngày mai
Biên nhận được gửi để bạn lưu trữ. Nếu có sai lệch, liên hệ bộ phận chăm sóc khách hàng theo thông tin trên website chính thức. Không gửi thông tin đăng nhập cho bất kỳ ai.",0
"From: Phòng CNTT <no-reply@company.vn>
Subject: Phiếu lương tháng này
Thông tin chi tiết đã được cập nhật trên hệ thống. Bạn có thể đăng nhập bằng cách tự mở ứng dụng hoặc trang web quen thuộc.",0
"From: Google Security <security@security-alert.xyz>
Subject: Xác minh tài khoản để tránh đình chỉ
Final notice. Verify your account immediately using https://security-alert.xyz/billing/update or access may be suspended. !!! Hành động ngay lập tức!!! Your accunt must be verfy today.",1
"From: PayPal Security <security@confirm-access.xyz>
Subject: Khẩn cấp: tài khoản của bạn sắp bị khóa
Tài khoản của bạn sẽ bị đình chỉ nếu không hành động ngay. Truy cập https://confirm-access.xyz/account/confirm để xác minh danh tính.",1
"From: MoMo Billing <billing@mail-security.club>
Subject: Tài khoản hết hạn hôm nay
Tài khoản của bạn sẽ bị đình chỉ nếu không hành động ngay. Truy cập https://mail-security.club/security-check để xác minh danh tính. !!! Hành động ngay lập tức!!! Your accunt must be verfy today.",1
"From: Phòng CNTT <no-reply@company.vn>
Subject: Thông báo bảo trì hệ thống
Đây là thông báo định kỳ. Bạn không cần cung cấp mật khẩu, mã OTP hoặc thông tin thẻ qua email. Tham khảo: https://portal.company.vn/",0
"From: Google Billing <billing@login-protect.click>
Subject: Cảnh báo bảo mật - xác minh ngay
Final notice. Verify your account immediately using http://185.10.20.30/verify or access may be suspended. !!! Hành động ngay lập tức!!! Your accunt must be verfy today.",1
"From: Dịch vụ khách hàng <no-reply@shop.vn>
Subject: Lịch họp ngày mai
Đây là thông báo định kỳ. Bạn không cần cung cấp mật khẩu, mã OTP hoặc thông tin thẻ qua email.",0
"From: Techcombank Security <security@verify-login.top>
Subject: Bạn đã trúng thưởng
Chúng tôi phát hiện hoạt động bất thường. Bạn phải xác minh thông tin đăng nhập trong 24 giờ tại https://verify-login.top/login.",1
"From: Apple Support <support@login-protect.click>
Subject: Yêu cầu cập nhật thông tin thanh toán
Vui lòng xác minh tài khoản ngay lập tức để tránh bị khóa. Hãy nhập mật khẩu và mã OTP tại https://login-protect.click/account/confirm.",1
"From: Google Support <support@secure-account.xyz>
Subject: Cảnh báo bảo mật - xác minh ngay
Tài khoản của bạn sẽ bị đình chỉ nếu không hành động ngay. Truy cập https://secure-account.xyz/security-check để xác minh danh tính.",1
"From: Google Security <security@account-review.xyz>
Subject: Urgent: unusual login detected
Tài khoản của bạn sẽ bị đình chỉ nếu không hành động ngay. Truy cập https://account-review.xyz/security-check để xác minh danh tính.",1
"From: Thư viện <no-reply@university.edu.vn>
Subject: Phiếu lương tháng này
Xin vui lòng kiểm tra lịch và phản hồi trước thời hạn ghi trong thông báo. Cảm ơn bạn. Bạn có thể bỏ qua email này nếu thông tin đã được cập nhật.",0
"From: Phòng đào tạo <no-reply@university.edu.vn>
Subject: Lịch họp ngày mai
Biên nhận được gửi để bạn lưu trữ. Nếu có sai lệch, liên hệ bộ phận chăm sóc khách hàng theo thông tin trên website chính thức. Tham khảo: https://portal.university.edu.vn/",0
"From: Dịch vụ khách hàng <no-reply@shop.vn>
Subject: Thông báo lịch học tuần này
Vui lòng xem thông tin trong cổng thông tin nội bộ. Nếu cần hỗ trợ, hãy liên hệ bộ phận phụ trách qua kênh chính thức. Bạn có thể bỏ qua email này nếu thông tin đã được cập nhật.",0
"From: Microsoft Security <security@account-check.click>
Subject: Yêu cầu cập nhật thông tin thanh toán
Chúng tôi phát hiện hoạt động bất thường. Bạn phải xác minh thông tin đăng nhập trong 24 giờ tại https://account-check.click/login. !!! Hành động ngay lập tức!!!",1
"From: Customer Care Google <service@verify-user.top>
Subject: Thông báo hoàn tiền - xác nhận thông tin
Tài khoản của bạn sẽ bị đình chỉ nếu không hành động ngay. Truy cập https://verify-user.top/account/confirm để xác minh danh tính. !!! Hành động ngay lập tức!!! Your accunt must be verfy today.",1
"From: Thư viện <no-reply@university.edu.vn>
Subject: Xác nhận đăng ký
Đây là thông báo định kỳ. Bạn không cần cung cấp mật khẩu, mã OTP hoặc thông tin thẻ qua email.",0
"From: Vietcombank Billing <billing@mail-security.club>
Subject: Khẩn cấp: tài khoản của bạn sắp bị khóa
Tài khoản của bạn sẽ bị đình chỉ nếu không hành động ngay. Truy cập https://mail-security.club/security-check để xác minh danh tính.",1
"From: Dịch vụ khách hàng <no-reply@shop.vn>
Subject: Tài liệu cuộc họp
Thông tin chi tiết đã được cập nhật trên hệ thống. Bạn có thể đăng nhập bằng cách tự mở ứng dụng hoặc trang web quen thuộc.",0
"From: Customer Care BIDV <service@account-check.click>
Subject: Urgent: unusual login detected
Vui lòng xác minh tài khoản ngay lập tức để tránh bị khóa. Hãy nhập mật khẩu và mã OTP tại https://account-check.click/security-check. !!! Hành động ngay lập tức!!! Your accunt must be verfy today.",1
"From: Kế toán <no-reply@company.vn>
Subject: Lịch họp ngày mai
Đây là thông báo định kỳ. Bạn không cần cung cấp mật khẩu, mã OTP hoặc thông tin thẻ qua email. Mọi thay đổi quan trọng sẽ được thông báo trên hệ thống chính thức.",0
"From: Dịch vụ khách hàng <no-reply@shop.vn>
Subject: Xác nhận đăng ký
Hệ thống sẽ được bảo trì trong thời gian dự kiến. Một số chức năng có thể tạm thời không sử dụng được. Bạn có thể bỏ qua email này nếu thông tin đã được cập nhật.",0
"From: Thư viện <no-reply@university.edu.vn>
Subject: Lịch họp ngày mai
Vui lòng xem thông tin trong cổng thông tin nội bộ. Nếu cần hỗ trợ, hãy liên hệ bộ phận phụ trách qua kênh chính thức. Không gửi thông tin đăng nhập cho bất kỳ ai. Tham khảo: https://university.edu.vn/support",0
"From: Vietcombank Security <security@account-review.xyz>
Subject: Urgent: unusual login detected
Vui lòng xác minh tài khoản ngay lập tức để tránh bị khóa. Hãy nhập mật khẩu và mã OTP tại http://103.21.55.18/verify.",1
"From: Vietcombank Support <support@mail-security.club>
Subject: Security alert: act now
Bạn được chọn nhận phần thưởng. Hãy cung cấp thông tin tài khoản và xác nhận tại https://mail-security.club/security-check để nhận tiền. !!! Hành động ngay lập tức!!!",1
"From: Kế toán <no-reply@company.vn>
Subject: Tài liệu cuộc họp
Hệ thống sẽ được bảo trì trong thời gian dự kiến. Một số chức năng có thể tạm thời không sử dụng được. Bạn có thể bỏ qua email này nếu thông tin đã được cập nhật.",0
"From: Google Security <security@billing-confirm.loan>
Subject: Security alert: act now
Tài khoản của bạn sẽ bị đình chỉ nếu không hành động ngay. Truy cập http://billing-confirm.loan/verify để xác minh danh tính. !!! Hành động ngay lập tức!!! Your accunt must be verfy today.",1
"From: Google Support <support@verify-user.top>
Subject: Khẩn cấp: tài khoản của bạn sắp bị khóa
Chúng tôi phát hiện hoạt động bất thường. Bạn phải xác minh thông tin đăng nhập trong 24 giờ tại http://verify-user.top/verify.",1
"From: BIDV Support <support@confirm-access.xyz>
Subject: Yêu cầu cập nhật thông tin thanh toán
Final notice. Verify your account immediately using https://confirm-access.xyz/security-check or access may be suspended.",1
"From: Microsoft Security <security@service-update.top>
Subject: Urgent: unusual login detected
Khoản hoàn tiền đang chờ xử lý. Vui lòng xác nhận số thẻ, CVV và mã xác minh tại http://45.76.123.9/account/confirm.",1
"From: Phòng hành chính <no-reply@university.edu.vn>
Subject: Xác nhận đăng ký
Vui lòng xem thông tin trong cổng thông tin nội bộ. Nếu cần hỗ trợ, hãy liên hệ bộ phận phụ trách qua kênh chính thức. Bạn có thể bỏ qua email này nếu thông tin đã được cập nhật.",0
"From: Phòng CNTT <no-reply@company.vn>
Subject: Phiếu lương tháng này
Vui lòng xem thông tin trong cổng thông tin nội bộ. Nếu cần hỗ trợ, hãy liên hệ bộ phận phụ trách qua kênh chính thức.",0
"From: Customer Care BIDV <service@account-review.xyz>
Subject: Cảnh báo bảo mật - xác minh ngay
Khoản hoàn tiền đang chờ xử lý. Vui lòng xác nhận số thẻ, CVV và mã xác minh tại https://account-review.xyz/billing/update. !!! Hành động ngay lập tức!!!",1
"From: Google Support <support@mail-security.club>
Subject: Urgent: unusual login detected
Khoản hoàn tiền đang chờ xử lý. Vui lòng xác nhận số thẻ, CVV và mã xác minh tại https://mail-security.club/account/confirm. Your accunt must be verfy today.",1
"From: Techcombank Security <security@support-center.club>
Subject: Cảnh báo bảo mật - xác minh ngay
Bạn được chọn nhận phần thưởng. Hãy cung cấp thông tin tài khoản và xác nhận tại http://185.10.20.30/verify để nhận tiền.",1
"From: Ban quản trị hệ thống <no-reply@company.vn>
Subject: Kết quả đăng ký môn học
Đây là thông báo định kỳ. Bạn không cần cung cấp mật khẩu, mã OTP hoặc thông tin thẻ qua email.",0
"From: Bộ phận nhân sự <no-reply@company.vn>
Subject: Xác nhận đăng ký
Vui lòng xem thông tin trong cổng thông tin nội bộ. Nếu cần hỗ trợ, hãy liên hệ bộ phận phụ trách qua kênh chính thức. Tham khảo: https://portal.company.vn/",0
"From: Ban quản trị hệ thống <no-reply@company.vn>
Subject: Biên nhận thanh toán
Đây là thông báo định kỳ. Bạn không cần cung cấp mật khẩu, mã OTP hoặc thông tin thẻ qua email. Không gửi thông tin đăng nhập cho bất kỳ ai. Tham khảo: https://company.vn/account",0
"From: Google Billing <billing@billing-confirm.loan>
Subject: Khẩn cấp: tài khoản của bạn sắp bị khóa
Tài khoản của bạn sẽ bị đình chỉ nếu không hành động ngay. Truy cập https://billing-confirm.loan/account/confirm để xác minh danh tính.",1
"From: Thư viện <no-reply@university.edu.vn>
Subject: Lịch họp ngày mai
Hệ thống sẽ được bảo trì trong thời gian dự kiến. Một số chức năng có thể tạm thời không sử dụng được. Nếu không yêu cầu thao tác này, hãy liên hệ bộ phận hỗ trợ.",0
"From: Google Security <security@confirm-access.xyz>
Subject: Yêu cầu cập nhật thông tin thanh toán
Chúng tôi phát hiện hoạt động bất thường. Bạn phải xác minh thông tin đăng nhập trong 24 giờ tại https://confirm-access.xyz/billing/update.",1
"From: Customer Care Amazon <service@security-alert.xyz>
Subject: Xác minh tài khoản để tránh đình chỉ
Bạn được chọn nhận phần thưởng. Hãy cung cấp thông tin tài khoản và xác nhận tại https://security-alert.xyz/billing/update để nhận tiền. Your accunt must be verfy today.",1
"From: Customer Care Amazon <service@verify-login.top>
Subject: Final notice: verify your account
Chúng tôi phát hiện hoạt động bất thường. Bạn phải xác minh thông tin đăng nhập trong 24 giờ tại http://45.76.123.9/billing/update.",1
"From: Amazon Billing <billing@account-check.click>
Subject: Cảnh báo bảo mật - xác minh ngay
Bạn được chọn nhận phần thưởng. Hãy cung cấp thông tin tài khoản và xác nhận tại http://103.21.55.18/verify để nhận tiền.",1
"From: Vietcombank Support <support@security-alert.xyz>
Subject: Thông báo hoàn tiền - xác nhận thông tin
Vui lòng xác minh tài khoản ngay lập tức để tránh bị khóa. Hãy nhập mật khẩu và mã OTP tại http://security-alert.xyz/verify.",1
"From: Ban quản trị hệ thống <no-reply@company.vn>
Subject: Tài liệu cuộc họp
Đây là thông báo định kỳ. Bạn không cần cung cấp mật khẩu, mã OTP hoặc thông tin thẻ qua email.",0
"From: Customer Care Apple <service@billing-confirm.loan>
Subject: Tài khoản hết hạn hôm nay
Khoản hoàn tiền đang chờ xử lý. Vui lòng xác nhận số thẻ, CVV và mã xác minh tại https://billing-confirm.loan/billing/update.",1
"From: Kế toán <no-reply@company.vn>
Subject: Tài liệu cuộc họp
Thông tin chi tiết đã được cập nhật trên hệ thống. Bạn có thể đăng nhập bằng cách tự mở ứng dụng hoặc trang web quen thuộc.",0
"From: Google Billing <billing@billing-confirm.loan>
Subject: Security alert: act now
Vui lòng xác minh tài khoản ngay lập tức để tránh bị khóa. Hãy nhập mật khẩu và mã OTP tại https://billing-confirm.loan/billing/update. !!! Hành động ngay lập tức!!!",1
"From: PayPal Support <support@account-check.click>
Subject: Tài khoản hết hạn hôm nay
Vui lòng xác minh tài khoản ngay lập tức để tránh bị khóa. Hãy nhập mật khẩu và mã OTP tại https://account-check.click/account/confirm.",1
"From: MoMo Billing <billing@secure-account.xyz>
Subject: Security alert: act now
Khoản hoàn tiền đang chờ xử lý. Vui lòng xác nhận số thẻ, CVV và mã xác minh tại https://secure-account.xyz/security-check.",1
"From: BIDV Security <security@account-check.click>
Subject: Final notice: verify your account
Vui lòng xác minh tài khoản ngay lập tức để tránh bị khóa. Hãy nhập mật khẩu và mã OTP tại http://185.10.20.30/verify.",1
"From: Phòng hành chính <no-reply@university.edu.vn>
Subject: Tài liệu cuộc họp
Hệ thống sẽ được bảo trì trong thời gian dự kiến. Một số chức năng có thể tạm thời không sử dụng được. Bạn có thể bỏ qua email này nếu thông tin đã được cập nhật.",0
"From: Customer Care Google <service@verify-user.top>
Subject: Xác minh tài khoản để tránh đình chỉ
Tài khoản của bạn sẽ bị đình chỉ nếu không hành động ngay. Truy cập http://103.21.55.18/billing/update để xác minh danh tính. Your accunt must be verfy today.",1
"From: Customer Care Apple <service@secure-account.xyz>
Subject: Bạn đã trúng thưởng
Bạn được chọn nhận phần thưởng. Hãy cung cấp thông tin tài khoản và xác nhận tại https://secure-account.xyz/account/confirm để nhận tiền. Your accunt must be verfy today.",1
"From: Phòng CNTT <no-reply@company.vn>
Subject: Thông báo bảo trì hệ thống
Hệ thống sẽ được bảo trì trong thời gian dự kiến. Một số chức năng có thể tạm thời không sử dụng được. Mọi thay đổi quan trọng sẽ được thông báo trên hệ thống chính thức.",0
"From: Dịch vụ khách hàng <no-reply@shop.vn>
Subject: Phiếu lương tháng này
Biên nhận được gửi để bạn lưu trữ. Nếu có sai lệch, liên hệ bộ phận chăm sóc khách hàng theo thông tin trên website chính thức.",0
"From: Ban quản trị hệ thống <no-reply@company.vn>
Subject: Thông báo giao hàng
Đây là thông báo định kỳ. Bạn không cần cung cấp mật khẩu, mã OTP hoặc thông tin thẻ qua email. Bạn có thể bỏ qua email này nếu thông tin đã được cập nhật.",0
"From: Thư viện <no-reply@university.edu.vn>
Subject: Thông báo bảo trì hệ thống
Hệ thống sẽ được bảo trì trong thời gian dự kiến. Một số chức năng có thể tạm thời không sử dụng được. Bạn có thể bỏ qua email này nếu thông tin đã được cập nhật.",0
"From: MoMo Security <security@support-center.club>
Subject: Thông báo hoàn tiền - xác nhận thông tin
Chúng tôi phát hiện hoạt động bất thường. Bạn phải xác minh thông tin đăng nhập trong 24 giờ tại https://support-center.club/account/confirm.",1
"From: Phòng CNTT <no-reply@company.vn>
Subject: Biên nhận thanh toán
Vui lòng xem thông tin trong cổng thông tin nội bộ. Nếu cần hỗ trợ, hãy liên hệ bộ phận phụ trách qua kênh chính thức. Nếu không yêu cầu thao tác này, hãy liên hệ bộ phận hỗ trợ.",0
"From: Thư viện <no-reply@university.edu.vn>
Subject: Kết quả đăng ký môn học
Đây là thông báo định kỳ. Bạn không cần cung cấp mật khẩu, mã OTP hoặc thông tin thẻ qua email.",0
"From: Phòng CNTT <no-reply@company.vn>
Subject: Tài liệu cuộc họp
Đây là thông báo định kỳ. Bạn không cần cung cấp mật khẩu, mã OTP hoặc thông tin thẻ qua email.",0
"From: Google Support <support@security-alert.xyz>
Subject: Khẩn cấp: tài khoản của bạn sắp bị khóa
Vui lòng xác minh tài khoản ngay lập tức để tránh bị khóa. Hãy nhập mật khẩu và mã OTP tại https://security-alert.xyz/account/confirm.",1
"From: MoMo Security <security@service-update.top>
Subject: Bạn đã trúng thưởng
Khoản hoàn tiền đang chờ xử lý. Vui lòng xác nhận số thẻ, CVV và mã xác minh tại https://service-update.top/account/confirm.",1
"From: Ban quản trị hệ thống <no-reply@company.vn>
Subject: Lịch họp ngày mai
Vui lòng xem thông tin trong cổng thông tin nội bộ. Nếu cần hỗ trợ, hãy liên hệ bộ phận phụ trách qua kênh chính thức. Mọi thay đổi quan trọng sẽ được thông báo trên hệ thống chính thức.",0
"From: Phòng CNTT <no-reply@company.vn>
Subject: Xác nhận đăng ký
Vui lòng xem thông tin trong cổng thông tin nội bộ. Nếu cần hỗ trợ, hãy liên hệ bộ phận phụ trách qua kênh chính thức.",0
"From: Phòng đào tạo <no-reply@university.edu.vn>
Subject: Tài liệu cuộc họp
Đây là thông báo định kỳ. Bạn không cần cung cấp mật khẩu, mã OTP hoặc thông tin thẻ qua email.",0
"From: Amazon Support <support@secure-account.xyz>
Subject: Urgent: unusual login detected
Khoản hoàn tiền đang chờ xử lý. Vui lòng xác nhận số thẻ, CVV và mã xác minh tại https://secure-account.xyz/account/confirm. !!! Hành động ngay lập tức!!!",1
"From: Ban quản trị hệ thống <no-reply@company.vn>
Subject: Thông báo giao hàng
Đây là thông báo định kỳ. Bạn không cần cung cấp mật khẩu, mã OTP hoặc thông tin thẻ qua email. Không gửi thông tin đăng nhập cho bất kỳ ai. Tham khảo: https://company.vn/support",0
"From: Bộ phận nhân sự <no-reply@company.vn>
Subject: Thông báo bảo trì hệ thống
Xin vui lòng kiểm tra lịch và phản hồi trước thời hạn ghi trong thông báo. Cảm ơn bạn. Không gửi thông tin đăng nhập cho bất kỳ ai.",0
"From: BIDV Support <support@service-update.top>
Subject: Cảnh báo bảo mật - xác minh ngay
Vui lòng xác minh tài khoản ngay lập tức để tránh bị khóa. Hãy nhập mật khẩu và mã OTP tại http://service-update.top/verify. Your accunt must be verfy today.",1
"From: Customer Care BIDV <service@confirm-access.xyz>
Subject: Tài khoản hết hạn hôm nay
Khoản hoàn tiền đang chờ xử lý. Vui lòng xác nhận số thẻ, CVV và mã xác minh tại https://confirm-access.xyz/login.",1
"From: Kế toán <no-reply@company.vn>
Subject: Phiếu lương tháng này
Biên nhận được gửi để bạn lưu trữ. Nếu có sai lệch, liên hệ bộ phận chăm sóc khách hàng theo thông tin trên website chính thức. Bạn có thể bỏ qua email này nếu thông tin đã được cập nhật. Tham khảo: https://company.vn/account",0
"From: Microsoft Security <security@confirm-access.xyz>
Subject: Khẩn cấp: tài khoản của bạn sắp bị khóa
Bạn được chọn nhận phần thưởng. Hãy cung cấp thông tin tài khoản và xác nhận tại https://confirm-access.xyz/security-check để nhận tiền. Your accunt must be verfy today.",1
"From: Techcombank Security <security@service-update.top>
Subject: Security alert: act now
Chúng tôi phát hiện hoạt động bất thường. Bạn phải xác minh thông tin đăng nhập trong 24 giờ tại https://service-update.top/account/confirm. !!! Hành động ngay lập tức!!!",1
"From: Customer Care Amazon <service@mail-security.club>
Subject: Tài khoản hết hạn hôm nay
Chúng tôi phát hiện hoạt động bất thường. Bạn phải xác minh thông tin đăng nhập trong 24 giờ tại https://mail-security.club/billing/update. Your accunt must be verfy today.",1
"From: Phòng CNTT <no-reply@company.vn>
Subject: Thông báo giao hàng
Hệ thống sẽ được bảo trì trong thời gian dự kiến. Một số chức năng có thể tạm thời không sử dụng được. Nếu không yêu cầu thao tác này, hãy liên hệ bộ phận hỗ trợ.",0
"From: Phòng đào tạo <no-reply@university.edu.vn>
Subject: Thông báo giao hàng
Hệ thống sẽ được bảo trì trong thời gian dự kiến. Một số chức năng có thể tạm thời không sử dụng được. Bạn có thể bỏ qua email này nếu thông tin đã được cập nhật.",0
"From: Phòng đào tạo <no-reply@university.edu.vn>
Subject: Biên nhận thanh toán
Xin vui lòng kiểm tra lịch và phản hồi trước thời hạn ghi trong thông báo. Cảm ơn bạn.",0
"From: Kế toán <no-reply@company.vn>
Subject: Biên nhận thanh toán
Biên nhận được gửi để bạn lưu trữ. Nếu có sai lệch, liên hệ bộ phận chăm sóc khách hàng theo thông tin trên website chính thức.",0
"From: Customer Care Amazon <service@account-check.click>
Subject: Cảnh báo bảo mật - xác minh ngay
Khoản hoàn tiền đang chờ xử lý. Vui lòng xác nhận số thẻ, CVV và mã xác minh tại http://account-check.click/verify. Your accunt must be verfy today.",1
"From: Amazon Billing <billing@verify-user.top>
Subject: Cảnh báo bảo mật - xác minh ngay
Final notice. Verify your account immediately using https://verify-user.top/account/confirm or access may be suspended.",1
"From: Kế toán <no-reply@company.vn>
Subject: Thông báo giao hàng
Thông tin chi tiết đã được cập nhật trên hệ thống. Bạn có thể đăng nhập bằng cách tự mở ứng dụng hoặc trang web quen thuộc. Tham khảo: https://company.vn/account",0
"From: Techcombank Billing <billing@verify-user.top>
Subject: Cảnh báo bảo mật - xác minh ngay
Khoản hoàn tiền đang chờ xử lý. Vui lòng xác nhận số thẻ, CVV và mã xác minh tại https://verify-user.top/login.",1
"From: PayPal Billing <billing@verify-login.top>
Subject: Thông báo hoàn tiền - xác nhận thông tin
Tài khoản của bạn sẽ bị đình chỉ nếu không hành động ngay. Truy cập https://verify-login.top/login để xác minh danh tính.",1
"From: Phòng hành chính <no-reply@university.edu.vn>
Subject: Nhắc lịch gia hạn dịch vụ
Vui lòng xem thông tin trong cổng thông tin nội bộ. Nếu cần hỗ trợ, hãy liên hệ bộ phận phụ trách qua kênh chính thức. Tham khảo: https://portal.university.edu.vn/",0
"From: Ban quản trị hệ thống <no-reply@company.vn>
Subject: Thông báo lịch học tuần này
Biên nhận được gửi để bạn lưu trữ. Nếu có sai lệch, liên hệ bộ phận chăm sóc khách hàng theo thông tin trên website chính thức.",0
"From: Techcombank Billing <billing@verify-user.top>
Subject: Khẩn cấp: tài khoản của bạn sắp bị khóa
Khoản hoàn tiền đang chờ xử lý. Vui lòng xác nhận số thẻ, CVV và mã xác minh tại http://45.76.123.9/security-check.",1
"From: MoMo Security <security@billing-confirm.loan>
Subject: Security alert: act now
Tài khoản của bạn sẽ bị đình chỉ nếu không hành động ngay. Truy cập https://billing-confirm.loan/security-check để xác minh danh tính.",1
"From: Ban quản trị hệ thống <no-reply@company.vn>
Subject: Kết quả đăng ký môn học
Vui lòng xem thông tin trong cổng thông tin nội bộ. Nếu cần hỗ trợ, hãy liên hệ bộ phận phụ trách qua kênh chính thức.",0
"From: Bộ phận nhân sự <no-reply@company.vn>
Subject: Tài liệu cuộc họp
Biên nhận được gửi để bạn lưu trữ. Nếu có sai lệch, liên hệ bộ phận chăm sóc khách hàng theo thông tin trên website chính thức. Mọi thay đổi quan trọng sẽ được thông báo trên hệ thống chính thức. Tham khảo: https://company.vn/account",0
"From: Vietcombank Support <support@mail-security.club>
Subject: Final notice: verify your account
Final notice. Verify your account immediately using http://mail-security.club/verify or access may be suspended.",1
"From: Customer Care Microsoft <service@security-alert.xyz>
Subject: Xác minh tài khoản để tránh đình chỉ
Chúng tôi phát hiện hoạt động bất thường. Bạn phải xác minh thông tin đăng nhập trong 24 giờ tại https://security-alert.xyz/login. !!! Hành động ngay lập tức!!!",1
"From: Phòng hành chính <no-reply@university.edu.vn>
Subject: Thông báo lịch học tuần này
Biên nhận được gửi để bạn lưu trữ. Nếu có sai lệch, liên hệ bộ phận chăm sóc khách hàng theo thông tin trên website chính thức.",0
"From: Amazon Support <support@secure-account.xyz>
Subject: Cảnh báo bảo mật - xác minh ngay
Final notice. Verify your account immediately using http://secure-account.xyz/verify or access may be suspended. Your accunt must be verfy today.",1
"From: Vietcombank Billing <billing@secure-account.xyz>
Subject: Khẩn cấp: tài khoản của bạn sắp bị khóa
Vui lòng xác minh tài khoản ngay lập tức để tránh bị khóa. Hãy nhập mật khẩu và mã OTP tại http://secure-account.xyz/verify.",1
"From: Bộ phận nhân sự <no-reply@company.vn>
Subject: Kết quả đăng ký môn học
Biên nhận được gửi để bạn lưu trữ. Nếu có sai lệch, liên hệ bộ phận chăm sóc khách hàng theo thông tin trên website chính thức. Nếu không yêu cầu thao tác này, hãy liên hệ bộ phận hỗ trợ. Tham khảo: https://company.vn/support",0
"From: Bộ phận nhân sự <no-reply@company.vn>
Subject: Thông báo lịch học tuần này
Vui lòng xem thông tin trong cổng thông tin nội bộ. Nếu cần hỗ trợ, hãy liên hệ bộ phận phụ trách qua kênh chính thức. Không gửi thông tin đăng nhập cho bất kỳ ai.",0
"From: Bộ phận nhân sự <no-reply@company.vn>
Subject: Thông báo lịch học tuần này
Vui lòng xem thông tin trong cổng thông tin nội bộ. Nếu cần hỗ trợ, hãy liên hệ bộ phận phụ trách qua kênh chính thức. Bạn có thể bỏ qua email này nếu thông tin đã được cập nhật.",0
"From: Phòng đào tạo <no-reply@university.edu.vn>
Subject: Phiếu lương tháng này
Xin vui lòng kiểm tra lịch và phản hồi trước thời hạn ghi trong thông báo. Cảm ơn bạn. Nếu không yêu cầu thao tác này, hãy liên hệ bộ phận hỗ trợ.",0
"From: Thư viện <no-reply@university.edu.vn>
Subject: Thông báo giao hàng
Xin vui lòng kiểm tra lịch và phản hồi trước thời hạn ghi trong thông báo. Cảm ơn bạn. Nếu không yêu cầu thao tác này, hãy liên hệ bộ phận hỗ trợ.",0
"From: Phòng đào tạo <no-reply@university.edu.vn>
Subject: Tài liệu cuộc họp
Vui lòng xem thông tin trong cổng thông tin nội bộ. Nếu cần hỗ trợ, hãy liên hệ bộ phận phụ trách qua kênh chính thức. Bạn có thể bỏ qua email này nếu thông tin đã được cập nhật.",0
"From: MoMo Billing <billing@service-update.top>
Subject: Xác minh tài khoản để tránh đình chỉ
Bạn được chọn nhận phần thưởng. Hãy cung cấp thông tin tài khoản và xác nhận tại https://service-update.top/billing/update để nhận tiền.",1
"From: Phòng đào tạo <no-reply@university.edu.vn>
Subject: Thông báo giao hàng
Xin vui lòng kiểm tra lịch và phản hồi trước thời hạn ghi trong thông báo. Cảm ơn bạn. Nếu không yêu cầu thao tác này, hãy liên hệ bộ phận hỗ trợ. Tham khảo: https://portal.university.edu.vn/",0
"From: Dịch vụ khách hàng <no-reply@shop.vn>
Subject: Xác nhận đăng ký
Đây là thông báo định kỳ. Bạn không cần cung cấp mật khẩu, mã OTP hoặc thông tin thẻ qua email. Tham khảo: https://shop.vn/support",0
"From: Google Support <support@support-center.club>
Subject: Khẩn cấp: tài khoản của bạn sắp bị khóa
Bạn được chọn nhận phần thưởng. Hãy cung cấp thông tin tài khoản và xác nhận tại http://103.21.55.18/account/confirm để nhận tiền.",1
"From: PayPal Billing <billing@support-center.club>
Subject: Urgent: unusual login detected
Bạn được chọn nhận phần thưởng. Hãy cung cấp thông tin tài khoản và xác nhận tại https://support-center.club/security-check để nhận tiền. !!! Hành động ngay lập tức!!!",1
"From: MoMo Support <support@support-center.club>
Subject: Yêu cầu cập nhật thông tin thanh toán
Tài khoản của bạn sẽ bị đình chỉ nếu không hành động ngay. Truy cập http://support-center.club/verify để xác minh danh tính.",1
"From: Ban quản trị hệ thống <no-reply@company.vn>
Subject: Phiếu lương tháng này
Thông tin chi tiết đã được cập nhật trên hệ thống. Bạn có thể đăng nhập bằng cách tự mở ứng dụng hoặc trang web quen thuộc.",0
"From: Microsoft Billing <billing@verify-user.top>
Subject: Security alert: act now
Final notice. Verify your account immediately using https://verify-user.top/security-check or access may be suspended.",1
"From: Microsoft Billing <billing@account-check.click>
Subject: Final notice: verify your account
Khoản hoàn tiền đang chờ xử lý. Vui lòng xác nhận số thẻ, CVV và mã xác minh tại https://account-check.click/security-check. !!! Hành động ngay lập tức!!!",1
"From: Phòng CNTT <no-reply@company.vn>
Subject: Lịch họp ngày mai
Vui lòng xem thông tin trong cổng thông tin nội bộ. Nếu cần hỗ trợ, hãy liên hệ bộ phận phụ trách qua kênh chính thức. Mọi thay đổi quan trọng sẽ được thông báo trên hệ thống chính thức.",0
"From: Dịch vụ khách hàng <no-reply@shop.vn>
Subject: Thông báo lịch học tuần này
Thông tin chi tiết đã được cập nhật trên hệ thống. Bạn có thể đăng nhập bằng cách tự mở ứng dụng hoặc trang web quen thuộc.",0
"From: Phòng hành chính <no-reply@university.edu.vn>
Subject: Nhắc lịch gia hạn dịch vụ
Đây là thông báo định kỳ. Bạn không cần cung cấp mật khẩu, mã OTP hoặc thông tin thẻ qua email. Nếu không yêu cầu thao tác này, hãy liên hệ bộ phận hỗ trợ. Tham khảo: https://university.edu.vn/account",0
"From: MoMo Security <security@confirm-access.xyz>
Subject: Tài khoản hết hạn hôm nay
Final notice. Verify your account immediately using http://45.76.123.9/billing/update or access may be suspended.",1
"From: Apple Security <security@security-alert.xyz>
Subject: Cảnh báo bảo mật - xác minh ngay
Bạn được chọn nhận phần thưởng. Hãy cung cấp thông tin tài khoản và xác nhận tại https://security-alert.xyz/billing/update để nhận tiền.",1
"From: Bộ phận nhân sự <no-reply@company.vn>
Subject: Xác nhận đăng ký
Thông tin chi tiết đã được cập nhật trên hệ thống. Bạn có thể đăng nhập bằng cách tự mở ứng dụng hoặc trang web quen thuộc. Nếu không yêu cầu thao tác này, hãy liên hệ bộ phận hỗ trợ.",0
"From: Ban quản trị hệ thống <no-reply@company.vn>
Subject: Nhắc lịch gia hạn dịch vụ
Hệ thống sẽ được bảo trì trong thời gian dự kiến. Một số chức năng có thể tạm thời không sử dụng được. Nếu không yêu cầu thao tác này, hãy liên hệ bộ phận hỗ trợ.",0
"From: Microsoft Support <support@support-center.club>
Subject: Khẩn cấp: tài khoản của bạn sắp bị khóa
Vui lòng xác minh tài khoản ngay lập tức để tránh bị khóa. Hãy nhập mật khẩu và mã OTP tại https://support-center.club/login.",1
"From: Thư viện <no-reply@university.edu.vn>
Subject: Thông báo bảo trì hệ thống
Xin vui lòng kiểm tra lịch và phản hồi trước thời hạn ghi trong thông báo. Cảm ơn bạn.",0
"From: Phòng CNTT <no-reply@company.vn>
Subject: Thông báo giao hàng
Vui lòng xem thông tin trong cổng thông tin nội bộ. Nếu cần hỗ trợ, hãy liên hệ bộ phận phụ trách qua kênh chính thức. Nếu không yêu cầu thao tác này, hãy liên hệ bộ phận hỗ trợ. Tham khảo: https://company.vn/account",0
"From: Phòng CNTT <no-reply@company.vn>
Subject: Thông báo bảo trì hệ thống
Hệ thống sẽ được bảo trì trong thời gian dự kiến. Một số chức năng có thể tạm thời không sử dụng được. Mọi thay đổi quan trọng sẽ được thông báo trên hệ thống chính thức.",0
"From: Phòng đào tạo <no-reply@university.edu.vn>
Subject: Thông báo bảo trì hệ thống
Biên nhận được gửi để bạn lưu trữ. Nếu có sai lệch, liên hệ bộ phận chăm sóc khách hàng theo thông tin trên website chính thức. Nếu không yêu cầu thao tác này, hãy liên hệ bộ phận hỗ trợ.",0
"From: Phòng đào tạo <no-reply@university.edu.vn>
Subject: Lịch họp ngày mai
Hệ thống sẽ được bảo trì trong thời gian dự kiến. Một số chức năng có thể tạm thời không sử dụng được. Tham khảo: https://portal.university.edu.vn/",0
"From: Thư viện <no-reply@university.edu.vn>
Subject: Lịch họp ngày mai
Vui lòng xem thông tin trong cổng thông tin nội bộ. Nếu cần hỗ trợ, hãy liên hệ bộ phận phụ trách qua kênh chính thức. Tham khảo: https://university.edu.vn/support",0
"From: Customer Care MoMo <service@secure-account.xyz>
Subject: Urgent: unusual login detected
Vui lòng xác minh tài khoản ngay lập tức để tránh bị khóa. Hãy nhập mật khẩu và mã OTP tại https://secure-account.xyz/security-check. Your accunt must be verfy today.",1
"From: Bộ phận nhân sự <no-reply@company.vn>
Subject: Tài liệu cuộc họp
Biên nhận được gửi để bạn lưu trữ. Nếu có sai lệch, liên hệ bộ phận chăm sóc khách hàng theo thông tin trên website chính thức. Bạn có thể bỏ qua email này nếu thông tin đã được cập nhật. Tham khảo: https://company.vn/account",0
"From: Ban quản trị hệ thống <no-reply@company.vn>
Subject: Lịch họp ngày mai
Xin vui lòng kiểm tra lịch và phản hồi trước thời hạn ghi trong thông báo. Cảm ơn bạn.",0
"From: Techcombank Support <support@login-protect.click>
Subject: Khẩn cấp: tài khoản của bạn sắp bị khóa
Khoản hoàn tiền đang chờ xử lý. Vui lòng xác nhận số thẻ, CVV và mã xác minh tại https://login-protect.click/account/confirm.",1
"From: Thư viện <no-reply@university.edu.vn>
Subject: Thông báo lịch học tuần này
Hệ thống sẽ được bảo trì trong thời gian dự kiến. Một số chức năng có thể tạm thời không sử dụng được. Nếu không yêu cầu thao tác này, hãy liên hệ bộ phận hỗ trợ.",0
"From: Dịch vụ khách hàng <no-reply@shop.vn>
Subject: Thông báo lịch học tuần này
Thông tin chi tiết đã được cập nhật trên hệ thống. Bạn có thể đăng nhập bằng cách tự mở ứng dụng hoặc trang web quen thuộc. Nếu không yêu cầu thao tác này, hãy liên hệ bộ phận hỗ trợ.",0
"From: Customer Care Apple <service@login-protect.click>
Subject: Bạn đã trúng thưởng
Chúng tôi phát hiện hoạt động bất thường. Bạn phải xác minh thông tin đăng nhập trong 24 giờ tại https://login-protect.click/billing/update. !!! Hành động ngay lập tức!!!",1
"From: Vietcombank Billing <billing@account-review.xyz>
Subject: Security alert: act now
Final notice. Verify your account immediately using http://account-review.xyz/verify or access may be suspended. !!! Hành động ngay lập tức!!!",1
"From: Kế toán <no-reply@company.vn>
Subject: Kết quả đăng ký môn học
Hệ thống sẽ được bảo trì trong thời gian dự kiến. Một số chức năng có thể tạm thời không sử dụng được. Nếu không yêu cầu thao tác này, hãy liên hệ bộ phận hỗ trợ.",0
"From: Customer Care PayPal <service@mail-security.club>
Subject: Final notice: verify your account
Chúng tôi phát hiện hoạt động bất thường. Bạn phải xác minh thông tin đăng nhập trong 24 giờ tại https://mail-security.club/login.",1
"From: Ban quản trị hệ thống <no-reply@company.vn>
Subject: Thông báo bảo trì hệ thống
Xin vui lòng kiểm tra lịch và phản hồi trước thời hạn ghi trong thông báo. Cảm ơn bạn. Tham khảo: https://company.vn/support",0
"From: Vietcombank Security <security@login-protect.click>
Subject: Tài khoản hết hạn hôm nay
Tài khoản của bạn sẽ bị đình chỉ nếu không hành động ngay. Truy cập http://login-protect.click/verify để xác minh danh tính.",1
"From: Vietcombank Security <security@confirm-access.xyz>
Subject: Xác minh tài khoản để tránh đình chỉ
Khoản hoàn tiền đang chờ xử lý. Vui lòng xác nhận số thẻ, CVV và mã xác minh tại http://103.21.55.18/security-check.",1
"From: Phòng đào tạo <no-reply@university.edu.vn>
Subject: Phiếu lương tháng này
Thông tin chi tiết đã được cập nhật trên hệ thống. Bạn có thể đăng nhập bằng cách tự mở ứng dụng hoặc trang web quen thuộc. Nếu không yêu cầu thao tác này, hãy liên hệ bộ phận hỗ trợ.",0
"From: MoMo Billing <billing@secure-account.xyz>
Subject: Tài khoản hết hạn hôm nay
Vui lòng xác minh tài khoản ngay lập tức để tránh bị khóa. Hãy nhập mật khẩu và mã OTP tại https://secure-account.xyz/login. Your accunt must be verfy today.",1
"From: Microsoft Security <security@secure-account.xyz>
Subject: Yêu cầu cập nhật thông tin thanh toán
Vui lòng xác minh tài khoản ngay lập tức để tránh bị khóa. Hãy nhập mật khẩu và mã OTP tại https://secure-account.xyz/account/confirm.",1
"From: BIDV Billing <billing@verify-login.top>
Subject: Tài khoản hết hạn hôm nay
Bạn được chọn nhận phần thưởng. Hãy cung cấp thông tin tài khoản và xác nhận tại https://verify-login.top/account/confirm để nhận tiền. !!! Hành động ngay lập tức!!!",1
"From: Apple Security <security@billing-confirm.loan>
Subject: Bạn đã trúng thưởng
Bạn được chọn nhận phần thưởng. Hãy cung cấp thông tin tài khoản và xác nhận tại http://185.10.20.30/verify để nhận tiền.",1
"From: Microsoft Billing <billing@billing-confirm.loan>
Subject: Xác minh tài khoản để tránh đình chỉ
Vui lòng xác minh tài khoản ngay lập tức để tránh bị khóa. Hãy nhập mật khẩu và mã OTP tại https://billing-confirm.loan/login. !!! Hành động ngay lập tức!!! Your accunt must be verfy today.",1
"From: Dịch vụ khách hàng <no-reply@shop.vn>
Subject: Nhắc lịch gia hạn dịch vụ
Vui lòng xem thông tin trong cổng thông tin nội bộ. Nếu cần hỗ trợ, hãy liên hệ bộ phận phụ trách qua kênh chính thức. Mọi thay đổi quan trọng sẽ được thông báo trên hệ thống chính thức. Tham khảo: https://shop.vn/account",0
"From: Amazon Support <support@account-review.xyz>
Subject: Cảnh báo bảo mật - xác minh ngay
Khoản hoàn tiền đang chờ xử lý. Vui lòng xác nhận số thẻ, CVV và mã xác minh tại https://account-review.xyz/login. Your accunt must be verfy today.",1
"From: Ban quản trị hệ thống <no-reply@company.vn>
Subject: Thông báo bảo trì hệ thống
Đây là thông báo định kỳ. Bạn không cần cung cấp mật khẩu, mã OTP hoặc thông tin thẻ qua email.",0
"From: Amazon Billing <billing@support-center.club>
Subject: Cảnh báo bảo mật - xác minh ngay
Final notice. Verify your account immediately using http://support-center.club/verify or access may be suspended.",1
"From: Phòng hành chính <no-reply@university.edu.vn>
Subject: Nhắc lịch gia hạn dịch vụ
Đây là thông báo định kỳ. Bạn không cần cung cấp mật khẩu, mã OTP hoặc thông tin thẻ qua email. Nếu không yêu cầu thao tác này, hãy liên hệ bộ phận hỗ trợ.",0
"From: Thư viện <no-reply@university.edu.vn>
Subject: Biên nhận thanh toán
Hệ thống sẽ được bảo trì trong thời gian dự kiến. Một số chức năng có thể tạm thời không sử dụng được. Nếu không yêu cầu thao tác này, hãy liên hệ bộ phận hỗ trợ. Tham khảo: https://university.edu.vn/account",0
"From: Thư viện <no-reply@university.edu.vn>
Subject: Biên nhận thanh toán
Hệ thống sẽ được bảo trì trong thời gian dự kiến. Một số chức năng có thể tạm thời không sử dụng được. Mọi thay đổi quan trọng sẽ được thông báo trên hệ thống chính thức.",0
"From: Phòng hành chính <no-reply@university.edu.vn>
Subject: Thông báo lịch học tuần này
Xin vui lòng kiểm tra lịch và phản hồi trước thời hạn ghi trong thông báo. Cảm ơn bạn.",0
"From: Thư viện <no-reply@university.edu.vn>
Subject: Thông báo bảo trì hệ thống
Thông tin chi tiết đã được cập nhật trên hệ thống. Bạn có thể đăng nhập bằng cách tự mở ứng dụng hoặc trang web quen thuộc. Không gửi thông tin đăng nhập cho bất kỳ ai.",0
"From: Ban quản trị hệ thống <no-reply@company.vn>
Subject: Nhắc lịch gia hạn dịch vụ
Hệ thống sẽ được bảo trì trong thời gian dự kiến. Một số chức năng có thể tạm thời không sử dụng được. Nếu không yêu cầu thao tác này, hãy liên hệ bộ phận hỗ trợ.",0
"From: Customer Care Vietcombank <service@support-center.club>
Subject: Bạn đã trúng thưởng
Tài khoản của bạn sẽ bị đình chỉ nếu không hành động ngay. Truy cập https://support-center.club/login để xác minh danh tính.",1
"From: Customer Care PayPal <service@login-protect.click>
Subject: Urgent: unusual login detected
Final notice. Verify your account immediately using http://185.10.20.30/billing/update or access may be suspended.",1
"From: Customer Care BIDV <service@billing-confirm.loan>
Subject: Tài khoản hết hạn hôm nay
Chúng tôi phát hiện hoạt động bất thường. Bạn phải xác minh thông tin đăng nhập trong 24 giờ tại http://103.21.55.18/billing/update. Your accunt must be verfy today.",1
"From: Phòng hành chính <no-reply@university.edu.vn>
Subject: Thông báo giao hàng
Đây là thông báo định kỳ. Bạn không cần cung cấp mật khẩu, mã OTP hoặc thông tin thẻ qua email. Nếu không yêu cầu thao tác này, hãy liên hệ bộ phận hỗ trợ.",0
"From: BIDV Security <security@service-update.top>
Subject: Final notice: verify your account
Final notice. Verify your account immediately using https://service-update.top/account/confirm or access may be suspended. Your accunt must be verfy today.",1
"From: Phòng hành chính <no-reply@university.edu.vn>
Subject: Xác nhận đăng ký
Biên nhận được gửi để bạn lưu trữ. Nếu có sai lệch, liên hệ bộ phận chăm sóc khách hàng theo thông tin trên website chính thức. Nếu không yêu cầu thao tác này, hãy liên hệ bộ phận hỗ trợ. Tham khảo: https://university.edu.vn/support",0
"From: MoMo Billing <billing@security-alert.xyz>
Subject: Tài khoản hết hạn hôm nay
Khoản hoàn tiền đang chờ xử lý. Vui lòng xác nhận số thẻ, CVV và mã xác minh tại https://security-alert.xyz/billing/update. Your accunt must be verfy today.",1
"From: Phòng CNTT <no-reply@company.vn>
Subject: Biên nhận thanh toán
Vui lòng xem thông tin trong cổng thông tin nội bộ. Nếu cần hỗ trợ, hãy liên hệ bộ phận phụ trách qua kênh chính thức. Mọi thay đổi quan trọng sẽ được thông báo trên hệ thống chính thức.",0
"From: Amazon Support <support@security-alert.xyz>
Subject: Urgent: unusual login detected
Tài khoản của bạn sẽ bị đình chỉ nếu không hành động ngay. Truy cập https://security-alert.xyz/security-check để xác minh danh tính.",1
"From: Phòng đào tạo <no-reply@university.edu.vn>
Subject: Thông báo lịch học tuần này
Hệ thống sẽ được bảo trì trong thời gian dự kiến. Một số chức năng có thể tạm thời không sử dụng được. Không gửi thông tin đăng nhập cho bất kỳ ai. Tham khảo: https://university.edu.vn/account",0
"From: Kế toán <no-reply@company.vn>
Subject: Biên nhận thanh toán
Vui lòng xem thông tin trong cổng thông tin nội bộ. Nếu cần hỗ trợ, hãy liên hệ bộ phận phụ trách qua kênh chính thức. Bạn có thể bỏ qua email này nếu thông tin đã được cập nhật. Tham khảo: https://company.vn/support",0
"From: Thư viện <no-reply@university.edu.vn>
Subject: Thông báo lịch học tuần này
Vui lòng xem thông tin trong cổng thông tin nội bộ. Nếu cần hỗ trợ, hãy liên hệ bộ phận phụ trách qua kênh chính thức. Nếu không yêu cầu thao tác này, hãy liên hệ bộ phận hỗ trợ.",0
"From: Microsoft Support <support@verify-login.top>
Subject: Urgent: unusual login detected
Chúng tôi phát hiện hoạt động bất thường. Bạn phải xác minh thông tin đăng nhập trong 24 giờ tại https://verify-login.top/account/confirm.",1
"From: Microsoft Support <support@verify-login.top>
Subject: Yêu cầu cập nhật thông tin thanh toán
Khoản hoàn tiền đang chờ xử lý. Vui lòng xác nhận số thẻ, CVV và mã xác minh tại https://verify-login.top/billing/update.",1
"From: Vietcombank Security <security@billing-confirm.loan>
Subject: Cảnh báo bảo mật - xác minh ngay
Tài khoản của bạn sẽ bị đình chỉ nếu không hành động ngay. Truy cập https://billing-confirm.loan/account/confirm để xác minh danh tính.",1
"From: Phòng hành chính <no-reply@university.edu.vn>
Subject: Thông báo lịch học tuần này
Vui lòng xem thông tin trong cổng thông tin nội bộ. Nếu cần hỗ trợ, hãy liên hệ bộ phận phụ trách qua kênh chính thức. Nếu không yêu cầu thao tác này, hãy liên hệ bộ phận hỗ trợ.",0
"From: PayPal Billing <billing@service-update.top>
Subject: Final notice: verify your account
Chúng tôi phát hiện hoạt động bất thường. Bạn phải xác minh thông tin đăng nhập trong 24 giờ tại https://service-update.top/security-check.",1
"From: Phòng đào tạo <no-reply@university.edu.vn>
Subject: Thông báo giao hàng
Đây là thông báo định kỳ. Bạn không cần cung cấp mật khẩu, mã OTP hoặc thông tin thẻ qua email. Tham khảo: https://portal.university.edu.vn/",0
"From: Kế toán <no-reply@company.vn>
Subject: Nhắc lịch gia hạn dịch vụ
Biên nhận được gửi để bạn lưu trữ. Nếu có sai lệch, liên hệ bộ phận chăm sóc khách hàng theo thông tin trên website chính thức. Nếu không yêu cầu thao tác này, hãy liên hệ bộ phận hỗ trợ.",0
"From: Phòng CNTT <no-reply@company.vn>
Subject: Thông báo bảo trì hệ thống
Vui lòng xem thông tin trong cổng thông tin nội bộ. Nếu cần hỗ trợ, hãy liên hệ bộ phận phụ trách qua kênh chính thức.",0
"From: Techcombank Billing <billing@verify-user.top>
Subject: Security alert: act now
Bạn được chọn nhận phần thưởng. Hãy cung cấp thông tin tài khoản và xác nhận tại https://verify-user.top/login để nhận tiền. Your accunt must be verfy today.",1
"From: Techcombank Security <security@login-protect.click>
Subject: Tài khoản hết hạn hôm nay
Vui lòng xác minh tài khoản ngay lập tức để tránh bị khóa. Hãy nhập mật khẩu và mã OTP tại https://login-protect.click/account/confirm. !!! Hành động ngay lập tức!!!",1
"From: Kế toán <no-reply@company.vn>
Subject: Thông báo lịch học tuần này
Thông tin chi tiết đã được cập nhật trên hệ thống. Bạn có thể đăng nhập bằng cách tự mở ứng dụng hoặc trang web quen thuộc. Tham khảo: https://company.vn/support",0
"From: Kế toán <no-reply@company.vn>
Subject: Thông báo lịch học tuần này
Thông tin chi tiết đã được cập nhật trên hệ thống. Bạn có thể đăng nhập bằng cách tự mở ứng dụng hoặc trang web quen thuộc. Tham khảo: https://company.vn/account",0
"From: Apple Support <support@confirm-access.xyz>
Subject: Yêu cầu cập nhật thông tin thanh toán
Tài khoản của bạn sẽ bị đình chỉ nếu không hành động ngay. Truy cập http://185.10.20.30/account/confirm để xác minh danh tính.",1
"From: Kế toán <no-reply@company.vn>
Subject: Biên nhận thanh toán
Thông tin chi tiết đã được cập nhật trên hệ thống. Bạn có thể đăng nhập bằng cách tự mở ứng dụng hoặc trang web quen thuộc.",0
"From: Dịch vụ khách hàng <no-reply@shop.vn>
Subject: Xác nhận đăng ký
Đây là thông báo định kỳ. Bạn không cần cung cấp mật khẩu, mã OTP hoặc thông tin thẻ qua email. Mọi thay đổi quan trọng sẽ được thông báo trên hệ thống chính thức.",0
"From: Dịch vụ khách hàng <no-reply@shop.vn>
Subject: Biên nhận thanh toán
Thông tin chi tiết đã được cập nhật trên hệ thống. Bạn có thể đăng nhập bằng cách tự mở ứng dụng hoặc trang web quen thuộc.",0
"From: Amazon Billing <billing@account-check.click>
Subject: Cảnh báo bảo mật - xác minh ngay
Vui lòng xác minh tài khoản ngay lập tức để tránh bị khóa. Hãy nhập mật khẩu và mã OTP tại https://account-check.click/account/confirm.",1
"From: MoMo Security <security@secure-account.xyz>
Subject: Urgent: unusual login detected
Tài khoản của bạn sẽ bị đình chỉ nếu không hành động ngay. Truy cập https://secure-account.xyz/billing/update để xác minh danh tính.",1
"From: Dịch vụ khách hàng <no-reply@shop.vn>
Subject: Thông báo lịch học tuần này
Thông tin chi tiết đã được cập nhật trên hệ thống. Bạn có thể đăng nhập bằng cách tự mở ứng dụng hoặc trang web quen thuộc.",0
"From: Bộ phận nhân sự <no-reply@company.vn>
Subject: Phiếu lương tháng này
Thông tin chi tiết đã được cập nhật trên hệ thống. Bạn có thể đăng nhập bằng cách tự mở ứng dụng hoặc trang web quen thuộc.",0
"From: Techcombank Billing <billing@service-update.top>
Subject: Tài khoản hết hạn hôm nay
Khoản hoàn tiền đang chờ xử lý. Vui lòng xác nhận số thẻ, CVV và mã xác minh tại https://service-update.top/security-check. !!! Hành động ngay lập tức!!!",1
"From: Customer Care PayPal <service@service-update.top>
Subject: Xác minh tài khoản để tránh đình chỉ
Khoản hoàn tiền đang chờ xử lý. Vui lòng xác nhận số thẻ, CVV và mã xác minh tại http://service-update.top/verify.",1
"From: MoMo Support <support@account-review.xyz>
Subject: Bạn đã trúng thưởng
Final notice. Verify your account immediately using https://account-review.xyz/account/confirm or access may be suspended. !!! Hành động ngay lập tức!!!",1
"From: BIDV Security <security@mail-security.club>
Subject: Xác minh tài khoản để tránh đình chỉ
Tài khoản của bạn sẽ bị đình chỉ nếu không hành động ngay. Truy cập https://mail-security.club/account/confirm để xác minh danh tính. Your accunt must be verfy today.",1
"From: Customer Care Apple <service@account-check.click>
Subject: Bạn đã trúng thưởng
Bạn được chọn nhận phần thưởng. Hãy cung cấp thông tin tài khoản và xác nhận tại https://account-check.click/account/confirm để nhận tiền.",1
"From: Ban quản trị hệ thống <no-reply@company.vn>
Subject: Lịch họp ngày mai
Vui lòng xem thông tin trong cổng thông tin nội bộ. Nếu cần hỗ trợ, hãy liên hệ bộ phận phụ trách qua kênh chính thức. Không gửi thông tin đăng nhập cho bất kỳ ai.",0
"From: Phòng CNTT <no-reply@company.vn>
Subject: Thông báo bảo trì hệ thống
Xin vui lòng kiểm tra lịch và phản hồi trước thời hạn ghi trong thông báo. Cảm ơn bạn. Tham khảo: https://company.vn/support",0
"From: MoMo Security <security@secure-account.xyz>
Subject: Final notice: verify your account
Bạn được chọn nhận phần thưởng. Hãy cung cấp thông tin tài khoản và xác nhận tại https://secure-account.xyz/account/confirm để nhận tiền.",1
"From: MoMo Support <support@account-check.click>
Subject: Bạn đã trúng thưởng
Chúng tôi phát hiện hoạt động bất thường. Bạn phải xác minh thông tin đăng nhập trong 24 giờ tại https://account-check.click/security-check.",1
"From: Phòng hành chính <no-reply@university.edu.vn>
Subject: Thông báo lịch học tuần này
Biên nhận được gửi để bạn lưu trữ. Nếu có sai lệch, liên hệ bộ phận chăm sóc khách hàng theo thông tin trên website chính thức. Không gửi thông tin đăng nhập cho bất kỳ ai.",0
"From: Phòng đào tạo <no-reply@university.edu.vn>
Subject: Tài liệu cuộc họp
Hệ thống sẽ được bảo trì trong thời gian dự kiến. Một số chức năng có thể tạm thời không sử dụng được. Nếu không yêu cầu thao tác này, hãy liên hệ bộ phận hỗ trợ.",0
"From: BIDV Security <security@billing-confirm.loan>
Subject: Khẩn cấp: tài khoản của bạn sắp bị khóa
Chúng tôi phát hiện hoạt động bất thường. Bạn phải xác minh thông tin đăng nhập trong 24 giờ tại https://billing-confirm.loan/billing/update.",1
"From: Dịch vụ khách hàng <no-reply@shop.vn>
Subject: Thông báo lịch học tuần này
Vui lòng xem thông tin trong cổng thông tin nội bộ. Nếu cần hỗ trợ, hãy liên hệ bộ phận phụ trách qua kênh chính thức. Tham khảo: https://shop.vn/account",0
"From: Phòng CNTT <no-reply@company.vn>
Subject: Thông báo lịch học tuần này
Thông tin chi tiết đã được cập nhật trên hệ thống. Bạn có thể đăng nhập bằng cách tự mở ứng dụng hoặc trang web quen thuộc. Bạn có thể bỏ qua email này nếu thông tin đã được cập nhật.",0
"From: Apple Billing <billing@account-check.click>
Subject: Yêu cầu cập nhật thông tin thanh toán
Bạn được chọn nhận phần thưởng. Hãy cung cấp thông tin tài khoản và xác nhận tại https://account-check.click/account/confirm để nhận tiền. Your accunt must be verfy today.",1
"From: Ban quản trị hệ thống <no-reply@company.vn>
Subject: Phiếu lương tháng này
Thông tin chi tiết đã được cập nhật trên hệ thống. Bạn có thể đăng nhập bằng cách tự mở ứng dụng hoặc trang web quen thuộc. Không gửi thông tin đăng nhập cho bất kỳ ai.",0
"From: Microsoft Billing <billing@service-update.top>
Subject: Security alert: act now
Tài khoản của bạn sẽ bị đình chỉ nếu không hành động ngay. Truy cập https://service-update.top/login để xác minh danh tính. !!! Hành động ngay lập tức!!!",1
"From: Techcombank Support <support@account-review.xyz>
Subject: Yêu cầu cập nhật thông tin thanh toán
Tài khoản của bạn sẽ bị đình chỉ nếu không hành động ngay. Truy cập https://account-review.xyz/billing/update để xác minh danh tính.",1
"From: Amazon Security <security@service-update.top>
Subject: Yêu cầu cập nhật thông tin thanh toán
Vui lòng xác minh tài khoản ngay lập tức để tránh bị khóa. Hãy nhập mật khẩu và mã OTP tại https://service-update.top/billing/update.",1
"From: MoMo Billing <billing@confirm-access.xyz>
Subject: Tài khoản hết hạn hôm nay
Bạn được chọn nhận phần thưởng. Hãy cung cấp thông tin tài khoản và xác nhận tại https://confirm-access.xyz/login để nhận tiền. !!! Hành động ngay lập tức!!!",1
"From: Phòng hành chính <no-reply@university.edu.vn>
Subject: Tài liệu cuộc họp
Biên nhận được gửi để bạn lưu trữ. Nếu có sai lệch, liên hệ bộ phận chăm sóc khách hàng theo thông tin trên website chính thức. Mọi thay đổi quan trọng sẽ được thông báo trên hệ thống chính thức. Tham khảo: https://university.edu.vn/account",0
"From: Google Billing <billing@billing-confirm.loan>
Subject: Khẩn cấp: tài khoản của bạn sắp bị khóa
Final notice. Verify your account immediately using https://billing-confirm.loan/account/confirm or access may be suspended.",1
"From: Phòng đào tạo <no-reply@university.edu.vn>
Subject: Phiếu lương tháng này
Vui lòng xem thông tin trong cổng thông tin nội bộ. Nếu cần hỗ trợ, hãy liên hệ bộ phận phụ trách qua kênh chính thức.",0
"From: BIDV Security <security@confirm-access.xyz>
Subject: Final notice: verify your account
Chúng tôi phát hiện hoạt động bất thường. Bạn phải xác minh thông tin đăng nhập trong 24 giờ tại http://103.21.55.18/account/confirm.",1
"From: Kế toán <no-reply@company.vn>
Subject: Thông báo giao hàng
Đây là thông báo định kỳ. Bạn không cần cung cấp mật khẩu, mã OTP hoặc thông tin thẻ qua email.",0
"From: Ban quản trị hệ thống <no-reply@company.vn>
Subject: Xác nhận đăng ký
Biên nhận được gửi để bạn lưu trữ. Nếu có sai lệch, liên hệ bộ phận chăm sóc khách hàng theo thông tin trên website chính thức.",0
"From: Ban quản trị hệ thống <no-reply@company.vn>
Subject: Phiếu lương tháng này
Thông tin chi tiết đã được cập nhật trên hệ thống. Bạn có thể đăng nhập bằng cách tự mở ứng dụng hoặc trang web quen thuộc.",0
"From: MoMo Security <security@service-update.top>
Subject: Security alert: act now
Tài khoản của bạn sẽ bị đình chỉ nếu không hành động ngay. Truy cập https://service-update.top/login để xác minh danh tính.",1
"From: Amazon Support <support@verify-user.top>
Subject: Urgent: unusual login detected
Khoản hoàn tiền đang chờ xử lý. Vui lòng xác nhận số thẻ, CVV và mã xác minh tại https://verify-user.top/login.",1
"From: Vietcombank Support <support@account-check.click>
Subject: Thông báo hoàn tiền - xác nhận thông tin
Khoản hoàn tiền đang chờ xử lý. Vui lòng xác nhận số thẻ, CVV và mã xác minh tại https://account-check.click/account/confirm. !!! Hành động ngay lập tức!!!",1
"From: Kế toán <no-reply@company.vn>
Subject: Tài liệu cuộc họp
Biên nhận được gửi để bạn lưu trữ. Nếu có sai lệch, liên hệ bộ phận chăm sóc khách hàng theo thông tin trên website chính thức. Nếu không yêu cầu thao tác này, hãy liên hệ bộ phận hỗ trợ.",0
"From: BIDV Security <security@account-review.xyz>
Subject: Security alert: act now
Chúng tôi phát hiện hoạt động bất thường. Bạn phải xác minh thông tin đăng nhập trong 24 giờ tại https://account-review.xyz/billing/update.",1
"From: PayPal Billing <billing@security-alert.xyz>
Subject: Bạn đã trúng thưởng
Khoản hoàn tiền đang chờ xử lý. Vui lòng xác nhận số thẻ, CVV và mã xác minh tại https://security-alert.xyz/security-check.",1
"From: MoMo Support <support@secure-account.xyz>
Subject: Security alert: act now
Tài khoản của bạn sẽ bị đình chỉ nếu không hành động ngay. Truy cập https://secure-account.xyz/billing/update để xác minh danh tính.",1
"From: Thư viện <no-reply@university.edu.vn>
Subject: Lịch họp ngày mai
Vui lòng xem thông tin trong cổng thông tin nội bộ. Nếu cần hỗ trợ, hãy liên hệ bộ phận phụ trách qua kênh chính thức.",0
"From: MoMo Billing <billing@security-alert.xyz>
Subject: Tài khoản hết hạn hôm nay
Vui lòng xác minh tài khoản ngay lập tức để tránh bị khóa. Hãy nhập mật khẩu và mã OTP tại https://security-alert.xyz/account/confirm.",1
"From: Ban quản trị hệ thống <no-reply@company.vn>
Subject: Xác nhận đăng ký
Hệ thống sẽ được bảo trì trong thời gian dự kiến. Một số chức năng có thể tạm thời không sử dụng được. Không gửi thông tin đăng nhập cho bất kỳ ai.",0
"From: Vietcombank Security <security@service-update.top>
Subject: Cảnh báo bảo mật - xác minh ngay
Khoản hoàn tiền đang chờ xử lý. Vui lòng xác nhận số thẻ, CVV và mã xác minh tại https://service-update.top/account/confirm.",1
"From: Vietcombank Security <security@verify-user.top>
Subject: Cảnh báo bảo mật - xác minh ngay
Tài khoản của bạn sẽ bị đình chỉ nếu không hành động ngay. Truy cập https://verify-user.top/security-check để xác minh danh tính. Your accunt must be verfy today.",1
"From: Ban quản trị hệ thống <no-reply@company.vn>
Subject: Nhắc lịch gia hạn dịch vụ
Biên nhận được gửi để bạn lưu trữ. Nếu có sai lệch, liên hệ bộ phận chăm sóc khách hàng theo thông tin trên website chính thức. Bạn có thể bỏ qua email này nếu thông tin đã được cập nhật.",0
"From: Kế toán <no-reply@company.vn>
Subject: Biên nhận thanh toán
Hệ thống sẽ được bảo trì trong thời gian dự kiến. Một số chức năng có thể tạm thời không sử dụng được. Bạn có thể bỏ qua email này nếu thông tin đã được cập nhật.",0
"From: Phòng đào tạo <no-reply@university.edu.vn>
Subject: Thông báo bảo trì hệ thống
Đây là thông báo định kỳ. Bạn không cần cung cấp mật khẩu, mã OTP hoặc thông tin thẻ qua email.",0
"From: Phòng CNTT <no-reply@company.vn>
Subject: Tài liệu cuộc họp
Đây là thông báo định kỳ. Bạn không cần cung cấp mật khẩu, mã OTP hoặc thông tin thẻ qua email. Tham khảo: https://company.vn/support",0
"From: Ban quản trị hệ thống <no-reply@company.vn>
Subject: Thông báo lịch học tuần này
Biên nhận được gửi để bạn lưu trữ. Nếu có sai lệch, liên hệ bộ phận chăm sóc khách hàng theo thông tin trên website chính thức. Không gửi thông tin đăng nhập cho bất kỳ ai. Tham khảo: https://portal.company.vn/",0
"From: Google Security <security@login-protect.click>
Subject: Bạn đã trúng thưởng
Khoản hoàn tiền đang chờ xử lý. Vui lòng xác nhận số thẻ, CVV và mã xác minh tại https://login-protect.click/account/confirm.",1
"From: Amazon Billing <billing@verify-user.top>
Subject: Security alert: act now
Final notice. Verify your account immediately using https://verify-user.top/billing/update or access may be suspended.",1
"From: Customer Care Vietcombank <service@mail-security.club>
Subject: Final notice: verify your account
Khoản hoàn tiền đang chờ xử lý. Vui lòng xác nhận số thẻ, CVV và mã xác minh tại https://mail-security.club/login.",1
"From: Phòng đào tạo <no-reply@university.edu.vn>
Subject: Tài liệu cuộc họp
Thông tin chi tiết đã được cập nhật trên hệ thống. Bạn có thể đăng nhập bằng cách tự mở ứng dụng hoặc trang web quen thuộc.",0
"From: Customer Care Vietcombank <service@account-review.xyz>
Subject: Final notice: verify your account
Final notice. Verify your account immediately using https://account-review.xyz/billing/update or access may be suspended.",1
"From: Google Billing <billing@security-alert.xyz>
Subject: Bạn đã trúng thưởng
Chúng tôi phát hiện hoạt động bất thường. Bạn phải xác minh thông tin đăng nhập trong 24 giờ tại https://security-alert.xyz/billing/update.",1
"From: MoMo Support <support@verify-login.top>
Subject: Security alert: act now
Chúng tôi phát hiện hoạt động bất thường. Bạn phải xác minh thông tin đăng nhập trong 24 giờ tại https://verify-login.top/account/confirm.",1
"From: Techcombank Security <security@login-protect.click>
Subject: Final notice: verify your account
Tài khoản của bạn sẽ bị đình chỉ nếu không hành động ngay. Truy cập https://login-protect.click/account/confirm để xác minh danh tính.",1
"From: Phòng hành chính <no-reply@university.edu.vn>
Subject: Lịch họp ngày mai
Thông tin chi tiết đã được cập nhật trên hệ thống. Bạn có thể đăng nhập bằng cách tự mở ứng dụng hoặc trang web quen thuộc.",0
"From: Customer Care Amazon <service@login-protect.click>
Subject: Urgent: unusual login detected
Vui lòng xác minh tài khoản ngay lập tức để tránh bị khóa. Hãy nhập mật khẩu và mã OTP tại https://login-protect.click/login.",1
"From: Phòng đào tạo <no-reply@university.edu.vn>
Subject: Thông báo lịch học tuần này
Đây là thông báo định kỳ. Bạn không cần cung cấp mật khẩu, mã OTP hoặc thông tin thẻ qua email. Không gửi thông tin đăng nhập cho bất kỳ ai. Tham khảo: https://university.edu.vn/support",0
"From: Phòng đào tạo <no-reply@university.edu.vn>
Subject: Kết quả đăng ký môn học
Xin vui lòng kiểm tra lịch và phản hồi trước thời hạn ghi trong thông báo. Cảm ơn bạn. Không gửi thông tin đăng nhập cho bất kỳ ai.",0
"From: Customer Care Amazon <service@billing-confirm.loan>
Subject: Cảnh báo bảo mật - xác minh ngay
Chúng tôi phát hiện hoạt động bất thường. Bạn phải xác minh thông tin đăng nhập trong 24 giờ tại https://billing-confirm.loan/login.",1
"From: Kế toán <no-reply@company.vn>
Subject: Tài liệu cuộc họp
Đây là thông báo định kỳ. Bạn không cần cung cấp mật khẩu, mã OTP hoặc thông tin thẻ qua email. Nếu không yêu cầu thao tác này, hãy liên hệ bộ phận hỗ trợ.",0
"From: Kế toán <no-reply@company.vn>
Subject: Thông báo bảo trì hệ thống
Biên nhận được gửi để bạn lưu trữ. Nếu có sai lệch, liên hệ bộ phận chăm sóc khách hàng theo thông tin trên website chính thức. Nếu không yêu cầu thao tác này, hãy liên hệ bộ phận hỗ trợ.",0
"From: Vietcombank Security <security@support-center.club>
Subject: Final notice: verify your account
Tài khoản của bạn sẽ bị đình chỉ nếu không hành động ngay. Truy cập http://103.21.55.18/security-check để xác minh danh tính. Your accunt must be verfy today.",1
"From: Google Security <security@billing-confirm.loan>
Subject: Bạn đã trúng thưởng
Vui lòng xác minh tài khoản ngay lập tức để tránh bị khóa. Hãy nhập mật khẩu và mã OTP tại https://billing-confirm.loan/login.",1
"From: Bộ phận nhân sự <no-reply@company.vn>
Subject: Tài liệu cuộc họp
Xin vui lòng kiểm tra lịch và phản hồi trước thời hạn ghi trong thông báo. Cảm ơn bạn. Bạn có thể bỏ qua email này nếu thông tin đã được cập nhật.",0
"From: PayPal Billing <billing@verify-login.top>
Subject: Yêu cầu cập nhật thông tin thanh toán
Bạn được chọn nhận phần thưởng. Hãy cung cấp thông tin tài khoản và xác nhận tại https://verify-login.top/billing/update để nhận tiền. !!! Hành động ngay lập tức!!!",1
"From: Techcombank Support <support@login-protect.click>
Subject: Final notice: verify your account
Tài khoản của bạn sẽ bị đình chỉ nếu không hành động ngay. Truy cập https://login-protect.click/billing/update để xác minh danh tính. !!! Hành động ngay lập tức!!!",1
"From: Vietcombank Security <security@login-protect.click>
Subject: Thông báo hoàn tiền - xác nhận thông tin
Tài khoản của bạn sẽ bị đình chỉ nếu không hành động ngay. Truy cập https://login-protect.click/security-check để xác minh danh tính.",1
"From: Bộ phận nhân sự <no-reply@company.vn>
Subject: Thông báo giao hàng
Xin vui lòng kiểm tra lịch và phản hồi trước thời hạn ghi trong thông báo. Cảm ơn bạn.",0
"From: Techcombank Support <support@verify-user.top>
Subject: Khẩn cấp: tài khoản của bạn sắp bị khóa
Final notice. Verify your account immediately using https://verify-user.top/billing/update or access may be suspended.",1
"From: Phòng hành chính <no-reply@university.edu.vn>
Subject: Phiếu lương tháng này
Biên nhận được gửi để bạn lưu trữ. Nếu có sai lệch, liên hệ bộ phận chăm sóc khách hàng theo thông tin trên website chính thức. Tham khảo: https://university.edu.vn/support",0
"From: Customer Care MoMo <service@support-center.club>
Subject: Security alert: act now
Vui lòng xác minh tài khoản ngay lập tức để tránh bị khóa. Hãy nhập mật khẩu và mã OTP tại http://support-center.club/verify.",1
"From: Microsoft Support <support@verify-user.top>
Subject: Yêu cầu cập nhật thông tin thanh toán
Tài khoản của bạn sẽ bị đình chỉ nếu không hành động ngay. Truy cập https://verify-user.top/login để xác minh danh tính.",1
"From: Ban quản trị hệ thống <no-reply@company.vn>
Subject: Kết quả đăng ký môn học
Đây là thông báo định kỳ. Bạn không cần cung cấp mật khẩu, mã OTP hoặc thông tin thẻ qua email. Bạn có thể bỏ qua email này nếu thông tin đã được cập nhật.",0
"From: Ban quản trị hệ thống <no-reply@company.vn>
Subject: Xác nhận đăng ký
Hệ thống sẽ được bảo trì trong thời gian dự kiến. Một số chức năng có thể tạm thời không sử dụng được.",0
"From: BIDV Billing <billing@service-update.top>
Subject: Thông báo hoàn tiền - xác nhận thông tin
Vui lòng xác minh tài khoản ngay lập tức để tránh bị khóa. Hãy nhập mật khẩu và mã OTP tại https://service-update.top/billing/update. Your accunt must be verfy today.",1
"From: Techcombank Support <support@confirm-access.xyz>
Subject: Yêu cầu cập nhật thông tin thanh toán
Tài khoản của bạn sẽ bị đình chỉ nếu không hành động ngay. Truy cập https://confirm-access.xyz/account/confirm để xác minh danh tính.",1
"From: Customer Care Apple <service@support-center.club>
Subject: Final notice: verify your account
Final notice. Verify your account immediately using https://support-center.club/security-check or access may be suspended.",1
"From: Dịch vụ khách hàng <no-reply@shop.vn>
Subject: Tài liệu cuộc họp
Hệ thống sẽ được bảo trì trong thời gian dự kiến. Một số chức năng có thể tạm thời không sử dụng được.",0
"From: Kế toán <no-reply@company.vn>
Subject: Thông báo bảo trì hệ thống
Biên nhận được gửi để bạn lưu trữ. Nếu có sai lệch, liên hệ bộ phận chăm sóc khách hàng theo thông tin trên website chính thức.",0
"From: Apple Billing <billing@mail-security.club>
Subject: Bạn đã trúng thưởng
Final notice. Verify your account immediately using http://mail-security.club/verify or access may be suspended.",1
"From: Thư viện <no-reply@university.edu.vn>
Subject: Tài liệu cuộc họp
Đây là thông báo định kỳ. Bạn không cần cung cấp mật khẩu, mã OTP hoặc thông tin thẻ qua email. Không gửi thông tin đăng nhập cho bất kỳ ai.",0
"From: Customer Care Apple <service@verify-login.top>
Subject: Urgent: unusual login detected
Khoản hoàn tiền đang chờ xử lý. Vui lòng xác nhận số thẻ, CVV và mã xác minh tại http://verify-login.top/verify.",1
"From: Google Security <security@service-update.top>
Subject: Bạn đã trúng thưởng
Vui lòng xác minh tài khoản ngay lập tức để tránh bị khóa. Hãy nhập mật khẩu và mã OTP tại https://service-update.top/account/confirm.",1
"From: Amazon Support <support@verify-user.top>
Subject: Thông báo hoàn tiền - xác nhận thông tin
Bạn được chọn nhận phần thưởng. Hãy cung cấp thông tin tài khoản và xác nhận tại http://185.10.20.30/security-check để nhận tiền.",1
"From: Dịch vụ khách hàng <no-reply@shop.vn>
Subject: Thông báo lịch học tuần này
Hệ thống sẽ được bảo trì trong thời gian dự kiến. Một số chức năng có thể tạm thời không sử dụng được. Mọi thay đổi quan trọng sẽ được thông báo trên hệ thống chính thức.",0
"From: Kế toán <no-reply@company.vn>
Subject: Xác nhận đăng ký
Vui lòng xem thông tin trong cổng thông tin nội bộ. Nếu cần hỗ trợ, hãy liên hệ bộ phận phụ trách qua kênh chính thức. Tham khảo: https://portal.company.vn/",0
"From: Customer Care MoMo <service@verify-user.top>
Subject: Thông báo hoàn tiền - xác nhận thông tin
Final notice. Verify your account immediately using https://verify-user.top/account/confirm or access may be suspended.",1
"From: Vietcombank Support <support@support-center.club>
Subject: Cảnh báo bảo mật - xác minh ngay
Chúng tôi phát hiện hoạt động bất thường. Bạn phải xác minh thông tin đăng nhập trong 24 giờ tại https://support-center.club/security-check. !!! Hành động ngay lập tức!!!",1
"From: Kế toán <no-reply@company.vn>
Subject: Lịch họp ngày mai
Hệ thống sẽ được bảo trì trong thời gian dự kiến. Một số chức năng có thể tạm thời không sử dụng được. Nếu không yêu cầu thao tác này, hãy liên hệ bộ phận hỗ trợ.",0
"From: BIDV Billing <billing@security-alert.xyz>
Subject: Khẩn cấp: tài khoản của bạn sắp bị khóa
Final notice. Verify your account immediately using https://security-alert.xyz/security-check or access may be suspended. !!! Hành động ngay lập tức!!!",1
"From: Bộ phận nhân sự <no-reply@company.vn>
Subject: Thông báo lịch học tuần này
Xin vui lòng kiểm tra lịch và phản hồi trước thời hạn ghi trong thông báo. Cảm ơn bạn. Tham khảo: https://company.vn/support",0
"From: Phòng hành chính <no-reply@university.edu.vn>
Subject: Nhắc lịch gia hạn dịch vụ
Biên nhận được gửi để bạn lưu trữ. Nếu có sai lệch, liên hệ bộ phận chăm sóc khách hàng theo thông tin trên website chính thức. Tham khảo: https://university.edu.vn/support",0
"From: MoMo Billing <billing@login-protect.click>
Subject: Bạn đã trúng thưởng
Khoản hoàn tiền đang chờ xử lý. Vui lòng xác nhận số thẻ, CVV và mã xác minh tại http://45.76.123.9/login.",1
"From: Customer Care Microsoft <service@billing-confirm.loan>
Subject: Yêu cầu cập nhật thông tin thanh toán
Chúng tôi phát hiện hoạt động bất thường. Bạn phải xác minh thông tin đăng nhập trong 24 giờ tại https://billing-confirm.loan/billing/update. !!! Hành động ngay lập tức!!!",1
"From: Ban quản trị hệ thống <no-reply@company.vn>
Subject: Biên nhận thanh toán
Xin vui lòng kiểm tra lịch và phản hồi trước thời hạn ghi trong thông báo. Cảm ơn bạn.",0
"From: Amazon Support <support@account-review.xyz>
Subject: Yêu cầu cập nhật thông tin thanh toán
Final notice. Verify your account immediately using https://account-review.xyz/billing/update or access may be suspended. !!! Hành động ngay lập tức!!!",1
"From: Bộ phận nhân sự <no-reply@company.vn>
Subject: Xác nhận đăng ký
Hệ thống sẽ được bảo trì trong thời gian dự kiến. Một số chức năng có thể tạm thời không sử dụng được. Không gửi thông tin đăng nhập cho bất kỳ ai. Tham khảo: https://company.vn/account",0
"From: Apple Billing <billing@verify-login.top>
Subject: Security alert: act now
Tài khoản của bạn sẽ bị đình chỉ nếu không hành động ngay. Truy cập https://verify-login.top/login để xác minh danh tính. Your accunt must be verfy today.",1
"From: Phòng CNTT <no-reply@company.vn>
Subject: Thông báo lịch học tuần này
Biên nhận được gửi để bạn lưu trữ. Nếu có sai lệch, liên hệ bộ phận chăm sóc khách hàng theo thông tin trên website chính thức. Nếu không yêu cầu thao tác này, hãy liên hệ bộ phận hỗ trợ. Tham khảo: https://portal.company.vn/",0
"From: Dịch vụ khách hàng <no-reply@shop.vn>
Subject: Kết quả đăng ký môn học
Xin vui lòng kiểm tra lịch và phản hồi trước thời hạn ghi trong thông báo. Cảm ơn bạn. Mọi thay đổi quan trọng sẽ được thông báo trên hệ thống chính thức.",0
"From: Phòng hành chính <no-reply@university.edu.vn>
Subject: Phiếu lương tháng này
Vui lòng xem thông tin trong cổng thông tin nội bộ. Nếu cần hỗ trợ, hãy liên hệ bộ phận phụ trách qua kênh chính thức. Tham khảo: https://university.edu.vn/account",0
"From: Dịch vụ khách hàng <no-reply@shop.vn>
Subject: Biên nhận thanh toán
Biên nhận được gửi để bạn lưu trữ. Nếu có sai lệch, liên hệ bộ phận chăm sóc khách hàng theo thông tin trên website chính thức.",0
"From: Microsoft Security <security@billing-confirm.loan>
Subject: Urgent: unusual login detected
Bạn được chọn nhận phần thưởng. Hãy cung cấp thông tin tài khoản và xác nhận tại http://billing-confirm.loan/verify để nhận tiền.",1
"From: Thư viện <no-reply@university.edu.vn>
Subject: Biên nhận thanh toán
Vui lòng xem thông tin trong cổng thông tin nội bộ. Nếu cần hỗ trợ, hãy liên hệ bộ phận phụ trách qua kênh chính thức. Tham khảo: https://university.edu.vn/account",0
"From: Phòng hành chính <no-reply@university.edu.vn>
Subject: Kết quả đăng ký môn học
Xin vui lòng kiểm tra lịch và phản hồi trước thời hạn ghi trong thông báo. Cảm ơn bạn. Mọi thay đổi quan trọng sẽ được thông báo trên hệ thống chính thức.",0
"From: PayPal Support <support@verify-login.top>
Subject: Xác minh tài khoản để tránh đình chỉ
Final notice. Verify your account immediately using https://verify-login.top/account/confirm or access may be suspended.",1
"From: BIDV Support <support@confirm-access.xyz>
Subject: Urgent: unusual login detected
Bạn được chọn nhận phần thưởng. Hãy cung cấp thông tin tài khoản và xác nhận tại https://confirm-access.xyz/billing/update để nhận tiền.",1
"From: Microsoft Support <support@verify-login.top>
Subject: Urgent: unusual login detected
Khoản hoàn tiền đang chờ xử lý. Vui lòng xác nhận số thẻ, CVV và mã xác minh tại https://verify-login.top/account/confirm.",1
"From: Phòng đào tạo <no-reply@university.edu.vn>
Subject: Lịch họp ngày mai
Vui lòng xem thông tin trong cổng thông tin nội bộ. Nếu cần hỗ trợ, hãy liên hệ bộ phận phụ trách qua kênh chính thức.",0
"From: Phòng đào tạo <no-reply@university.edu.vn>
Subject: Thông báo giao hàng
Thông tin chi tiết đã được cập nhật trên hệ thống. Bạn có thể đăng nhập bằng cách tự mở ứng dụng hoặc trang web quen thuộc. Nếu không yêu cầu thao tác này, hãy liên hệ bộ phận hỗ trợ. Tham khảo: https://university.edu.vn/support",0
"From: Apple Billing <billing@account-review.xyz>
Subject: Urgent: unusual login detected
Bạn được chọn nhận phần thưởng. Hãy cung cấp thông tin tài khoản và xác nhận tại http://account-review.xyz/verify để nhận tiền. !!! Hành động ngay lập tức!!!",1
"From: Customer Care Apple <service@secure-account.xyz>
Subject: Thông báo hoàn tiền - xác nhận thông tin
Final notice. Verify your account immediately using https://secure-account.xyz/login or access may be suspended.",1
"From: Customer Care Google <service@verify-login.top>
Subject: Urgent: unusual login detected
Final notice. Verify your account immediately using http://103.21.55.18/verify or access may be suspended. Your accunt must be verfy today.",1
"From: Customer Care Techcombank <service@verify-user.top>
Subject: Final notice: verify your account
Vui lòng xác minh tài khoản ngay lập tức để tránh bị khóa. Hãy nhập mật khẩu và mã OTP tại http://45.76.123.9/login.",1
"From: Google Security <security@verify-login.top>
Subject: Final notice: verify your account
Tài khoản của bạn sẽ bị đình chỉ nếu không hành động ngay. Truy cập https://verify-login.top/billing/update để xác minh danh tính.",1
"From: Thư viện <no-reply@university.edu.vn>
Subject: Tài liệu cuộc họp
Hệ thống sẽ được bảo trì trong thời gian dự kiến. Một số chức năng có thể tạm thời không sử dụng được. Tham khảo: https://university.edu.vn/support",0
"From: Ban quản trị hệ thống <no-reply@company.vn>
Subject: Xác nhận đăng ký
Vui lòng xem thông tin trong cổng thông tin nội bộ. Nếu cần hỗ trợ, hãy liên hệ bộ phận phụ trách qua kênh chính thức. Bạn có thể bỏ qua email này nếu thông tin đã được cập nhật.",0
"From: Amazon Support <support@billing-confirm.loan>
Subject: Yêu cầu cập nhật thông tin thanh toán
Vui lòng xác minh tài khoản ngay lập tức để tránh bị khóa. Hãy nhập mật khẩu và mã OTP tại https://billing-confirm.loan/billing/update.",1
"From: Amazon Support <support@secure-account.xyz>
Subject: Security alert: act now
Vui lòng xác minh tài khoản ngay lập tức để tránh bị khóa. Hãy nhập mật khẩu và mã OTP tại https://secure-account.xyz/account/confirm.",1
"From: Phòng đào tạo <no-reply@university.edu.vn>
Subject: Tài liệu cuộc họp
Biên nhận được gửi để bạn lưu trữ. Nếu có sai lệch, liên hệ bộ phận chăm sóc khách hàng theo thông tin trên website chính thức. Nếu không yêu cầu thao tác này, hãy liên hệ bộ phận hỗ trợ.",0
"From: Google Support <support@verify-user.top>
Subject: Security alert: act now
Bạn được chọn nhận phần thưởng. Hãy cung cấp thông tin tài khoản và xác nhận tại http://45.76.123.9/login để nhận tiền.",1
"From: Google Security <security@confirm-access.xyz>
Subject: Xác minh tài khoản để tránh đình chỉ
Chúng tôi phát hiện hoạt động bất thường. Bạn phải xác minh thông tin đăng nhập trong 24 giờ tại https://confirm-access.xyz/login. !!! Hành động ngay lập tức!!!",1
"From: Phòng hành chính <no-reply@university.edu.vn>
Subject: Lịch họp ngày mai
Hệ thống sẽ được bảo trì trong thời gian dự kiến. Một số chức năng có thể tạm thời không sử dụng được. Không gửi thông tin đăng nhập cho bất kỳ ai. Tham khảo: https://portal.university.edu.vn/",0
"From: BIDV Security <security@billing-confirm.loan>
Subject: Bạn đã trúng thưởng
Bạn được chọn nhận phần thưởng. Hãy cung cấp thông tin tài khoản và xác nhận tại http://billing-confirm.loan/verify để nhận tiền. Your accunt must be verfy today.",1
"From: Techcombank Security <security@mail-security.club>
Subject: Tài khoản hết hạn hôm nay
Bạn được chọn nhận phần thưởng. Hãy cung cấp thông tin tài khoản và xác nhận tại https://mail-security.club/login để nhận tiền.",1
"From: Techcombank Security <security@secure-account.xyz>
Subject: Cảnh báo bảo mật - xác minh ngay
Bạn được chọn nhận phần thưởng. Hãy cung cấp thông tin tài khoản và xác nhận tại https://secure-account.xyz/security-check để nhận tiền. Your accunt must be verfy today.",1
"From: MoMo Billing <billing@security-alert.xyz>
Subject: Thông báo hoàn tiền - xác nhận thông tin
Chúng tôi phát hiện hoạt động bất thường. Bạn phải xác minh thông tin đăng nhập trong 24 giờ tại http://185.10.20.30/verify. !!! Hành động ngay lập tức!!! Your accunt must be verfy today.",1
"From: Customer Care PayPal <service@service-update.top>
Subject: Yêu cầu cập nhật thông tin thanh toán
Vui lòng xác minh tài khoản ngay lập tức để tránh bị khóa. Hãy nhập mật khẩu và mã OTP tại http://service-update.top/verify.",1
"From: MoMo Support <support@confirm-access.xyz>
Subject: Thông báo hoàn tiền - xác nhận thông tin
Final notice. Verify your account immediately using https://confirm-access.xyz/billing/update or access may be suspended. !!! Hành động ngay lập tức!!!",1
"From: MoMo Support <support@secure-account.xyz>
Subject: Security alert: act now
Chúng tôi phát hiện hoạt động bất thường. Bạn phải xác minh thông tin đăng nhập trong 24 giờ tại http://secure-account.xyz/verify. !!! Hành động ngay lập tức!!!",1
"From: Google Billing <billing@login-protect.click>
Subject: Khẩn cấp: tài khoản của bạn sắp bị khóa
Final notice. Verify your account immediately using http://185.10.20.30/security-check or access may be suspended.",1
"From: Customer Care PayPal <service@mail-security.club>
Subject: Security alert: act now
Bạn được chọn nhận phần thưởng. Hãy cung cấp thông tin tài khoản và xác nhận tại https://mail-security.club/account/confirm để nhận tiền. Your accunt must be verfy today.",1
"From: Amazon Security <security@billing-confirm.loan>
Subject: Tài khoản hết hạn hôm nay
Tài khoản của bạn sẽ bị đình chỉ nếu không hành động ngay. Truy cập http://185.10.20.30/billing/update để xác minh danh tính.",1
"From: Customer Care Google <service@billing-confirm.loan>
Subject: Cảnh báo bảo mật - xác minh ngay
Tài khoản của bạn sẽ bị đình chỉ nếu không hành động ngay. Truy cập http://103.21.55.18/login để xác minh danh tính. !!! Hành động ngay lập tức!!!",1
"From: Customer Care Techcombank <service@secure-account.xyz>
Subject: Tài khoản hết hạn hôm nay
Chúng tôi phát hiện hoạt động bất thường. Bạn phải xác minh thông tin đăng nhập trong 24 giờ tại https://secure-account.xyz/billing/update. !!! Hành động ngay lập tức!!!",1
"From: Phòng đào tạo <no-reply@university.edu.vn>
Subject: Thông báo bảo trì hệ thống
Thông tin chi tiết đã được cập nhật trên hệ thống. Bạn có thể đăng nhập bằng cách tự mở ứng dụng hoặc trang web quen thuộc.",0
"From: Ban quản trị hệ thống <no-reply@company.vn>
Subject: Thông báo lịch học tuần này
Biên nhận được gửi để bạn lưu trữ. Nếu có sai lệch, liên hệ bộ phận chăm sóc khách hàng theo thông tin trên website chính thức. Mọi thay đổi quan trọng sẽ được thông báo trên hệ thống chính thức.",0
"From: Bộ phận nhân sự <no-reply@company.vn>
Subject: Tài liệu cuộc họp
Vui lòng xem thông tin trong cổng thông tin nội bộ. Nếu cần hỗ trợ, hãy liên hệ bộ phận phụ trách qua kênh chính thức. Bạn có thể bỏ qua email này nếu thông tin đã được cập nhật. Tham khảo: https://portal.company.vn/",0
"From: Apple Support <support@account-review.xyz>
Subject: Yêu cầu cập nhật thông tin thanh toán
Final notice. Verify your account immediately using https://account-review.xyz/billing/update or access may be suspended.",1
"From: Microsoft Support <support@support-center.club>
Subject: Bạn đã trúng thưởng
Khoản hoàn tiền đang chờ xử lý. Vui lòng xác nhận số thẻ, CVV và mã xác minh tại https://support-center.club/billing/update. !!! Hành động ngay lập tức!!!",1
"From: MoMo Billing <billing@support-center.club>
Subject: Urgent: unusual login detected
Bạn được chọn nhận phần thưởng. Hãy cung cấp thông tin tài khoản và xác nhận tại https://support-center.club/billing/update để nhận tiền.",1
"From: Thư viện <no-reply@university.edu.vn>
Subject: Phiếu lương tháng này
Hệ thống sẽ được bảo trì trong thời gian dự kiến. Một số chức năng có thể tạm thời không sử dụng được.",0
"From: Thư viện <no-reply@university.edu.vn>
Subject: Phiếu lương tháng này
Thông tin chi tiết đã được cập nhật trên hệ thống. Bạn có thể đăng nhập bằng cách tự mở ứng dụng hoặc trang web quen thuộc. Bạn có thể bỏ qua email này nếu thông tin đã được cập nhật.",0
"From: Microsoft Billing <billing@mail-security.club>
Subject: Urgent: unusual login detected
Final notice. Verify your account immediately using http://103.21.55.18/account/confirm or access may be suspended. Your accunt must be verfy today.",1
"From: Phòng hành chính <no-reply@university.edu.vn>
Subject: Tài liệu cuộc họp
Vui lòng xem thông tin trong cổng thông tin nội bộ. Nếu cần hỗ trợ, hãy liên hệ bộ phận phụ trách qua kênh chính thức. Không gửi thông tin đăng nhập cho bất kỳ ai.",0
"From: Apple Security <security@mail-security.club>
Subject: Final notice: verify your account
Khoản hoàn tiền đang chờ xử lý. Vui lòng xác nhận số thẻ, CVV và mã xác minh tại https://mail-security.club/login. Your accunt must be verfy today.",1
"From: Amazon Security <security@support-center.club>
Subject: Khẩn cấp: tài khoản của bạn sắp bị khóa
Chúng tôi phát hiện hoạt động bất thường. Bạn phải xác minh thông tin đăng nhập trong 24 giờ tại http://support-center.club/verify. !!! Hành động ngay lập tức!!!",1
"From: Ban quản trị hệ thống <no-reply@company.vn>
Subject: Phiếu lương tháng này
Vui lòng xem thông tin trong cổng thông tin nội bộ. Nếu cần hỗ trợ, hãy liên hệ bộ phận phụ trách qua kênh chính thức. Không gửi thông tin đăng nhập cho bất kỳ ai.",0
"From: Thư viện <no-reply@university.edu.vn>
Subject: Kết quả đăng ký môn học
Vui lòng xem thông tin trong cổng thông tin nội bộ. Nếu cần hỗ trợ, hãy liên hệ bộ phận phụ trách qua kênh chính thức.",0
"From: Customer Care Vietcombank <service@mail-security.club>
Subject: Yêu cầu cập nhật thông tin thanh toán
Chúng tôi phát hiện hoạt động bất thường. Bạn phải xác minh thông tin đăng nhập trong 24 giờ tại https://mail-security.club/security-check. Your accunt must be verfy today.",1
"From: Apple Support <support@secure-account.xyz>
Subject: Thông báo hoàn tiền - xác nhận thông tin
Khoản hoàn tiền đang chờ xử lý. Vui lòng xác nhận số thẻ, CVV và mã xác minh tại https://secure-account.xyz/account/confirm.",1
"From: Phòng hành chính <no-reply@university.edu.vn>
Subject: Nhắc lịch gia hạn dịch vụ
Biên nhận được gửi để bạn lưu trữ. Nếu có sai lệch, liên hệ bộ phận chăm sóc khách hàng theo thông tin trên website chính thức.",0
"From: Google Support <support@verify-login.top>
Subject: Bạn đã trúng thưởng
Khoản hoàn tiền đang chờ xử lý. Vui lòng xác nhận số thẻ, CVV và mã xác minh tại http://185.10.20.30/billing/update. Your accunt must be verfy today.",1
"From: Customer Care BIDV <service@verify-user.top>
Subject: Bạn đã trúng thưởng
Tài khoản của bạn sẽ bị đình chỉ nếu không hành động ngay. Truy cập http://verify-user.top/verify để xác minh danh tính. Your accunt must be verfy today.",1
"From: Thư viện <no-reply@university.edu.vn>
Subject: Nhắc lịch gia hạn dịch vụ
Biên nhận được gửi để bạn lưu trữ. Nếu có sai lệch, liên hệ bộ phận chăm sóc khách hàng theo thông tin trên website chính thức. Tham khảo: https://university.edu.vn/support",0
"From: Phòng hành chính <no-reply@university.edu.vn>
Subject: Tài liệu cuộc họp
Thông tin chi tiết đã được cập nhật trên hệ thống. Bạn có thể đăng nhập bằng cách tự mở ứng dụng hoặc trang web quen thuộc.",0
"From: Apple Support <support@verify-user.top>
Subject: Security alert: act now
Final notice. Verify your account immediately using https://verify-user.top/security-check or access may be suspended. Your accunt must be verfy today.",1
"From: Bộ phận nhân sự <no-reply@company.vn>
Subject: Phiếu lương tháng này
Xin vui lòng kiểm tra lịch và phản hồi trước thời hạn ghi trong thông báo. Cảm ơn bạn.",0
"From: Customer Care Microsoft <service@verify-user.top>
Subject: Khẩn cấp: tài khoản của bạn sắp bị khóa
Vui lòng xác minh tài khoản ngay lập tức để tránh bị khóa. Hãy nhập mật khẩu và mã OTP tại https://verify-user.top/security-check.",1
"From: Phòng hành chính <no-reply@university.edu.vn>
Subject: Thông báo giao hàng
Vui lòng xem thông tin trong cổng thông tin nội bộ. Nếu cần hỗ trợ, hãy liên hệ bộ phận phụ trách qua kênh chính thức. Mọi thay đổi quan trọng sẽ được thông báo trên hệ thống chính thức.",0
"From: Amazon Support <support@verify-user.top>
Subject: Xác minh tài khoản để tránh đình chỉ
Tài khoản của bạn sẽ bị đình chỉ nếu không hành động ngay. Truy cập http://103.21.55.18/security-check để xác minh danh tính.",1
"From: Thư viện <no-reply@university.edu.vn>
Subject: Phiếu lương tháng này
Biên nhận được gửi để bạn lưu trữ. Nếu có sai lệch, liên hệ bộ phận chăm sóc khách hàng theo thông tin trên website chính thức. Mọi thay đổi quan trọng sẽ được thông báo trên hệ thống chính thức. Tham khảo: https://portal.university.edu.vn/",0
"From: Phòng CNTT <no-reply@company.vn>
Subject: Xác nhận đăng ký
Vui lòng xem thông tin trong cổng thông tin nội bộ. Nếu cần hỗ trợ, hãy liên hệ bộ phận phụ trách qua kênh chính thức. Bạn có thể bỏ qua email này nếu thông tin đã được cập nhật.",0
"From: Ban quản trị hệ thống <no-reply@company.vn>
Subject: Phiếu lương tháng này
Đây là thông báo định kỳ. Bạn không cần cung cấp mật khẩu, mã OTP hoặc thông tin thẻ qua email. Nếu không yêu cầu thao tác này, hãy liên hệ bộ phận hỗ trợ.",0
"From: Vietcombank Support <support@secure-account.xyz>
Subject: Cảnh báo bảo mật - xác minh ngay
Bạn được chọn nhận phần thưởng. Hãy cung cấp thông tin tài khoản và xác nhận tại http://secure-account.xyz/verify để nhận tiền.",1
"From: Google Billing <billing@secure-account.xyz>
Subject: Cảnh báo bảo mật - xác minh ngay
Khoản hoàn tiền đang chờ xử lý. Vui lòng xác nhận số thẻ, CVV và mã xác minh tại http://secure-account.xyz/verify.",1
"From: Microsoft Support <support@security-alert.xyz>
Subject: Urgent: unusual login detected
Khoản hoàn tiền đang chờ xử lý. Vui lòng xác nhận số thẻ, CVV và mã xác minh tại https://security-alert.xyz/account/confirm. !!! Hành động ngay lập tức!!!",1
"From: Phòng hành chính <no-reply@university.edu.vn>
Subject: Xác nhận đăng ký
Thông tin chi tiết đã được cập nhật trên hệ thống. Bạn có thể đăng nhập bằng cách tự mở ứng dụng hoặc trang web quen thuộc. Không gửi thông tin đăng nhập cho bất kỳ ai. Tham khảo: https://portal.university.edu.vn/",0
"From: Bộ phận nhân sự <no-reply@company.vn>
Subject: Thông báo lịch học tuần này
Thông tin chi tiết đã được cập nhật trên hệ thống. Bạn có thể đăng nhập bằng cách tự mở ứng dụng hoặc trang web quen thuộc.",0
"From: BIDV Support <support@security-alert.xyz>
Subject: Xác minh tài khoản để tránh đình chỉ
Tài khoản của bạn sẽ bị đình chỉ nếu không hành động ngay. Truy cập http://185.10.20.30/billing/update để xác minh danh tính.",1
"From: BIDV Billing <billing@service-update.top>
Subject: Khẩn cấp: tài khoản của bạn sắp bị khóa
Bạn được chọn nhận phần thưởng. Hãy cung cấp thông tin tài khoản và xác nhận tại http://service-update.top/verify để nhận tiền. !!! Hành động ngay lập tức!!!",1
"From: Customer Care Vietcombank <service@account-check.click>
Subject: Urgent: unusual login detected
Chúng tôi phát hiện hoạt động bất thường. Bạn phải xác minh thông tin đăng nhập trong 24 giờ tại https://account-check.click/account/confirm.",1
"From: Thư viện <no-reply@university.edu.vn>
Subject: Nhắc lịch gia hạn dịch vụ
Xin vui lòng kiểm tra lịch và phản hồi trước thời hạn ghi trong thông báo. Cảm ơn bạn. Không gửi thông tin đăng nhập cho bất kỳ ai.",0
"From: Kế toán <no-reply@company.vn>
Subject: Biên nhận thanh toán
Vui lòng xem thông tin trong cổng thông tin nội bộ. Nếu cần hỗ trợ, hãy liên hệ bộ phận phụ trách qua kênh chính thức. Không gửi thông tin đăng nhập cho bất kỳ ai.",0
"From: Ban quản trị hệ thống <no-reply@company.vn>
Subject: Xác nhận đăng ký
Xin vui lòng kiểm tra lịch và phản hồi trước thời hạn ghi trong thông báo. Cảm ơn bạn. Bạn có thể bỏ qua email này nếu thông tin đã được cập nhật.",0
"From: Bộ phận nhân sự <no-reply@company.vn>
Subject: Lịch họp ngày mai
Hệ thống sẽ được bảo trì trong thời gian dự kiến. Một số chức năng có thể tạm thời không sử dụng được. Mọi thay đổi quan trọng sẽ được thông báo trên hệ thống chính thức.",0
"From: Phòng hành chính <no-reply@university.edu.vn>
Subject: Xác nhận đăng ký
Thông tin chi tiết đã được cập nhật trên hệ thống. Bạn có thể đăng nhập bằng cách tự mở ứng dụng hoặc trang web quen thuộc.",0
"From: Techcombank Billing <billing@account-review.xyz>
Subject: Xác minh tài khoản để tránh đình chỉ
Bạn được chọn nhận phần thưởng. Hãy cung cấp thông tin tài khoản và xác nhận tại http://103.21.55.18/security-check để nhận tiền.",1
"From: BIDV Security <security@support-center.club>
Subject: Final notice: verify your account
Bạn được chọn nhận phần thưởng. Hãy cung cấp thông tin tài khoản và xác nhận tại http://support-center.club/verify để nhận tiền.",1
"From: Phòng hành chính <no-reply@university.edu.vn>
Subject: Thông báo bảo trì hệ thống
Hệ thống sẽ được bảo trì trong thời gian dự kiến. Một số chức năng có thể tạm thời không sử dụng được. Không gửi thông tin đăng nhập cho bất kỳ ai. Tham khảo: https://university.edu.vn/support",0
"From: Phòng đào tạo <no-reply@university.edu.vn>
Subject: Thông báo bảo trì hệ thống
Hệ thống sẽ được bảo trì trong thời gian dự kiến. Một số chức năng có thể tạm thời không sử dụng được. Tham khảo: https://portal.university.edu.vn/",0
"From: Kế toán <no-reply@company.vn>
Subject: Thông báo giao hàng
Đây là thông báo định kỳ. Bạn không cần cung cấp mật khẩu, mã OTP hoặc thông tin thẻ qua email. Tham khảo: https://company.vn/support",0
"From: Vietcombank Support <support@account-check.click>
Subject: Yêu cầu cập nhật thông tin thanh toán
Vui lòng xác minh tài khoản ngay lập tức để tránh bị khóa. Hãy nhập mật khẩu và mã OTP tại https://account-check.click/login. Your accunt must be verfy today.",1
"From: Microsoft Support <support@confirm-access.xyz>
Subject: Bạn đã trúng thưởng
Tài khoản của bạn sẽ bị đình chỉ nếu không hành động ngay. Truy cập https://confirm-access.xyz/billing/update để xác minh danh tính.",1
"From: Phòng đào tạo <no-reply@university.edu.vn>
Subject: Tài liệu cuộc họp
Xin vui lòng kiểm tra lịch và phản hồi trước thời hạn ghi trong thông báo. Cảm ơn bạn.",0
"From: Customer Care PayPal <service@login-protect.click>
Subject: Cảnh báo bảo mật - xác minh ngay
Vui lòng xác minh tài khoản ngay lập tức để tránh bị khóa. Hãy nhập mật khẩu và mã OTP tại https://login-protect.click/billing/update. !!! Hành động ngay lập tức!!!",1
"From: Customer Care Google <service@secure-account.xyz>
Subject: Tài khoản hết hạn hôm nay
Vui lòng xác minh tài khoản ngay lập tức để tránh bị khóa. Hãy nhập mật khẩu và mã OTP tại https://secure-account.xyz/billing/update.",1
"From: Bộ phận nhân sự <no-reply@company.vn>
Subject: Nhắc lịch gia hạn dịch vụ
Vui lòng xem thông tin trong cổng thông tin nội bộ. Nếu cần hỗ trợ, hãy liên hệ bộ phận phụ trách qua kênh chính thức. Bạn có thể bỏ qua email này nếu thông tin đã được cập nhật. Tham khảo: https://company.vn/support",0
"From: Google Support <support@account-review.xyz>
Subject: Thông báo hoàn tiền - xác nhận thông tin
Tài khoản của bạn sẽ bị đình chỉ nếu không hành động ngay. Truy cập http://45.76.123.9/verify để xác minh danh tính. !!! Hành động ngay lập tức!!!",1
"From: Phòng CNTT <no-reply@company.vn>
Subject: Thông báo lịch học tuần này
Đây là thông báo định kỳ. Bạn không cần cung cấp mật khẩu, mã OTP hoặc thông tin thẻ qua email.",0
"From: Thư viện <no-reply@university.edu.vn>
Subject: Phiếu lương tháng này
Vui lòng xem thông tin trong cổng thông tin nội bộ. Nếu cần hỗ trợ, hãy liên hệ bộ phận phụ trách qua kênh chính thức. Không gửi thông tin đăng nhập cho bất kỳ ai. Tham khảo: https://university.edu.vn/support",0
"From: Bộ phận nhân sự <no-reply@company.vn>
Subject: Biên nhận thanh toán
Hệ thống sẽ được bảo trì trong thời gian dự kiến. Một số chức năng có thể tạm thời không sử dụng được. Mọi thay đổi quan trọng sẽ được thông báo trên hệ thống chính thức.",0
"From: Apple Support <support@mail-security.club>
Subject: Urgent: unusual login detected
Tài khoản của bạn sẽ bị đình chỉ nếu không hành động ngay. Truy cập https://mail-security.club/security-check để xác minh danh tính.",1
"From: Dịch vụ khách hàng <no-reply@shop.vn>
Subject: Phiếu lương tháng này
Biên nhận được gửi để bạn lưu trữ. Nếu có sai lệch, liên hệ bộ phận chăm sóc khách hàng theo thông tin trên website chính thức. Bạn có thể bỏ qua email này nếu thông tin đã được cập nhật.",0
"From: Thư viện <no-reply@university.edu.vn>
Subject: Phiếu lương tháng này
Xin vui lòng kiểm tra lịch và phản hồi trước thời hạn ghi trong thông báo. Cảm ơn bạn. Mọi thay đổi quan trọng sẽ được thông báo trên hệ thống chính thức.",0
"From: Phòng đào tạo <no-reply@university.edu.vn>
Subject: Biên nhận thanh toán
Thông tin chi tiết đã được cập nhật trên hệ thống. Bạn có thể đăng nhập bằng cách tự mở ứng dụng hoặc trang web quen thuộc. Không gửi thông tin đăng nhập cho bất kỳ ai. Tham khảo: https://portal.university.edu.vn/",0
"From: Phòng CNTT <no-reply@company.vn>
Subject: Tài liệu cuộc họp
Vui lòng xem thông tin trong cổng thông tin nội bộ. Nếu cần hỗ trợ, hãy liên hệ bộ phận phụ trách qua kênh chính thức. Không gửi thông tin đăng nhập cho bất kỳ ai.",0
"From: Thư viện <no-reply@university.edu.vn>
Subject: Thông báo bảo trì hệ thống
Biên nhận được gửi để bạn lưu trữ. Nếu có sai lệch, liên hệ bộ phận chăm sóc khách hàng theo thông tin trên website chính thức. Không gửi thông tin đăng nhập cho bất kỳ ai.",0
"From: MoMo Billing <billing@security-alert.xyz>
Subject: Bạn đã trúng thưởng
Final notice. Verify your account immediately using http://security-alert.xyz/verify or access may be suspended.",1
"From: Customer Care Apple <service@billing-confirm.loan>
Subject: Tài khoản hết hạn hôm nay
Khoản hoàn tiền đang chờ xử lý. Vui lòng xác nhận số thẻ, CVV và mã xác minh tại https://billing-confirm.loan/account/confirm. !!! Hành động ngay lập tức!!!",1
"From: Bộ phận nhân sự <no-reply@company.vn>
Subject: Thông báo giao hàng
Thông tin chi tiết đã được cập nhật trên hệ thống. Bạn có thể đăng nhập bằng cách tự mở ứng dụng hoặc trang web quen thuộc.",0
"From: Phòng hành chính <no-reply@university.edu.vn>
Subject: Phiếu lương tháng này
Vui lòng xem thông tin trong cổng thông tin nội bộ. Nếu cần hỗ trợ, hãy liên hệ bộ phận phụ trách qua kênh chính thức. Tham khảo: https://university.edu.vn/support",0
"From: Bộ phận nhân sự <no-reply@company.vn>
Subject: Lịch họp ngày mai
Thông tin chi tiết đã được cập nhật trên hệ thống. Bạn có thể đăng nhập bằng cách tự mở ứng dụng hoặc trang web quen thuộc. Mọi thay đổi quan trọng sẽ được thông báo trên hệ thống chính thức.",0
"From: Ban quản trị hệ thống <no-reply@company.vn>
Subject: Lịch họp ngày mai
Thông tin chi tiết đã được cập nhật trên hệ thống. Bạn có thể đăng nhập bằng cách tự mở ứng dụng hoặc trang web quen thuộc.",0
"From: Ban quản trị hệ thống <no-reply@company.vn>
Subject: Lịch họp ngày mai
Hệ thống sẽ được bảo trì trong thời gian dự kiến. Một số chức năng có thể tạm thời không sử dụng được. Mọi thay đổi quan trọng sẽ được thông báo trên hệ thống chính thức.",0
"From: Phòng CNTT <no-reply@company.vn>
Subject: Thông báo bảo trì hệ thống
Xin vui lòng kiểm tra lịch và phản hồi trước thời hạn ghi trong thông báo. Cảm ơn bạn.",0
"From: Thư viện <no-reply@university.edu.vn>
Subject: Thông báo bảo trì hệ thống
Xin vui lòng kiểm tra lịch và phản hồi trước thời hạn ghi trong thông báo. Cảm ơn bạn. Tham khảo: https://portal.university.edu.vn/",0
"From: Vietcombank Billing <billing@confirm-access.xyz>
Subject: Xác minh tài khoản để tránh đình chỉ
Bạn được chọn nhận phần thưởng. Hãy cung cấp thông tin tài khoản và xác nhận tại https://confirm-access.xyz/login để nhận tiền.",1
"From: Google Security <security@login-protect.click>
Subject: Yêu cầu cập nhật thông tin thanh toán
Chúng tôi phát hiện hoạt động bất thường. Bạn phải xác minh thông tin đăng nhập trong 24 giờ tại http://login-protect.click/verify.",1
"From: Techcombank Security <security@login-protect.click>
Subject: Final notice: verify your account
Bạn được chọn nhận phần thưởng. Hãy cung cấp thông tin tài khoản và xác nhận tại https://login-protect.click/billing/update để nhận tiền.",1
"From: Customer Care Vietcombank <service@support-center.club>
Subject: Xác minh tài khoản để tránh đình chỉ
Chúng tôi phát hiện hoạt động bất thường. Bạn phải xác minh thông tin đăng nhập trong 24 giờ tại http://support-center.club/verify.",1
"From: Amazon Security <security@account-check.click>
Subject: Urgent: unusual login detected
Bạn được chọn nhận phần thưởng. Hãy cung cấp thông tin tài khoản và xác nhận tại https://account-check.click/login để nhận tiền.",1
"From: Kế toán <no-reply@company.vn>
Subject: Phiếu lương tháng này
Thông tin chi tiết đã được cập nhật trên hệ thống. Bạn có thể đăng nhập bằng cách tự mở ứng dụng hoặc trang web quen thuộc. Mọi thay đổi quan trọng sẽ được thông báo trên hệ thống chính thức. Tham khảo: https://portal.company.vn/",0
"From: Customer Care Amazon <service@secure-account.xyz>
Subject: Tài khoản hết hạn hôm nay
Final notice. Verify your account immediately using https://secure-account.xyz/security-check or access may be suspended. !!! Hành động ngay lập tức!!!",1
"From: Ban quản trị hệ thống <no-reply@company.vn>
Subject: Tài liệu cuộc họp
Biên nhận được gửi để bạn lưu trữ. Nếu có sai lệch, liên hệ bộ phận chăm sóc khách hàng theo thông tin trên website chính thức. Tham khảo: https://company.vn/account",0
"From: Kế toán <no-reply@company.vn>
Subject: Thông báo bảo trì hệ thống
Xin vui lòng kiểm tra lịch và phản hồi trước thời hạn ghi trong thông báo. Cảm ơn bạn. Mọi thay đổi quan trọng sẽ được thông báo trên hệ thống chính thức.",0
"From: Phòng đào tạo <no-reply@university.edu.vn>
Subject: Phiếu lương tháng này
Xin vui lòng kiểm tra lịch và phản hồi trước thời hạn ghi trong thông báo. Cảm ơn bạn.",0
"From: Thư viện <no-reply@university.edu.vn>
Subject: Biên nhận thanh toán
Vui lòng xem thông tin trong cổng thông tin nội bộ. Nếu cần hỗ trợ, hãy liên hệ bộ phận phụ trách qua kênh chính thức. Nếu không yêu cầu thao tác này, hãy liên hệ bộ phận hỗ trợ.",0
"From: Apple Security <security@support-center.club>
Subject: Bạn đã trúng thưởng
Vui lòng xác minh tài khoản ngay lập tức để tránh bị khóa. Hãy nhập mật khẩu và mã OTP tại https://support-center.club/login.",1
"From: Phòng CNTT <no-reply@company.vn>
Subject: Kết quả đăng ký môn học
Xin vui lòng kiểm tra lịch và phản hồi trước thời hạn ghi trong thông báo. Cảm ơn bạn. Nếu không yêu cầu thao tác này, hãy liên hệ bộ phận hỗ trợ. Tham khảo: https://company.vn/support",0
"From: Techcombank Support <support@security-alert.xyz>
Subject: Yêu cầu cập nhật thông tin thanh toán
Chúng tôi phát hiện hoạt động bất thường. Bạn phải xác minh thông tin đăng nhập trong 24 giờ tại https://security-alert.xyz/security-check.",1
"From: Phòng hành chính <no-reply@university.edu.vn>
Subject: Thông báo bảo trì hệ thống
Hệ thống sẽ được bảo trì trong thời gian dự kiến. Một số chức năng có thể tạm thời không sử dụng được. Tham khảo: https://portal.university.edu.vn/",0
"From: Phòng hành chính <no-reply@university.edu.vn>
Subject: Lịch họp ngày mai
Xin vui lòng kiểm tra lịch và phản hồi trước thời hạn ghi trong thông báo. Cảm ơn bạn. Mọi thay đổi quan trọng sẽ được thông báo trên hệ thống chính thức.",0
"From: MoMo Billing <billing@account-check.click>
Subject: Yêu cầu cập nhật thông tin thanh toán
Bạn được chọn nhận phần thưởng. Hãy cung cấp thông tin tài khoản và xác nhận tại https://account-check.click/billing/update để nhận tiền.",1
"From: Kế toán <no-reply@company.vn>
Subject: Thông báo lịch học tuần này
Xin vui lòng kiểm tra lịch và phản hồi trước thời hạn ghi trong thông báo. Cảm ơn bạn. Không gửi thông tin đăng nhập cho bất kỳ ai.",0
"From: Phòng CNTT <no-reply@company.vn>
Subject: Tài liệu cuộc họp
Thông tin chi tiết đã được cập nhật trên hệ thống. Bạn có thể đăng nhập bằng cách tự mở ứng dụng hoặc trang web quen thuộc. Không gửi thông tin đăng nhập cho bất kỳ ai. Tham khảo: https://portal.company.vn/",0
"From: Phòng CNTT <no-reply@company.vn>
Subject: Thông báo bảo trì hệ thống
Xin vui lòng kiểm tra lịch và phản hồi trước thời hạn ghi trong thông báo. Cảm ơn bạn. Tham khảo: https://portal.company.vn/",0
"From: Apple Support <support@login-protect.click>
Subject: Khẩn cấp: tài khoản của bạn sắp bị khóa
Chúng tôi phát hiện hoạt động bất thường. Bạn phải xác minh thông tin đăng nhập trong 24 giờ tại https://login-protect.click/account/confirm.",1
"From: PayPal Security <security@verify-user.top>
Subject: Tài khoản hết hạn hôm nay
Chúng tôi phát hiện hoạt động bất thường. Bạn phải xác minh thông tin đăng nhập trong 24 giờ tại https://verify-user.top/account/confirm. Your accunt must be verfy today.",1
"From: Microsoft Billing <billing@billing-confirm.loan>
Subject: Urgent: unusual login detected
Khoản hoàn tiền đang chờ xử lý. Vui lòng xác nhận số thẻ, CVV và mã xác minh tại https://billing-confirm.loan/security-check.",1
"From: Kế toán <no-reply@company.vn>
Subject: Tài liệu cuộc họp
Hệ thống sẽ được bảo trì trong thời gian dự kiến. Một số chức năng có thể tạm thời không sử dụng được. Bạn có thể bỏ qua email này nếu thông tin đã được cập nhật. Tham khảo: https://portal.company.vn/",0
"From: Kế toán <no-reply@company.vn>
Subject: Lịch họp ngày mai
Xin vui lòng kiểm tra lịch và phản hồi trước thời hạn ghi trong thông báo. Cảm ơn bạn.",0
"From: Bộ phận nhân sự <no-reply@company.vn>
Subject: Nhắc lịch gia hạn dịch vụ
Hệ thống sẽ được bảo trì trong thời gian dự kiến. Một số chức năng có thể tạm thời không sử dụng được.",0
"From: Customer Care BIDV <service@secure-account.xyz>
Subject: Security alert: act now
Chúng tôi phát hiện hoạt động bất thường. Bạn phải xác minh thông tin đăng nhập trong 24 giờ tại http://103.21.55.18/login. Your accunt must be verfy today.",1
"From: Kế toán <no-reply@company.vn>
Subject: Nhắc lịch gia hạn dịch vụ
Hệ thống sẽ được bảo trì trong thời gian dự kiến. Một số chức năng có thể tạm thời không sử dụng được.",0
"From: PayPal Support <support@secure-account.xyz>
Subject: Final notice: verify your account
Chúng tôi phát hiện hoạt động bất thường. Bạn phải xác minh thông tin đăng nhập trong 24 giờ tại https://secure-account.xyz/billing/update.",1
"From: Apple Support <support@verify-login.top>
Subject: Thông báo hoàn tiền - xác nhận thông tin
Vui lòng xác minh tài khoản ngay lập tức để tránh bị khóa. Hãy nhập mật khẩu và mã OTP tại http://103.21.55.18/login.",1
"From: Customer Care BIDV <service@security-alert.xyz>
Subject: Khẩn cấp: tài khoản của bạn sắp bị khóa
Final notice. Verify your account immediately using https://security-alert.xyz/security-check or access may be suspended.",1
"From: Phòng đào tạo <no-reply@university.edu.vn>
Subject: Tài liệu cuộc họp
Đây là thông báo định kỳ. Bạn không cần cung cấp mật khẩu, mã OTP hoặc thông tin thẻ qua email. Mọi thay đổi quan trọng sẽ được thông báo trên hệ thống chính thức.",0
"From: BIDV Security <security@confirm-access.xyz>
Subject: Xác minh tài khoản để tránh đình chỉ
Final notice. Verify your account immediately using http://confirm-access.xyz/verify or access may be suspended.",1
"From: Phòng hành chính <no-reply@university.edu.vn>
Subject: Phiếu lương tháng này
Đây là thông báo định kỳ. Bạn không cần cung cấp mật khẩu, mã OTP hoặc thông tin thẻ qua email. Nếu không yêu cầu thao tác này, hãy liên hệ bộ phận hỗ trợ. Tham khảo: https://portal.university.edu.vn/",0
"From: Phòng hành chính <no-reply@university.edu.vn>
Subject: Lịch họp ngày mai
Đây là thông báo định kỳ. Bạn không cần cung cấp mật khẩu, mã OTP hoặc thông tin thẻ qua email. Mọi thay đổi quan trọng sẽ được thông báo trên hệ thống chính thức.",0
"From: Dịch vụ khách hàng <no-reply@shop.vn>
Subject: Lịch họp ngày mai
Vui lòng xem thông tin trong cổng thông tin nội bộ. Nếu cần hỗ trợ, hãy liên hệ bộ phận phụ trách qua kênh chính thức. Nếu không yêu cầu thao tác này, hãy liên hệ bộ phận hỗ trợ. Tham khảo: https://portal.shop.vn/",0
"From: MoMo Support <support@account-check.click>
Subject: Xác minh tài khoản để tránh đình chỉ
Tài khoản của bạn sẽ bị đình chỉ nếu không hành động ngay. Truy cập https://account-check.click/login để xác minh danh tính. !!! Hành động ngay lập tức!!!",1
"From: Amazon Security <security@login-protect.click>
Subject: Urgent: unusual login detected
Vui lòng xác minh tài khoản ngay lập tức để tránh bị khóa. Hãy nhập mật khẩu và mã OTP tại http://login-protect.click/verify.",1
"From: Customer Care BIDV <service@service-update.top>
Subject: Security alert: act now
Khoản hoàn tiền đang chờ xử lý. Vui lòng xác nhận số thẻ, CVV và mã xác minh tại https://service-update.top/billing/update. Your accunt must be verfy today.",1
"From: Techcombank Security <security@login-protect.click>
Subject: Security alert: act now
Tài khoản của bạn sẽ bị đình chỉ nếu không hành động ngay. Truy cập http://login-protect.click/verify để xác minh danh tính. !!! Hành động ngay lập tức!!!",1
"From: Thư viện <no-reply@university.edu.vn>
Subject: Phiếu lương tháng này
Đây là thông báo định kỳ. Bạn không cần cung cấp mật khẩu, mã OTP hoặc thông tin thẻ qua email.",0
"From: Phòng đào tạo <no-reply@university.edu.vn>
Subject: Phiếu lương tháng này
Xin vui lòng kiểm tra lịch và phản hồi trước thời hạn ghi trong thông báo. Cảm ơn bạn. Không gửi thông tin đăng nhập cho bất kỳ ai.",0
"From: Phòng đào tạo <no-reply@university.edu.vn>
Subject: Phiếu lương tháng này
Hệ thống sẽ được bảo trì trong thời gian dự kiến. Một số chức năng có thể tạm thời không sử dụng được. Mọi thay đổi quan trọng sẽ được thông báo trên hệ thống chính thức.",0
"From: Google Support <support@confirm-access.xyz>
Subject: Yêu cầu cập nhật thông tin thanh toán
Final notice. Verify your account immediately using https://confirm-access.xyz/login or access may be suspended.",1
"From: Google Security <security@mail-security.club>
Subject: Security alert: act now
Bạn được chọn nhận phần thưởng. Hãy cung cấp thông tin tài khoản và xác nhận tại https://mail-security.club/login để nhận tiền. Your accunt must be verfy today.",1
"From: Dịch vụ khách hàng <no-reply@shop.vn>
Subject: Nhắc lịch gia hạn dịch vụ
Thông tin chi tiết đã được cập nhật trên hệ thống. Bạn có thể đăng nhập bằng cách tự mở ứng dụng hoặc trang web quen thuộc. Nếu không yêu cầu thao tác này, hãy liên hệ bộ phận hỗ trợ.",0
"From: PayPal Billing <billing@verify-login.top>
Subject: Xác minh tài khoản để tránh đình chỉ
Vui lòng xác minh tài khoản ngay lập tức để tránh bị khóa. Hãy nhập mật khẩu và mã OTP tại https://verify-login.top/billing/update.",1
"From: BIDV Support <support@confirm-access.xyz>
Subject: Khẩn cấp: tài khoản của bạn sắp bị khóa
Final notice. Verify your account immediately using https://confirm-access.xyz/login or access may be suspended.",1
"From: Google Security <security@billing-confirm.loan>
Subject: Final notice: verify your account
Vui lòng xác minh tài khoản ngay lập tức để tránh bị khóa. Hãy nhập mật khẩu và mã OTP tại https://billing-confirm.loan/security-check.",1
"From: Dịch vụ khách hàng <no-reply@shop.vn>
Subject: Biên nhận thanh toán
Đây là thông báo định kỳ. Bạn không cần cung cấp mật khẩu, mã OTP hoặc thông tin thẻ qua email. Nếu không yêu cầu thao tác này, hãy liên hệ bộ phận hỗ trợ.",0
"From: Phòng hành chính <no-reply@university.edu.vn>
Subject: Tài liệu cuộc họp
Hệ thống sẽ được bảo trì trong thời gian dự kiến. Một số chức năng có thể tạm thời không sử dụng được.",0
"From: Phòng CNTT <no-reply@company.vn>
Subject: Thông báo giao hàng
Biên nhận được gửi để bạn lưu trữ. Nếu có sai lệch, liên hệ bộ phận chăm sóc khách hàng theo thông tin trên website chính thức. Tham khảo: https://company.vn/account",0
"From: Vietcombank Billing <billing@verify-user.top>
Subject: Khẩn cấp: tài khoản của bạn sắp bị khóa
Chúng tôi phát hiện hoạt động bất thường. Bạn phải xác minh thông tin đăng nhập trong 24 giờ tại https://verify-user.top/account/confirm.",1
"From: PayPal Security <security@verify-user.top>
Subject: Cảnh báo bảo mật - xác minh ngay
Vui lòng xác minh tài khoản ngay lập tức để tránh bị khóa. Hãy nhập mật khẩu và mã OTP tại http://45.76.123.9/account/confirm.",1
"From: Google Billing <billing@mail-security.club>
Subject: Cảnh báo bảo mật - xác minh ngay
Final notice. Verify your account immediately using http://185.10.20.30/security-check or access may be suspended. Your accunt must be verfy today.",1
"From: BIDV Support <support@verify-login.top>
Subject: Final notice: verify your account
Chúng tôi phát hiện hoạt động bất thường. Bạn phải xác minh thông tin đăng nhập trong 24 giờ tại http://verify-login.top/verify. !!! Hành động ngay lập tức!!!",1
"From: Customer Care Google <service@mail-security.club>
Subject: Urgent: unusual login detected
Vui lòng xác minh tài khoản ngay lập tức để tránh bị khóa. Hãy nhập mật khẩu và mã OTP tại http://mail-security.club/verify. !!! Hành động ngay lập tức!!!",1
"From: MoMo Security <security@mail-security.club>
Subject: Security alert: act now
Vui lòng xác minh tài khoản ngay lập tức để tránh bị khóa. Hãy nhập mật khẩu và mã OTP tại https://mail-security.club/account/confirm.",1
"From: Phòng CNTT <no-reply@company.vn>
Subject: Biên nhận thanh toán
Đây là thông báo định kỳ. Bạn không cần cung cấp mật khẩu, mã OTP hoặc thông tin thẻ qua email.",0
"From: BIDV Security <security@verify-login.top>
Subject: Yêu cầu cập nhật thông tin thanh toán
Final notice. Verify your account immediately using https://verify-login.top/account/confirm or access may be suspended.",1
"From: Customer Care Google <service@confirm-access.xyz>
Subject: Security alert: act now
Chúng tôi phát hiện hoạt động bất thường. Bạn phải xác minh thông tin đăng nhập trong 24 giờ tại https://confirm-access.xyz/account/confirm.",1
"From: Techcombank Support <support@confirm-access.xyz>
Subject: Yêu cầu cập nhật thông tin thanh toán
Tài khoản của bạn sẽ bị đình chỉ nếu không hành động ngay. Truy cập https://confirm-access.xyz/login để xác minh danh tính.",1
"From: Customer Care Amazon <service@account-check.click>
Subject: Security alert: act now
Chúng tôi phát hiện hoạt động bất thường. Bạn phải xác minh thông tin đăng nhập trong 24 giờ tại https://account-check.click/security-check. !!! Hành động ngay lập tức!!!",1
"From: Kế toán <no-reply@company.vn>
Subject: Tài liệu cuộc họp
Thông tin chi tiết đã được cập nhật trên hệ thống. Bạn có thể đăng nhập bằng cách tự mở ứng dụng hoặc trang web quen thuộc.",0
"From: Microsoft Support <support@security-alert.xyz>
Subject: Bạn đã trúng thưởng
Final notice. Verify your account immediately using http://security-alert.xyz/verify or access may be suspended.",1
"From: Amazon Support <support@login-protect.click>
Subject: Final notice: verify your account
Vui lòng xác minh tài khoản ngay lập tức để tránh bị khóa. Hãy nhập mật khẩu và mã OTP tại http://185.10.20.30/security-check.",1
"From: Thư viện <no-reply@university.edu.vn>
Subject: Biên nhận thanh toán
Biên nhận được gửi để bạn lưu trữ. Nếu có sai lệch, liên hệ bộ phận chăm sóc khách hàng theo thông tin trên website chính thức.",0
"From: Ban quản trị hệ thống <no-reply@company.vn>
Subject: Thông báo lịch học tuần này
Đây là thông báo định kỳ. Bạn không cần cung cấp mật khẩu, mã OTP hoặc thông tin thẻ qua email. Nếu không yêu cầu thao tác này, hãy liên hệ bộ phận hỗ trợ.",0
"From: Kế toán <no-reply@company.vn>
Subject: Phiếu lương tháng này
Xin vui lòng kiểm tra lịch và phản hồi trước thời hạn ghi trong thông báo. Cảm ơn bạn. Không gửi thông tin đăng nhập cho bất kỳ ai.",0
"From: Bộ phận nhân sự <no-reply@company.vn>
Subject: Kết quả đăng ký môn học
Xin vui lòng kiểm tra lịch và phản hồi trước thời hạn ghi trong thông báo. Cảm ơn bạn.",0
"From: Apple Security <security@security-alert.xyz>
Subject: Bạn đã trúng thưởng
Vui lòng xác minh tài khoản ngay lập tức để tránh bị khóa. Hãy nhập mật khẩu và mã OTP tại https://security-alert.xyz/billing/update.",1
"From: BIDV Support <support@account-check.click>
Subject: Bạn đã trúng thưởng
Final notice. Verify your account immediately using https://account-check.click/billing/update or access may be suspended.",1
"From: Phòng CNTT <no-reply@company.vn>
Subject: Biên nhận thanh toán
Xin vui lòng kiểm tra lịch và phản hồi trước thời hạn ghi trong thông báo. Cảm ơn bạn.",0
"From: Phòng đào tạo <no-reply@university.edu.vn>
Subject: Phiếu lương tháng này
Xin vui lòng kiểm tra lịch và phản hồi trước thời hạn ghi trong thông báo. Cảm ơn bạn. Tham khảo: https://university.edu.vn/support",0
"From: Apple Support <support@service-update.top>
Subject: Xác minh tài khoản để tránh đình chỉ
Vui lòng xác minh tài khoản ngay lập tức để tránh bị khóa. Hãy nhập mật khẩu và mã OTP tại http://service-update.top/verify.",1
"From: Phòng đào tạo <no-reply@university.edu.vn>
Subject: Xác nhận đăng ký
Vui lòng xem thông tin trong cổng thông tin nội bộ. Nếu cần hỗ trợ, hãy liên hệ bộ phận phụ trách qua kênh chính thức.",0
"From: Kế toán <no-reply@company.vn>
Subject: Thông báo lịch học tuần này
Vui lòng xem thông tin trong cổng thông tin nội bộ. Nếu cần hỗ trợ, hãy liên hệ bộ phận phụ trách qua kênh chính thức.",0
"From: Apple Security <security@secure-account.xyz>
Subject: Tài khoản hết hạn hôm nay
Tài khoản của bạn sẽ bị đình chỉ nếu không hành động ngay. Truy cập https://secure-account.xyz/login để xác minh danh tính. !!! Hành động ngay lập tức!!!",1
"From: Bộ phận nhân sự <no-reply@company.vn>
Subject: Lịch họp ngày mai
Đây là thông báo định kỳ. Bạn không cần cung cấp mật khẩu, mã OTP hoặc thông tin thẻ qua email. Không gửi thông tin đăng nhập cho bất kỳ ai.",0
"From: Microsoft Security <security@billing-confirm.loan>
Subject: Yêu cầu cập nhật thông tin thanh toán
Final notice. Verify your account immediately using https://billing-confirm.loan/account/confirm or access may be suspended. Your accunt must be verfy today.",1
"From: Microsoft Support <support@service-update.top>
Subject: Yêu cầu cập nhật thông tin thanh toán
Tài khoản của bạn sẽ bị đình chỉ nếu không hành động ngay. Truy cập https://service-update.top/security-check để xác minh danh tính.",1
"From: Bộ phận nhân sự <no-reply@company.vn>
Subject: Thông báo lịch học tuần này
Biên nhận được gửi để bạn lưu trữ. Nếu có sai lệch, liên hệ bộ phận chăm sóc khách hàng theo thông tin trên website chính thức.",0
"From: Dịch vụ khách hàng <no-reply@shop.vn>
Subject: Biên nhận thanh toán
Biên nhận được gửi để bạn lưu trữ. Nếu có sai lệch, liên hệ bộ phận chăm sóc khách hàng theo thông tin trên website chính thức.",0
"From: Phòng hành chính <no-reply@university.edu.vn>
Subject: Thông báo lịch học tuần này
Xin vui lòng kiểm tra lịch và phản hồi trước thời hạn ghi trong thông báo. Cảm ơn bạn. Không gửi thông tin đăng nhập cho bất kỳ ai. Tham khảo: https://portal.university.edu.vn/",0
"From: Thư viện <no-reply@university.edu.vn>
Subject: Phiếu lương tháng này
Biên nhận được gửi để bạn lưu trữ. Nếu có sai lệch, liên hệ bộ phận chăm sóc khách hàng theo thông tin trên website chính thức. Nếu không yêu cầu thao tác này, hãy liên hệ bộ phận hỗ trợ.",0
"From: Microsoft Billing <billing@security-alert.xyz>
Subject: Yêu cầu cập nhật thông tin thanh toán
Vui lòng xác minh tài khoản ngay lập tức để tránh bị khóa. Hãy nhập mật khẩu và mã OTP tại http://185.10.20.30/verify. !!! Hành động ngay lập tức!!!",1
"From: BIDV Support <support@verify-login.top>
Subject: Final notice: verify your account
Tài khoản của bạn sẽ bị đình chỉ nếu không hành động ngay. Truy cập http://verify-login.top/verify để xác minh danh tính.",1
"From: Techcombank Security <security@security-alert.xyz>
Subject: Final notice: verify your account
Bạn được chọn nhận phần thưởng. Hãy cung cấp thông tin tài khoản và xác nhận tại https://security-alert.xyz/account/confirm để nhận tiền.",1
"From: Vietcombank Support <support@verify-user.top>
Subject: Xác minh tài khoản để tránh đình chỉ
Tài khoản của bạn sẽ bị đình chỉ nếu không hành động ngay. Truy cập http://103.21.55.18/verify để xác minh danh tính.",1
"From: Phòng CNTT <no-reply@company.vn>
Subject: Tài liệu cuộc họp
Xin vui lòng kiểm tra lịch và phản hồi trước thời hạn ghi trong thông báo. Cảm ơn bạn. Nếu không yêu cầu thao tác này, hãy liên hệ bộ phận hỗ trợ.",0
"From: Vietcombank Security <security@login-protect.click>
Subject: Bạn đã trúng thưởng
Khoản hoàn tiền đang chờ xử lý. Vui lòng xác nhận số thẻ, CVV và mã xác minh tại http://login-protect.click/verify. Your accunt must be verfy today.",1
"From: Ban quản trị hệ thống <no-reply@company.vn>
Subject: Xác nhận đăng ký
Xin vui lòng kiểm tra lịch và phản hồi trước thời hạn ghi trong thông báo. Cảm ơn bạn.",0
"From: Dịch vụ khách hàng <no-reply@shop.vn>
Subject: Nhắc lịch gia hạn dịch vụ
Vui lòng xem thông tin trong cổng thông tin nội bộ. Nếu cần hỗ trợ, hãy liên hệ bộ phận phụ trách qua kênh chính thức. Tham khảo: https://shop.vn/support",0
"From: Amazon Billing <billing@billing-confirm.loan>
Subject: Yêu cầu cập nhật thông tin thanh toán
Chúng tôi phát hiện hoạt động bất thường. Bạn phải xác minh thông tin đăng nhập trong 24 giờ tại https://billing-confirm.loan/billing/update.",1
"From: Google Security <security@billing-confirm.loan>
Subject: Thông báo hoàn tiền - xác nhận thông tin
Vui lòng xác minh tài khoản ngay lập tức để tránh bị khóa. Hãy nhập mật khẩu và mã OTP tại https://billing-confirm.loan/billing/update.",1
"From: Microsoft Billing <billing@login-protect.click>
Subject: Thông báo hoàn tiền - xác nhận thông tin
Vui lòng xác minh tài khoản ngay lập tức để tránh bị khóa. Hãy nhập mật khẩu và mã OTP tại https://login-protect.click/login. Your accunt must be verfy today.",1
"From: Ban quản trị hệ thống <no-reply@company.vn>
Subject: Thông báo giao hàng
Xin vui lòng kiểm tra lịch và phản hồi trước thời hạn ghi trong thông báo. Cảm ơn bạn.",0
"From: Vietcombank Billing <billing@account-check.click>
Subject: Thông báo hoàn tiền - xác nhận thông tin
Bạn được chọn nhận phần thưởng. Hãy cung cấp thông tin tài khoản và xác nhận tại http://185.10.20.30/account/confirm để nhận tiền.",1
"From: Amazon Security <security@verify-login.top>
Subject: Security alert: act now
Vui lòng xác minh tài khoản ngay lập tức để tránh bị khóa. Hãy nhập mật khẩu và mã OTP tại http://185.10.20.30/security-check. Your accunt must be verfy today.",1
"From: Amazon Billing <billing@verify-user.top>
Subject: Urgent: unusual login detected
Khoản hoàn tiền đang chờ xử lý. Vui lòng xác nhận số thẻ, CVV và mã xác minh tại https://verify-user.top/account/confirm.",1
"From: Microsoft Billing <billing@mail-security.club>
Subject: Yêu cầu cập nhật thông tin thanh toán
Vui lòng xác minh tài khoản ngay lập tức để tránh bị khóa. Hãy nhập mật khẩu và mã OTP tại https://mail-security.club/security-check.",1
"From: Apple Billing <billing@mail-security.club>
Subject: Urgent: unusual login detected
Bạn được chọn nhận phần thưởng. Hãy cung cấp thông tin tài khoản và xác nhận tại https://mail-security.club/security-check để nhận tiền. !!! Hành động ngay lập tức!!! Your accunt must be verfy today.",1
"From: Amazon Billing <billing@service-update.top>
Subject: Yêu cầu cập nhật thông tin thanh toán
Tài khoản của bạn sẽ bị đình chỉ nếu không hành động ngay. Truy cập http://103.21.55.18/security-check để xác minh danh tính.",1
"From: Microsoft Billing <billing@secure-account.xyz>
Subject: Yêu cầu cập nhật thông tin thanh toán
Bạn được chọn nhận phần thưởng. Hãy cung cấp thông tin tài khoản và xác nhận tại https://secure-account.xyz/account/confirm để nhận tiền. !!! Hành động ngay lập tức!!!",1
"From: Phòng CNTT <no-reply@company.vn>
Subject: Thông báo lịch học tuần này
Xin vui lòng kiểm tra lịch và phản hồi trước thời hạn ghi trong thông báo. Cảm ơn bạn. Mọi thay đổi quan trọng sẽ được thông báo trên hệ thống chính thức. Tham khảo: https://portal.company.vn/",0
"From: Customer Care Techcombank <service@account-check.click>
Subject: Khẩn cấp: tài khoản của bạn sắp bị khóa
Final notice. Verify your account immediately using https://account-check.click/billing/update or access may be suspended. !!! Hành động ngay lập tức!!!",1
"From: Bộ phận nhân sự <no-reply@company.vn>
Subject: Biên nhận thanh toán
Hệ thống sẽ được bảo trì trong thời gian dự kiến. Một số chức năng có thể tạm thời không sử dụng được. Bạn có thể bỏ qua email này nếu thông tin đã được cập nhật. Tham khảo: https://company.vn/account",0
"From: Vietcombank Security <security@mail-security.club>
Subject: Thông báo hoàn tiền - xác nhận thông tin
Bạn được chọn nhận phần thưởng. Hãy cung cấp thông tin tài khoản và xác nhận tại https://mail-security.club/login để nhận tiền.",1
"From: Google Support <support@confirm-access.xyz>
Subject: Thông báo hoàn tiền - xác nhận thông tin
Chúng tôi phát hiện hoạt động bất thường. Bạn phải xác minh thông tin đăng nhập trong 24 giờ tại https://confirm-access.xyz/billing/update.",1
"From: Thư viện <no-reply@university.edu.vn>
Subject: Nhắc lịch gia hạn dịch vụ
Biên nhận được gửi để bạn lưu trữ. Nếu có sai lệch, liên hệ bộ phận chăm sóc khách hàng theo thông tin trên website chính thức.",0
"From: Amazon Security <security@login-protect.click>
Subject: Tài khoản hết hạn hôm nay
Bạn được chọn nhận phần thưởng. Hãy cung cấp thông tin tài khoản và xác nhận tại https://login-protect.click/login để nhận tiền.",1
"From: Customer Care BIDV <service@billing-confirm.loan>
Subject: Security alert: act now
Vui lòng xác minh tài khoản ngay lập tức để tránh bị khóa. Hãy nhập mật khẩu và mã OTP tại https://billing-confirm.loan/account/confirm.",1
"From: BIDV Support <support@service-update.top>
Subject: Tài khoản hết hạn hôm nay
Bạn được chọn nhận phần thưởng. Hãy cung cấp thông tin tài khoản và xác nhận tại https://service-update.top/security-check để nhận tiền.",1
"From: Google Billing <billing@account-review.xyz>
Subject: Urgent: unusual login detected
Khoản hoàn tiền đang chờ xử lý. Vui lòng xác nhận số thẻ, CVV và mã xác minh tại http://account-review.xyz/verify.",1
"From: Phòng hành chính <no-reply@university.edu.vn>
Subject: Thông báo bảo trì hệ thống
Xin vui lòng kiểm tra lịch và phản hồi trước thời hạn ghi trong thông báo. Cảm ơn bạn. Nếu không yêu cầu thao tác này, hãy liên hệ bộ phận hỗ trợ. Tham khảo: https://university.edu.vn/support",0
"From: Apple Support <support@secure-account.xyz>
Subject: Thông báo hoàn tiền - xác nhận thông tin
Chúng tôi phát hiện hoạt động bất thường. Bạn phải xác minh thông tin đăng nhập trong 24 giờ tại https://secure-account.xyz/account/confirm.",1
"From: BIDV Security <security@service-update.top>
Subject: Yêu cầu cập nhật thông tin thanh toán
Final notice. Verify your account immediately using https://service-update.top/security-check or access may be suspended.",1
"From: Customer Care Apple <service@login-protect.click>
Subject: Cảnh báo bảo mật - xác minh ngay
Final notice. Verify your account immediately using https://login-protect.click/account/confirm or access may be suspended.",1
"From: Bộ phận nhân sự <no-reply@company.vn>
Subject: Thông báo giao hàng
Xin vui lòng kiểm tra lịch và phản hồi trước thời hạn ghi trong thông báo. Cảm ơn bạn.",0
"From: Customer Care MoMo <service@security-alert.xyz>
Subject: Khẩn cấp: tài khoản của bạn sắp bị khóa
Tài khoản của bạn sẽ bị đình chỉ nếu không hành động ngay. Truy cập http://103.21.55.18/security-check để xác minh danh tính.",1
"From: Phòng đào tạo <no-reply@university.edu.vn>
Subject: Phiếu lương tháng này
Vui lòng xem thông tin trong cổng thông tin nội bộ. Nếu cần hỗ trợ, hãy liên hệ bộ phận phụ trách qua kênh chính thức.",0
"From: PayPal Security <security@verify-user.top>
Subject: Security alert: act now
Khoản hoàn tiền đang chờ xử lý. Vui lòng xác nhận số thẻ, CVV và mã xác minh tại http://verify-user.top/verify.",1
"From: Techcombank Support <support@confirm-access.xyz>
Subject: Khẩn cấp: tài khoản của bạn sắp bị khóa
Tài khoản của bạn sẽ bị đình chỉ nếu không hành động ngay. Truy cập http://confirm-access.xyz/verify để xác minh danh tính. Your accunt must be verfy today.",1
"From: Phòng đào tạo <no-reply@university.edu.vn>
Subject: Kết quả đăng ký môn học
Xin vui lòng kiểm tra lịch và phản hồi trước thời hạn ghi trong thông báo. Cảm ơn bạn. Không gửi thông tin đăng nhập cho bất kỳ ai.",0
"From: Phòng CNTT <no-reply@company.vn>
Subject: Biên nhận thanh toán
Đây là thông báo định kỳ. Bạn không cần cung cấp mật khẩu, mã OTP hoặc thông tin thẻ qua email. Không gửi thông tin đăng nhập cho bất kỳ ai.",0
"From: Thư viện <no-reply@university.edu.vn>
Subject: Phiếu lương tháng này
Thông tin chi tiết đã được cập nhật trên hệ thống. Bạn có thể đăng nhập bằng cách tự mở ứng dụng hoặc trang web quen thuộc. Tham khảo: https://university.edu.vn/account",0
"From: Phòng CNTT <no-reply@company.vn>
Subject: Nhắc lịch gia hạn dịch vụ
Xin vui lòng kiểm tra lịch và phản hồi trước thời hạn ghi trong thông báo. Cảm ơn bạn. Bạn có thể bỏ qua email này nếu thông tin đã được cập nhật.",0
"From: Vietcombank Support <support@mail-security.club>
Subject: Security alert: act now
Vui lòng xác minh tài khoản ngay lập tức để tránh bị khóa. Hãy nhập mật khẩu và mã OTP tại https://mail-security.club/login. !!! Hành động ngay lập tức!!!",1
"From: Apple Security <security@secure-account.xyz>
Subject: Khẩn cấp: tài khoản của bạn sắp bị khóa
Vui lòng xác minh tài khoản ngay lập tức để tránh bị khóa. Hãy nhập mật khẩu và mã OTP tại https://secure-account.xyz/login. Your accunt must be verfy today.",1
"From: Amazon Security <security@security-alert.xyz>
Subject: Tài khoản hết hạn hôm nay
Final notice. Verify your account immediately using http://45.76.123.9/login or access may be suspended.",1
"From: Apple Billing <billing@confirm-access.xyz>
Subject: Bạn đã trúng thưởng
Vui lòng xác minh tài khoản ngay lập tức để tránh bị khóa. Hãy nhập mật khẩu và mã OTP tại https://confirm-access.xyz/login.",1
"From: Google Security <security@verify-login.top>
Subject: Yêu cầu cập nhật thông tin thanh toán
Chúng tôi phát hiện hoạt động bất thường. Bạn phải xác minh thông tin đăng nhập trong 24 giờ tại https://verify-login.top/account/confirm.",1
"From: MoMo Billing <billing@verify-login.top>
Subject: Security alert: act now
Bạn được chọn nhận phần thưởng. Hãy cung cấp thông tin tài khoản và xác nhận tại https://verify-login.top/security-check để nhận tiền. !!! Hành động ngay lập tức!!! Your accunt must be verfy today.",1
"From: Phòng đào tạo <no-reply@university.edu.vn>
Subject: Biên nhận thanh toán
Đây là thông báo định kỳ. Bạn không cần cung cấp mật khẩu, mã OTP hoặc thông tin thẻ qua email.",0
"From: Customer Care PayPal <service@mail-security.club>
Subject: Security alert: act now
Bạn được chọn nhận phần thưởng. Hãy cung cấp thông tin tài khoản và xác nhận tại http://185.10.20.30/billing/update để nhận tiền.",1
"From: Thư viện <no-reply@university.edu.vn>
Subject: Tài liệu cuộc họp
Thông tin chi tiết đã được cập nhật trên hệ thống. Bạn có thể đăng nhập bằng cách tự mở ứng dụng hoặc trang web quen thuộc. Không gửi thông tin đăng nhập cho bất kỳ ai. Tham khảo: https://university.edu.vn/support",0
"From: Techcombank Billing <billing@login-protect.click>
Subject: Thông báo hoàn tiền - xác nhận thông tin
Tài khoản của bạn sẽ bị đình chỉ nếu không hành động ngay. Truy cập https://login-protect.click/account/confirm để xác minh danh tính. Your accunt must be verfy today.",1
"From: Bộ phận nhân sự <no-reply@company.vn>
Subject: Kết quả đăng ký môn học
Biên nhận được gửi để bạn lưu trữ. Nếu có sai lệch, liên hệ bộ phận chăm sóc khách hàng theo thông tin trên website chính thức.",0
"From: Phòng hành chính <no-reply@university.edu.vn>
Subject: Biên nhận thanh toán
Vui lòng xem thông tin trong cổng thông tin nội bộ. Nếu cần hỗ trợ, hãy liên hệ bộ phận phụ trách qua kênh chính thức.",0
"From: Dịch vụ khách hàng <no-reply@shop.vn>
Subject: Phiếu lương tháng này
Đây là thông báo định kỳ. Bạn không cần cung cấp mật khẩu, mã OTP hoặc thông tin thẻ qua email. Nếu không yêu cầu thao tác này, hãy liên hệ bộ phận hỗ trợ.",0
"From: Phòng đào tạo <no-reply@university.edu.vn>
Subject: Kết quả đăng ký môn học
Hệ thống sẽ được bảo trì trong thời gian dự kiến. Một số chức năng có thể tạm thời không sử dụng được. Không gửi thông tin đăng nhập cho bất kỳ ai.",0
"From: Kế toán <no-reply@company.vn>
Subject: Biên nhận thanh toán
Hệ thống sẽ được bảo trì trong thời gian dự kiến. Một số chức năng có thể tạm thời không sử dụng được. Nếu không yêu cầu thao tác này, hãy liên hệ bộ phận hỗ trợ.",0
"From: Phòng đào tạo <no-reply@university.edu.vn>
Subject: Tài liệu cuộc họp
Đây là thông báo định kỳ. Bạn không cần cung cấp mật khẩu, mã OTP hoặc thông tin thẻ qua email.",0
"From: Phòng hành chính <no-reply@university.edu.vn>
Subject: Tài liệu cuộc họp
Biên nhận được gửi để bạn lưu trữ. Nếu có sai lệch, liên hệ bộ phận chăm sóc khách hàng theo thông tin trên website chính thức. Bạn có thể bỏ qua email này nếu thông tin đã được cập nhật. Tham khảo: https://university.edu.vn/account",0
"From: Ban quản trị hệ thống <no-reply@company.vn>
Subject: Nhắc lịch gia hạn dịch vụ
Thông tin chi tiết đã được cập nhật trên hệ thống. Bạn có thể đăng nhập bằng cách tự mở ứng dụng hoặc trang web quen thuộc.",0
"From: Thư viện <no-reply@university.edu.vn>
Subject: Biên nhận thanh toán
Vui lòng xem thông tin trong cổng thông tin nội bộ. Nếu cần hỗ trợ, hãy liên hệ bộ phận phụ trách qua kênh chính thức.",0
"From: Phòng hành chính <no-reply@university.edu.vn>
Subject: Lịch họp ngày mai
Vui lòng xem thông tin trong cổng thông tin nội bộ. Nếu cần hỗ trợ, hãy liên hệ bộ phận phụ trách qua kênh chính thức.",0
"From: Kế toán <no-reply@company.vn>
Subject: Thông báo bảo trì hệ thống
Thông tin chi tiết đã được cập nhật trên hệ thống. Bạn có thể đăng nhập bằng cách tự mở ứng dụng hoặc trang web quen thuộc. Bạn có thể bỏ qua email này nếu thông tin đã được cập nhật.",0
"From: Customer Care Google <service@login-protect.click>
Subject: Security alert: act now
Final notice. Verify your account immediately using http://45.76.123.9/billing/update or access may be suspended.",1
"From: BIDV Billing <billing@service-update.top>
Subject: Thông báo hoàn tiền - xác nhận thông tin
Khoản hoàn tiền đang chờ xử lý. Vui lòng xác nhận số thẻ, CVV và mã xác minh tại https://service-update.top/billing/update. !!! Hành động ngay lập tức!!!",1
"From: Phòng CNTT <no-reply@company.vn>
Subject: Nhắc lịch gia hạn dịch vụ
Thông tin chi tiết đã được cập nhật trên hệ thống. Bạn có thể đăng nhập bằng cách tự mở ứng dụng hoặc trang web quen thuộc. Không gửi thông tin đăng nhập cho bất kỳ ai.",0
"From: Thư viện <no-reply@university.edu.vn>
Subject: Nhắc lịch gia hạn dịch vụ
Thông tin chi tiết đã được cập nhật trên hệ thống. Bạn có thể đăng nhập bằng cách tự mở ứng dụng hoặc trang web quen thuộc.",0
"From: Phòng hành chính <no-reply@university.edu.vn>
Subject: Tài liệu cuộc họp
Biên nhận được gửi để bạn lưu trữ. Nếu có sai lệch, liên hệ bộ phận chăm sóc khách hàng theo thông tin trên website chính thức. Nếu không yêu cầu thao tác này, hãy liên hệ bộ phận hỗ trợ. Tham khảo: https://portal.university.edu.vn/",0
"From: Customer Care Apple <service@service-update.top>
Subject: Bạn đã trúng thưởng
Final notice. Verify your account immediately using https://service-update.top/security-check or access may be suspended.",1
"From: Phòng hành chính <no-reply@university.edu.vn>
Subject: Thông báo bảo trì hệ thống
Đây là thông báo định kỳ. Bạn không cần cung cấp mật khẩu, mã OTP hoặc thông tin thẻ qua email.",0
"From: Phòng hành chính <no-reply@university.edu.vn>
Subject: Xác nhận đăng ký
Biên nhận được gửi để bạn lưu trữ. Nếu có sai lệch, liên hệ bộ phận chăm sóc khách hàng theo thông tin trên website chính thức. Mọi thay đổi quan trọng sẽ được thông báo trên hệ thống chính thức.",0
"From: Techcombank Billing <billing@verify-login.top>
Subject: Final notice: verify your account
Chúng tôi phát hiện hoạt động bất thường. Bạn phải xác minh thông tin đăng nhập trong 24 giờ tại http://185.10.20.30/account/confirm.",1
"From: Google Security <security@security-alert.xyz>
Subject: Cảnh báo bảo mật - xác minh ngay
Chúng tôi phát hiện hoạt động bất thường. Bạn phải xác minh thông tin đăng nhập trong 24 giờ tại http://security-alert.xyz/verify.",1
"From: Phòng hành chính <no-reply@university.edu.vn>
Subject: Nhắc lịch gia hạn dịch vụ
Vui lòng xem thông tin trong cổng thông tin nội bộ. Nếu cần hỗ trợ, hãy liên hệ bộ phận phụ trách qua kênh chính thức. Không gửi thông tin đăng nhập cho bất kỳ ai.",0
"From: Dịch vụ khách hàng <no-reply@shop.vn>
Subject: Lịch họp ngày mai
Đây là thông báo định kỳ. Bạn không cần cung cấp mật khẩu, mã OTP hoặc thông tin thẻ qua email. Mọi thay đổi quan trọng sẽ được thông báo trên hệ thống chính thức. Tham khảo: https://portal.shop.vn/",0
"From: Kế toán <no-reply@company.vn>
Subject: Thông báo lịch học tuần này
Thông tin chi tiết đã được cập nhật trên hệ thống. Bạn có thể đăng nhập bằng cách tự mở ứng dụng hoặc trang web quen thuộc. Mọi thay đổi quan trọng sẽ được thông báo trên hệ thống chính thức.",0
"From: Bộ phận nhân sự <no-reply@company.vn>
Subject: Nhắc lịch gia hạn dịch vụ
Biên nhận được gửi để bạn lưu trữ. Nếu có sai lệch, liên hệ bộ phận chăm sóc khách hàng theo thông tin trên website chính thức.",0
"From: MoMo Security <security@service-update.top>
Subject: Final notice: verify your account
Bạn được chọn nhận phần thưởng. Hãy cung cấp thông tin tài khoản và xác nhận tại https://service-update.top/security-check để nhận tiền.",1
"From: Customer Care Techcombank <service@secure-account.xyz>
Subject: Thông báo hoàn tiền - xác nhận thông tin
Final notice. Verify your account immediately using https://secure-account.xyz/login or access may be suspended.",1
"From: PayPal Support <support@billing-confirm.loan>
Subject: Security alert: act now
Bạn được chọn nhận phần thưởng. Hãy cung cấp thông tin tài khoản và xác nhận tại https://billing-confirm.loan/login để nhận tiền. !!! Hành động ngay lập tức!!! Your accunt must be verfy today.",1
"From: Thư viện <no-reply@university.edu.vn>
Subject: Nhắc lịch gia hạn dịch vụ
Biên nhận được gửi để bạn lưu trữ. Nếu có sai lệch, liên hệ bộ phận chăm sóc khách hàng theo thông tin trên website chính thức. Mọi thay đổi quan trọng sẽ được thông báo trên hệ thống chính thức.",0
"From: MoMo Security <security@login-protect.click>
Subject: Khẩn cấp: tài khoản của bạn sắp bị khóa
Final notice. Verify your account immediately using http://login-protect.click/verify or access may be suspended.",1
"From: Microsoft Billing <billing@confirm-access.xyz>
Subject: Bạn đã trúng thưởng
Tài khoản của bạn sẽ bị đình chỉ nếu không hành động ngay. Truy cập https://confirm-access.xyz/billing/update để xác minh danh tính.",1
"From: Microsoft Security <security@account-check.click>
Subject: Xác minh tài khoản để tránh đình chỉ
Khoản hoàn tiền đang chờ xử lý. Vui lòng xác nhận số thẻ, CVV và mã xác minh tại https://account-check.click/account/confirm.",1
"From: Techcombank Security <security@login-protect.click>
Subject: Final notice: verify your account
Vui lòng xác minh tài khoản ngay lập tức để tránh bị khóa. Hãy nhập mật khẩu và mã OTP tại http://login-protect.click/verify.",1
"From: Customer Care BIDV <service@confirm-access.xyz>
Subject: Tài khoản hết hạn hôm nay
Chúng tôi phát hiện hoạt động bất thường. Bạn phải xác minh thông tin đăng nhập trong 24 giờ tại http://confirm-access.xyz/verify.",1
"From: Apple Security <security@verify-user.top>
Subject: Bạn đã trúng thưởng
Vui lòng xác minh tài khoản ngay lập tức để tránh bị khóa. Hãy nhập mật khẩu và mã OTP tại https://verify-user.top/security-check.",1
"From: Thư viện <no-reply@university.edu.vn>
Subject: Nhắc lịch gia hạn dịch vụ
Thông tin chi tiết đã được cập nhật trên hệ thống. Bạn có thể đăng nhập bằng cách tự mở ứng dụng hoặc trang web quen thuộc. Bạn có thể bỏ qua email này nếu thông tin đã được cập nhật.",0
"From: Phòng hành chính <no-reply@university.edu.vn>
Subject: Phiếu lương tháng này
Vui lòng xem thông tin trong cổng thông tin nội bộ. Nếu cần hỗ trợ, hãy liên hệ bộ phận phụ trách qua kênh chính thức. Bạn có thể bỏ qua email này nếu thông tin đã được cập nhật. Tham khảo: https://university.edu.vn/account",0
"From: Thư viện <no-reply@university.edu.vn>
Subject: Lịch họp ngày mai
Biên nhận được gửi để bạn lưu trữ. Nếu có sai lệch, liên hệ bộ phận chăm sóc khách hàng theo thông tin trên website chính thức. Bạn có thể bỏ qua email này nếu thông tin đã được cập nhật.",0
"From: MoMo Billing <billing@verify-login.top>
Subject: Tài khoản hết hạn hôm nay
Bạn được chọn nhận phần thưởng. Hãy cung cấp thông tin tài khoản và xác nhận tại https://verify-login.top/account/confirm để nhận tiền. !!! Hành động ngay lập tức!!!",1
"From: Apple Support <support@service-update.top>
Subject: Final notice: verify your account
Bạn được chọn nhận phần thưởng. Hãy cung cấp thông tin tài khoản và xác nhận tại https://service-update.top/security-check để nhận tiền. !!! Hành động ngay lập tức!!!",1
"From: Google Billing <billing@login-protect.click>
Subject: Khẩn cấp: tài khoản của bạn sắp bị khóa
Vui lòng xác minh tài khoản ngay lập tức để tránh bị khóa. Hãy nhập mật khẩu và mã OTP tại https://login-protect.click/login. Your accunt must be verfy today.",1
"From: Dịch vụ khách hàng <no-reply@shop.vn>
Subject: Phiếu lương tháng này
Thông tin chi tiết đã được cập nhật trên hệ thống. Bạn có thể đăng nhập bằng cách tự mở ứng dụng hoặc trang web quen thuộc.",0
"From: Bộ phận nhân sự <no-reply@company.vn>
Subject: Tài liệu cuộc họp
Xin vui lòng kiểm tra lịch và phản hồi trước thời hạn ghi trong thông báo. Cảm ơn bạn.",0
"From: Phòng CNTT <no-reply@company.vn>
Subject: Tài liệu cuộc họp
Vui lòng xem thông tin trong cổng thông tin nội bộ. Nếu cần hỗ trợ, hãy liên hệ bộ phận phụ trách qua kênh chính thức. Tham khảo: https://company.vn/support",0
"From: Phòng CNTT <no-reply@company.vn>
Subject: Lịch họp ngày mai
Đây là thông báo định kỳ. Bạn không cần cung cấp mật khẩu, mã OTP hoặc thông tin thẻ qua email. Không gửi thông tin đăng nhập cho bất kỳ ai.",0
"From: Ban quản trị hệ thống <no-reply@company.vn>
Subject: Thông báo bảo trì hệ thống
Hệ thống sẽ được bảo trì trong thời gian dự kiến. Một số chức năng có thể tạm thời không sử dụng được. Nếu không yêu cầu thao tác này, hãy liên hệ bộ phận hỗ trợ.",0
"From: Customer Care Amazon <service@security-alert.xyz>
Subject: Xác minh tài khoản để tránh đình chỉ
Chúng tôi phát hiện hoạt động bất thường. Bạn phải xác minh thông tin đăng nhập trong 24 giờ tại https://security-alert.xyz/security-check.",1
"From: Phòng hành chính <no-reply@university.edu.vn>
Subject: Thông báo lịch học tuần này
Đây là thông báo định kỳ. Bạn không cần cung cấp mật khẩu, mã OTP hoặc thông tin thẻ qua email. Không gửi thông tin đăng nhập cho bất kỳ ai.",0
"From: Microsoft Support <support@mail-security.club>
Subject: Final notice: verify your account
Tài khoản của bạn sẽ bị đình chỉ nếu không hành động ngay. Truy cập http://mail-security.club/verify để xác minh danh tính.",1
"From: Techcombank Billing <billing@billing-confirm.loan>
Subject: Urgent: unusual login detected
Vui lòng xác minh tài khoản ngay lập tức để tránh bị khóa. Hãy nhập mật khẩu và mã OTP tại http://185.10.20.30/login.",1
"From: Thư viện <no-reply@university.edu.vn>
Subject: Tài liệu cuộc họp
Vui lòng xem thông tin trong cổng thông tin nội bộ. Nếu cần hỗ trợ, hãy liên hệ bộ phận phụ trách qua kênh chính thức. Tham khảo: https://portal.university.edu.vn/",0
"From: Google Support <support@support-center.club>
Subject: Security alert: act now
Vui lòng xác minh tài khoản ngay lập tức để tránh bị khóa. Hãy nhập mật khẩu và mã OTP tại https://support-center.club/login.",1
"From: Phòng CNTT <no-reply@company.vn>
Subject: Phiếu lương tháng này
Biên nhận được gửi để bạn lưu trữ. Nếu có sai lệch, liên hệ bộ phận chăm sóc khách hàng theo thông tin trên website chính thức. Mọi thay đổi quan trọng sẽ được thông báo trên hệ thống chính thức. Tham khảo: https://portal.company.vn/",0
"From: Apple Billing <billing@login-protect.click>
Subject: Tài khoản hết hạn hôm nay
Khoản hoàn tiền đang chờ xử lý. Vui lòng xác nhận số thẻ, CVV và mã xác minh tại https://login-protect.click/login.",1
"From: Phòng hành chính <no-reply@university.edu.vn>
Subject: Phiếu lương tháng này
Hệ thống sẽ được bảo trì trong thời gian dự kiến. Một số chức năng có thể tạm thời không sử dụng được. Bạn có thể bỏ qua email này nếu thông tin đã được cập nhật.",0
"From: BIDV Support <support@billing-confirm.loan>
Subject: Urgent: unusual login detected
Vui lòng xác minh tài khoản ngay lập tức để tránh bị khóa. Hãy nhập mật khẩu và mã OTP tại https://billing-confirm.loan/login. !!! Hành động ngay lập tức!!!",1
"From: Customer Care Google <service@secure-account.xyz>
Subject: Tài khoản hết hạn hôm nay
Chúng tôi phát hiện hoạt động bất thường. Bạn phải xác minh thông tin đăng nhập trong 24 giờ tại http://secure-account.xyz/verify.",1
"From: Thư viện <no-reply@university.edu.vn>
Subject: Thông báo lịch học tuần này
Đây là thông báo định kỳ. Bạn không cần cung cấp mật khẩu, mã OTP hoặc thông tin thẻ qua email.",0
"From: Dịch vụ khách hàng <no-reply@shop.vn>
Subject: Nhắc lịch gia hạn dịch vụ
Thông tin chi tiết đã được cập nhật trên hệ thống. Bạn có thể đăng nhập bằng cách tự mở ứng dụng hoặc trang web quen thuộc. Mọi thay đổi quan trọng sẽ được thông báo trên hệ thống chính thức.",0
"From: Google Security <security@support-center.club>
Subject: Khẩn cấp: tài khoản của bạn sắp bị khóa
Vui lòng xác minh tài khoản ngay lập tức để tránh bị khóa. Hãy nhập mật khẩu và mã OTP tại http://103.21.55.18/billing/update.",1
"From: Thư viện <no-reply@university.edu.vn>
Subject: Nhắc lịch gia hạn dịch vụ
Xin vui lòng kiểm tra lịch và phản hồi trước thời hạn ghi trong thông báo. Cảm ơn bạn. Tham khảo: https://university.edu.vn/support",0
"From: PayPal Billing <billing@verify-login.top>
Subject: Thông báo hoàn tiền - xác nhận thông tin
Final notice. Verify your account immediately using https://verify-login.top/login or access may be suspended. !!! Hành động ngay lập tức!!!",1
"From: Vietcombank Support <support@mail-security.club>
Subject: Urgent: unusual login detected
Chúng tôi phát hiện hoạt động bất thường. Bạn phải xác minh thông tin đăng nhập trong 24 giờ tại https://mail-security.club/billing/update. !!! Hành động ngay lập tức!!!",1
"From: Phòng đào tạo <no-reply@university.edu.vn>
Subject: Thông báo bảo trì hệ thống
Vui lòng xem thông tin trong cổng thông tin nội bộ. Nếu cần hỗ trợ, hãy liên hệ bộ phận phụ trách qua kênh chính thức. Mọi thay đổi quan trọng sẽ được thông báo trên hệ thống chính thức.",0
"From: Phòng CNTT <no-reply@company.vn>
Subject: Phiếu lương tháng này
Thông tin chi tiết đã được cập nhật trên hệ thống. Bạn có thể đăng nhập bằng cách tự mở ứng dụng hoặc trang web quen thuộc.",0
"From: Dịch vụ khách hàng <no-reply@shop.vn>
Subject: Thông báo bảo trì hệ thống
Đây là thông báo định kỳ. Bạn không cần cung cấp mật khẩu, mã OTP hoặc thông tin thẻ qua email. Nếu không yêu cầu thao tác này, hãy liên hệ bộ phận hỗ trợ.",0
"From: MoMo Billing <billing@verify-login.top>
Subject: Tài khoản hết hạn hôm nay
Vui lòng xác minh tài khoản ngay lập tức để tránh bị khóa. Hãy nhập mật khẩu và mã OTP tại https://verify-login.top/security-check.",1
"From: Phòng đào tạo <no-reply@university.edu.vn>
Subject: Kết quả đăng ký môn học
Thông tin chi tiết đã được cập nhật trên hệ thống. Bạn có thể đăng nhập bằng cách tự mở ứng dụng hoặc trang web quen thuộc.",0
"From: Phòng hành chính <no-reply@university.edu.vn>
Subject: Phiếu lương tháng này
Biên nhận được gửi để bạn lưu trữ. Nếu có sai lệch, liên hệ bộ phận chăm sóc khách hàng theo thông tin trên website chính thức. Không gửi thông tin đăng nhập cho bất kỳ ai.",0
"From: Thư viện <no-reply@university.edu.vn>
Subject: Kết quả đăng ký môn học
Hệ thống sẽ được bảo trì trong thời gian dự kiến. Một số chức năng có thể tạm thời không sử dụng được.",0
"From: Phòng đào tạo <no-reply@university.edu.vn>
Subject: Tài liệu cuộc họp
Vui lòng xem thông tin trong cổng thông tin nội bộ. Nếu cần hỗ trợ, hãy liên hệ bộ phận phụ trách qua kênh chính thức. Nếu không yêu cầu thao tác này, hãy liên hệ bộ phận hỗ trợ.",0
"From: Customer Care BIDV <service@support-center.club>
Subject: Thông báo hoàn tiền - xác nhận thông tin
Final notice. Verify your account immediately using https://support-center.club/security-check or access may be suspended. !!! Hành động ngay lập tức!!!",1
"From: Phòng đào tạo <no-reply@university.edu.vn>
Subject: Nhắc lịch gia hạn dịch vụ
Thông tin chi tiết đã được cập nhật trên hệ thống. Bạn có thể đăng nhập bằng cách tự mở ứng dụng hoặc trang web quen thuộc. Không gửi thông tin đăng nhập cho bất kỳ ai.",0
"From: Ban quản trị hệ thống <no-reply@company.vn>
Subject: Thông báo giao hàng
Thông tin chi tiết đã được cập nhật trên hệ thống. Bạn có thể đăng nhập bằng cách tự mở ứng dụng hoặc trang web quen thuộc. Mọi thay đổi quan trọng sẽ được thông báo trên hệ thống chính thức.",0
"From: BIDV Support <support@security-alert.xyz>
Subject: Bạn đã trúng thưởng
Khoản hoàn tiền đang chờ xử lý. Vui lòng xác nhận số thẻ, CVV và mã xác minh tại http://185.10.20.30/login. !!! Hành động ngay lập tức!!!",1
"From: Phòng hành chính <no-reply@university.edu.vn>
Subject: Thông báo lịch học tuần này
Đây là thông báo định kỳ. Bạn không cần cung cấp mật khẩu, mã OTP hoặc thông tin thẻ qua email. Mọi thay đổi quan trọng sẽ được thông báo trên hệ thống chính thức.",0
"From: Techcombank Security <security@account-review.xyz>
Subject: Khẩn cấp: tài khoản của bạn sắp bị khóa
Final notice. Verify your account immediately using https://account-review.xyz/security-check or access may be suspended.",1
"From: Bộ phận nhân sự <no-reply@company.vn>
Subject: Xác nhận đăng ký
Hệ thống sẽ được bảo trì trong thời gian dự kiến. Một số chức năng có thể tạm thời không sử dụng được. Nếu không yêu cầu thao tác này, hãy liên hệ bộ phận hỗ trợ.",0
"From: Phòng hành chính <no-reply@university.edu.vn>
Subject: Biên nhận thanh toán
Vui lòng xem thông tin trong cổng thông tin nội bộ. Nếu cần hỗ trợ, hãy liên hệ bộ phận phụ trách qua kênh chính thức. Không gửi thông tin đăng nhập cho bất kỳ ai.",0
"From: BIDV Billing <billing@confirm-access.xyz>
Subject: Xác minh tài khoản để tránh đình chỉ
Khoản hoàn tiền đang chờ xử lý. Vui lòng xác nhận số thẻ, CVV và mã xác minh tại https://confirm-access.xyz/login. Your accunt must be verfy today.",1
"From: Kế toán <no-reply@company.vn>
Subject: Thông báo giao hàng
Thông tin chi tiết đã được cập nhật trên hệ thống. Bạn có thể đăng nhập bằng cách tự mở ứng dụng hoặc trang web quen thuộc. Bạn có thể bỏ qua email này nếu thông tin đã được cập nhật.",0
"From: Techcombank Support <support@secure-account.xyz>
Subject: Final notice: verify your account
Chúng tôi phát hiện hoạt động bất thường. Bạn phải xác minh thông tin đăng nhập trong 24 giờ tại https://secure-account.xyz/account/confirm.",1
"From: Kế toán <no-reply@company.vn>
Subject: Phiếu lương tháng này
Vui lòng xem thông tin trong cổng thông tin nội bộ. Nếu cần hỗ trợ, hãy liên hệ bộ phận phụ trách qua kênh chính thức.",0
"From: MoMo Billing <billing@secure-account.xyz>
Subject: Urgent: unusual login detected
Chúng tôi phát hiện hoạt động bất thường. Bạn phải xác minh thông tin đăng nhập trong 24 giờ tại https://secure-account.xyz/account/confirm.",1
"From: PayPal Security <security@login-protect.click>
Subject: Xác minh tài khoản để tránh đình chỉ
Vui lòng xác minh tài khoản ngay lập tức để tránh bị khóa. Hãy nhập mật khẩu và mã OTP tại http://login-protect.click/verify.",1
"From: Customer Care Apple <service@service-update.top>
Subject: Final notice: verify your account
Khoản hoàn tiền đang chờ xử lý. Vui lòng xác nhận số thẻ, CVV và mã xác minh tại https://service-update.top/billing/update.",1
"From: Thư viện <no-reply@university.edu.vn>
Subject: Thông báo bảo trì hệ thống
Đây là thông báo định kỳ. Bạn không cần cung cấp mật khẩu, mã OTP hoặc thông tin thẻ qua email.",0
"From: Bộ phận nhân sự <no-reply@company.vn>
Subject: Nhắc lịch gia hạn dịch vụ
Vui lòng xem thông tin trong cổng thông tin nội bộ. Nếu cần hỗ trợ, hãy liên hệ bộ phận phụ trách qua kênh chính thức. Không gửi thông tin đăng nhập cho bất kỳ ai.",0
"From: Amazon Support <support@service-update.top>
Subject: Yêu cầu cập nhật thông tin thanh toán
Vui lòng xác minh tài khoản ngay lập tức để tránh bị khóa. Hãy nhập mật khẩu và mã OTP tại https://service-update.top/login. !!! Hành động ngay lập tức!!!",1
"From: Kế toán <no-reply@company.vn>
Subject: Thông báo giao hàng
Đây là thông báo định kỳ. Bạn không cần cung cấp mật khẩu, mã OTP hoặc thông tin thẻ qua email. Nếu không yêu cầu thao tác này, hãy liên hệ bộ phận hỗ trợ.",0
"From: Dịch vụ khách hàng <no-reply@shop.vn>
Subject: Lịch họp ngày mai
Xin vui lòng kiểm tra lịch và phản hồi trước thời hạn ghi trong thông báo. Cảm ơn bạn. Bạn có thể bỏ qua email này nếu thông tin đã được cập nhật.",0
"From: Ban quản trị hệ thống <no-reply@company.vn>
Subject: Thông báo giao hàng
Xin vui lòng kiểm tra lịch và phản hồi trước thời hạn ghi trong thông báo. Cảm ơn bạn.",0
"From: PayPal Billing <billing@service-update.top>
Subject: Cảnh báo bảo mật - xác minh ngay
Khoản hoàn tiền đang chờ xử lý. Vui lòng xác nhận số thẻ, CVV và mã xác minh tại https://service-update.top/security-check. !!! Hành động ngay lập tức!!! Your accunt must be verfy today.",1
"From: Phòng đào tạo <no-reply@university.edu.vn>
Subject: Nhắc lịch gia hạn dịch vụ
Đây là thông báo định kỳ. Bạn không cần cung cấp mật khẩu, mã OTP hoặc thông tin thẻ qua email.",0
"From: Customer Care Techcombank <service@mail-security.club>
Subject: Khẩn cấp: tài khoản của bạn sắp bị khóa
Vui lòng xác minh tài khoản ngay lập tức để tránh bị khóa. Hãy nhập mật khẩu và mã OTP tại https://mail-security.club/billing/update.",1
"From: Vietcombank Support <support@account-check.click>
Subject: Bạn đã trúng thưởng
Vui lòng xác minh tài khoản ngay lập tức để tránh bị khóa. Hãy nhập mật khẩu và mã OTP tại https://account-check.click/login. Your accunt must be verfy today.",1
"From: Kế toán <no-reply@company.vn>
Subject: Thông báo giao hàng
Xin vui lòng kiểm tra lịch và phản hồi trước thời hạn ghi trong thông báo. Cảm ơn bạn. Mọi thay đổi quan trọng sẽ được thông báo trên hệ thống chính thức.",0
"From: Bộ phận nhân sự <no-reply@company.vn>
Subject: Tài liệu cuộc họp
Xin vui lòng kiểm tra lịch và phản hồi trước thời hạn ghi trong thông báo. Cảm ơn bạn. Tham khảo: https://company.vn/support",0
"From: BIDV Billing <billing@verify-login.top>
Subject: Tài khoản hết hạn hôm nay
Final notice. Verify your account immediately using https://verify-login.top/billing/update or access may be suspended.",1
"From: BIDV Security <security@security-alert.xyz>
Subject: Yêu cầu cập nhật thông tin thanh toán
Tài khoản của bạn sẽ bị đình chỉ nếu không hành động ngay. Truy cập https://security-alert.xyz/login để xác minh danh tính.",1
"From: Phòng CNTT <no-reply@company.vn>
Subject: Xác nhận đăng ký
Đây là thông báo định kỳ. Bạn không cần cung cấp mật khẩu, mã OTP hoặc thông tin thẻ qua email. Mọi thay đổi quan trọng sẽ được thông báo trên hệ thống chính thức. Tham khảo: https://portal.company.vn/",0
"From: Thư viện <no-reply@university.edu.vn>
Subject: Phiếu lương tháng này
Đây là thông báo định kỳ. Bạn không cần cung cấp mật khẩu, mã OTP hoặc thông tin thẻ qua email. Tham khảo: https://university.edu.vn/support",0
"From: Phòng hành chính <no-reply@university.edu.vn>
Subject: Thông báo lịch học tuần này
Biên nhận được gửi để bạn lưu trữ. Nếu có sai lệch, liên hệ bộ phận chăm sóc khách hàng theo thông tin trên website chính thức. Tham khảo: https://university.edu.vn/support",0
"From: Techcombank Billing <billing@mail-security.club>
Subject: Thông báo hoàn tiền - xác nhận thông tin
Tài khoản của bạn sẽ bị đình chỉ nếu không hành động ngay. Truy cập https://mail-security.club/billing/update để xác minh danh tính.",1
"From: Phòng CNTT <no-reply@company.vn>
Subject: Biên nhận thanh toán
Đây là thông báo định kỳ. Bạn không cần cung cấp mật khẩu, mã OTP hoặc thông tin thẻ qua email. Mọi thay đổi quan trọng sẽ được thông báo trên hệ thống chính thức.",0
"From: Thư viện <no-reply@university.edu.vn>
Subject: Thông báo giao hàng
Thông tin chi tiết đã được cập nhật trên hệ thống. Bạn có thể đăng nhập bằng cách tự mở ứng dụng hoặc trang web quen thuộc.",0
"From: Dịch vụ khách hàng <no-reply@shop.vn>
Subject: Kết quả đăng ký môn học
Đây là thông báo định kỳ. Bạn không cần cung cấp mật khẩu, mã OTP hoặc thông tin thẻ qua email. Nếu không yêu cầu thao tác này, hãy liên hệ bộ phận hỗ trợ.",0
"From: Customer Care BIDV <service@confirm-access.xyz>
Subject: Khẩn cấp: tài khoản của bạn sắp bị khóa
Vui lòng xác minh tài khoản ngay lập tức để tránh bị khóa. Hãy nhập mật khẩu và mã OTP tại https://confirm-access.xyz/billing/update. Your accunt must be verfy today.",1
"From: Thư viện <no-reply@university.edu.vn>
Subject: Thông báo bảo trì hệ thống
Xin vui lòng kiểm tra lịch và phản hồi trước thời hạn ghi trong thông báo. Cảm ơn bạn. Mọi thay đổi quan trọng sẽ được thông báo trên hệ thống chính thức.",0
"From: Ban quản trị hệ thống <no-reply@company.vn>
Subject: Thông báo lịch học tuần này
Thông tin chi tiết đã được cập nhật trên hệ thống. Bạn có thể đăng nhập bằng cách tự mở ứng dụng hoặc trang web quen thuộc.",0
"From: Vietcombank Support <support@verify-login.top>
Subject: Urgent: unusual login detected
Vui lòng xác minh tài khoản ngay lập tức để tránh bị khóa. Hãy nhập mật khẩu và mã OTP tại http://103.21.55.18/login.",1
"From: Dịch vụ khách hàng <no-reply@shop.vn>
Subject: Xác nhận đăng ký
Đây là thông báo định kỳ. Bạn không cần cung cấp mật khẩu, mã OTP hoặc thông tin thẻ qua email.",0
"From: Bộ phận nhân sự <no-reply@company.vn>
Subject: Xác nhận đăng ký
Hệ thống sẽ được bảo trì trong thời gian dự kiến. Một số chức năng có thể tạm thời không sử dụng được.",0
"From: Microsoft Security <security@mail-security.club>
Subject: Security alert: act now
Vui lòng xác minh tài khoản ngay lập tức để tránh bị khóa. Hãy nhập mật khẩu và mã OTP tại https://mail-security.club/security-check. !!! Hành động ngay lập tức!!!",1
"From: Dịch vụ khách hàng <no-reply@shop.vn>
Subject: Nhắc lịch gia hạn dịch vụ
Hệ thống sẽ được bảo trì trong thời gian dự kiến. Một số chức năng có thể tạm thời không sử dụng được.",0
"From: Customer Care Microsoft <service@account-review.xyz>
Subject: Urgent: unusual login detected
Vui lòng xác minh tài khoản ngay lập tức để tránh bị khóa. Hãy nhập mật khẩu và mã OTP tại https://account-review.xyz/security-check.",1
"From: BIDV Billing <billing@billing-confirm.loan>
Subject: Tài khoản hết hạn hôm nay
Bạn được chọn nhận phần thưởng. Hãy cung cấp thông tin tài khoản và xác nhận tại https://billing-confirm.loan/account/confirm để nhận tiền.",1
"From: BIDV Security <security@service-update.top>
Subject: Khẩn cấp: tài khoản của bạn sắp bị khóa
Final notice. Verify your account immediately using https://service-update.top/account/confirm or access may be suspended. !!! Hành động ngay lập tức!!!",1
"From: Thư viện <no-reply@university.edu.vn>
Subject: Phiếu lương tháng này
Vui lòng xem thông tin trong cổng thông tin nội bộ. Nếu cần hỗ trợ, hãy liên hệ bộ phận phụ trách qua kênh chính thức. Mọi thay đổi quan trọng sẽ được thông báo trên hệ thống chính thức.",0
"From: Google Security <security@billing-confirm.loan>
Subject: Cảnh báo bảo mật - xác minh ngay
Khoản hoàn tiền đang chờ xử lý. Vui lòng xác nhận số thẻ, CVV và mã xác minh tại https://billing-confirm.loan/security-check.",1
"From: Phòng đào tạo <no-reply@university.edu.vn>
Subject: Nhắc lịch gia hạn dịch vụ
Vui lòng xem thông tin trong cổng thông tin nội bộ. Nếu cần hỗ trợ, hãy liên hệ bộ phận phụ trách qua kênh chính thức. Bạn có thể bỏ qua email này nếu thông tin đã được cập nhật.",0
"From: Thư viện <no-reply@university.edu.vn>
Subject: Xác nhận đăng ký
Xin vui lòng kiểm tra lịch và phản hồi trước thời hạn ghi trong thông báo. Cảm ơn bạn. Nếu không yêu cầu thao tác này, hãy liên hệ bộ phận hỗ trợ.",0
"From: MoMo Billing <billing@login-protect.click>
Subject: Yêu cầu cập nhật thông tin thanh toán
Chúng tôi phát hiện hoạt động bất thường. Bạn phải xác minh thông tin đăng nhập trong 24 giờ tại https://login-protect.click/login. !!! Hành động ngay lập tức!!!",1
"From: Phòng hành chính <no-reply@university.edu.vn>
Subject: Lịch họp ngày mai
Thông tin chi tiết đã được cập nhật trên hệ thống. Bạn có thể đăng nhập bằng cách tự mở ứng dụng hoặc trang web quen thuộc. Mọi thay đổi quan trọng sẽ được thông báo trên hệ thống chính thức. Tham khảo: https://university.edu.vn/account",0
"From: Ban quản trị hệ thống <no-reply@company.vn>
Subject: Thông báo lịch học tuần này
Thông tin chi tiết đã được cập nhật trên hệ thống. Bạn có thể đăng nhập bằng cách tự mở ứng dụng hoặc trang web quen thuộc. Nếu không yêu cầu thao tác này, hãy liên hệ bộ phận hỗ trợ.",0
"From: Phòng hành chính <no-reply@university.edu.vn>
Subject: Nhắc lịch gia hạn dịch vụ
Xin vui lòng kiểm tra lịch và phản hồi trước thời hạn ghi trong thông báo. Cảm ơn bạn.",0
"From: Amazon Billing <billing@support-center.club>
Subject: Xác minh tài khoản để tránh đình chỉ
Khoản hoàn tiền đang chờ xử lý. Vui lòng xác nhận số thẻ, CVV và mã xác minh tại https://support-center.club/account/confirm.",1
"From: PayPal Billing <billing@mail-security.club>
Subject: Xác minh tài khoản để tránh đình chỉ
Chúng tôi phát hiện hoạt động bất thường. Bạn phải xác minh thông tin đăng nhập trong 24 giờ tại http://mail-security.club/verify.",1
"From: Bộ phận nhân sự <no-reply@company.vn>
Subject: Thông báo giao hàng
Vui lòng xem thông tin trong cổng thông tin nội bộ. Nếu cần hỗ trợ, hãy liên hệ bộ phận phụ trách qua kênh chính thức.",0
"From: Kế toán <no-reply@company.vn>
Subject: Xác nhận đăng ký
Vui lòng xem thông tin trong cổng thông tin nội bộ. Nếu cần hỗ trợ, hãy liên hệ bộ phận phụ trách qua kênh chính thức. Bạn có thể bỏ qua email này nếu thông tin đã được cập nhật.",0
"From: MoMo Billing <billing@service-update.top>
Subject: Yêu cầu cập nhật thông tin thanh toán
Vui lòng xác minh tài khoản ngay lập tức để tránh bị khóa. Hãy nhập mật khẩu và mã OTP tại https://service-update.top/account/confirm.",1
"From: Phòng đào tạo <no-reply@university.edu.vn>
Subject: Tài liệu cuộc họp
Đây là thông báo định kỳ. Bạn không cần cung cấp mật khẩu, mã OTP hoặc thông tin thẻ qua email. Nếu không yêu cầu thao tác này, hãy liên hệ bộ phận hỗ trợ.",0
"From: Customer Care Google <service@security-alert.xyz>
Subject: Urgent: unusual login detected
Vui lòng xác minh tài khoản ngay lập tức để tránh bị khóa. Hãy nhập mật khẩu và mã OTP tại https://security-alert.xyz/account/confirm.",1
"From: Microsoft Support <support@security-alert.xyz>
Subject: Cảnh báo bảo mật - xác minh ngay
Bạn được chọn nhận phần thưởng. Hãy cung cấp thông tin tài khoản và xác nhận tại http://security-alert.xyz/verify để nhận tiền. !!! Hành động ngay lập tức!!!",1
"From: Dịch vụ khách hàng <no-reply@shop.vn>
Subject: Thông báo bảo trì hệ thống
Thông tin chi tiết đã được cập nhật trên hệ thống. Bạn có thể đăng nhập bằng cách tự mở ứng dụng hoặc trang web quen thuộc. Mọi thay đổi quan trọng sẽ được thông báo trên hệ thống chính thức. Tham khảo: https://portal.shop.vn/",0
"From: Microsoft Support <support@billing-confirm.loan>
Subject: Yêu cầu cập nhật thông tin thanh toán
Vui lòng xác minh tài khoản ngay lập tức để tránh bị khóa. Hãy nhập mật khẩu và mã OTP tại https://billing-confirm.loan/account/confirm.",1
"From: Bộ phận nhân sự <no-reply@company.vn>
Subject: Lịch họp ngày mai
Biên nhận được gửi để bạn lưu trữ. Nếu có sai lệch, liên hệ bộ phận chăm sóc khách hàng theo thông tin trên website chính thức. Mọi thay đổi quan trọng sẽ được thông báo trên hệ thống chính thức.",0
"From: Google Support <support@verify-user.top>
Subject: Tài khoản hết hạn hôm nay
Final notice. Verify your account immediately using https://verify-user.top/security-check or access may be suspended. !!! Hành động ngay lập tức!!!",1
"From: Ban quản trị hệ thống <no-reply@company.vn>
Subject: Phiếu lương tháng này
Thông tin chi tiết đã được cập nhật trên hệ thống. Bạn có thể đăng nhập bằng cách tự mở ứng dụng hoặc trang web quen thuộc.",0
"From: Customer Care PayPal <service@account-review.xyz>
Subject: Cảnh báo bảo mật - xác minh ngay
Vui lòng xác minh tài khoản ngay lập tức để tránh bị khóa. Hãy nhập mật khẩu và mã OTP tại https://account-review.xyz/security-check.",1
"From: Amazon Security <security@account-check.click>
Subject: Final notice: verify your account
Bạn được chọn nhận phần thưởng. Hãy cung cấp thông tin tài khoản và xác nhận tại http://45.76.123.9/billing/update để nhận tiền.",1
"From: Phòng CNTT <no-reply@company.vn>
Subject: Phiếu lương tháng này
Hệ thống sẽ được bảo trì trong thời gian dự kiến. Một số chức năng có thể tạm thời không sử dụng được.",0
"From: Bộ phận nhân sự <no-reply@company.vn>
Subject: Biên nhận thanh toán
Hệ thống sẽ được bảo trì trong thời gian dự kiến. Một số chức năng có thể tạm thời không sử dụng được. Bạn có thể bỏ qua email này nếu thông tin đã được cập nhật.",0
"From: Google Support <support@verify-user.top>
Subject: Final notice: verify your account
Final notice. Verify your account immediately using https://verify-user.top/security-check or access may be suspended.",1
"From: Google Support <support@secure-account.xyz>
Subject: Xác minh tài khoản để tránh đình chỉ
Bạn được chọn nhận phần thưởng. Hãy cung cấp thông tin tài khoản và xác nhận tại http://secure-account.xyz/verify để nhận tiền.",1
"From: Phòng đào tạo <no-reply@university.edu.vn>
Subject: Phiếu lương tháng này
Vui lòng xem thông tin trong cổng thông tin nội bộ. Nếu cần hỗ trợ, hãy liên hệ bộ phận phụ trách qua kênh chính thức. Bạn có thể bỏ qua email này nếu thông tin đã được cập nhật.",0
"From: Kế toán <no-reply@company.vn>
Subject: Xác nhận đăng ký
Biên nhận được gửi để bạn lưu trữ. Nếu có sai lệch, liên hệ bộ phận chăm sóc khách hàng theo thông tin trên website chính thức. Bạn có thể bỏ qua email này nếu thông tin đã được cập nhật. Tham khảo: https://portal.company.vn/",0
"From: Customer Care Google <service@verify-login.top>
Subject: Tài khoản hết hạn hôm nay
Chúng tôi phát hiện hoạt động bất thường. Bạn phải xác minh thông tin đăng nhập trong 24 giờ tại https://verify-login.top/login.",1
"From: Customer Care Techcombank <service@login-protect.click>
Subject: Bạn đã trúng thưởng
Chúng tôi phát hiện hoạt động bất thường. Bạn phải xác minh thông tin đăng nhập trong 24 giờ tại http://login-protect.click/verify.",1
"From: Techcombank Support <support@verify-login.top>
Subject: Security alert: act now
Tài khoản của bạn sẽ bị đình chỉ nếu không hành động ngay. Truy cập http://verify-login.top/verify để xác minh danh tính. Your accunt must be verfy today.",1
"From: Phòng đào tạo <no-reply@university.edu.vn>
Subject: Phiếu lương tháng này
Xin vui lòng kiểm tra lịch và phản hồi trước thời hạn ghi trong thông báo. Cảm ơn bạn. Không gửi thông tin đăng nhập cho bất kỳ ai.",0
"From: Amazon Security <security@confirm-access.xyz>
Subject: Cảnh báo bảo mật - xác minh ngay
Chúng tôi phát hiện hoạt động bất thường. Bạn phải xác minh thông tin đăng nhập trong 24 giờ tại https://confirm-access.xyz/security-check.",1
"From: Microsoft Support <support@secure-account.xyz>
Subject: Thông báo hoàn tiền - xác nhận thông tin
Final notice. Verify your account immediately using http://45.76.123.9/security-check or access may be suspended.",1
"From: Kế toán <no-reply@company.vn>
Subject: Tài liệu cuộc họp
Vui lòng xem thông tin trong cổng thông tin nội bộ. Nếu cần hỗ trợ, hãy liên hệ bộ phận phụ trách qua kênh chính thức. Mọi thay đổi quan trọng sẽ được thông báo trên hệ thống chính thức.",0
"From: Ban quản trị hệ thống <no-reply@company.vn>
Subject: Lịch họp ngày mai
Biên nhận được gửi để bạn lưu trữ. Nếu có sai lệch, liên hệ bộ phận chăm sóc khách hàng theo thông tin trên website chính thức. Nếu không yêu cầu thao tác này, hãy liên hệ bộ phận hỗ trợ. Tham khảo: https://company.vn/account",0
"From: BIDV Billing <billing@mail-security.club>
Subject: Security alert: act now
Vui lòng xác minh tài khoản ngay lập tức để tránh bị khóa. Hãy nhập mật khẩu và mã OTP tại http://45.76.123.9/login.",1
"From: Phòng đào tạo <no-reply@university.edu.vn>
Subject: Xác nhận đăng ký
Hệ thống sẽ được bảo trì trong thời gian dự kiến. Một số chức năng có thể tạm thời không sử dụng được. Tham khảo: https://university.edu.vn/support",0
"From: Customer Care Amazon <service@secure-account.xyz>
Subject: Final notice: verify your account
Bạn được chọn nhận phần thưởng. Hãy cung cấp thông tin tài khoản và xác nhận tại https://secure-account.xyz/login để nhận tiền.",1
"From: Thư viện <no-reply@university.edu.vn>
Subject: Kết quả đăng ký môn học
Thông tin chi tiết đã được cập nhật trên hệ thống. Bạn có thể đăng nhập bằng cách tự mở ứng dụng hoặc trang web quen thuộc.",0
"From: Thư viện <no-reply@university.edu.vn>
Subject: Xác nhận đăng ký
Hệ thống sẽ được bảo trì trong thời gian dự kiến. Một số chức năng có thể tạm thời không sử dụng được.",0
"From: Thư viện <no-reply@university.edu.vn>
Subject: Phiếu lương tháng này
Hệ thống sẽ được bảo trì trong thời gian dự kiến. Một số chức năng có thể tạm thời không sử dụng được. Không gửi thông tin đăng nhập cho bất kỳ ai.",0
"From: Apple Billing <billing@billing-confirm.loan>
Subject: Bạn đã trúng thưởng
Bạn được chọn nhận phần thưởng. Hãy cung cấp thông tin tài khoản và xác nhận tại https://billing-confirm.loan/security-check để nhận tiền. !!! Hành động ngay lập tức!!! Your accunt must be verfy today.",1
"From: PayPal Support <support@account-review.xyz>
Subject: Thông báo hoàn tiền - xác nhận thông tin
Tài khoản của bạn sẽ bị đình chỉ nếu không hành động ngay. Truy cập https://account-review.xyz/account/confirm để xác minh danh tính.",1
"From: Phòng đào tạo <no-reply@university.edu.vn>
Subject: Thông báo bảo trì hệ thống
Biên nhận được gửi để bạn lưu trữ. Nếu có sai lệch, liên hệ bộ phận chăm sóc khách hàng theo thông tin trên website chính thức. Nếu không yêu cầu thao tác này, hãy liên hệ bộ phận hỗ trợ. Tham khảo: https://university.edu.vn/account",0
"From: Kế toán <no-reply@company.vn>
Subject: Xác nhận đăng ký
Vui lòng xem thông tin trong cổng thông tin nội bộ. Nếu cần hỗ trợ, hãy liên hệ bộ phận phụ trách qua kênh chính thức.",0
"From: Apple Billing <billing@support-center.club>
Subject: Cảnh báo bảo mật - xác minh ngay
Final notice. Verify your account immediately using http://support-center.club/verify or access may be suspended.",1
"From: Thư viện <no-reply@university.edu.vn>
Subject: Thông báo giao hàng
Xin vui lòng kiểm tra lịch và phản hồi trước thời hạn ghi trong thông báo. Cảm ơn bạn. Tham khảo: https://university.edu.vn/support",0
"From: Phòng hành chính <no-reply@university.edu.vn>
Subject: Tài liệu cuộc họp
Vui lòng xem thông tin trong cổng thông tin nội bộ. Nếu cần hỗ trợ, hãy liên hệ bộ phận phụ trách qua kênh chính thức. Tham khảo: https://university.edu.vn/account",0
"From: Customer Care MoMo <service@verify-user.top>
Subject: Cảnh báo bảo mật - xác minh ngay
Tài khoản của bạn sẽ bị đình chỉ nếu không hành động ngay. Truy cập http://45.76.123.9/account/confirm để xác minh danh tính. !!! Hành động ngay lập tức!!! Your accunt must be verfy today.",1
"From: Vietcombank Billing <billing@security-alert.xyz>
Subject: Tài khoản hết hạn hôm nay
Tài khoản của bạn sẽ bị đình chỉ nếu không hành động ngay. Truy cập https://security-alert.xyz/account/confirm để xác minh danh tính.",1
"From: Bộ phận nhân sự <no-reply@company.vn>
Subject: Biên nhận thanh toán
Xin vui lòng kiểm tra lịch và phản hồi trước thời hạn ghi trong thông báo. Cảm ơn bạn. Mọi thay đổi quan trọng sẽ được thông báo trên hệ thống chính thức. Tham khảo: https://company.vn/support",0
"From: Customer Care Amazon <service@account-check.click>
Subject: Thông báo hoàn tiền - xác nhận thông tin
Bạn được chọn nhận phần thưởng. Hãy cung cấp thông tin tài khoản và xác nhận tại https://account-check.click/account/confirm để nhận tiền.",1
"From: Customer Care Google <service@service-update.top>
Subject: Security alert: act now
Final notice. Verify your account immediately using https://service-update.top/security-check or access may be suspended.",1
"From: Kế toán <no-reply@company.vn>
Subject: Thông báo lịch học tuần này
Đây là thông báo định kỳ. Bạn không cần cung cấp mật khẩu, mã OTP hoặc thông tin thẻ qua email.",0
"From: Techcombank Billing <billing@billing-confirm.loan>
Subject: Final notice: verify your account
Khoản hoàn tiền đang chờ xử lý. Vui lòng xác nhận số thẻ, CVV và mã xác minh tại https://billing-confirm.loan/account/confirm. !!! Hành động ngay lập tức!!!",1
"From: PayPal Support <support@account-check.click>
Subject: Yêu cầu cập nhật thông tin thanh toán
Bạn được chọn nhận phần thưởng. Hãy cung cấp thông tin tài khoản và xác nhận tại https://account-check.click/login để nhận tiền.",1
"From: Bộ phận nhân sự <no-reply@company.vn>
Subject: Lịch họp ngày mai
Đây là thông báo định kỳ. Bạn không cần cung cấp mật khẩu, mã OTP hoặc thông tin thẻ qua email. Bạn có thể bỏ qua email này nếu thông tin đã được cập nhật.",0
"From: Google Support <support@account-check.click>
Subject: Cảnh báo bảo mật - xác minh ngay
Vui lòng xác minh tài khoản ngay lập tức để tránh bị khóa. Hãy nhập mật khẩu và mã OTP tại http://103.21.55.18/login. !!! Hành động ngay lập tức!!!",1
"From: Phòng CNTT <no-reply@company.vn>
Subject: Thông báo giao hàng
Hệ thống sẽ được bảo trì trong thời gian dự kiến. Một số chức năng có thể tạm thời không sử dụng được. Nếu không yêu cầu thao tác này, hãy liên hệ bộ phận hỗ trợ.",0
"From: Thư viện <no-reply@university.edu.vn>
Subject: Kết quả đăng ký môn học
Vui lòng xem thông tin trong cổng thông tin nội bộ. Nếu cần hỗ trợ, hãy liên hệ bộ phận phụ trách qua kênh chính thức. Tham khảo: https://university.edu.vn/support",0
"From: PayPal Security <security@billing-confirm.loan>
Subject: Tài khoản hết hạn hôm nay
Chúng tôi phát hiện hoạt động bất thường. Bạn phải xác minh thông tin đăng nhập trong 24 giờ tại https://billing-confirm.loan/login. Your accunt must be verfy today.",1
"From: Microsoft Billing <billing@verify-user.top>
Subject: Final notice: verify your account
Tài khoản của bạn sẽ bị đình chỉ nếu không hành động ngay. Truy cập https://verify-user.top/billing/update để xác minh danh tính. Your accunt must be verfy today.",1
"From: Phòng CNTT <no-reply@company.vn>
Subject: Tài liệu cuộc họp
Đây là thông báo định kỳ. Bạn không cần cung cấp mật khẩu, mã OTP hoặc thông tin thẻ qua email. Mọi thay đổi quan trọng sẽ được thông báo trên hệ thống chính thức.",0
"From: Customer Care Apple <service@verify-login.top>
Subject: Yêu cầu cập nhật thông tin thanh toán
Khoản hoàn tiền đang chờ xử lý. Vui lòng xác nhận số thẻ, CVV và mã xác minh tại https://verify-login.top/billing/update. Your accunt must be verfy today.",1
"From: Techcombank Billing <billing@account-review.xyz>
Subject: Security alert: act now
Chúng tôi phát hiện hoạt động bất thường. Bạn phải xác minh thông tin đăng nhập trong 24 giờ tại https://account-review.xyz/login.",1
"From: Thư viện <no-reply@university.edu.vn>
Subject: Kết quả đăng ký môn học
Đây là thông báo định kỳ. Bạn không cần cung cấp mật khẩu, mã OTP hoặc thông tin thẻ qua email.",0
"From: MoMo Billing <billing@secure-account.xyz>
Subject: Bạn đã trúng thưởng
Chúng tôi phát hiện hoạt động bất thường. Bạn phải xác minh thông tin đăng nhập trong 24 giờ tại https://secure-account.xyz/security-check.",1
"From: Kế toán <no-reply@company.vn>
Subject: Xác nhận đăng ký
Biên nhận được gửi để bạn lưu trữ. Nếu có sai lệch, liên hệ bộ phận chăm sóc khách hàng theo thông tin trên website chính thức. Không gửi thông tin đăng nhập cho bất kỳ ai.",0
"From: Customer Care Apple <service@login-protect.click>
Subject: Bạn đã trúng thưởng
Tài khoản của bạn sẽ bị đình chỉ nếu không hành động ngay. Truy cập http://45.76.123.9/verify để xác minh danh tính.",1
"From: Amazon Support <support@verify-login.top>
Subject: Final notice: verify your account
Bạn được chọn nhận phần thưởng. Hãy cung cấp thông tin tài khoản và xác nhận tại http://185.10.20.30/billing/update để nhận tiền. Your accunt must be verfy today.",1
"From: Dịch vụ khách hàng <no-reply@shop.vn>
Subject: Nhắc lịch gia hạn dịch vụ
Đây là thông báo định kỳ. Bạn không cần cung cấp mật khẩu, mã OTP hoặc thông tin thẻ qua email.",0
"From: Phòng CNTT <no-reply@company.vn>
Subject: Lịch họp ngày mai
Vui lòng xem thông tin trong cổng thông tin nội bộ. Nếu cần hỗ trợ, hãy liên hệ bộ phận phụ trách qua kênh chính thức. Mọi thay đổi quan trọng sẽ được thông báo trên hệ thống chính thức.",0
"From: Phòng CNTT <no-reply@company.vn>
Subject: Biên nhận thanh toán
Biên nhận được gửi để bạn lưu trữ. Nếu có sai lệch, liên hệ bộ phận chăm sóc khách hàng theo thông tin trên website chính thức.",0
"From: Phòng CNTT <no-reply@company.vn>
Subject: Nhắc lịch gia hạn dịch vụ
Vui lòng xem thông tin trong cổng thông tin nội bộ. Nếu cần hỗ trợ, hãy liên hệ bộ phận phụ trách qua kênh chính thức.",0
"From: Ban quản trị hệ thống <no-reply@company.vn>
Subject: Xác nhận đăng ký
Biên nhận được gửi để bạn lưu trữ. Nếu có sai lệch, liên hệ bộ phận chăm sóc khách hàng theo thông tin trên website chính thức. Không gửi thông tin đăng nhập cho bất kỳ ai.",0
"From: Techcombank Billing <billing@support-center.club>
Subject: Final notice: verify your account
Bạn được chọn nhận phần thưởng. Hãy cung cấp thông tin tài khoản và xác nhận tại https://support-center.club/login để nhận tiền.",1
"From: Vietcombank Billing <billing@mail-security.club>
Subject: Khẩn cấp: tài khoản của bạn sắp bị khóa
Chúng tôi phát hiện hoạt động bất thường. Bạn phải xác minh thông tin đăng nhập trong 24 giờ tại http://mail-security.club/verify.",1
"From: Ban quản trị hệ thống <no-reply@company.vn>
Subject: Xác nhận đăng ký
Xin vui lòng kiểm tra lịch và phản hồi trước thời hạn ghi trong thông báo. Cảm ơn bạn. Bạn có thể bỏ qua email này nếu thông tin đã được cập nhật. Tham khảo: https://company.vn/support",0
"From: Customer Care Google <service@verify-user.top>
Subject: Tài khoản hết hạn hôm nay
Vui lòng xác minh tài khoản ngay lập tức để tránh bị khóa. Hãy nhập mật khẩu và mã OTP tại https://verify-user.top/account/confirm. !!! Hành động ngay lập tức!!!",1
"From: Google Billing <billing@login-protect.click>
Subject: Urgent: unusual login detected
Chúng tôi phát hiện hoạt động bất thường. Bạn phải xác minh thông tin đăng nhập trong 24 giờ tại https://login-protect.click/login.",1
"From: BIDV Support <support@security-alert.xyz>
Subject: Urgent: unusual login detected
Chúng tôi phát hiện hoạt động bất thường. Bạn phải xác minh thông tin đăng nhập trong 24 giờ tại https://security-alert.xyz/login.",1
"From: Phòng đào tạo <no-reply@university.edu.vn>
Subject: Tài liệu cuộc họp
Xin vui lòng kiểm tra lịch và phản hồi trước thời hạn ghi trong thông báo. Cảm ơn bạn. Nếu không yêu cầu thao tác này, hãy liên hệ bộ phận hỗ trợ.",0
"From: Dịch vụ khách hàng <no-reply@shop.vn>
Subject: Xác nhận đăng ký
Đây là thông báo định kỳ. Bạn không cần cung cấp mật khẩu, mã OTP hoặc thông tin thẻ qua email.",0
"From: Microsoft Support <support@confirm-access.xyz>
Subject: Final notice: verify your account
Tài khoản của bạn sẽ bị đình chỉ nếu không hành động ngay. Truy cập http://confirm-access.xyz/verify để xác minh danh tính.",1
"From: PayPal Billing <billing@account-review.xyz>
Subject: Yêu cầu cập nhật thông tin thanh toán
Chúng tôi phát hiện hoạt động bất thường. Bạn phải xác minh thông tin đăng nhập trong 24 giờ tại https://account-review.xyz/account/confirm.",1
"From: Amazon Billing <billing@account-check.click>
Subject: Urgent: unusual login detected
Bạn được chọn nhận phần thưởng. Hãy cung cấp thông tin tài khoản và xác nhận tại http://account-check.click/verify để nhận tiền.",1
"From: Thư viện <no-reply@university.edu.vn>
Subject: Thông báo bảo trì hệ thống
Hệ thống sẽ được bảo trì trong thời gian dự kiến. Một số chức năng có thể tạm thời không sử dụng được. Nếu không yêu cầu thao tác này, hãy liên hệ bộ phận hỗ trợ.",0
"From: Google Support <support@service-update.top>
Subject: Yêu cầu cập nhật thông tin thanh toán
Chúng tôi phát hiện hoạt động bất thường. Bạn phải xác minh thông tin đăng nhập trong 24 giờ tại https://service-update.top/account/confirm. !!! Hành động ngay lập tức!!! Your accunt must be verfy today.",1
"From: Customer Care Techcombank <service@security-alert.xyz>
Subject: Final notice: verify your account
Khoản hoàn tiền đang chờ xử lý. Vui lòng xác nhận số thẻ, CVV và mã xác minh tại https://security-alert.xyz/login. !!! Hành động ngay lập tức!!!",1
"From: Thư viện <no-reply@university.edu.vn>
Subject: Thông báo bảo trì hệ thống
Xin vui lòng kiểm tra lịch và phản hồi trước thời hạn ghi trong thông báo. Cảm ơn bạn. Nếu không yêu cầu thao tác này, hãy liên hệ bộ phận hỗ trợ.",0
"From: PayPal Billing <billing@billing-confirm.loan>
Subject: Yêu cầu cập nhật thông tin thanh toán
Final notice. Verify your account immediately using http://billing-confirm.loan/verify or access may be suspended. !!! Hành động ngay lập tức!!!",1
"From: Customer Care Microsoft <service@verify-user.top>
Subject: Tài khoản hết hạn hôm nay
Bạn được chọn nhận phần thưởng. Hãy cung cấp thông tin tài khoản và xác nhận tại https://verify-user.top/account/confirm để nhận tiền.",1
"From: Phòng đào tạo <no-reply@university.edu.vn>
Subject: Phiếu lương tháng này
Vui lòng xem thông tin trong cổng thông tin nội bộ. Nếu cần hỗ trợ, hãy liên hệ bộ phận phụ trách qua kênh chính thức. Không gửi thông tin đăng nhập cho bất kỳ ai.",0
"From: PayPal Security <security@confirm-access.xyz>
Subject: Bạn đã trúng thưởng
Bạn được chọn nhận phần thưởng. Hãy cung cấp thông tin tài khoản và xác nhận tại https://confirm-access.xyz/billing/update để nhận tiền. !!! Hành động ngay lập tức!!!",1
"From: Customer Care MoMo <service@mail-security.club>
Subject: Final notice: verify your account
Tài khoản của bạn sẽ bị đình chỉ nếu không hành động ngay. Truy cập https://mail-security.club/account/confirm để xác minh danh tính.",1
"From: Phòng CNTT <no-reply@company.vn>
Subject: Phiếu lương tháng này
Biên nhận được gửi để bạn lưu trữ. Nếu có sai lệch, liên hệ bộ phận chăm sóc khách hàng theo thông tin trên website chính thức.",0
"From: Google Security <security@account-check.click>
Subject: Final notice: verify your account
Bạn được chọn nhận phần thưởng. Hãy cung cấp thông tin tài khoản và xác nhận tại http://45.76.123.9/login để nhận tiền.",1
"From: Apple Security <security@verify-login.top>
Subject: Bạn đã trúng thưởng
Final notice. Verify your account immediately using https://verify-login.top/security-check or access may be suspended. !!! Hành động ngay lập tức!!! Your accunt must be verfy today.",1
"From: PayPal Support <support@confirm-access.xyz>
Subject: Bạn đã trúng thưởng
Vui lòng xác minh tài khoản ngay lập tức để tránh bị khóa. Hãy nhập mật khẩu và mã OTP tại http://confirm-access.xyz/verify. !!! Hành động ngay lập tức!!! Your accunt must be verfy today.",1
"From: MoMo Billing <billing@security-alert.xyz>
Subject: Final notice: verify your account
Tài khoản của bạn sẽ bị đình chỉ nếu không hành động ngay. Truy cập https://security-alert.xyz/security-check để xác minh danh tính.",1
"From: Microsoft Billing <billing@verify-user.top>
Subject: Bạn đã trúng thưởng
Vui lòng xác minh tài khoản ngay lập tức để tránh bị khóa. Hãy nhập mật khẩu và mã OTP tại https://verify-user.top/login.",1
"From: Bộ phận nhân sự <no-reply@company.vn>
Subject: Nhắc lịch gia hạn dịch vụ
Xin vui lòng kiểm tra lịch và phản hồi trước thời hạn ghi trong thông báo. Cảm ơn bạn.",0
"From: Phòng CNTT <no-reply@company.vn>
Subject: Biên nhận thanh toán
Thông tin chi tiết đã được cập nhật trên hệ thống. Bạn có thể đăng nhập bằng cách tự mở ứng dụng hoặc trang web quen thuộc.",0
"From: Techcombank Support <support@login-protect.click>
Subject: Final notice: verify your account
Tài khoản của bạn sẽ bị đình chỉ nếu không hành động ngay. Truy cập https://login-protect.click/login để xác minh danh tính.",1
"From: Customer Care Microsoft <service@login-protect.click>
Subject: Cảnh báo bảo mật - xác minh ngay
Final notice. Verify your account immediately using https://login-protect.click/security-check or access may be suspended.",1
"From: Ban quản trị hệ thống <no-reply@company.vn>
Subject: Xác nhận đăng ký
Đây là thông báo định kỳ. Bạn không cần cung cấp mật khẩu, mã OTP hoặc thông tin thẻ qua email.",0
"From: Dịch vụ khách hàng <no-reply@shop.vn>
Subject: Thông báo lịch học tuần này
Xin vui lòng kiểm tra lịch và phản hồi trước thời hạn ghi trong thông báo. Cảm ơn bạn. Nếu không yêu cầu thao tác này, hãy liên hệ bộ phận hỗ trợ.",0
"From: Thư viện <no-reply@university.edu.vn>
Subject: Xác nhận đăng ký
Đây là thông báo định kỳ. Bạn không cần cung cấp mật khẩu, mã OTP hoặc thông tin thẻ qua email. Không gửi thông tin đăng nhập cho bất kỳ ai.",0
"From: Dịch vụ khách hàng <no-reply@shop.vn>
Subject: Xác nhận đăng ký
Biên nhận được gửi để bạn lưu trữ. Nếu có sai lệch, liên hệ bộ phận chăm sóc khách hàng theo thông tin trên website chính thức. Mọi thay đổi quan trọng sẽ được thông báo trên hệ thống chính thức.",0
"From: Vietcombank Billing <billing@security-alert.xyz>
Subject: Xác minh tài khoản để tránh đình chỉ
Tài khoản của bạn sẽ bị đình chỉ nếu không hành động ngay. Truy cập http://45.76.123.9/verify để xác minh danh tính. Your accunt must be verfy today.",1
"From: Thư viện <no-reply@university.edu.vn>
Subject: Nhắc lịch gia hạn dịch vụ
Thông tin chi tiết đã được cập nhật trên hệ thống. Bạn có thể đăng nhập bằng cách tự mở ứng dụng hoặc trang web quen thuộc.",0
"From: Dịch vụ khách hàng <no-reply@shop.vn>
Subject: Xác nhận đăng ký
Hệ thống sẽ được bảo trì trong thời gian dự kiến. Một số chức năng có thể tạm thời không sử dụng được.",0
"From: Apple Support <support@security-alert.xyz>
Subject: Security alert: act now
Chúng tôi phát hiện hoạt động bất thường. Bạn phải xác minh thông tin đăng nhập trong 24 giờ tại https://security-alert.xyz/billing/update.",1
"From: Bộ phận nhân sự <no-reply@company.vn>
Subject: Nhắc lịch gia hạn dịch vụ
Đây là thông báo định kỳ. Bạn không cần cung cấp mật khẩu, mã OTP hoặc thông tin thẻ qua email. Tham khảo: https://company.vn/support",0
"From: Kế toán <no-reply@company.vn>
Subject: Thông báo bảo trì hệ thống
Biên nhận được gửi để bạn lưu trữ. Nếu có sai lệch, liên hệ bộ phận chăm sóc khách hàng theo thông tin trên website chính thức. Tham khảo: https://company.vn/support",0
"From: BIDV Security <security@account-review.xyz>
Subject: Tài khoản hết hạn hôm nay
Vui lòng xác minh tài khoản ngay lập tức để tránh bị khóa. Hãy nhập mật khẩu và mã OTP tại https://account-review.xyz/security-check.",1
"From: Customer Care Amazon <service@account-review.xyz>
Subject: Thông báo hoàn tiền - xác nhận thông tin
Vui lòng xác minh tài khoản ngay lập tức để tránh bị khóa. Hãy nhập mật khẩu và mã OTP tại https://account-review.xyz/login.",1
"From: Dịch vụ khách hàng <no-reply@shop.vn>
Subject: Tài liệu cuộc họp
Thông tin chi tiết đã được cập nhật trên hệ thống. Bạn có thể đăng nhập bằng cách tự mở ứng dụng hoặc trang web quen thuộc.",0
"From: Microsoft Security <security@security-alert.xyz>
Subject: Thông báo hoàn tiền - xác nhận thông tin
Vui lòng xác minh tài khoản ngay lập tức để tránh bị khóa. Hãy nhập mật khẩu và mã OTP tại https://security-alert.xyz/account/confirm. Your accunt must be verfy today.",1
"From: Phòng hành chính <no-reply@university.edu.vn>
Subject: Kết quả đăng ký môn học
Biên nhận được gửi để bạn lưu trữ. Nếu có sai lệch, liên hệ bộ phận chăm sóc khách hàng theo thông tin trên website chính thức. Nếu không yêu cầu thao tác này, hãy liên hệ bộ phận hỗ trợ. Tham khảo: https://portal.university.edu.vn/",0
"From: Thư viện <no-reply@university.edu.vn>
Subject: Nhắc lịch gia hạn dịch vụ
Hệ thống sẽ được bảo trì trong thời gian dự kiến. Một số chức năng có thể tạm thời không sử dụng được.",0
"From: Google Security <security@support-center.club>
Subject: Xác minh tài khoản để tránh đình chỉ
Tài khoản của bạn sẽ bị đình chỉ nếu không hành động ngay. Truy cập https://support-center.club/billing/update để xác minh danh tính.",1
"From: Ban quản trị hệ thống <no-reply@company.vn>
Subject: Xác nhận đăng ký
Vui lòng xem thông tin trong cổng thông tin nội bộ. Nếu cần hỗ trợ, hãy liên hệ bộ phận phụ trách qua kênh chính thức. Bạn có thể bỏ qua email này nếu thông tin đã được cập nhật.",0
"From: Ban quản trị hệ thống <no-reply@company.vn>
Subject: Kết quả đăng ký môn học
Hệ thống sẽ được bảo trì trong thời gian dự kiến. Một số chức năng có thể tạm thời không sử dụng được.",0
"From: Phòng hành chính <no-reply@university.edu.vn>
Subject: Tài liệu cuộc họp
Thông tin chi tiết đã được cập nhật trên hệ thống. Bạn có thể đăng nhập bằng cách tự mở ứng dụng hoặc trang web quen thuộc. Không gửi thông tin đăng nhập cho bất kỳ ai.",0
"From: Ban quản trị hệ thống <no-reply@company.vn>
Subject: Lịch họp ngày mai
Hệ thống sẽ được bảo trì trong thời gian dự kiến. Một số chức năng có thể tạm thời không sử dụng được. Không gửi thông tin đăng nhập cho bất kỳ ai. Tham khảo: https://company.vn/account",0
"From: Phòng đào tạo <no-reply@university.edu.vn>
Subject: Kết quả đăng ký môn học
Biên nhận được gửi để bạn lưu trữ. Nếu có sai lệch, liên hệ bộ phận chăm sóc khách hàng theo thông tin trên website chính thức. Bạn có thể bỏ qua email này nếu thông tin đã được cập nhật.",0
"From: Customer Care Apple <service@billing-confirm.loan>
Subject: Security alert: act now
Bạn được chọn nhận phần thưởng. Hãy cung cấp thông tin tài khoản và xác nhận tại http://billing-confirm.loan/verify để nhận tiền.",1
"From: Phòng hành chính <no-reply@university.edu.vn>
Subject: Tài liệu cuộc họp
Đây là thông báo định kỳ. Bạn không cần cung cấp mật khẩu, mã OTP hoặc thông tin thẻ qua email.",0
"From: Google Security <security@service-update.top>
Subject: Urgent: unusual login detected
Final notice. Verify your account immediately using https://service-update.top/account/confirm or access may be suspended.",1
"From: Phòng đào tạo <no-reply@university.edu.vn>
Subject: Kết quả đăng ký môn học
Xin vui lòng kiểm tra lịch và phản hồi trước thời hạn ghi trong thông báo. Cảm ơn bạn.",0
"From: Vietcombank Billing <billing@login-protect.click>
Subject: Khẩn cấp: tài khoản của bạn sắp bị khóa
Bạn được chọn nhận phần thưởng. Hãy cung cấp thông tin tài khoản và xác nhận tại https://login-protect.click/account/confirm để nhận tiền. Your accunt must be verfy today.",1
"From: Kế toán <no-reply@company.vn>
Subject: Xác nhận đăng ký
Hệ thống sẽ được bảo trì trong thời gian dự kiến. Một số chức năng có thể tạm thời không sử dụng được.",0
"From: Phòng hành chính <no-reply@university.edu.vn>
Subject: Lịch họp ngày mai
Vui lòng xem thông tin trong cổng thông tin nội bộ. Nếu cần hỗ trợ, hãy liên hệ bộ phận phụ trách qua kênh chính thức. Tham khảo: https://university.edu.vn/account",0
"From: PayPal Security <security@verify-login.top>
Subject: Final notice: verify your account
Bạn được chọn nhận phần thưởng. Hãy cung cấp thông tin tài khoản và xác nhận tại https://verify-login.top/security-check để nhận tiền. Your accunt must be verfy today.",1
"From: Customer Care Microsoft <service@secure-account.xyz>
Subject: Final notice: verify your account
Khoản hoàn tiền đang chờ xử lý. Vui lòng xác nhận số thẻ, CVV và mã xác minh tại https://secure-account.xyz/security-check. !!! Hành động ngay lập tức!!!",1
"From: Phòng CNTT <no-reply@company.vn>
Subject: Tài liệu cuộc họp
Thông tin chi tiết đã được cập nhật trên hệ thống. Bạn có thể đăng nhập bằng cách tự mở ứng dụng hoặc trang web quen thuộc. Nếu không yêu cầu thao tác này, hãy liên hệ bộ phận hỗ trợ.",0
"From: Phòng đào tạo <no-reply@university.edu.vn>
Subject: Thông báo giao hàng
Thông tin chi tiết đã được cập nhật trên hệ thống. Bạn có thể đăng nhập bằng cách tự mở ứng dụng hoặc trang web quen thuộc. Không gửi thông tin đăng nhập cho bất kỳ ai.",0
"From: Google Billing <billing@login-protect.click>
Subject: Yêu cầu cập nhật thông tin thanh toán
Tài khoản của bạn sẽ bị đình chỉ nếu không hành động ngay. Truy cập http://45.76.123.9/account/confirm để xác minh danh tính.",1
"From: PayPal Billing <billing@login-protect.click>
Subject: Yêu cầu cập nhật thông tin thanh toán
Final notice. Verify your account immediately using https://login-protect.click/account/confirm or access may be suspended.",1
"From: Vietcombank Security <security@mail-security.club>
Subject: Bạn đã trúng thưởng
Tài khoản của bạn sẽ bị đình chỉ nếu không hành động ngay. Truy cập https://mail-security.club/account/confirm để xác minh danh tính. !!! Hành động ngay lập tức!!!",1
"From: Customer Care Techcombank <service@confirm-access.xyz>
Subject: Xác minh tài khoản để tránh đình chỉ
Khoản hoàn tiền đang chờ xử lý. Vui lòng xác nhận số thẻ, CVV và mã xác minh tại http://45.76.123.9/account/confirm.",1
"From: Phòng đào tạo <no-reply@university.edu.vn>
Subject: Tài liệu cuộc họp
Xin vui lòng kiểm tra lịch và phản hồi trước thời hạn ghi trong thông báo. Cảm ơn bạn. Nếu không yêu cầu thao tác này, hãy liên hệ bộ phận hỗ trợ.",0
"From: Kế toán <no-reply@company.vn>
Subject: Thông báo bảo trì hệ thống
Xin vui lòng kiểm tra lịch và phản hồi trước thời hạn ghi trong thông báo. Cảm ơn bạn.",0
"From: Customer Care Apple <service@verify-user.top>
Subject: Khẩn cấp: tài khoản của bạn sắp bị khóa
Khoản hoàn tiền đang chờ xử lý. Vui lòng xác nhận số thẻ, CVV và mã xác minh tại https://verify-user.top/security-check.",1
"From: Kế toán <no-reply@company.vn>
Subject: Phiếu lương tháng này
Thông tin chi tiết đã được cập nhật trên hệ thống. Bạn có thể đăng nhập bằng cách tự mở ứng dụng hoặc trang web quen thuộc. Bạn có thể bỏ qua email này nếu thông tin đã được cập nhật.",0
"From: Techcombank Security <security@billing-confirm.loan>
Subject: Yêu cầu cập nhật thông tin thanh toán
Vui lòng xác minh tài khoản ngay lập tức để tránh bị khóa. Hãy nhập mật khẩu và mã OTP tại https://billing-confirm.loan/login. Your accunt must be verfy today.",1
"From: Customer Care Vietcombank <service@service-update.top>
Subject: Final notice: verify your account
Vui lòng xác minh tài khoản ngay lập tức để tránh bị khóa. Hãy nhập mật khẩu và mã OTP tại http://45.76.123.9/login. !!! Hành động ngay lập tức!!!",1
"From: Phòng CNTT <no-reply@company.vn>
Subject: Thông báo giao hàng
Biên nhận được gửi để bạn lưu trữ. Nếu có sai lệch, liên hệ bộ phận chăm sóc khách hàng theo thông tin trên website chính thức.",0
"From: Phòng đào tạo <no-reply@university.edu.vn>
Subject: Kết quả đăng ký môn học
Xin vui lòng kiểm tra lịch và phản hồi trước thời hạn ghi trong thông báo. Cảm ơn bạn.",0
"From: PayPal Billing <billing@secure-account.xyz>
Subject: Tài khoản hết hạn hôm nay
Vui lòng xác minh tài khoản ngay lập tức để tránh bị khóa. Hãy nhập mật khẩu và mã OTP tại https://secure-account.xyz/security-check.",1
"From: Dịch vụ khách hàng <no-reply@shop.vn>
Subject: Thông báo lịch học tuần này
Hệ thống sẽ được bảo trì trong thời gian dự kiến. Một số chức năng có thể tạm thời không sử dụng được. Bạn có thể bỏ qua email này nếu thông tin đã được cập nhật.",0
"From: Customer Care Apple <service@service-update.top>
Subject: Security alert: act now
Tài khoản của bạn sẽ bị đình chỉ nếu không hành động ngay. Truy cập http://service-update.top/verify để xác minh danh tính.",1
"From: Ban quản trị hệ thống <no-reply@company.vn>
Subject: Phiếu lương tháng này
Biên nhận được gửi để bạn lưu trữ. Nếu có sai lệch, liên hệ bộ phận chăm sóc khách hàng theo thông tin trên website chính thức. Bạn có thể bỏ qua email này nếu thông tin đã được cập nhật.",0
"From: Kế toán <no-reply@company.vn>
Subject: Nhắc lịch gia hạn dịch vụ
Thông tin chi tiết đã được cập nhật trên hệ thống. Bạn có thể đăng nhập bằng cách tự mở ứng dụng hoặc trang web quen thuộc. Không gửi thông tin đăng nhập cho bất kỳ ai.",0
"From: Kế toán <no-reply@company.vn>
Subject: Nhắc lịch gia hạn dịch vụ
Thông tin chi tiết đã được cập nhật trên hệ thống. Bạn có thể đăng nhập bằng cách tự mở ứng dụng hoặc trang web quen thuộc. Mọi thay đổi quan trọng sẽ được thông báo trên hệ thống chính thức.",0
"From: Amazon Billing <billing@confirm-access.xyz>
Subject: Tài khoản hết hạn hôm nay
Chúng tôi phát hiện hoạt động bất thường. Bạn phải xác minh thông tin đăng nhập trong 24 giờ tại http://185.10.20.30/login.",1
"From: PayPal Billing <billing@mail-security.club>
Subject: Cảnh báo bảo mật - xác minh ngay
Tài khoản của bạn sẽ bị đình chỉ nếu không hành động ngay. Truy cập http://103.21.55.18/verify để xác minh danh tính.",1
"From: Microsoft Billing <billing@account-review.xyz>
Subject: Urgent: unusual login detected
Final notice. Verify your account immediately using http://account-review.xyz/verify or access may be suspended. Your accunt must be verfy today.",1
"From: Phòng CNTT <no-reply@company.vn>
Subject: Lịch họp ngày mai
Xin vui lòng kiểm tra lịch và phản hồi trước thời hạn ghi trong thông báo. Cảm ơn bạn.",0
"From: Apple Billing <billing@login-protect.click>
Subject: Final notice: verify your account
Vui lòng xác minh tài khoản ngay lập tức để tránh bị khóa. Hãy nhập mật khẩu và mã OTP tại http://45.76.123.9/login.",1
"From: Bộ phận nhân sự <no-reply@company.vn>
Subject: Thông báo lịch học tuần này
Biên nhận được gửi để bạn lưu trữ. Nếu có sai lệch, liên hệ bộ phận chăm sóc khách hàng theo thông tin trên website chính thức. Bạn có thể bỏ qua email này nếu thông tin đã được cập nhật.",0
"From: Phòng hành chính <no-reply@university.edu.vn>
Subject: Biên nhận thanh toán
Biên nhận được gửi để bạn lưu trữ. Nếu có sai lệch, liên hệ bộ phận chăm sóc khách hàng theo thông tin trên website chính thức. Mọi thay đổi quan trọng sẽ được thông báo trên hệ thống chính thức.",0
"From: Techcombank Security <security@account-review.xyz>
Subject: Xác minh tài khoản để tránh đình chỉ
Khoản hoàn tiền đang chờ xử lý. Vui lòng xác nhận số thẻ, CVV và mã xác minh tại https://account-review.xyz/login.",1
"From: Techcombank Billing <billing@billing-confirm.loan>
Subject: Yêu cầu cập nhật thông tin thanh toán
Vui lòng xác minh tài khoản ngay lập tức để tránh bị khóa. Hãy nhập mật khẩu và mã OTP tại https://billing-confirm.loan/billing/update. !!! Hành động ngay lập tức!!!",1
"From: Apple Security <security@verify-user.top>
Subject: Final notice: verify your account
Tài khoản của bạn sẽ bị đình chỉ nếu không hành động ngay. Truy cập https://verify-user.top/security-check để xác minh danh tính. !!! Hành động ngay lập tức!!!",1
"From: Customer Care PayPal <service@confirm-access.xyz>
Subject: Thông báo hoàn tiền - xác nhận thông tin
Bạn được chọn nhận phần thưởng. Hãy cung cấp thông tin tài khoản và xác nhận tại http://confirm-access.xyz/verify để nhận tiền.",1
"From: Phòng CNTT <no-reply@company.vn>
Subject: Nhắc lịch gia hạn dịch vụ
Xin vui lòng kiểm tra lịch và phản hồi trước thời hạn ghi trong thông báo. Cảm ơn bạn.",0
"From: Customer Care MoMo <service@verify-user.top>
Subject: Yêu cầu cập nhật thông tin thanh toán
Final notice. Verify your account immediately using https://verify-user.top/login or access may be suspended. Your accunt must be verfy today.",1
"From: Customer Care Apple <service@login-protect.click>
Subject: Tài khoản hết hạn hôm nay
Chúng tôi phát hiện hoạt động bất thường. Bạn phải xác minh thông tin đăng nhập trong 24 giờ tại https://login-protect.click/billing/update. !!! Hành động ngay lập tức!!!",1
"From: Phòng đào tạo <no-reply@university.edu.vn>
Subject: Thông báo giao hàng
Hệ thống sẽ được bảo trì trong thời gian dự kiến. Một số chức năng có thể tạm thời không sử dụng được. Bạn có thể bỏ qua email này nếu thông tin đã được cập nhật.",0
"From: Dịch vụ khách hàng <no-reply@shop.vn>
Subject: Xác nhận đăng ký
Đây là thông báo định kỳ. Bạn không cần cung cấp mật khẩu, mã OTP hoặc thông tin thẻ qua email. Nếu không yêu cầu thao tác này, hãy liên hệ bộ phận hỗ trợ.",0
"From: Apple Security <security@secure-account.xyz>
Subject: Bạn đã trúng thưởng
Final notice. Verify your account immediately using https://secure-account.xyz/security-check or access may be suspended. !!! Hành động ngay lập tức!!!",1
"From: MoMo Security <security@mail-security.club>
Subject: Yêu cầu cập nhật thông tin thanh toán
Khoản hoàn tiền đang chờ xử lý. Vui lòng xác nhận số thẻ, CVV và mã xác minh tại http://mail-security.club/verify.",1
"From: Thư viện <no-reply@university.edu.vn>
Subject: Xác nhận đăng ký
Biên nhận được gửi để bạn lưu trữ. Nếu có sai lệch, liên hệ bộ phận chăm sóc khách hàng theo thông tin trên website chính thức. Mọi thay đổi quan trọng sẽ được thông báo trên hệ thống chính thức.",0
"From: BIDV Security <security@account-check.click>
Subject: Cảnh báo bảo mật - xác minh ngay
Vui lòng xác minh tài khoản ngay lập tức để tránh bị khóa. Hãy nhập mật khẩu và mã OTP tại https://account-check.click/security-check.",1
"From: Dịch vụ khách hàng <no-reply@shop.vn>
Subject: Thông báo giao hàng
Đây là thông báo định kỳ. Bạn không cần cung cấp mật khẩu, mã OTP hoặc thông tin thẻ qua email. Tham khảo: https://portal.shop.vn/",0
"From: Apple Security <security@verify-login.top>
Subject: Yêu cầu cập nhật thông tin thanh toán
Tài khoản của bạn sẽ bị đình chỉ nếu không hành động ngay. Truy cập https://verify-login.top/account/confirm để xác minh danh tính.",1
"From: Phòng đào tạo <no-reply@university.edu.vn>
Subject: Biên nhận thanh toán
Thông tin chi tiết đã được cập nhật trên hệ thống. Bạn có thể đăng nhập bằng cách tự mở ứng dụng hoặc trang web quen thuộc.",0
"From: Phòng đào tạo <no-reply@university.edu.vn>
Subject: Tài liệu cuộc họp
Hệ thống sẽ được bảo trì trong thời gian dự kiến. Một số chức năng có thể tạm thời không sử dụng được. Nếu không yêu cầu thao tác này, hãy liên hệ bộ phận hỗ trợ.",0
"From: Google Billing <billing@service-update.top>
Subject: Tài khoản hết hạn hôm nay
Tài khoản của bạn sẽ bị đình chỉ nếu không hành động ngay. Truy cập https://service-update.top/security-check để xác minh danh tính.",1
"From: BIDV Billing <billing@security-alert.xyz>
Subject: Thông báo hoàn tiền - xác nhận thông tin
Khoản hoàn tiền đang chờ xử lý. Vui lòng xác nhận số thẻ, CVV và mã xác minh tại https://security-alert.xyz/account/confirm.",1
"From: Phòng hành chính <no-reply@university.edu.vn>
Subject: Xác nhận đăng ký
Hệ thống sẽ được bảo trì trong thời gian dự kiến. Một số chức năng có thể tạm thời không sử dụng được. Nếu không yêu cầu thao tác này, hãy liên hệ bộ phận hỗ trợ.",0
"From: Kế toán <no-reply@company.vn>
Subject: Lịch họp ngày mai
Xin vui lòng kiểm tra lịch và phản hồi trước thời hạn ghi trong thông báo. Cảm ơn bạn.",0
"From: Techcombank Support <support@service-update.top>
Subject: Final notice: verify your account
Vui lòng xác minh tài khoản ngay lập tức để tránh bị khóa. Hãy nhập mật khẩu và mã OTP tại http://185.10.20.30/security-check. !!! Hành động ngay lập tức!!!",1
"From: Thư viện <no-reply@university.edu.vn>
Subject: Biên nhận thanh toán
Xin vui lòng kiểm tra lịch và phản hồi trước thời hạn ghi trong thông báo. Cảm ơn bạn. Bạn có thể bỏ qua email này nếu thông tin đã được cập nhật.",0
"From: Phòng hành chính <no-reply@university.edu.vn>
Subject: Thông báo bảo trì hệ thống
Thông tin chi tiết đã được cập nhật trên hệ thống. Bạn có thể đăng nhập bằng cách tự mở ứng dụng hoặc trang web quen thuộc. Mọi thay đổi quan trọng sẽ được thông báo trên hệ thống chính thức.",0
"From: Google Billing <billing@verify-login.top>
Subject: Final notice: verify your account
Vui lòng xác minh tài khoản ngay lập tức để tránh bị khóa. Hãy nhập mật khẩu và mã OTP tại http://185.10.20.30/billing/update. Your accunt must be verfy today.",1
"From: Phòng hành chính <no-reply@university.edu.vn>
Subject: Kết quả đăng ký môn học
Thông tin chi tiết đã được cập nhật trên hệ thống. Bạn có thể đăng nhập bằng cách tự mở ứng dụng hoặc trang web quen thuộc. Bạn có thể bỏ qua email này nếu thông tin đã được cập nhật.",0
"From: Customer Care PayPal <service@billing-confirm.loan>
Subject: Yêu cầu cập nhật thông tin thanh toán
Vui lòng xác minh tài khoản ngay lập tức để tránh bị khóa. Hãy nhập mật khẩu và mã OTP tại https://billing-confirm.loan/account/confirm.",1
"From: Techcombank Support <support@login-protect.click>
Subject: Urgent: unusual login detected
Chúng tôi phát hiện hoạt động bất thường. Bạn phải xác minh thông tin đăng nhập trong 24 giờ tại http://103.21.55.18/verify. Your accunt must be verfy today.",1
"From: Customer Care Amazon <service@mail-security.club>
Subject: Urgent: unusual login detected
Vui lòng xác minh tài khoản ngay lập tức để tránh bị khóa. Hãy nhập mật khẩu và mã OTP tại http://103.21.55.18/verify. !!! Hành động ngay lập tức!!!",1
"From: Customer Care Apple <service@account-review.xyz>
Subject: Urgent: unusual login detected
Chúng tôi phát hiện hoạt động bất thường. Bạn phải xác minh thông tin đăng nhập trong 24 giờ tại https://account-review.xyz/login.",1
"From: Apple Support <support@security-alert.xyz>
Subject: Xác minh tài khoản để tránh đình chỉ
Tài khoản của bạn sẽ bị đình chỉ nếu không hành động ngay. Truy cập https://security-alert.xyz/security-check để xác minh danh tính. !!! Hành động ngay lập tức!!! Your accunt must be verfy today.",1
"From: Ban quản trị hệ thống <no-reply@company.vn>
Subject: Nhắc lịch gia hạn dịch vụ
Hệ thống sẽ được bảo trì trong thời gian dự kiến. Một số chức năng có thể tạm thời không sử dụng được. Mọi thay đổi quan trọng sẽ được thông báo trên hệ thống chính thức.",0
"From: Phòng đào tạo <no-reply@university.edu.vn>
Subject: Lịch họp ngày mai
Thông tin chi tiết đã được cập nhật trên hệ thống. Bạn có thể đăng nhập bằng cách tự mở ứng dụng hoặc trang web quen thuộc.",0
"From: Dịch vụ khách hàng <no-reply@shop.vn>
Subject: Xác nhận đăng ký
Xin vui lòng kiểm tra lịch và phản hồi trước thời hạn ghi trong thông báo. Cảm ơn bạn. Nếu không yêu cầu thao tác này, hãy liên hệ bộ phận hỗ trợ.",0
"From: Thư viện <no-reply@university.edu.vn>
Subject: Xác nhận đăng ký
Đây là thông báo định kỳ. Bạn không cần cung cấp mật khẩu, mã OTP hoặc thông tin thẻ qua email. Tham khảo: https://university.edu.vn/support",0
"From: Thư viện <no-reply@university.edu.vn>
Subject: Biên nhận thanh toán
Xin vui lòng kiểm tra lịch và phản hồi trước thời hạn ghi trong thông báo. Cảm ơn bạn. Nếu không yêu cầu thao tác này, hãy liên hệ bộ phận hỗ trợ. Tham khảo: https://portal.university.edu.vn/",0
"From: Microsoft Support <support@service-update.top>
Subject: Xác minh tài khoản để tránh đình chỉ
Khoản hoàn tiền đang chờ xử lý. Vui lòng xác nhận số thẻ, CVV và mã xác minh tại https://service-update.top/billing/update.",1
"From: Vietcombank Security <security@security-alert.xyz>
Subject: Thông báo hoàn tiền - xác nhận thông tin
Final notice. Verify your account immediately using http://security-alert.xyz/verify or access may be suspended.",1
"From: Microsoft Support <support@service-update.top>
Subject: Urgent: unusual login detected
Tài khoản của bạn sẽ bị đình chỉ nếu không hành động ngay. Truy cập http://45.76.123.9/verify để xác minh danh tính. Your accunt must be verfy today.",1
"From: Customer Care Google <service@verify-login.top>
Subject: Xác minh tài khoản để tránh đình chỉ
Bạn được chọn nhận phần thưởng. Hãy cung cấp thông tin tài khoản và xác nhận tại https://verify-login.top/billing/update để nhận tiền.",1
"From: Microsoft Security <security@mail-security.club>
Subject: Urgent: unusual login detected
Final notice. Verify your account immediately using https://mail-security.club/account/confirm or access may be suspended.",1
"From: Phòng CNTT <no-reply@company.vn>
Subject: Thông báo lịch học tuần này
Đây là thông báo định kỳ. Bạn không cần cung cấp mật khẩu, mã OTP hoặc thông tin thẻ qua email. Bạn có thể bỏ qua email này nếu thông tin đã được cập nhật.",0
"From: PayPal Support <support@security-alert.xyz>
Subject: Yêu cầu cập nhật thông tin thanh toán
Khoản hoàn tiền đang chờ xử lý. Vui lòng xác nhận số thẻ, CVV và mã xác minh tại http://103.21.55.18/security-check. !!! Hành động ngay lập tức!!!",1
"From: Dịch vụ khách hàng <no-reply@shop.vn>
Subject: Nhắc lịch gia hạn dịch vụ
Vui lòng xem thông tin trong cổng thông tin nội bộ. Nếu cần hỗ trợ, hãy liên hệ bộ phận phụ trách qua kênh chính thức.",0
"From: Dịch vụ khách hàng <no-reply@shop.vn>
Subject: Thông báo lịch học tuần này
Đây là thông báo định kỳ. Bạn không cần cung cấp mật khẩu, mã OTP hoặc thông tin thẻ qua email. Bạn có thể bỏ qua email này nếu thông tin đã được cập nhật.",0
"From: Phòng CNTT <no-reply@company.vn>
Subject: Lịch họp ngày mai
Biên nhận được gửi để bạn lưu trữ. Nếu có sai lệch, liên hệ bộ phận chăm sóc khách hàng theo thông tin trên website chính thức. Nếu không yêu cầu thao tác này, hãy liên hệ bộ phận hỗ trợ.",0
"From: Ban quản trị hệ thống <no-reply@company.vn>
Subject: Phiếu lương tháng này
Xin vui lòng kiểm tra lịch và phản hồi trước thời hạn ghi trong thông báo. Cảm ơn bạn. Tham khảo: https://portal.company.vn/",0
"From: Phòng CNTT <no-reply@company.vn>
Subject: Nhắc lịch gia hạn dịch vụ
Đây là thông báo định kỳ. Bạn không cần cung cấp mật khẩu, mã OTP hoặc thông tin thẻ qua email. Nếu không yêu cầu thao tác này, hãy liên hệ bộ phận hỗ trợ.",0
"From: Phòng hành chính <no-reply@university.edu.vn>
Subject: Phiếu lương tháng này
Hệ thống sẽ được bảo trì trong thời gian dự kiến. Một số chức năng có thể tạm thời không sử dụng được. Mọi thay đổi quan trọng sẽ được thông báo trên hệ thống chính thức. Tham khảo: https://university.edu.vn/support",0
"From: Ban quản trị hệ thống <no-reply@company.vn>
Subject: Tài liệu cuộc họp
Vui lòng xem thông tin trong cổng thông tin nội bộ. Nếu cần hỗ trợ, hãy liên hệ bộ phận phụ trách qua kênh chính thức. Nếu không yêu cầu thao tác này, hãy liên hệ bộ phận hỗ trợ.",0
"From: Ban quản trị hệ thống <no-reply@company.vn>
Subject: Xác nhận đăng ký
Đây là thông báo định kỳ. Bạn không cần cung cấp mật khẩu, mã OTP hoặc thông tin thẻ qua email.",0
"From: Customer Care Vietcombank <service@security-alert.xyz>
Subject: Tài khoản hết hạn hôm nay
Final notice. Verify your account immediately using https://security-alert.xyz/account/confirm or access may be suspended. Your accunt must be verfy today.",1
"From: Microsoft Billing <billing@verify-user.top>
Subject: Security alert: act now
Tài khoản của bạn sẽ bị đình chỉ nếu không hành động ngay. Truy cập https://verify-user.top/login để xác minh danh tính.",1
"From: Phòng đào tạo <no-reply@university.edu.vn>
Subject: Kết quả đăng ký môn học
Thông tin chi tiết đã được cập nhật trên hệ thống. Bạn có thể đăng nhập bằng cách tự mở ứng dụng hoặc trang web quen thuộc. Nếu không yêu cầu thao tác này, hãy liên hệ bộ phận hỗ trợ.",0
"From: Thư viện <no-reply@university.edu.vn>
Subject: Thông báo giao hàng
Thông tin chi tiết đã được cập nhật trên hệ thống. Bạn có thể đăng nhập bằng cách tự mở ứng dụng hoặc trang web quen thuộc. Không gửi thông tin đăng nhập cho bất kỳ ai.",0
"From: Phòng CNTT <no-reply@company.vn>
Subject: Nhắc lịch gia hạn dịch vụ
Biên nhận được gửi để bạn lưu trữ. Nếu có sai lệch, liên hệ bộ phận chăm sóc khách hàng theo thông tin trên website chính thức.",0
"From: Google Security <security@account-review.xyz>
Subject: Yêu cầu cập nhật thông tin thanh toán
Chúng tôi phát hiện hoạt động bất thường. Bạn phải xác minh thông tin đăng nhập trong 24 giờ tại https://account-review.xyz/login.",1
"From: Ban quản trị hệ thống <no-reply@company.vn>
Subject: Xác nhận đăng ký
Thông tin chi tiết đã được cập nhật trên hệ thống. Bạn có thể đăng nhập bằng cách tự mở ứng dụng hoặc trang web quen thuộc.",0
"From: Ban quản trị hệ thống <no-reply@company.vn>
Subject: Nhắc lịch gia hạn dịch vụ
Thông tin chi tiết đã được cập nhật trên hệ thống. Bạn có thể đăng nhập bằng cách tự mở ứng dụng hoặc trang web quen thuộc. Không gửi thông tin đăng nhập cho bất kỳ ai.",0
"From: Customer Care PayPal <service@confirm-access.xyz>
Subject: Final notice: verify your account
Vui lòng xác minh tài khoản ngay lập tức để tránh bị khóa. Hãy nhập mật khẩu và mã OTP tại https://confirm-access.xyz/account/confirm.",1
"From: MoMo Support <support@login-protect.click>
Subject: Security alert: act now
Vui lòng xác minh tài khoản ngay lập tức để tránh bị khóa. Hãy nhập mật khẩu và mã OTP tại http://login-protect.click/verify.",1
"From: Bộ phận nhân sự <no-reply@company.vn>
Subject: Lịch họp ngày mai
Xin vui lòng kiểm tra lịch và phản hồi trước thời hạn ghi trong thông báo. Cảm ơn bạn. Tham khảo: https://company.vn/account",0
"From: Amazon Support <support@account-check.click>
Subject: Xác minh tài khoản để tránh đình chỉ
Chúng tôi phát hiện hoạt động bất thường. Bạn phải xác minh thông tin đăng nhập trong 24 giờ tại https://account-check.click/login.",1
"From: Techcombank Security <security@account-check.click>
Subject: Cảnh báo bảo mật - xác minh ngay
Chúng tôi phát hiện hoạt động bất thường. Bạn phải xác minh thông tin đăng nhập trong 24 giờ tại https://account-check.click/login.",1
"From: Phòng đào tạo <no-reply@university.edu.vn>
Subject: Tài liệu cuộc họp
Thông tin chi tiết đã được cập nhật trên hệ thống. Bạn có thể đăng nhập bằng cách tự mở ứng dụng hoặc trang web quen thuộc. Tham khảo: https://university.edu.vn/account",0
"From: Kế toán <no-reply@company.vn>
Subject: Xác nhận đăng ký
Vui lòng xem thông tin trong cổng thông tin nội bộ. Nếu cần hỗ trợ, hãy liên hệ bộ phận phụ trách qua kênh chính thức.",0
"From: Bộ phận nhân sự <no-reply@company.vn>
Subject: Thông báo giao hàng
Thông tin chi tiết đã được cập nhật trên hệ thống. Bạn có thể đăng nhập bằng cách tự mở ứng dụng hoặc trang web quen thuộc. Nếu không yêu cầu thao tác này, hãy liên hệ bộ phận hỗ trợ.",0
"From: Techcombank Support <support@verify-login.top>
Subject: Bạn đã trúng thưởng
Khoản hoàn tiền đang chờ xử lý. Vui lòng xác nhận số thẻ, CVV và mã xác minh tại http://verify-login.top/verify. Your accunt must be verfy today.",1
"From: Phòng đào tạo <no-reply@university.edu.vn>
Subject: Kết quả đăng ký môn học
Đây là thông báo định kỳ. Bạn không cần cung cấp mật khẩu, mã OTP hoặc thông tin thẻ qua email.",0
"From: Ban quản trị hệ thống <no-reply@company.vn>
Subject: Thông báo lịch học tuần này
Hệ thống sẽ được bảo trì trong thời gian dự kiến. Một số chức năng có thể tạm thời không sử dụng được. Nếu không yêu cầu thao tác này, hãy liên hệ bộ phận hỗ trợ.",0
"From: Phòng CNTT <no-reply@company.vn>
Subject: Nhắc lịch gia hạn dịch vụ
Hệ thống sẽ được bảo trì trong thời gian dự kiến. Một số chức năng có thể tạm thời không sử dụng được. Bạn có thể bỏ qua email này nếu thông tin đã được cập nhật. Tham khảo: https://company.vn/support",0
"From: Customer Care Apple <service@service-update.top>
Subject: Security alert: act now
Tài khoản của bạn sẽ bị đình chỉ nếu không hành động ngay. Truy cập https://service-update.top/account/confirm để xác minh danh tính. !!! Hành động ngay lập tức!!!",1
"From: MoMo Billing <billing@verify-user.top>
Subject: Final notice: verify your account
Chúng tôi phát hiện hoạt động bất thường. Bạn phải xác minh thông tin đăng nhập trong 24 giờ tại https://verify-user.top/login. !!! Hành động ngay lập tức!!! Your accunt must be verfy today.",1
"From: Vietcombank Billing <billing@confirm-access.xyz>
Subject: Khẩn cấp: tài khoản của bạn sắp bị khóa
Bạn được chọn nhận phần thưởng. Hãy cung cấp thông tin tài khoản và xác nhận tại http://confirm-access.xyz/verify để nhận tiền.",1
"From: Phòng CNTT <no-reply@company.vn>
Subject: Lịch họp ngày mai
Vui lòng xem thông tin trong cổng thông tin nội bộ. Nếu cần hỗ trợ, hãy liên hệ bộ phận phụ trách qua kênh chính thức.",0
"From: BIDV Support <support@billing-confirm.loan>
Subject: Security alert: act now
Tài khoản của bạn sẽ bị đình chỉ nếu không hành động ngay. Truy cập https://billing-confirm.loan/account/confirm để xác minh danh tính.",1
"From: Customer Care PayPal <service@billing-confirm.loan>
Subject: Thông báo hoàn tiền - xác nhận thông tin
Chúng tôi phát hiện hoạt động bất thường. Bạn phải xác minh thông tin đăng nhập trong 24 giờ tại https://billing-confirm.loan/security-check. !!! Hành động ngay lập tức!!!",1
"From: Amazon Billing <billing@verify-login.top>
Subject: Yêu cầu cập nhật thông tin thanh toán
Vui lòng xác minh tài khoản ngay lập tức để tránh bị khóa. Hãy nhập mật khẩu và mã OTP tại https://verify-login.top/account/confirm. !!! Hành động ngay lập tức!!!",1
"From: Customer Care Techcombank <service@verify-user.top>
Subject: Bạn đã trúng thưởng
Vui lòng xác minh tài khoản ngay lập tức để tránh bị khóa. Hãy nhập mật khẩu và mã OTP tại http://verify-user.top/verify.",1
"From: Kế toán <no-reply@company.vn>
Subject: Thông báo lịch học tuần này
Thông tin chi tiết đã được cập nhật trên hệ thống. Bạn có thể đăng nhập bằng cách tự mở ứng dụng hoặc trang web quen thuộc. Mọi thay đổi quan trọng sẽ được thông báo trên hệ thống chính thức.",0
"From: PayPal Support <support@service-update.top>
Subject: Urgent: unusual login detected
Chúng tôi phát hiện hoạt động bất thường. Bạn phải xác minh thông tin đăng nhập trong 24 giờ tại http://45.76.123.9/security-check.",1
"From: Google Billing <billing@confirm-access.xyz>
Subject: Bạn đã trúng thưởng
Chúng tôi phát hiện hoạt động bất thường. Bạn phải xác minh thông tin đăng nhập trong 24 giờ tại http://185.10.20.30/login.",1
"From: Kế toán <no-reply@company.vn>
Subject: Nhắc lịch gia hạn dịch vụ
Vui lòng xem thông tin trong cổng thông tin nội bộ. Nếu cần hỗ trợ, hãy liên hệ bộ phận phụ trách qua kênh chính thức. Mọi thay đổi quan trọng sẽ được thông báo trên hệ thống chính thức.",0
"From: Phòng hành chính <no-reply@university.edu.vn>
Subject: Kết quả đăng ký môn học
Hệ thống sẽ được bảo trì trong thời gian dự kiến. Một số chức năng có thể tạm thời không sử dụng được.",0
"From: Customer Care Google <service@billing-confirm.loan>
Subject: Yêu cầu cập nhật thông tin thanh toán
Chúng tôi phát hiện hoạt động bất thường. Bạn phải xác minh thông tin đăng nhập trong 24 giờ tại https://billing-confirm.loan/login. !!! Hành động ngay lập tức!!!",1
"From: Dịch vụ khách hàng <no-reply@shop.vn>
Subject: Kết quả đăng ký môn học
Đây là thông báo định kỳ. Bạn không cần cung cấp mật khẩu, mã OTP hoặc thông tin thẻ qua email. Mọi thay đổi quan trọng sẽ được thông báo trên hệ thống chính thức. Tham khảo: https://portal.shop.vn/",0
"From: Microsoft Security <security@account-check.click>
Subject: Final notice: verify your account
Final notice. Verify your account immediately using https://account-check.click/billing/update or access may be suspended. Your accunt must be verfy today.",1
"From: Google Security <security@support-center.club>
Subject: Security alert: act now
Final notice. Verify your account immediately using https://support-center.club/login or access may be suspended.",1
"From: Dịch vụ khách hàng <no-reply@shop.vn>
Subject: Thông báo lịch học tuần này
Thông tin chi tiết đã được cập nhật trên hệ thống. Bạn có thể đăng nhập bằng cách tự mở ứng dụng hoặc trang web quen thuộc. Mọi thay đổi quan trọng sẽ được thông báo trên hệ thống chính thức. Tham khảo: https://shop.vn/support",0
"From: Customer Care Vietcombank <service@service-update.top>
Subject: Bạn đã trúng thưởng
Final notice. Verify your account immediately using https://service-update.top/login or access may be suspended.",1
"From: Thư viện <no-reply@university.edu.vn>
Subject: Tài liệu cuộc họp
Thông tin chi tiết đã được cập nhật trên hệ thống. Bạn có thể đăng nhập bằng cách tự mở ứng dụng hoặc trang web quen thuộc.",0
"From: Phòng CNTT <no-reply@company.vn>
Subject: Lịch họp ngày mai
Xin vui lòng kiểm tra lịch và phản hồi trước thời hạn ghi trong thông báo. Cảm ơn bạn. Bạn có thể bỏ qua email này nếu thông tin đã được cập nhật.",0
"From: Ban quản trị hệ thống <no-reply@company.vn>
Subject: Kết quả đăng ký môn học
Biên nhận được gửi để bạn lưu trữ. Nếu có sai lệch, liên hệ bộ phận chăm sóc khách hàng theo thông tin trên website chính thức.",0
"From: PayPal Security <security@security-alert.xyz>
Subject: Xác minh tài khoản để tránh đình chỉ
Tài khoản của bạn sẽ bị đình chỉ nếu không hành động ngay. Truy cập http://security-alert.xyz/verify để xác minh danh tính.",1
"From: Bộ phận nhân sự <no-reply@company.vn>
Subject: Kết quả đăng ký môn học
Đây là thông báo định kỳ. Bạn không cần cung cấp mật khẩu, mã OTP hoặc thông tin thẻ qua email.",0
"From: Amazon Billing <billing@confirm-access.xyz>
Subject: Xác minh tài khoản để tránh đình chỉ
Tài khoản của bạn sẽ bị đình chỉ nếu không hành động ngay. Truy cập http://confirm-access.xyz/verify để xác minh danh tính. !!! Hành động ngay lập tức!!!",1
"From: Customer Care Microsoft <service@confirm-access.xyz>
Subject: Security alert: act now
Chúng tôi phát hiện hoạt động bất thường. Bạn phải xác minh thông tin đăng nhập trong 24 giờ tại http://103.21.55.18/login.",1
"From: Customer Care Google <service@login-protect.click>
Subject: Cảnh báo bảo mật - xác minh ngay
Tài khoản của bạn sẽ bị đình chỉ nếu không hành động ngay. Truy cập https://login-protect.click/account/confirm để xác minh danh tính.",1
"From: Phòng hành chính <no-reply@university.edu.vn>
Subject: Thông báo giao hàng
Hệ thống sẽ được bảo trì trong thời gian dự kiến. Một số chức năng có thể tạm thời không sử dụng được. Không gửi thông tin đăng nhập cho bất kỳ ai. Tham khảo: https://university.edu.vn/support",0
"From: Kế toán <no-reply@company.vn>
Subject: Thông báo bảo trì hệ thống
Xin vui lòng kiểm tra lịch và phản hồi trước thời hạn ghi trong thông báo. Cảm ơn bạn.",0
"From: Phòng CNTT <no-reply@company.vn>
Subject: Biên nhận thanh toán
Hệ thống sẽ được bảo trì trong thời gian dự kiến. Một số chức năng có thể tạm thời không sử dụng được. Tham khảo: https://company.vn/account",0
"From: Phòng đào tạo <no-reply@university.edu.vn>
Subject: Thông báo giao hàng
Thông tin chi tiết đã được cập nhật trên hệ thống. Bạn có thể đăng nhập bằng cách tự mở ứng dụng hoặc trang web quen thuộc. Nếu không yêu cầu thao tác này, hãy liên hệ bộ phận hỗ trợ.",0
"From: Customer Care Apple <service@confirm-access.xyz>
Subject: Thông báo hoàn tiền - xác nhận thông tin
Vui lòng xác minh tài khoản ngay lập tức để tránh bị khóa. Hãy nhập mật khẩu và mã OTP tại https://confirm-access.xyz/billing/update.",1
"From: BIDV Security <security@account-check.click>
Subject: Urgent: unusual login detected
Vui lòng xác minh tài khoản ngay lập tức để tránh bị khóa. Hãy nhập mật khẩu và mã OTP tại http://account-check.click/verify.",1
"From: Google Support <support@billing-confirm.loan>
Subject: Security alert: act now
Khoản hoàn tiền đang chờ xử lý. Vui lòng xác nhận số thẻ, CVV và mã xác minh tại https://billing-confirm.loan/login.",1
"From: Customer Care Techcombank <service@billing-confirm.loan>
Subject: Yêu cầu cập nhật thông tin thanh toán
Khoản hoàn tiền đang chờ xử lý. Vui lòng xác nhận số thẻ, CVV và mã xác minh tại http://45.76.123.9/verify.",1
"From: Thư viện <no-reply@university.edu.vn>
Subject: Thông báo lịch học tuần này
Vui lòng xem thông tin trong cổng thông tin nội bộ. Nếu cần hỗ trợ, hãy liên hệ bộ phận phụ trách qua kênh chính thức. Nếu không yêu cầu thao tác này, hãy liên hệ bộ phận hỗ trợ.",0
"From: Customer Care Google <service@billing-confirm.loan>
Subject: Yêu cầu cập nhật thông tin thanh toán
Bạn được chọn nhận phần thưởng. Hãy cung cấp thông tin tài khoản và xác nhận tại https://billing-confirm.loan/login để nhận tiền. !!! Hành động ngay lập tức!!!",1
"From: Phòng CNTT <no-reply@company.vn>
Subject: Thông báo giao hàng
Vui lòng xem thông tin trong cổng thông tin nội bộ. Nếu cần hỗ trợ, hãy liên hệ bộ phận phụ trách qua kênh chính thức. Bạn có thể bỏ qua email này nếu thông tin đã được cập nhật.",0
"From: Google Security <security@secure-account.xyz>
Subject: Yêu cầu cập nhật thông tin thanh toán
Bạn được chọn nhận phần thưởng. Hãy cung cấp thông tin tài khoản và xác nhận tại https://secure-account.xyz/billing/update để nhận tiền. Your accunt must be verfy today.",1
"From: Phòng hành chính <no-reply@university.edu.vn>
Subject: Kết quả đăng ký môn học
Đây là thông báo định kỳ. Bạn không cần cung cấp mật khẩu, mã OTP hoặc thông tin thẻ qua email. Tham khảo: https://university.edu.vn/support",0
"From: Amazon Security <security@login-protect.click>
Subject: Khẩn cấp: tài khoản của bạn sắp bị khóa
Final notice. Verify your account immediately using https://login-protect.click/security-check or access may be suspended.",1
"From: Techcombank Support <support@verify-user.top>
Subject: Thông báo hoàn tiền - xác nhận thông tin
Bạn được chọn nhận phần thưởng. Hãy cung cấp thông tin tài khoản và xác nhận tại https://verify-user.top/billing/update để nhận tiền.",1
"From: Dịch vụ khách hàng <no-reply@shop.vn>
Subject: Xác nhận đăng ký
Thông tin chi tiết đã được cập nhật trên hệ thống. Bạn có thể đăng nhập bằng cách tự mở ứng dụng hoặc trang web quen thuộc.",0
"From: Kế toán <no-reply@company.vn>
Subject: Kết quả đăng ký môn học
Thông tin chi tiết đã được cập nhật trên hệ thống. Bạn có thể đăng nhập bằng cách tự mở ứng dụng hoặc trang web quen thuộc. Bạn có thể bỏ qua email này nếu thông tin đã được cập nhật.",0
"From: Vietcombank Billing <billing@secure-account.xyz>
Subject: Cảnh báo bảo mật - xác minh ngay
Khoản hoàn tiền đang chờ xử lý. Vui lòng xác nhận số thẻ, CVV và mã xác minh tại http://45.76.123.9/security-check.",1
"From: Apple Billing <billing@account-check.click>
Subject: Xác minh tài khoản để tránh đình chỉ
Chúng tôi phát hiện hoạt động bất thường. Bạn phải xác minh thông tin đăng nhập trong 24 giờ tại http://185.10.20.30/security-check.",1
"From: Amazon Support <support@security-alert.xyz>
Subject: Urgent: unusual login detected
Khoản hoàn tiền đang chờ xử lý. Vui lòng xác nhận số thẻ, CVV và mã xác minh tại https://security-alert.xyz/billing/update.",1
"From: Ban quản trị hệ thống <no-reply@company.vn>
Subject: Phiếu lương tháng này
Thông tin chi tiết đã được cập nhật trên hệ thống. Bạn có thể đăng nhập bằng cách tự mở ứng dụng hoặc trang web quen thuộc. Tham khảo: https://company.vn/support",0
"From: Google Support <support@security-alert.xyz>
Subject: Final notice: verify your account
Chúng tôi phát hiện hoạt động bất thường. Bạn phải xác minh thông tin đăng nhập trong 24 giờ tại http://185.10.20.30/account/confirm. !!! Hành động ngay lập tức!!!",1
"From: Kế toán <no-reply@company.vn>
Subject: Thông báo bảo trì hệ thống
Thông tin chi tiết đã được cập nhật trên hệ thống. Bạn có thể đăng nhập bằng cách tự mở ứng dụng hoặc trang web quen thuộc. Mọi thay đổi quan trọng sẽ được thông báo trên hệ thống chính thức. Tham khảo: https://company.vn/account",0
"From: Amazon Security <security@verify-user.top>
Subject: Tài khoản hết hạn hôm nay
Tài khoản của bạn sẽ bị đình chỉ nếu không hành động ngay. Truy cập https://verify-user.top/account/confirm để xác minh danh tính. Your accunt must be verfy today.",1
"From: Phòng CNTT <no-reply@company.vn>
Subject: Kết quả đăng ký môn học
Thông tin chi tiết đã được cập nhật trên hệ thống. Bạn có thể đăng nhập bằng cách tự mở ứng dụng hoặc trang web quen thuộc.",0
"From: Customer Care Vietcombank <service@account-review.xyz>
Subject: Bạn đã trúng thưởng
Chúng tôi phát hiện hoạt động bất thường. Bạn phải xác minh thông tin đăng nhập trong 24 giờ tại http://account-review.xyz/verify. Your accunt must be verfy today.",1
"From: Apple Support <support@verify-login.top>
Subject: Khẩn cấp: tài khoản của bạn sắp bị khóa
Khoản hoàn tiền đang chờ xử lý. Vui lòng xác nhận số thẻ, CVV và mã xác minh tại http://103.21.55.18/billing/update.",1
"From: Phòng CNTT <no-reply@company.vn>
Subject: Biên nhận thanh toán
Đây là thông báo định kỳ. Bạn không cần cung cấp mật khẩu, mã OTP hoặc thông tin thẻ qua email. Không gửi thông tin đăng nhập cho bất kỳ ai.",0
"From: Bộ phận nhân sự <no-reply@company.vn>
Subject: Biên nhận thanh toán
Biên nhận được gửi để bạn lưu trữ. Nếu có sai lệch, liên hệ bộ phận chăm sóc khách hàng theo thông tin trên website chính thức. Bạn có thể bỏ qua email này nếu thông tin đã được cập nhật.",0
"From: Dịch vụ khách hàng <no-reply@shop.vn>
Subject: Lịch họp ngày mai
Hệ thống sẽ được bảo trì trong thời gian dự kiến. Một số chức năng có thể tạm thời không sử dụng được. Tham khảo: https://shop.vn/support",0
"From: Customer Care Techcombank <service@support-center.club>
Subject: Xác minh tài khoản để tránh đình chỉ
Chúng tôi phát hiện hoạt động bất thường. Bạn phải xác minh thông tin đăng nhập trong 24 giờ tại https://support-center.club/account/confirm.",1
"From: BIDV Security <security@login-protect.click>
Subject: Thông báo hoàn tiền - xác nhận thông tin
Bạn được chọn nhận phần thưởng. Hãy cung cấp thông tin tài khoản và xác nhận tại http://45.76.123.9/billing/update để nhận tiền.",1
"From: Phòng CNTT <no-reply@company.vn>
Subject: Tài liệu cuộc họp
Hệ thống sẽ được bảo trì trong thời gian dự kiến. Một số chức năng có thể tạm thời không sử dụng được. Không gửi thông tin đăng nhập cho bất kỳ ai. Tham khảo: https://company.vn/account",0
"From: Dịch vụ khách hàng <no-reply@shop.vn>
Subject: Kết quả đăng ký môn học
Vui lòng xem thông tin trong cổng thông tin nội bộ. Nếu cần hỗ trợ, hãy liên hệ bộ phận phụ trách qua kênh chính thức. Nếu không yêu cầu thao tác này, hãy liên hệ bộ phận hỗ trợ.",0
"From: Bộ phận nhân sự <no-reply@company.vn>
Subject: Thông báo bảo trì hệ thống
Vui lòng xem thông tin trong cổng thông tin nội bộ. Nếu cần hỗ trợ, hãy liên hệ bộ phận phụ trách qua kênh chính thức. Không gửi thông tin đăng nhập cho bất kỳ ai. Tham khảo: https://portal.company.vn/",0
"From: Phòng CNTT <no-reply@company.vn>
Subject: Tài liệu cuộc họp
Biên nhận được gửi để bạn lưu trữ. Nếu có sai lệch, liên hệ bộ phận chăm sóc khách hàng theo thông tin trên website chính thức.",0
"From: BIDV Billing <billing@security-alert.xyz>
Subject: Thông báo hoàn tiền - xác nhận thông tin
Vui lòng xác minh tài khoản ngay lập tức để tránh bị khóa. Hãy nhập mật khẩu và mã OTP tại https://security-alert.xyz/security-check.",1
"From: PayPal Support <support@verify-login.top>
Subject: Tài khoản hết hạn hôm nay
Khoản hoàn tiền đang chờ xử lý. Vui lòng xác nhận số thẻ, CVV và mã xác minh tại https://verify-login.top/account/confirm.",1
"From: Phòng hành chính <no-reply@university.edu.vn>
Subject: Lịch họp ngày mai
Xin vui lòng kiểm tra lịch và phản hồi trước thời hạn ghi trong thông báo. Cảm ơn bạn. Không gửi thông tin đăng nhập cho bất kỳ ai. Tham khảo: https://university.edu.vn/support",0
"From: Dịch vụ khách hàng <no-reply@shop.vn>
Subject: Lịch họp ngày mai
Thông tin chi tiết đã được cập nhật trên hệ thống. Bạn có thể đăng nhập bằng cách tự mở ứng dụng hoặc trang web quen thuộc. Nếu không yêu cầu thao tác này, hãy liên hệ bộ phận hỗ trợ.",0
"From: Thư viện <no-reply@university.edu.vn>
Subject: Thông báo bảo trì hệ thống
Thông tin chi tiết đã được cập nhật trên hệ thống. Bạn có thể đăng nhập bằng cách tự mở ứng dụng hoặc trang web quen thuộc. Nếu không yêu cầu thao tác này, hãy liên hệ bộ phận hỗ trợ.",0
"From: Apple Support <support@secure-account.xyz>
Subject: Bạn đã trúng thưởng
Final notice. Verify your account immediately using http://103.21.55.18/security-check or access may be suspended.",1
"From: BIDV Security <security@verify-user.top>
Subject: Yêu cầu cập nhật thông tin thanh toán
Final notice. Verify your account immediately using https://verify-user.top/billing/update or access may be suspended.",1
"From: Thư viện <no-reply@university.edu.vn>
Subject: Tài liệu cuộc họp
Thông tin chi tiết đã được cập nhật trên hệ thống. Bạn có thể đăng nhập bằng cách tự mở ứng dụng hoặc trang web quen thuộc. Không gửi thông tin đăng nhập cho bất kỳ ai.",0
"From: Customer Care Microsoft <service@verify-login.top>
Subject: Bạn đã trúng thưởng
Bạn được chọn nhận phần thưởng. Hãy cung cấp thông tin tài khoản và xác nhận tại https://verify-login.top/account/confirm để nhận tiền.",1
"From: Microsoft Security <security@login-protect.click>
Subject: Khẩn cấp: tài khoản của bạn sắp bị khóa
Bạn được chọn nhận phần thưởng. Hãy cung cấp thông tin tài khoản và xác nhận tại https://login-protect.click/account/confirm để nhận tiền.",1
"From: MoMo Support <support@service-update.top>
Subject: Bạn đã trúng thưởng
Bạn được chọn nhận phần thưởng. Hãy cung cấp thông tin tài khoản và xác nhận tại http://service-update.top/verify để nhận tiền.",1
"From: Dịch vụ khách hàng <no-reply@shop.vn>
Subject: Biên nhận thanh toán
Hệ thống sẽ được bảo trì trong thời gian dự kiến. Một số chức năng có thể tạm thời không sử dụng được. Nếu không yêu cầu thao tác này, hãy liên hệ bộ phận hỗ trợ.",0
"From: Ban quản trị hệ thống <no-reply@company.vn>
Subject: Thông báo lịch học tuần này
Xin vui lòng kiểm tra lịch và phản hồi trước thời hạn ghi trong thông báo. Cảm ơn bạn. Tham khảo: https://company.vn/support",0
"From: Vietcombank Security <security@login-protect.click>
Subject: Bạn đã trúng thưởng
Chúng tôi phát hiện hoạt động bất thường. Bạn phải xác minh thông tin đăng nhập trong 24 giờ tại https://login-protect.click/billing/update.",1
"From: Phòng hành chính <no-reply@university.edu.vn>
Subject: Thông báo lịch học tuần này
Thông tin chi tiết đã được cập nhật trên hệ thống. Bạn có thể đăng nhập bằng cách tự mở ứng dụng hoặc trang web quen thuộc. Không gửi thông tin đăng nhập cho bất kỳ ai. Tham khảo: https://portal.university.edu.vn/",0
"From: Dịch vụ khách hàng <no-reply@shop.vn>
Subject: Thông báo bảo trì hệ thống
Thông tin chi tiết đã được cập nhật trên hệ thống. Bạn có thể đăng nhập bằng cách tự mở ứng dụng hoặc trang web quen thuộc. Không gửi thông tin đăng nhập cho bất kỳ ai.",0
"From: Ban quản trị hệ thống <no-reply@company.vn>
Subject: Thông báo bảo trì hệ thống
Thông tin chi tiết đã được cập nhật trên hệ thống. Bạn có thể đăng nhập bằng cách tự mở ứng dụng hoặc trang web quen thuộc. Bạn có thể bỏ qua email này nếu thông tin đã được cập nhật.",0
"From: Customer Care Apple <service@verify-login.top>
Subject: Xác minh tài khoản để tránh đình chỉ
Vui lòng xác minh tài khoản ngay lập tức để tránh bị khóa. Hãy nhập mật khẩu và mã OTP tại http://verify-login.top/verify.",1
"From: Microsoft Security <security@mail-security.club>
Subject: Security alert: act now
Bạn được chọn nhận phần thưởng. Hãy cung cấp thông tin tài khoản và xác nhận tại http://mail-security.club/verify để nhận tiền.",1
"From: MoMo Security <security@security-alert.xyz>
Subject: Xác minh tài khoản để tránh đình chỉ
Bạn được chọn nhận phần thưởng. Hãy cung cấp thông tin tài khoản và xác nhận tại http://security-alert.xyz/verify để nhận tiền.",1
"From: Phòng hành chính <no-reply@university.edu.vn>
Subject: Kết quả đăng ký môn học
Đây là thông báo định kỳ. Bạn không cần cung cấp mật khẩu, mã OTP hoặc thông tin thẻ qua email. Tham khảo: https://university.edu.vn/support",0
"From: Thư viện <no-reply@university.edu.vn>
Subject: Kết quả đăng ký môn học
Xin vui lòng kiểm tra lịch và phản hồi trước thời hạn ghi trong thông báo. Cảm ơn bạn. Không gửi thông tin đăng nhập cho bất kỳ ai.",0
"From: Phòng đào tạo <no-reply@university.edu.vn>
Subject: Xác nhận đăng ký
Xin vui lòng kiểm tra lịch và phản hồi trước thời hạn ghi trong thông báo. Cảm ơn bạn. Nếu không yêu cầu thao tác này, hãy liên hệ bộ phận hỗ trợ. Tham khảo: https://university.edu.vn/account",0
"From: Phòng CNTT <no-reply@company.vn>
Subject: Phiếu lương tháng này
Vui lòng xem thông tin trong cổng thông tin nội bộ. Nếu cần hỗ trợ, hãy liên hệ bộ phận phụ trách qua kênh chính thức.",0
"From: Customer Care PayPal <service@account-review.xyz>
Subject: Tài khoản hết hạn hôm nay
Chúng tôi phát hiện hoạt động bất thường. Bạn phải xác minh thông tin đăng nhập trong 24 giờ tại https://account-review.xyz/account/confirm.",1
"From: Bộ phận nhân sự <no-reply@company.vn>
Subject: Thông báo giao hàng
Vui lòng xem thông tin trong cổng thông tin nội bộ. Nếu cần hỗ trợ, hãy liên hệ bộ phận phụ trách qua kênh chính thức. Bạn có thể bỏ qua email này nếu thông tin đã được cập nhật. Tham khảo: https://company.vn/account",0
"From: Phòng hành chính <no-reply@university.edu.vn>
Subject: Kết quả đăng ký môn học
Biên nhận được gửi để bạn lưu trữ. Nếu có sai lệch, liên hệ bộ phận chăm sóc khách hàng theo thông tin trên website chính thức. Bạn có thể bỏ qua email này nếu thông tin đã được cập nhật.",0
"From: Bộ phận nhân sự <no-reply@company.vn>
Subject: Thông báo giao hàng
Xin vui lòng kiểm tra lịch và phản hồi trước thời hạn ghi trong thông báo. Cảm ơn bạn. Bạn có thể bỏ qua email này nếu thông tin đã được cập nhật.",0
"From: Thư viện <no-reply@university.edu.vn>
Subject: Nhắc lịch gia hạn dịch vụ
Thông tin chi tiết đã được cập nhật trên hệ thống. Bạn có thể đăng nhập bằng cách tự mở ứng dụng hoặc trang web quen thuộc. Tham khảo: https://university.edu.vn/account",0
"From: Dịch vụ khách hàng <no-reply@shop.vn>
Subject: Thông báo lịch học tuần này
Vui lòng xem thông tin trong cổng thông tin nội bộ. Nếu cần hỗ trợ, hãy liên hệ bộ phận phụ trách qua kênh chính thức. Mọi thay đổi quan trọng sẽ được thông báo trên hệ thống chính thức.",0
"From: Amazon Billing <billing@account-check.click>
Subject: Xác minh tài khoản để tránh đình chỉ
Final notice. Verify your account immediately using https://account-check.click/security-check or access may be suspended.",1
"From: Ban quản trị hệ thống <no-reply@company.vn>
Subject: Thông báo giao hàng
Vui lòng xem thông tin trong cổng thông tin nội bộ. Nếu cần hỗ trợ, hãy liên hệ bộ phận phụ trách qua kênh chính thức.",0
"From: Apple Support <support@account-check.click>
Subject: Cảnh báo bảo mật - xác minh ngay
Final notice. Verify your account immediately using http://account-check.click/verify or access may be suspended.",1
"From: Amazon Support <support@login-protect.click>
Subject: Xác minh tài khoản để tránh đình chỉ
Bạn được chọn nhận phần thưởng. Hãy cung cấp thông tin tài khoản và xác nhận tại http://103.21.55.18/security-check để nhận tiền. !!! Hành động ngay lập tức!!! Your accunt must be verfy today.",1
"From: Customer Care PayPal <service@account-review.xyz>
Subject: Urgent: unusual login detected
Khoản hoàn tiền đang chờ xử lý. Vui lòng xác nhận số thẻ, CVV và mã xác minh tại https://account-review.xyz/login.",1
"From: Bộ phận nhân sự <no-reply@company.vn>
Subject: Thông báo bảo trì hệ thống
Hệ thống sẽ được bảo trì trong thời gian dự kiến. Một số chức năng có thể tạm thời không sử dụng được. Tham khảo: https://company.vn/account",0
"From: Kế toán <no-reply@company.vn>
Subject: Thông báo giao hàng
Hệ thống sẽ được bảo trì trong thời gian dự kiến. Một số chức năng có thể tạm thời không sử dụng được. Bạn có thể bỏ qua email này nếu thông tin đã được cập nhật.",0
"From: Customer Care Vietcombank <service@billing-confirm.loan>
Subject: Urgent: unusual login detected
Vui lòng xác minh tài khoản ngay lập tức để tránh bị khóa. Hãy nhập mật khẩu và mã OTP tại https://billing-confirm.loan/login. !!! Hành động ngay lập tức!!!",1
"From: Ban quản trị hệ thống <no-reply@company.vn>
Subject: Thông báo lịch học tuần này
Thông tin chi tiết đã được cập nhật trên hệ thống. Bạn có thể đăng nhập bằng cách tự mở ứng dụng hoặc trang web quen thuộc. Nếu không yêu cầu thao tác này, hãy liên hệ bộ phận hỗ trợ.",0
"From: Amazon Billing <billing@verify-login.top>
Subject: Tài khoản hết hạn hôm nay
Final notice. Verify your account immediately using http://verify-login.top/verify or access may be suspended.",1
"From: BIDV Security <security@support-center.club>
Subject: Tài khoản hết hạn hôm nay
Bạn được chọn nhận phần thưởng. Hãy cung cấp thông tin tài khoản và xác nhận tại https://support-center.club/account/confirm để nhận tiền.",1
"From: Amazon Security <security@login-protect.click>
Subject: Urgent: unusual login detected
Chúng tôi phát hiện hoạt động bất thường. Bạn phải xác minh thông tin đăng nhập trong 24 giờ tại http://login-protect.click/verify.",1
"From: Thư viện <no-reply@university.edu.vn>
Subject: Thông báo lịch học tuần này
Đây là thông báo định kỳ. Bạn không cần cung cấp mật khẩu, mã OTP hoặc thông tin thẻ qua email.",0
"From: Phòng hành chính <no-reply@university.edu.vn>
Subject: Phiếu lương tháng này
Đây là thông báo định kỳ. Bạn không cần cung cấp mật khẩu, mã OTP hoặc thông tin thẻ qua email. Nếu không yêu cầu thao tác này, hãy liên hệ bộ phận hỗ trợ.",0
"From: Customer Care PayPal <service@login-protect.click>
Subject: Final notice: verify your account
Final notice. Verify your account immediately using http://103.21.55.18/verify or access may be suspended.",1
"From: PayPal Billing <billing@mail-security.club>
Subject: Security alert: act now
Chúng tôi phát hiện hoạt động bất thường. Bạn phải xác minh thông tin đăng nhập trong 24 giờ tại https://mail-security.club/login.",1
"From: MoMo Security <security@service-update.top>
Subject: Yêu cầu cập nhật thông tin thanh toán
Khoản hoàn tiền đang chờ xử lý. Vui lòng xác nhận số thẻ, CVV và mã xác minh tại http://service-update.top/verify.",1
"From: Dịch vụ khách hàng <no-reply@shop.vn>
Subject: Phiếu lương tháng này
Xin vui lòng kiểm tra lịch và phản hồi trước thời hạn ghi trong thông báo. Cảm ơn bạn. Tham khảo: https://portal.shop.vn/",0
"From: PayPal Billing <billing@verify-login.top>
Subject: Security alert: act now
Final notice. Verify your account immediately using https://verify-login.top/security-check or access may be suspended.",1
"From: Thư viện <no-reply@university.edu.vn>
Subject: Xác nhận đăng ký
Thông tin chi tiết đã được cập nhật trên hệ thống. Bạn có thể đăng nhập bằng cách tự mở ứng dụng hoặc trang web quen thuộc.",0
"From: Phòng hành chính <no-reply@university.edu.vn>
Subject: Lịch họp ngày mai
Đây là thông báo định kỳ. Bạn không cần cung cấp mật khẩu, mã OTP hoặc thông tin thẻ qua email. Tham khảo: https://portal.university.edu.vn/",0
"From: Google Security <security@verify-user.top>
Subject: Khẩn cấp: tài khoản của bạn sắp bị khóa
Bạn được chọn nhận phần thưởng. Hãy cung cấp thông tin tài khoản và xác nhận tại https://verify-user.top/billing/update để nhận tiền. Your accunt must be verfy today.",1
"From: Customer Care Techcombank <service@security-alert.xyz>
Subject: Security alert: act now
Tài khoản của bạn sẽ bị đình chỉ nếu không hành động ngay. Truy cập http://45.76.123.9/security-check để xác minh danh tính. Your accunt must be verfy today.",1
"From: Phòng CNTT <no-reply@company.vn>
Subject: Lịch họp ngày mai
Xin vui lòng kiểm tra lịch và phản hồi trước thời hạn ghi trong thông báo. Cảm ơn bạn.",0
"From: Phòng đào tạo <no-reply@university.edu.vn>
Subject: Tài liệu cuộc họp
Xin vui lòng kiểm tra lịch và phản hồi trước thời hạn ghi trong thông báo. Cảm ơn bạn. Mọi thay đổi quan trọng sẽ được thông báo trên hệ thống chính thức.",0
"From: Customer Care Apple <service@support-center.club>
Subject: Security alert: act now
Vui lòng xác minh tài khoản ngay lập tức để tránh bị khóa. Hãy nhập mật khẩu và mã OTP tại https://support-center.club/security-check.",1
"From: Vietcombank Support <support@billing-confirm.loan>
Subject: Tài khoản hết hạn hôm nay
Vui lòng xác minh tài khoản ngay lập tức để tránh bị khóa. Hãy nhập mật khẩu và mã OTP tại http://103.21.55.18/verify. Your accunt must be verfy today.",1
"From: Bộ phận nhân sự <no-reply@company.vn>
Subject: Phiếu lương tháng này
Đây là thông báo định kỳ. Bạn không cần cung cấp mật khẩu, mã OTP hoặc thông tin thẻ qua email. Mọi thay đổi quan trọng sẽ được thông báo trên hệ thống chính thức. Tham khảo: https://company.vn/support",0
"From: BIDV Billing <billing@service-update.top>
Subject: Xác minh tài khoản để tránh đình chỉ
Final notice. Verify your account immediately using http://103.21.55.18/billing/update or access may be suspended. Your accunt must be verfy today.",1
"From: Thư viện <no-reply@university.edu.vn>
Subject: Kết quả đăng ký môn học
Xin vui lòng kiểm tra lịch và phản hồi trước thời hạn ghi trong thông báo. Cảm ơn bạn.",0
"From: Apple Security <security@login-protect.click>
Subject: Tài khoản hết hạn hôm nay
Final notice. Verify your account immediately using https://login-protect.click/security-check or access may be suspended.",1
"From: Customer Care Amazon <service@account-check.click>
Subject: Bạn đã trúng thưởng
Vui lòng xác minh tài khoản ngay lập tức để tránh bị khóa. Hãy nhập mật khẩu và mã OTP tại https://account-check.click/login. !!! Hành động ngay lập tức!!!",1
"From: Ban quản trị hệ thống <no-reply@company.vn>
Subject: Phiếu lương tháng này
Hệ thống sẽ được bảo trì trong thời gian dự kiến. Một số chức năng có thể tạm thời không sử dụng được. Bạn có thể bỏ qua email này nếu thông tin đã được cập nhật. Tham khảo: https://portal.company.vn/",0
"From: Bộ phận nhân sự <no-reply@company.vn>
Subject: Thông báo bảo trì hệ thống
Hệ thống sẽ được bảo trì trong thời gian dự kiến. Một số chức năng có thể tạm thời không sử dụng được.",0
"From: Thư viện <no-reply@university.edu.vn>
Subject: Tài liệu cuộc họp
Xin vui lòng kiểm tra lịch và phản hồi trước thời hạn ghi trong thông báo. Cảm ơn bạn. Mọi thay đổi quan trọng sẽ được thông báo trên hệ thống chính thức.",0
"From: Phòng CNTT <no-reply@company.vn>
Subject: Thông báo lịch học tuần này
Đây là thông báo định kỳ. Bạn không cần cung cấp mật khẩu, mã OTP hoặc thông tin thẻ qua email.",0
"From: MoMo Security <security@confirm-access.xyz>
Subject: Urgent: unusual login detected
Chúng tôi phát hiện hoạt động bất thường. Bạn phải xác minh thông tin đăng nhập trong 24 giờ tại http://confirm-access.xyz/verify. !!! Hành động ngay lập tức!!!",1
"From: Thư viện <no-reply@university.edu.vn>
Subject: Phiếu lương tháng này
Hệ thống sẽ được bảo trì trong thời gian dự kiến. Một số chức năng có thể tạm thời không sử dụng được. Bạn có thể bỏ qua email này nếu thông tin đã được cập nhật.",0
"From: BIDV Billing <billing@login-protect.click>
Subject: Thông báo hoàn tiền - xác nhận thông tin
Chúng tôi phát hiện hoạt động bất thường. Bạn phải xác minh thông tin đăng nhập trong 24 giờ tại http://login-protect.click/verify.",1
"From: Amazon Security <security@support-center.club>
Subject: Bạn đã trúng thưởng
Chúng tôi phát hiện hoạt động bất thường. Bạn phải xác minh thông tin đăng nhập trong 24 giờ tại https://support-center.club/billing/update. Your accunt must be verfy today.",1
"From: Phòng đào tạo <no-reply@university.edu.vn>
Subject: Kết quả đăng ký môn học
Xin vui lòng kiểm tra lịch và phản hồi trước thời hạn ghi trong thông báo. Cảm ơn bạn. Nếu không yêu cầu thao tác này, hãy liên hệ bộ phận hỗ trợ.",0
"From: PayPal Billing <billing@mail-security.club>
Subject: Yêu cầu cập nhật thông tin thanh toán
Chúng tôi phát hiện hoạt động bất thường. Bạn phải xác minh thông tin đăng nhập trong 24 giờ tại https://mail-security.club/billing/update. !!! Hành động ngay lập tức!!!",1
"From: Phòng CNTT <no-reply@company.vn>
Subject: Phiếu lương tháng này
Thông tin chi tiết đã được cập nhật trên hệ thống. Bạn có thể đăng nhập bằng cách tự mở ứng dụng hoặc trang web quen thuộc. Mọi thay đổi quan trọng sẽ được thông báo trên hệ thống chính thức.",0
"From: PayPal Support <support@account-check.click>
Subject: Urgent: unusual login detected
Vui lòng xác minh tài khoản ngay lập tức để tránh bị khóa. Hãy nhập mật khẩu và mã OTP tại http://185.10.20.30/security-check. !!! Hành động ngay lập tức!!!",1
"From: Dịch vụ khách hàng <no-reply@shop.vn>
Subject: Tài liệu cuộc họp
Vui lòng xem thông tin trong cổng thông tin nội bộ. Nếu cần hỗ trợ, hãy liên hệ bộ phận phụ trách qua kênh chính thức. Không gửi thông tin đăng nhập cho bất kỳ ai.",0
"From: Ban quản trị hệ thống <no-reply@company.vn>
Subject: Biên nhận thanh toán
Đây là thông báo định kỳ. Bạn không cần cung cấp mật khẩu, mã OTP hoặc thông tin thẻ qua email. Không gửi thông tin đăng nhập cho bất kỳ ai.",0
"From: Apple Security <security@billing-confirm.loan>
Subject: Tài khoản hết hạn hôm nay
Tài khoản của bạn sẽ bị đình chỉ nếu không hành động ngay. Truy cập https://billing-confirm.loan/account/confirm để xác minh danh tính.",1
