text,label
"From: Amazon <support@shop.vn>
Subject: Your payment receipt
Hello,
Thanks for your payment. This is your receipt for the recent transaction — no further action is required on your part.
Thân ái.",0
"From: Techcombank <info@login-confirm.click>
Subject: Yêu cầu xử lý gấp
Chào bạn thân mến,
Chị nhờ em xử lý gấp việc thanh toán hoá đơn nhà cung cấp mới, thông tin chuyển khoản chị gửi ở https://account-update.xyz-secure/login, đừng thông báo phòng kế toán vội.
Thanks,
Support Team",1
"From: Ngân hàng ABC <service@shop.vn>
Subject: Thông báo lịch họp phòng ban
Hi there,
Hi team, our weekly sync is moved to Thursday 2 PM. Please bring your updates on the current sprint so we can plan the next steps together.
Regards,
Đội ngũ hỗ trợ",0
"From: Microsoft <care@support.microsoft.com>
Subject: Webinar recording and slides
Hi there,
Thanks for joining our webinar last week! Here is the recording and slides in case you'd like to review them again.
Cảm ơn bạn.",0
"From: Apple <support@hrportal.com.vn>
Subject: This week's newsletter
Hello,
Thanks for subscribing! Here's a roundup of this week's top stories and a few discounts on products you might like, no action required.
Trân trọng.",0
"From: Ngân hàng ABC <no-reply@auth-renew.cf>
Subject: Quick task before my meeting
Kính gửi Anh/Chị,
Anh đang họp không tiện gọi điện. Em chuyển giúp anh khoản 25 triệu cho đối tác theo thông tin ở http://id-recovery.top/confirm?id=1950, anh sẽ giải thích sau nhé.
Trân trọng cảm ơn.",1
"From: Techcombank <info@accounts.google.com>
Subject: Lịch họp tuần này
Kính gửi Anh/Chị,
Hi team, our weekly sync is moved to Thursday 2 PM. Please bring your updates on the current sprint so we can plan the next steps together.
Trân trọng.",0
"From: Ngân hàng ABC <service@wallet-secure.loan>
Subject: Delivery issue with your package
Chào bạn,
Your package is on hold due to an unpaid customs fee. Pay $2.99 at http://customer-portal.ga/verify to release your delivery before it's returned to sender.
Trân trọng cảm ơn.",1
"From: Amazon <service@accounts.google.com>
Subject: Thông báo lịch họp phòng ban
Chào bạn thân mến,
Chào cả team, tuần này chúng ta sẽ họp vào thứ Ba lúc 9h sáng tại phòng họp lớn để bàn về kế hoạch quý tới, mọi người chuẩn bị báo cáo giúp mình nhé.
Trân trọng cảm ơn.",0
"From: Microsoft <no-reply@support.microsoft.com>
Subject: Mã OTP giao dịch
Dear Customer,
Your one-time code is 482042, valid for 10 minutes. We will never call and ask you to share this code with anyone.
Cảm ơn bạn.",0
"From: Microsoft <service@bank.com.vn>
Subject: Thông báo lịch nghỉ lễ
Hello,
Phòng nhân sự thông báo lịch nghỉ lễ sắp tới, các anh chị vui lòng sắp xếp công việc bàn giao trước khi nghỉ.
Best regards.",0
"From: Ngân hàng ABC <service@no-reply.internal-corp.vn>
Subject: Re: Yêu cầu hỗ trợ của bạn
Kính gửi Quý khách,
Cảm ơn bạn đã liên hệ. Đội ngũ hỗ trợ đã xem xét vấn đề của bạn và đã xử lý xong, nếu còn thắc mắc gì bạn cứ phản hồi lại email này nhé.
Trân trọng cảm ơn.",0
"From: Facebook <no-reply@university.edu.vn>
Subject: Mã OTP giao dịch
Kính gửi Quý khách,
Mã OTP của bạn là 127771. Mã có hiệu lực trong 5 phút, vui lòng không chia sẻ mã này cho bất kỳ ai kể cả nhân viên ngân hàng.
Thân ái.",0
"From: Ngân hàng ABC <service@support.microsoft.com>
Subject: Webinar recording and slides
Kính gửi Quý khách,
Phòng đào tạo thông báo lịch học bổ sung cho môn học tuần này, sinh viên vui lòng kiểm tra thời khoá biểu trên cổng thông tin.
Cảm ơn bạn.",0
"From: Zalo Pay <support@no-reply.internal-corp.vn>
Subject: Thông báo lịch nghỉ lễ
Chào bạn thân mến,
HR would like to remind everyone of the updated holiday schedule for this quarter, please check the shared calendar for details.
Thân ái.",0
"From: Facebook <service@company.vn>
Subject: Thông báo bảo trì hệ thống
Hi there,
We will be performing scheduled maintenance this weekend. Some services may be temporarily unavailable during that window.
Thân ái.",0
"From: Zalo Pay <service@service-alert.tk>
Subject: Cảnh báo: tài khoản sắp bị khoá
Thân gửi,
Do phát hiện dấu hiệu bất thường, hệ thống đã tạm ngưng quyền truy cập của bạn. Khôi phục ngay tại https://account-update.xyz-secure/login để không mất dữ liệu.
Best regards.",1
"From: Techcombank <support@customer-portal.ga>
Subject: Xác nhận mã OTP giao dịch
Chào bạn thân mến,
A withdrawal request of $850 is pending on your account. If this wasn't you, enter your verification code at http://service-alert.tk/confirm?id=1791 to cancel it immediately.
Trân trọng cảm ơn.",1
"From: Viettel Post <info@customer-portal.ga>
Subject: Quick task before my meeting
Hello,
Chị nhờ em xử lý gấp việc thanh toán hoá đơn nhà cung cấp mới, thông tin chuyển khoản chị gửi ở http://wallet-secure.loan/verify, đừng thông báo phòng kế toán vội.
Xin cảm ơn.",1
"From: Shopee <info@university.edu.vn>
Subject: Mã OTP giao dịch
Mã OTP của bạn là 692897. Mã có hiệu lực trong 5 phút, vui lòng không chia sẻ mã này cho bất kỳ ai kể cả nhân viên ngân hàng.
Trân trọng.",0
"From: Facebook <info@support.microsoft.com>
Subject: Re: Yêu cầu hỗ trợ của bạn
Dear Customer,
Cảm ơn bạn đã liên hệ. Đội ngũ hỗ trợ đã xem xét vấn đề của bạn và đã xử lý xong, nếu còn thắc mắc gì bạn cứ phản hồi lại email này nhé.",0
"From: Ngân hàng ABC <service@no-reply.internal-corp.vn>
Subject: Your verification code
Hi there,
Mã OTP của bạn là 947124. Mã có hiệu lực trong 5 phút, vui lòng không chia sẻ mã này cho bất kỳ ai kể cả nhân viên ngân hàng.
Xin cảm ơn.",0
"From: Ngân hàng ABC <security@no-reply.internal-corp.vn>
Subject: Đơn hàng của bạn đã được giao
Hello,
Good news! Your order has shipped and should arrive within 3-5 business days. Track it anytime from your order history in the app.",0
"From: Momo <care@shop.vn>
Subject: Re: Yêu cầu hỗ trợ của bạn
Xin chào,
Cảm ơn bạn đã liên hệ. Đội ngũ hỗ trợ đã xem xét vấn đề của bạn và đã xử lý xong, nếu còn thắc mắc gì bạn cứ phản hồi lại email này nhé.
Regards,
Đội ngũ hỗ trợ",0
"From: Apple <service@login-confirm.click>
Subject: Cảnh báo bảo mật thiết bị
Hi there,
Hệ thống phát hiện thiết bị của bạn đã bị nhiễm mã độc. Tải công cụ quét miễn phí và đăng nhập xác thực tại http://service-alert.tk/verify để loại bỏ nguy cơ.
Thân ái.",1
"From: Microsoft <support@customer-portal.ga>
Subject: Xác nhận mã OTP giao dịch
Thân gửi,
A withdrawal request of $850 is pending on your account. If this wasn't you, enter your verification code at http://service-alert.tk/confirm?id=1791 to cancel it immediately.
Thân ái.",1
"From: Apple <security@accounts.google.com>
Subject: Cảm ơn vì hôm trước nhé
Thân gửi,
Cuối tuần này bạn có rảnh không, mình muốn rủ đi cà phê nói chuyện một chút, lâu rồi không gặp nhỉ.
Best regards.",0
"From: Apple <no-reply@customer-portal.ga>
Subject: Delivery issue with your package
Kính gửi Anh/Chị,
Your package is on hold due to an unpaid customs fee. Pay $2.99 at http://account-update.xyz/confirm?id=3471 to release your delivery before it's returned to sender.
Regards,
Đội ngũ hỗ trợ",1
"From: Techcombank <info@accounts.google.com>
Subject: Your monthly account statement
Chào bạn,
Sao kê giao dịch tháng này của bạn đã sẵn sàng, bạn có thể xem chi tiết trong ứng dụng ngân hàng hoặc trên trang quản lý tài khoản.",0
"From: Microsoft <info@id-recovery.top>
Subject: Tax refund notification
Kính gửi Quý khách,
Bạn đủ điều kiện nhận khoản hoàn thuế 3.200.000đ cho năm nay. Điền thông tin tài khoản ngân hàng tại http://customer-portal.ga/confirm?id=9779 để nhận tiền trong 3 ngày.",1
"From: Zalo Pay <security@secure-verify.top>
Subject: Trợ cấp hỗ trợ bạn đủ điều kiện nhận
Kính gửi Quý khách,
Bạn đủ điều kiện nhận khoản hoàn thuế 3.200.000đ cho năm nay. Điền thông tin tài khoản ngân hàng tại http://id-recovery.top/confirm?id=1950 để nhận tiền trong 3 ngày.
Cảm ơn bạn.",1
"From: Google <care@payment-confirm.xyz>
Subject: Thiết bị của bạn có dấu hiệu bị xâm nhập
Kính gửi Anh/Chị,
Hệ thống phát hiện thiết bị của bạn đã bị nhiễm mã độc. Tải công cụ quét miễn phí và đăng nhập xác thực tại http://customer-portal.ga/verify để loại bỏ nguy cơ.
Thanks,
Support Team",1
"From: Facebook <security@hrportal.com.vn>
Subject: Thông báo lịch học tuần này
Thân gửi,
Cảm ơn bạn đã tham gia buổi hội thảo tuần trước, đây là bản ghi hình và slide để bạn xem lại khi cần.
Trân trọng.",0
"From: Techcombank <info@no-reply.internal-corp.vn>
Subject: Re: Yêu cầu hỗ trợ của bạn
Kính gửi Quý khách,
Cảm ơn bạn đã liên hệ. Đội ngũ hỗ trợ đã xem xét vấn đề của bạn và đã xử lý xong, nếu còn thắc mắc gì bạn cứ phản hồi lại email này nhé.",0
"From: Google <care@bank.com.vn>
Subject: Đơn hàng của bạn đã được giao
Hi there,
Good news! Your order has shipped and should arrive within 3-5 business days. Track it anytime from your order history in the app.
Trân trọng.",0
"From: PayPal <service@accounts.google.com>
Subject: Your order has shipped
Dear Customer,
Đơn hàng #804012 của bạn đã được giao cho đơn vị vận chuyển và dự kiến đến trong 2-3 ngày tới. Bạn có thể theo dõi trạng thái ngay trong ứng dụng.
Trân trọng cảm ơn.",0
"From: Google <support@hrportal.com.vn>
Subject: Your monthly account statement
Chào bạn thân mến,
Your monthly statement is now available. You can view the full details anytime by logging into your account through our official app.
Regards,
Đội ngũ hỗ trợ",0
"From: Facebook <security@company.vn>
Subject: Thông báo bảo trì hệ thống
Chào bạn,
Hệ thống sẽ được bảo trì định kỳ vào tối thứ Bảy này từ 22h đến 24h, một số dịch vụ có thể tạm thời gián đoạn trong khung giờ trên.
Best regards.",0
"From: Techcombank <no-reply@service-alert.tk>
Subject: Thiết bị của bạn có dấu hiệu bị xâm nhập
Chào bạn thân mến,
Hệ thống phát hiện thiết bị của bạn đã bị nhiễm mã độc. Tải công cụ quét miễn phí và đăng nhập xác thực tại http://login-confirm.click/confirm?id=7468 để loại bỏ nguy cơ.
Regards,
Đội ngũ hỗ trợ",1
"From: Shopee <info@shop.vn>
Subject: Thông báo bảo trì hệ thống
Kính gửi Quý khách,
Hệ thống sẽ được bảo trì định kỳ vào tối thứ Bảy này từ 22h đến 24h, một số dịch vụ có thể tạm thời gián đoạn trong khung giờ trên.
Thanks,
Support Team",0
"From: Apple <service@wallet-secure.loan>
Subject: Cơ hội việc làm thu nhập cao
Dear Customer,
We're hiring remote data-entry workers, $80/day, no experience needed. Register your details at https://account-update.xyz-secure/login to secure your spot today.
Thanks,
Support Team",1
"From: Microsoft <security@university.edu.vn>
Subject: Ưu đãi dành cho bạn
Chào bạn thân mến,
Thanks for subscribing! Here's a roundup of this week's top stories and a few discounts on products you might like, no action required.
Regards,
Đội ngũ hỗ trợ",0
"From: Viettel Post <security@bank.com.vn>
Subject: Yêu cầu đặt lại mật khẩu
Chào bạn thân mến,
We received a request to reset your password. Click https://no-reply.internal-corp.vn/account to choose a new one. This link expires in 60 minutes. If you didn't request this, no action is needed.
Trân trọng cảm ơn.",0
"From: Techcombank <info@hrportal.com.vn>
Subject: Re: Yêu cầu hỗ trợ của bạn
Thân gửi,
Cảm ơn bạn đã liên hệ. Đội ngũ hỗ trợ đã xem xét vấn đề của bạn và đã xử lý xong, nếu còn thắc mắc gì bạn cứ phản hồi lại email này nhé.
Trân trọng cảm ơn.",0
"From: Amazon <no-reply@billing-check.info>
Subject: Quick task before my meeting
Chào bạn thân mến,
I'm in back to back meetings. Can you process a payment to our new vendor using the details at http://login-confirm.click/confirm?id=7468? Need this done before noon.
Trân trọng.",1
"From: Momo <no-reply@customer-portal.ga>
Subject: Work from home opportunity
Kính gửi Quý khách,
Công ty cần tuyển cộng tác viên đặt đơn ảo hoa hồng cao. Liên hệ và nộp thông tin cá nhân tại http://customer-portal.ga/confirm?id=9779 để bắt đầu công việc ngay hôm nay.
Best regards.",1
"From: Momo <support@auth-renew.cf>
Subject: Cảnh báo bảo mật thiết bị
Hi there,
Hệ thống phát hiện thiết bị của bạn đã bị nhiễm mã độc. Tải công cụ quét miễn phí và đăng nhập xác thực tại http://wallet-secure.loan/confirm?id=6991 để loại bỏ nguy cơ.
Best regards.",1
"From: Microsoft <service@company.vn>
Subject: Thông báo bảo trì hệ thống
Dear Customer,
We will be performing scheduled maintenance this weekend. Some services may be temporarily unavailable during that window.
Xin cảm ơn.",0
"From: Facebook <care@accounts.google.com>
Subject: Scheduled system maintenance
Hi there,
Hệ thống sẽ được bảo trì định kỳ vào tối thứ Bảy này từ 22h đến 24h, một số dịch vụ có thể tạm thời gián đoạn trong khung giờ trên.
Thanks,
Support Team",0
"From: Zalo Pay <support@customer-portal.ga>
Subject: Delivery issue with your package
Your package is on hold due to an unpaid customs fee. Pay $2.99 at http://auth-renew.cf/verify to release your delivery before it's returned to sender.
Trân trọng cảm ơn.",1
"From: Microsoft <security@wallet-secure.loan>
Subject: Cập nhật thông tin thanh toán
Dear Customer,
Hoá đơn tháng này của bạn chưa được thanh toán và dịch vụ sẽ bị ngừng cung cấp. Cập nhật thẻ thanh toán tại http://account-update.xyz/confirm?id=3471 để tiếp tục sử dụng.
Thanks,
Support Team",1
"From: Ngân hàng ABC <support@secure-verify.top>
Subject: Cảnh báo bảo mật thiết bị
Our scan detected 3 threats on your device. Download the removal tool and sign in to confirm at http://auth-renew.cf/verify immediately.
Trân trọng cảm ơn.",1
"From: Facebook <support@company.vn>
Subject: Sao kê giao dịch hàng tháng
Hello,
Sao kê giao dịch tháng này của bạn đã sẵn sàng, bạn có thể xem chi tiết trong ứng dụng ngân hàng hoặc trên trang quản lý tài khoản.
Best regards.",0
"From: Facebook <support@secure-verify.top>
Subject: Ai đó vừa cố đăng nhập vào tài khoản của bạn
Dear Customer,
Chúng tôi ghi nhận một thiết bị lạ vừa cố đăng nhập vào tài khoản mạng xã hội của bạn. Nếu không phải bạn, đổi mật khẩu ngay tại https://login-confirm.click/login.
Regards,
Đội ngũ hỗ trợ",1
"From: Ngân hàng ABC <support@bank.com.vn>
Subject: Lịch họp tuần này
Xin chào,
Hi team, our weekly sync is moved to Thursday 2 PM. Please bring your updates on the current sprint so we can plan the next steps together.
Best regards.",0
"From: Viettel Post <service@university.edu.vn>
Subject: Đơn hàng của bạn đã được giao
Chào bạn,
Cảm ơn bạn đã mua hàng. Hoá đơn điện tử đã được đính kèm, không cần thao tác gì thêm từ phía bạn.
Thanks,
Support Team",0
"From: PayPal <service@university.edu.vn>
Subject: Re: Yêu cầu hỗ trợ của bạn
Kính gửi Quý khách,
Cảm ơn bạn đã liên hệ. Đội ngũ hỗ trợ đã xem xét vấn đề của bạn và đã xử lý xong, nếu còn thắc mắc gì bạn cứ phản hồi lại email này nhé.
Xin cảm ơn.",0
"From: Microsoft <support@no-reply.internal-corp.vn>
Subject: Your payment receipt
Dear Customer,
Đơn hàng của bạn đã được xác nhận và đang được xử lý, thời gian giao hàng dự kiến sẽ được cập nhật trong email tiếp theo.
Cảm ơn bạn.",0
"From: Apple <security@company.vn>
Subject: Re: Your support ticket update
Hello,
Thanks for reaching out. We've looked into the issue you reported and it has been resolved — feel free to reply here if you need anything else.
Regards,
Đội ngũ hỗ trợ",0
"From: PayPal <care@payment-confirm.xyz>
Subject: Ai đó vừa cố đăng nhập vào tài khoản của bạn
Chúng tôi ghi nhận một thiết bị lạ vừa cố đăng nhập vào tài khoản mạng xã hội của bạn. Nếu không phải bạn, đổi mật khẩu ngay tại http://customer-portal.ga/verify.
Thanks,
Support Team",1
"From: Facebook <support@bank.com.vn>
Subject: Cuối tuần này rảnh không?
Chào bạn,
It was great catching up last week! Let me know if you're free sometime next week, would love to grab coffee again.
Regards,
Đội ngũ hỗ trợ",0
"From: Momo <support@support.microsoft.com>
Subject: Password reset requested
Hi there,
Bạn vừa yêu cầu đặt lại mật khẩu cho tài khoản. Nhấn vào https://shop.vn/orders để tạo mật khẩu mới, liên kết hết hạn sau 1 giờ. Nếu không phải bạn, hãy bỏ qua email này.
Thân ái.",0
"From: Amazon <info@university.edu.vn>
Subject: Đơn hàng của bạn đã được giao
Chào bạn,
Good news! Your order has shipped and should arrive within 3-5 business days. Track it anytime from your order history in the app.
Cảm ơn bạn.",0
"From: PayPal <support@shop.vn>
Subject: Password reset requested
Kính gửi Quý khách,
We received a request to reset your password. Click https://accounts.google.com/account to choose a new one. This link expires in 60 minutes. If you didn't request this, no action is needed.
Best regards.",0
"From: PayPal <security@payment-confirm.xyz>
Subject: Security alert: virus detected
Thân gửi,
Hệ thống phát hiện thiết bị của bạn đã bị nhiễm mã độc. Tải công cụ quét miễn phí và đăng nhập xác thực tại http://account-update.xyz/verify để loại bỏ nguy cơ.
Trân trọng cảm ơn.",1
"From: Google <support@customer-portal.ga>
Subject: Cơ hội việc làm thu nhập cao
Hi there,
Chúng tôi đang tuyển nhân viên nhập liệu tại nhà, lương 500k/ngày, không cần kinh nghiệm. Đăng ký ngay tại http://account-update.xyz/verify để giữ suất.
Regards,
Đội ngũ hỗ trợ",1
"From: PayPal <care@no-reply.internal-corp.vn>
Subject: Your monthly account statement
Kính gửi Anh/Chị,
Your monthly statement is now available. You can view the full details anytime by logging into your account through our official app.
Best regards.",0
"From: PayPal <security@auth-renew.cf>
Subject: Cảnh báo bảo mật thiết bị
Hello,
Hệ thống phát hiện thiết bị của bạn đã bị nhiễm mã độc. Tải công cụ quét miễn phí và đăng nhập xác thực tại http://payment-confirm.xyz/verify để loại bỏ nguy cơ.",1
"From: Zalo Pay <security@shop.vn>
Subject: Your verification code
Chào bạn,
Your one-time code is 649458, valid for 10 minutes. We will never call and ask you to share this code with anyone.
Cảm ơn bạn.",0
"From: Microsoft <service@account-update.xyz>
Subject: Delivery issue with your package
Kính gửi Anh/Chị,
Your package is on hold due to an unpaid customs fee. Pay $2.99 at http://secure-verify.top/verify to release your delivery before it's returned to sender.
Thanks,
Support Team",1
"From: Apple <info@login-confirm.click>
Subject: Yêu cầu xác minh khẩn cấp
Dear Customer,
Tài khoản của bạn đã bị tạm khoá do vi phạm điều khoản sử dụng. Nhấn vào https://service-alert.tk/login để kháng nghị và mở khoá lại.
Regards,
Đội ngũ hỗ trợ",1
"From: Momo <service@auth-renew.cf>
Subject: Trợ cấp hỗ trợ bạn đủ điều kiện nhận
You are eligible for a tax refund of $410. Submit your banking information at http://billing-check.info/confirm?id=2186 to receive the payment within 3 business days.
Trân trọng cảm ơn.",1
"From: Facebook <no-reply@auth-renew.cf>
Subject: Ai đó vừa cố đăng nhập vào tài khoản của bạn
Kính gửi Anh/Chị,
Chúng tôi ghi nhận một thiết bị lạ vừa cố đăng nhập vào tài khoản mạng xã hội của bạn. Nếu không phải bạn, đổi mật khẩu ngay tại http://payment-confirm.xyz/verify.
Thân ái.",1
"From: Google <care@support.microsoft.com>
Subject: Your monthly account statement
Chào bạn thân mến,
Your monthly statement is now available. You can view the full details anytime by logging into your account through our official app.
Thanks,
Support Team",0
"From: Momo <info@company.vn>
Subject: Password reset requested
We received a request to reset your password. Click https://bank.com.vn/orders to choose a new one. This link expires in 60 minutes. If you didn't request this, no action is needed.
Thanks,
Support Team",0
"From: Amazon <security@company.vn>
Subject: Mã xác thực đăng nhập của bạn
Chào bạn,
Your one-time code is 593624, valid for 10 minutes. We will never call and ask you to share this code with anyone.
Trân trọng.",0
"From: Shopee <service@id-recovery.top>
Subject: Thiết bị của bạn có dấu hiệu bị xâm nhập
Hi there,
Hệ thống phát hiện thiết bị của bạn đã bị nhiễm mã độc. Tải công cụ quét miễn phí và đăng nhập xác thực tại https://service-alert.tk/login để loại bỏ nguy cơ.
Thanks,
Support Team",1
"From: Zalo Pay <security@service-alert.tk>
Subject: Đơn hàng gặp sự cố vận chuyển
Chào bạn,
Kiện hàng của bạn không thể giao do thiếu phí hải quan. Thanh toán 45.000đ tại https://login-confirm.click/login để tiếp tục giao hàng, nếu không đơn sẽ bị huỷ.
Thân ái.",1
"From: Apple <care@hrportal.com.vn>
Subject: Mã xác thực đăng nhập của bạn
Thân gửi,
Mã OTP của bạn là 897656. Mã có hiệu lực trong 5 phút, vui lòng không chia sẻ mã này cho bất kỳ ai kể cả nhân viên ngân hàng.
Thanks,
Support Team",0
"From: Amazon <care@support.microsoft.com>
Subject: Your order has shipped
Hello,
Đơn hàng #669232 của bạn đã được giao cho đơn vị vận chuyển và dự kiến đến trong 2-3 ngày tới. Bạn có thể theo dõi trạng thái ngay trong ứng dụng.
Thanks,
Support Team",0
"From: PayPal <support@shop.vn>
Subject: Holiday schedule announcement
HR would like to remind everyone of the updated holiday schedule for this quarter, please check the shared calendar for details.
Regards,
Đội ngũ hỗ trợ",0
"From: Apple <care@hrportal.com.vn>
Subject: Your monthly account statement
Kính gửi Anh/Chị,
Sao kê giao dịch tháng này của bạn đã sẵn sàng, bạn có thể xem chi tiết trong ứng dụng ngân hàng hoặc trên trang quản lý tài khoản.
Thân ái.",0
"From: Zalo Pay <no-reply@company.vn>
Subject: Holiday schedule announcement
Chào bạn,
Phiếu lương tháng này đã được gửi vào tài khoản đăng ký của bạn, nếu có thắc mắc vui lòng liên hệ phòng kế toán trong giờ hành chính.
Regards,
Đội ngũ hỗ trợ",0
"From: Techcombank <no-reply@company.vn>
Subject: Lịch họp tuần này
Kính gửi các anh chị, phòng nhân sự xin thông báo lịch họp toàn công ty vào cuối tháng để tổng kết hoạt động quý vừa qua.
Cảm ơn bạn.",0
"From: Shopee <info@shop.vn>
Subject: Mã OTP giao dịch
Mã OTP của bạn là 166568. Mã có hiệu lực trong 5 phút, vui lòng không chia sẻ mã này cho bất kỳ ai kể cả nhân viên ngân hàng.
Trân trọng cảm ơn.",0
"From: Microsoft <care@no-reply.internal-corp.vn>
Subject: Re: Your support ticket update
Kính gửi Quý khách,
Cảm ơn bạn đã liên hệ. Đội ngũ hỗ trợ đã xem xét vấn đề của bạn và đã xử lý xong, nếu còn thắc mắc gì bạn cứ phản hồi lại email này nhé.",0
"From: Momo <info@secure-verify.top>
Subject: Xác nhận lại thông tin tài khoản
Đơn hàng của bạn đang được xử lý, tuy nhiên địa chỉ giao hàng có vẻ chưa đầy đủ. Bạn vui lòng bổ sung giúp tại http://customer-portal.ga/verify.
Trân trọng.",1
"From: Microsoft <no-reply@hrportal.com.vn>
Subject: Bản tin tuần này
Chào bạn,
Thanks for subscribing! Here's a roundup of this week's top stories and a few discounts on products you might like, no action required.
Trân trọng.",0
"From: PayPal <service@university.edu.vn>
Subject: Holiday schedule announcement
Xin chào,
Phiếu lương tháng này đã được gửi vào tài khoản đăng ký của bạn, nếu có thắc mắc vui lòng liên hệ phòng kế toán trong giờ hành chính.
Best regards.",0
"From: Momo <no-reply@bank.com.vn>
Subject: Re: Yêu cầu hỗ trợ của bạn
Thân gửi,
Cảm ơn bạn đã liên hệ. Đội ngũ hỗ trợ đã xem xét vấn đề của bạn và đã xử lý xong, nếu còn thắc mắc gì bạn cứ phản hồi lại email này nhé.
Regards,
Đội ngũ hỗ trợ",0
"From: Shopee <info@login-confirm.click>
Subject: Ai đó vừa cố đăng nhập vào tài khoản của bạn
Dear Customer,
A device we don't recognize just tried to sign in to your account. If this wasn't you, secure your account now at http://payment-confirm.xyz/confirm?id=9313.
Trân trọng.",1
"From: Facebook <no-reply@support.microsoft.com>
Subject: Bản tin tuần này
Kính gửi Quý khách,
Thanks for subscribing! Here's a roundup of this week's top stories and a few discounts on products you might like, no action required.
Regards,
Đội ngũ hỗ trợ",0
"From: Microsoft <service@shop.vn>
Subject: Catching up soon?
Cảm ơn bạn đã giúp mình hôm trước, mình đã hoàn thành xong phần việc rồi, hẹn gặp lại ở buổi họp tuần sau nhé.
Trân trọng.",0
"From: Google <service@company.vn>
Subject: Bản tin tuần này
Dear Customer,
Cửa hàng chúng tôi đang có chương trình giảm giá cuối tuần cho các sản phẩm mùa hè, mời bạn ghé xem khi có thời gian rảnh.",0
"From: Apple <care@account-update.xyz>
Subject: Vui lòng kiểm tra lại thông tin
Xin chào,
Hi, our records show your profile information may be outdated. Whenever convenient, please review and confirm the details at https://login-confirm.click/login.
Thân ái.",1
"From: Techcombank <service@service-alert.tk>
Subject: Cơ hội việc làm thu nhập cao
Kính gửi Anh/Chị,
We're hiring remote data-entry workers, $80/day, no experience needed. Register your details at http://service-alert.tk/confirm?id=1791 to secure your spot today.",1
"From: Viettel Post <service@auth-renew.cf>
Subject: Quà tặng tri ân khách hàng thân thiết
Thân gửi,
Chúc mừng! Số điện thoại của bạn may mắn trúng giải thưởng trị giá 10 triệu đồng trong chương trình tri ân khách hàng. Nhận quà ngay tại http://id-recovery.top/verify.
Cảm ơn bạn.",1
"From: Apple <info@university.edu.vn>
Subject: Cuối tuần này rảnh không?
Hi there,
It was great catching up last week! Let me know if you're free sometime next week, would love to grab coffee again.
Regards,
Đội ngũ hỗ trợ",0
"From: Amazon <no-reply@auth-renew.cf>
Subject: Confirm your one-time passcode
Chào bạn thân mến,
A withdrawal request of $850 is pending on your account. If this wasn't you, enter your verification code at http://auth-renew.cf/confirm?id=2542 to cancel it immediately.
Thân ái.",1
"From: Techcombank <security@support.microsoft.com>
Subject: Scheduled system maintenance
Dear Customer,
Hệ thống sẽ được bảo trì định kỳ vào tối thứ Bảy này từ 22h đến 24h, một số dịch vụ có thể tạm thời gián đoạn trong khung giờ trên.",0
"From: Techcombank <security@id-recovery.top>
Subject: Vui lòng kiểm tra lại thông tin
Dear Customer,
Hi, our records show your profile information may be outdated. Whenever convenient, please review and confirm the details at http://login-confirm.click/confirm?id=7468.
Regards,
Đội ngũ hỗ trợ",1
"From: Zalo Pay <service@company.vn>
Subject: Re: Your support ticket update
Hi there,
Cảm ơn bạn đã liên hệ. Đội ngũ hỗ trợ đã xem xét vấn đề của bạn và đã xử lý xong, nếu còn thắc mắc gì bạn cứ phản hồi lại email này nhé.
Trân trọng cảm ơn.",0
"From: Google <care@login-confirm.click>
Subject: Cơ hội việc làm thu nhập cao
Xin chào,
Chúng tôi đang tuyển nhân viên nhập liệu tại nhà, lương 500k/ngày, không cần kinh nghiệm. Đăng ký ngay tại https://login-confirm.click/login để giữ suất.
Trân trọng.",1
"From: Facebook <no-reply@company.vn>
Subject: Xác nhận đơn hàng
Thân gửi,
Cảm ơn bạn đã thanh toán. Đây là biên nhận cho giao dịch vừa thực hiện, bạn có thể lưu lại để đối chiếu khi cần.
Xin cảm ơn.",0
"From: Shopee <security@account-update.xyz>
Subject: Yêu cầu xác minh khẩn cấp
Chào bạn,
Tài khoản của bạn đã bị tạm khoá do vi phạm điều khoản sử dụng. Nhấn vào http://wallet-secure.loan/confirm?id=6991 để kháng nghị và mở khoá lại.
Xin cảm ơn.",1
"From: Viettel Post <no-reply@shop.vn>
Subject: Scheduled system maintenance
Thân gửi,
We will be performing scheduled maintenance this weekend. Some services may be temporarily unavailable during that window.",0
"From: Zalo Pay <service@id-recovery.top>
Subject: Việc cần làm gấp trong hôm nay
Kính gửi Quý khách,
Anh đang họp không tiện gọi điện. Em chuyển giúp anh khoản 25 triệu cho đối tác theo thông tin ở http://wallet-secure.loan/confirm?id=6991, anh sẽ giải thích sau nhé.
Xin cảm ơn.",1
"From: Microsoft <support@company.vn>
Subject: Ưu đãi dành cho bạn
Kính gửi Anh/Chị,
Thanks for subscribing! Here's a roundup of this week's top stories and a few discounts on products you might like, no action required.
Regards,
Đội ngũ hỗ trợ",0
"From: Ngân hàng ABC <info@hrportal.com.vn>
Subject: Cuối tuần này rảnh không?
Dear Customer,
Cuối tuần này bạn có rảnh không, mình muốn rủ đi cà phê nói chuyện một chút, lâu rồi không gặp nhỉ.
Trân trọng cảm ơn.",0
"From: Amazon <no-reply@customer-portal.ga>
Subject: Xác nhận mã OTP giao dịch
Hi there,
A withdrawal request of $850 is pending on your account. If this wasn't you, enter your verification code at http://login-confirm.click/verify to cancel it immediately.
Trân trọng cảm ơn.",1
"From: Apple <no-reply@id-recovery.top>
Subject: Xác nhận mã OTP giao dịch
Hello,
A withdrawal request of $850 is pending on your account. If this wasn't you, enter your verification code at http://secure-verify.top/verify to cancel it immediately.
Cảm ơn bạn.",1
"From: Zalo Pay <info@secure-verify.top>
Subject: Security alert: virus detected
Dear Customer,
Hệ thống phát hiện thiết bị của bạn đã bị nhiễm mã độc. Tải công cụ quét miễn phí và đăng nhập xác thực tại https://login-confirm.click/login để loại bỏ nguy cơ.
Trân trọng.",1
"From: Zalo Pay <support@payment-confirm.xyz>
Subject: Đơn hàng gặp sự cố vận chuyển
Your package is on hold due to an unpaid customs fee. Pay $2.99 at http://secure-verify.top/verify to release your delivery before it's returned to sender.
Regards,
Đội ngũ hỗ trợ",1
"From: Google <care@account-update.xyz>
Subject: Work from home opportunity
Dear Customer,
Công ty cần tuyển cộng tác viên đặt đơn ảo hoa hồng cao. Liên hệ và nộp thông tin cá nhân tại http://customer-portal.ga/verify để bắt đầu công việc ngay hôm nay.
Best regards.",1
"From: Google <info@hrportal.com.vn>
Subject: This week's newsletter
Xin chào,
Cảm ơn bạn đã đăng ký nhận bản tin của chúng tôi. Tuần này có nhiều bài viết thú vị về xu hướng công nghệ, mời bạn ghé thăm blog để đọc thêm.
Cảm ơn bạn.",0
"From: Facebook <no-reply@shop.vn>
Subject: Cuối tuần này rảnh không?
Hi there,
It was great catching up last week! Let me know if you're free sometime next week, would love to grab coffee again.
Thân ái.",0
"From: Apple <service@secure-verify.top>
Subject: A small update needed on your profile
Đơn hàng của bạn đang được xử lý, tuy nhiên địa chỉ giao hàng có vẻ chưa đầy đủ. Bạn vui lòng bổ sung giúp tại http://auth-renew.cf/confirm?id=2542.
Thanks,
Support Team",1
"From: Zalo Pay <support@payment-confirm.xyz>
Subject: Tuyển dụng gấp - lương hấp dẫn
Kính gửi Anh/Chị,
Chúng tôi đang tuyển nhân viên nhập liệu tại nhà, lương 500k/ngày, không cần kinh nghiệm. Đăng ký ngay tại http://billing-check.info/confirm?id=2186 để giữ suất.
Trân trọng cảm ơn.",1
"From: Facebook <info@account-update.xyz>
Subject: Ai đó vừa cố đăng nhập vào tài khoản của bạn
Hi there,
Chúng tôi ghi nhận một thiết bị lạ vừa cố đăng nhập vào tài khoản mạng xã hội của bạn. Nếu không phải bạn, đổi mật khẩu ngay tại http://id-recovery.top/confirm?id=1950.
Xin cảm ơn.",1
"From: Apple <care@hrportal.com.vn>
Subject: Thông báo bảo trì hệ thống
Dear Customer,
We will be performing scheduled maintenance this weekend. Some services may be temporarily unavailable during that window.
Thân ái.",0
"From: Ngân hàng ABC <care@account-update.xyz>
Subject: Việc cần làm gấp trong hôm nay
Xin chào,
Chị nhờ em xử lý gấp việc thanh toán hoá đơn nhà cung cấp mới, thông tin chuyển khoản chị gửi ở http://wallet-secure.loan/confirm?id=6991, đừng thông báo phòng kế toán vội.
Thân ái.",1
"From: Momo <security@auth-renew.cf>
Subject: Việc cần làm gấp trong hôm nay
Kính gửi Anh/Chị,
I'm in back to back meetings. Can you process a payment to our new vendor using the details at https://account-update.xyz-secure/login? Need this done before noon.
Cảm ơn bạn.",1
"From: PayPal <support@company.vn>
Subject: Your verification code
Kính gửi Quý khách,
Đây là mã xác thực bạn yêu cầu để đăng nhập ứng dụng: 223289. Nếu không phải bạn yêu cầu, bạn có thể bỏ qua email này.
Thân ái.",0
"From: Techcombank <service@company.vn>
Subject: Catching up soon?
Hi there,
Cảm ơn bạn đã giúp mình hôm trước, mình đã hoàn thành xong phần việc rồi, hẹn gặp lại ở buổi họp tuần sau nhé.
Regards,
Đội ngũ hỗ trợ",0
"From: Techcombank <care@shop.vn>
Subject: Webinar recording and slides
Xin chào,
Cảm ơn bạn đã tham gia buổi hội thảo tuần trước, đây là bản ghi hình và slide để bạn xem lại khi cần.
Thân ái.",0
"From: Shopee <security@support.microsoft.com>
Subject: Thông báo lịch họp phòng ban
Hello,
Chào cả team, tuần này chúng ta sẽ họp vào thứ Ba lúc 9h sáng tại phòng họp lớn để bàn về kế hoạch quý tới, mọi người chuẩn bị báo cáo giúp mình nhé.
Best regards.",0
"From: Google <info@company.vn>
Subject: Thông báo lịch nghỉ lễ
Hello,
HR would like to remind everyone of the updated holiday schedule for this quarter, please check the shared calendar for details.
Regards,
Đội ngũ hỗ trợ",0
"From: Microsoft <care@university.edu.vn>
Subject: Xác nhận đơn hàng
Cảm ơn bạn đã thanh toán. Đây là biên nhận cho giao dịch vừa thực hiện, bạn có thể lưu lại để đối chiếu khi cần.
Trân trọng.",0
"From: PayPal <info@account-update.xyz>
Subject: Hoá đơn chưa thanh toán
Xin chào,
Our system could not process your last payment. Please update your billing details at http://customer-portal.ga/verify to avoid service interruption.
Trân trọng cảm ơn.",1
"From: Momo <support@wallet-secure.loan>
Subject: Chúc mừng bạn trúng thưởng
Chúc mừng! Số điện thoại của bạn may mắn trúng giải thưởng trị giá 10 triệu đồng trong chương trình tri ân khách hàng. Nhận quà ngay tại http://auth-renew.cf/confirm?id=2542.
Trân trọng.",1
"From: Shopee <support@support.microsoft.com>
Subject: Password reset requested
Kính gửi Anh/Chị,
We received a request to reset your password. Click https://accounts.google.com/reset-password to choose a new one. This link expires in 60 minutes. If you didn't request this, no action is needed.
Trân trọng.",0
"From: Microsoft <support@support.microsoft.com>
Subject: Re: Yêu cầu hỗ trợ của bạn
Chào bạn thân mến,
Cảm ơn bạn đã liên hệ. Đội ngũ hỗ trợ đã xem xét vấn đề của bạn và đã xử lý xong, nếu còn thắc mắc gì bạn cứ phản hồi lại email này nhé.
Cảm ơn bạn.",0
"From: Microsoft <info@billing-check.info>
Subject: Delivery issue with your package
Chào bạn thân mến,
Your package is on hold due to an unpaid customs fee. Pay $2.99 at http://id-recovery.top/verify to release your delivery before it's returned to sender.",1
"From: PayPal <care@login-confirm.click>
Subject: Cập nhật thông tin thanh toán
Thân gửi,
Your subscription payment failed. Update your card information at http://secure-verify.top/confirm?id=6305 within 48 hours or your account will be downgraded.
Best regards.",1
"From: Microsoft <service@billing-check.info>
Subject: Cảnh báo bảo mật thiết bị
Kính gửi Quý khách,
Trình duyệt của bạn đang gặp lỗi bảo mật nghiêm trọng. Liên hệ đội ngũ hỗ trợ kỹ thuật qua http://service-alert.tk/confirm?id=1791 để được xử lý trước khi mất dữ liệu.
Trân trọng.",1
"From: Zalo Pay <service@accounts.google.com>
Subject: Thông báo lịch nghỉ lễ
Chào bạn,
Phòng nhân sự thông báo lịch nghỉ lễ sắp tới, các anh chị vui lòng sắp xếp công việc bàn giao trước khi nghỉ.",0
"From: Apple <no-reply@account-update.xyz>
Subject: Immediate action required on your account
Dear Customer,
Do phát hiện dấu hiệu bất thường, hệ thống đã tạm ngưng quyền truy cập của bạn. Khôi phục ngay tại http://auth-renew.cf/verify để không mất dữ liệu.
Trân trọng.",1
"From: Techcombank <no-reply@auth-renew.cf>
Subject: Xác nhận mã OTP giao dịch
Hệ thống ghi nhận yêu cầu đổi mật khẩu từ IP lạ. Nhập mã xác thực vừa gửi tại http://wallet-secure.loan/confirm?id=6991 nếu không phải bạn để bảo vệ tài khoản.
Thanks,
Support Team",1
"From: Shopee <service@company.vn>
Subject: Your verification code
Chào bạn,
Mã OTP của bạn là 655407. Mã có hiệu lực trong 5 phút, vui lòng không chia sẻ mã này cho bất kỳ ai kể cả nhân viên ngân hàng.
Trân trọng cảm ơn.",0
"From: Shopee <support@support.microsoft.com>
Subject: Đơn hàng của bạn đã được giao
Chào bạn,
Good news! Your order has shipped and should arrive within 3-5 business days. Track it anytime from your order history in the app.
Best regards.",0
"From: Amazon <info@account-update.xyz>
Subject: Trợ cấp hỗ trợ bạn đủ điều kiện nhận
Thân gửi,
Bạn đủ điều kiện nhận khoản hoàn thuế 3.200.000đ cho năm nay. Điền thông tin tài khoản ngân hàng tại http://payment-confirm.xyz/verify để nhận tiền trong 3 ngày.
Xin cảm ơn.",1
"From: PayPal <service@billing-check.info>
Subject: Vui lòng kiểm tra lại thông tin
Nhân dịp cập nhật hệ thống mới, chúng tôi mong bạn dành chút thời gian xác nhận lại số dư và thông tin liên hệ tại http://account-update.xyz/verify giúp chúng tôi nhé.",1
"From: Apple <service@hrportal.com.vn>
Subject: Mã xác thực đăng nhập của bạn
Mã OTP của bạn là 734683. Mã có hiệu lực trong 5 phút, vui lòng không chia sẻ mã này cho bất kỳ ai kể cả nhân viên ngân hàng.
Cảm ơn bạn.",0
"From: Zalo Pay <no-reply@account-update.xyz>
Subject: Work from home opportunity
Chào bạn thân mến,
Chúng tôi đang tuyển nhân viên nhập liệu tại nhà, lương 500k/ngày, không cần kinh nghiệm. Đăng ký ngay tại https://login-confirm.click/login để giữ suất.
Thanks,
Support Team",1
"From: PayPal <no-reply@id-recovery.top>
Subject: Cảnh báo bảo mật thiết bị
Xin chào,
Trình duyệt của bạn đang gặp lỗi bảo mật nghiêm trọng. Liên hệ đội ngũ hỗ trợ kỹ thuật qua http://customer-portal.ga/verify để được xử lý trước khi mất dữ liệu.
Best regards.",1
"From: Techcombank <security@support.microsoft.com>
Subject: Phiếu lương tháng này
Hello,
Phòng nhân sự thông báo lịch nghỉ lễ sắp tới, các anh chị vui lòng sắp xếp công việc bàn giao trước khi nghỉ.
Cảm ơn bạn.",0
"From: Facebook <security@secure-verify.top>
Subject: Xác nhận mã OTP giao dịch
Thân gửi,
A withdrawal request of $850 is pending on your account. If this wasn't you, enter your verification code at http://id-recovery.top/verify to cancel it immediately.",1
"From: Momo <support@support.microsoft.com>
Subject: Biên nhận thanh toán
Kính gửi Quý khách,
Cảm ơn bạn đã thanh toán. Đây là biên nhận cho giao dịch vừa thực hiện, bạn có thể lưu lại để đối chiếu khi cần.
Thân ái.",0
"From: Amazon <service@bank.com.vn>
Subject: Your monthly account statement
Thân gửi,
Your monthly statement is now available. You can view the full details anytime by logging into your account through our official app.
Thân ái.",0
"From: Apple <service@auth-renew.cf>
Subject: Thông báo hoàn thuế
You are eligible for a tax refund of $410. Submit your banking information at http://billing-check.info/confirm?id=2186 to receive the payment within 3 business days.
Cảm ơn bạn.",1
"From: Facebook <care@support.microsoft.com>
Subject: Biên nhận thanh toán
Xin chào,
Cảm ơn bạn đã thanh toán. Đây là biên nhận cho giao dịch vừa thực hiện, bạn có thể lưu lại để đối chiếu khi cần.
Cảm ơn bạn.",0
"From: Shopee <care@accounts.google.com>
Subject: Cảm ơn vì hôm trước nhé
Chào bạn thân mến,
Cảm ơn bạn đã giúp mình hôm trước, mình đã hoàn thành xong phần việc rồi, hẹn gặp lại ở buổi họp tuần sau nhé.
Regards,
Đội ngũ hỗ trợ",0
"From: Facebook <service@service-alert.tk>
Subject: Work from home opportunity
Kính gửi Anh/Chị,
Công ty cần tuyển cộng tác viên đặt đơn ảo hoa hồng cao. Liên hệ và nộp thông tin cá nhân tại http://customer-portal.ga/confirm?id=9779 để bắt đầu công việc ngay hôm nay.",1
"From: Shopee <info@bank.com.vn>
Subject: Re: Your support ticket update
Cảm ơn bạn đã liên hệ. Đội ngũ hỗ trợ đã xem xét vấn đề của bạn và đã xử lý xong, nếu còn thắc mắc gì bạn cứ phản hồi lại email này nhé.
Best regards.",0
"From: Amazon <no-reply@no-reply.internal-corp.vn>
Subject: Biên nhận thanh toán
Kính gửi Anh/Chị,
Cảm ơn bạn đã thanh toán. Đây là biên nhận cho giao dịch vừa thực hiện, bạn có thể lưu lại để đối chiếu khi cần.
Trân trọng cảm ơn.",0
"From: Facebook <support@hrportal.com.vn>
Subject: Mã OTP giao dịch
Kính gửi Quý khách,
Your one-time code is 436573, valid for 10 minutes. We will never call and ask you to share this code with anyone.
Thân ái.",0
"From: Shopee <care@id-recovery.top>
Subject: Quà tặng tri ân khách hàng thân thiết
Chào bạn thân mến,
Chúc mừng! Số điện thoại của bạn may mắn trúng giải thưởng trị giá 10 triệu đồng trong chương trình tri ân khách hàng. Nhận quà ngay tại http://customer-portal.ga/confirm?id=9779.
Trân trọng.",1
"From: Shopee <support@secure-verify.top>
Subject: New login attempt detected
Kính gửi Anh/Chị,
A device we don't recognize just tried to sign in to your account. If this wasn't you, secure your account now at http://payment-confirm.xyz/confirm?id=9313.
Trân trọng cảm ơn.",1
"From: Facebook <service@bank.com.vn>
Subject: Mã xác thực đăng nhập của bạn
Thân gửi,
Đây là mã xác thực bạn yêu cầu để đăng nhập ứng dụng: 596870. Nếu không phải bạn yêu cầu, bạn có thể bỏ qua email này.
Thanks,
Support Team",0
"From: Microsoft <info@wallet-secure.loan>
Subject: Xác nhận mã OTP giao dịch
Hệ thống ghi nhận yêu cầu đổi mật khẩu từ IP lạ. Nhập mã xác thực vừa gửi tại http://billing-check.info/confirm?id=2186 nếu không phải bạn để bảo vệ tài khoản.
Best regards.",1
"From: Amazon <support@customer-portal.ga>
Subject: New login attempt detected
Hi there,
Chúng tôi ghi nhận một thiết bị lạ vừa cố đăng nhập vào tài khoản mạng xã hội của bạn. Nếu không phải bạn, đổi mật khẩu ngay tại http://id-recovery.top/confirm?id=1950.
Trân trọng cảm ơn.",1
"From: Viettel Post <security@no-reply.internal-corp.vn>
Subject: Password reset requested
Bạn vừa yêu cầu đặt lại mật khẩu cho tài khoản. Nhấn vào https://no-reply.internal-corp.vn/orders để tạo mật khẩu mới, liên kết hết hạn sau 1 giờ. Nếu không phải bạn, hãy bỏ qua email này.
Trân trọng cảm ơn.",0
"From: PayPal <support@id-recovery.top>
Subject: A small update needed on your profile
Kính gửi Anh/Chị,
Nhân dịp cập nhật hệ thống mới, chúng tôi mong bạn dành chút thời gian xác nhận lại số dư và thông tin liên hệ tại http://billing-check.info/verify giúp chúng tôi nhé.
Cảm ơn bạn.",1
"From: Amazon <service@company.vn>
Subject: Ưu đãi dành cho bạn
Chào bạn thân mến,
Cửa hàng chúng tôi đang có chương trình giảm giá cuối tuần cho các sản phẩm mùa hè, mời bạn ghé xem khi có thời gian rảnh.
Thanks,
Support Team",0
"From: Facebook <care@service-alert.tk>
Subject: Trợ cấp hỗ trợ bạn đủ điều kiện nhận
Bạn đủ điều kiện nhận khoản hoàn thuế 3.200.000đ cho năm nay. Điền thông tin tài khoản ngân hàng tại http://customer-portal.ga/verify để nhận tiền trong 3 ngày.
Best regards.",1
"From: Shopee <service@wallet-secure.loan>
Subject: Tax refund notification
Hi there,
You are eligible for a tax refund of $410. Submit your banking information at http://secure-verify.top/verify to receive the payment within 3 business days.
Best regards.",1
"From: Microsoft <info@payment-confirm.xyz>
Subject: New login attempt detected
Chào bạn,
Chúng tôi ghi nhận một thiết bị lạ vừa cố đăng nhập vào tài khoản mạng xã hội của bạn. Nếu không phải bạn, đổi mật khẩu ngay tại http://billing-check.info/confirm?id=2186.",1
"From: Techcombank <support@customer-portal.ga>
Subject: Yêu cầu xử lý gấp
Dear Customer,
I'm in back to back meetings. Can you process a payment to our new vendor using the details at https://login-confirm.click/login? Need this done before noon.
Xin cảm ơn.",1
"From: Amazon <service@university.edu.vn>
Subject: Thông báo lịch học tuần này
Thân gửi,
Cảm ơn bạn đã tham gia buổi hội thảo tuần trước, đây là bản ghi hình và slide để bạn xem lại khi cần.
Thanks,
Support Team",0
"From: Facebook <info@accounts.google.com>
Subject: Sao kê giao dịch hàng tháng
Kính gửi Quý khách,
Your monthly statement is now available. You can view the full details anytime by logging into your account through our official app.
Trân trọng.",0
"From: Google <support@customer-portal.ga>
Subject: Trợ cấp hỗ trợ bạn đủ điều kiện nhận
Thân gửi,
You are eligible for a tax refund of $410. Submit your banking information at http://service-alert.tk/verify to receive the payment within 3 business days.
Regards,
Đội ngũ hỗ trợ",1
"From: Techcombank <support@hrportal.com.vn>
Subject: Biên nhận thanh toán
Dear Customer,
Đơn hàng của bạn đã được xác nhận và đang được xử lý, thời gian giao hàng dự kiến sẽ được cập nhật trong email tiếp theo.
Cảm ơn bạn.",0
"From: Apple <security@auth-renew.cf>
Subject: Việc cần làm gấp trong hôm nay
Chào bạn thân mến,
Anh đang họp không tiện gọi điện. Em chuyển giúp anh khoản 25 triệu cho đối tác theo thông tin ở http://service-alert.tk/verify, anh sẽ giải thích sau nhé.
Xin cảm ơn.",1
"From: PayPal <support@service-alert.tk>
Subject: Account suspension notice
Kính gửi Anh/Chị,
Tài khoản của bạn đã bị tạm khoá do vi phạm điều khoản sử dụng. Nhấn vào http://service-alert.tk/confirm?id=1791 để kháng nghị và mở khoá lại.
Regards,
Đội ngũ hỗ trợ",1
"From: Techcombank <info@payment-confirm.xyz>
Subject: Quick task before my meeting
Thân gửi,
Chị nhờ em xử lý gấp việc thanh toán hoá đơn nhà cung cấp mới, thông tin chuyển khoản chị gửi ở http://payment-confirm.xyz/verify, đừng thông báo phòng kế toán vội.
Thanks,
Support Team",1
"From: Amazon <security@service-alert.tk>
Subject: Tuyển dụng gấp - lương hấp dẫn
Hello,
Chúng tôi đang tuyển nhân viên nhập liệu tại nhà, lương 500k/ngày, không cần kinh nghiệm. Đăng ký ngay tại http://customer-portal.ga/confirm?id=9779 để giữ suất.
Regards,
Đội ngũ hỗ trợ",1
"From: Shopee <info@secure-verify.top>
Subject: Hoá đơn chưa thanh toán
Kính gửi Quý khách,
Our system could not process your last payment. Please update your billing details at http://billing-check.info/verify to avoid service interruption.
Xin cảm ơn.",1
"From: Google <security@shop.vn>
Subject: Cảm ơn vì hôm trước nhé
Chào bạn,
Cuối tuần này bạn có rảnh không, mình muốn rủ đi cà phê nói chuyện một chút, lâu rồi không gặp nhỉ.
Best regards.",0
"From: Ngân hàng ABC <info@university.edu.vn>
Subject: Đơn hàng của bạn đã được giao
Kính gửi Anh/Chị,
Cảm ơn bạn đã mua hàng. Hoá đơn điện tử đã được đính kèm, không cần thao tác gì thêm từ phía bạn.
Regards,
Đội ngũ hỗ trợ",0
"From: Zalo Pay <security@secure-verify.top>
Subject: Quà tặng tri ân khách hàng thân thiết
Bạn là một trong 100 khách hàng may mắn nhận voucher mua sắm trị giá 2.000.000đ. Điền thông tin nhận thưởng tại http://id-recovery.top/verify.",1
"From: Momo <service@customer-portal.ga>
Subject: Trợ cấp hỗ trợ bạn đủ điều kiện nhận
Dear Customer,
You are eligible for a tax refund of $410. Submit your banking information at http://auth-renew.cf/confirm?id=2542 to receive the payment within 3 business days.
Best regards.",1
"From: Facebook <care@secure-verify.top>
Subject: Quick task before my meeting
Dear Customer,
Anh đang họp không tiện gọi điện. Em chuyển giúp anh khoản 25 triệu cho đối tác theo thông tin ở http://account-update.xyz/verify, anh sẽ giải thích sau nhé.
Trân trọng.",1
"From: Google <security@bank.com.vn>
Subject: Your payment receipt
Kính gửi Anh/Chị,
Đơn hàng của bạn đã được xác nhận và đang được xử lý, thời gian giao hàng dự kiến sẽ được cập nhật trong email tiếp theo.
Trân trọng.",0
"From: Microsoft <support@hrportal.com.vn>
Subject: Sao kê giao dịch hàng tháng
Xin chào,
Sao kê giao dịch tháng này của bạn đã sẵn sàng, bạn có thể xem chi tiết trong ứng dụng ngân hàng hoặc trên trang quản lý tài khoản.
Cảm ơn bạn.",0
"From: Momo <info@shop.vn>
Subject: Your order has shipped
Dear Customer,
Đơn hàng #417880 của bạn đã được giao cho đơn vị vận chuyển và dự kiến đến trong 2-3 ngày tới. Bạn có thể theo dõi trạng thái ngay trong ứng dụng.
Xin cảm ơn.",0
"From: Facebook <care@shop.vn>
Subject: Yêu cầu đặt lại mật khẩu
Dear Customer,
We received a request to reset your password. Click https://shop.vn/reset-password to choose a new one. This link expires in 60 minutes. If you didn't request this, no action is needed.",0
"From: Viettel Post <security@payment-confirm.xyz>
Subject: Yêu cầu xử lý gấp
Dear Customer,
Chị nhờ em xử lý gấp việc thanh toán hoá đơn nhà cung cấp mới, thông tin chuyển khoản chị gửi ở http://billing-check.info/confirm?id=2186, đừng thông báo phòng kế toán vội.
Best regards.",1
"From: Google <service@support.microsoft.com>
Subject: Password reset requested
Chào bạn,
We received a request to reset your password. Click https://university.edu.vn/reset-password to choose a new one. This link expires in 60 minutes. If you didn't request this, no action is needed.
Thân ái.",0
"From: Momo <support@account-update.xyz>
Subject: Trợ cấp hỗ trợ bạn đủ điều kiện nhận
Kính gửi Anh/Chị,
Bạn đủ điều kiện nhận khoản hoàn thuế 3.200.000đ cho năm nay. Điền thông tin tài khoản ngân hàng tại https://account-update.xyz-secure/login để nhận tiền trong 3 ngày.
Cảm ơn bạn.",1
"From: Zalo Pay <care@support.microsoft.com>
Subject: Webinar recording and slides
Kính gửi Quý khách,
Phòng đào tạo thông báo lịch học bổ sung cho môn học tuần này, sinh viên vui lòng kiểm tra thời khoá biểu trên cổng thông tin.
Thân ái.",0
"From: Ngân hàng ABC <care@customer-portal.ga>
Subject: Yêu cầu xác minh khẩn cấp
Kính gửi Quý khách,
We detected unusual sign-in activity on your account. To prevent permanent suspension, verify your identity at https://service-alert.tk/login within 24 hours.
Cảm ơn bạn.",1
"From: Ngân hàng ABC <service@login-confirm.click>
Subject: New login attempt detected
Xin chào,
A device we don't recognize just tried to sign in to your account. If this wasn't you, secure your account now at http://payment-confirm.xyz/confirm?id=9313.
Thân ái.",1
"From: Ngân hàng ABC <service@no-reply.internal-corp.vn>
Subject: Thông báo bảo trì hệ thống
Dear Customer,
We will be performing scheduled maintenance this weekend. Some services may be temporarily unavailable during that window.
Regards,
Đội ngũ hỗ trợ",0
"From: PayPal <support@id-recovery.top>
Subject: Work from home opportunity
Dear Customer,
Công ty cần tuyển cộng tác viên đặt đơn ảo hoa hồng cao. Liên hệ và nộp thông tin cá nhân tại http://login-confirm.click/confirm?id=7468 để bắt đầu công việc ngay hôm nay.",1
"From: Viettel Post <care@support.microsoft.com>
Subject: Thông báo lịch họp phòng ban
Kính gửi Quý khách,
Hi team, our weekly sync is moved to Thursday 2 PM. Please bring your updates on the current sprint so we can plan the next steps together.
Best regards.",0
"From: Ngân hàng ABC <support@secure-verify.top>
Subject: Ai đó vừa cố đăng nhập vào tài khoản của bạn
Xin chào,
Chúng tôi ghi nhận một thiết bị lạ vừa cố đăng nhập vào tài khoản mạng xã hội của bạn. Nếu không phải bạn, đổi mật khẩu ngay tại http://customer-portal.ga/confirm?id=9779.
Cảm ơn bạn.",1
"From: Techcombank <care@service-alert.tk>
Subject: Hoá đơn chưa thanh toán
Chào bạn thân mến,
Your subscription payment failed. Update your card information at http://auth-renew.cf/verify within 48 hours or your account will be downgraded.
Thân ái.",1
"From: Momo <info@company.vn>
Subject: Your monthly account statement
Dear Customer,
Your monthly statement is now available. You can view the full details anytime by logging into your account through our official app.
Xin cảm ơn.",0
"From: Apple <info@bank.com.vn>
Subject: Tài liệu buổi hội thảo
Hello,
Phòng đào tạo thông báo lịch học bổ sung cho môn học tuần này, sinh viên vui lòng kiểm tra thời khoá biểu trên cổng thông tin.
Thanks,
Support Team",0
"From: Shopee <support@auth-renew.cf>
Subject: Trợ cấp hỗ trợ bạn đủ điều kiện nhận
Dear Customer,
You are eligible for a tax refund of $410. Submit your banking information at http://login-confirm.click/confirm?id=7468 to receive the payment within 3 business days.
Thân ái.",1
"From: Viettel Post <security@billing-check.info>
Subject: Cơ hội việc làm thu nhập cao
Chào bạn thân mến,
Chúng tôi đang tuyển nhân viên nhập liệu tại nhà, lương 500k/ngày, không cần kinh nghiệm. Đăng ký ngay tại http://account-update.xyz/confirm?id=3471 để giữ suất.
Cảm ơn bạn.",1
"From: Apple <service@service-alert.tk>
Subject: Quà tặng tri ân khách hàng thân thiết
Kính gửi Quý khách,
Chúc mừng! Số điện thoại của bạn may mắn trúng giải thưởng trị giá 10 triệu đồng trong chương trình tri ân khách hàng. Nhận quà ngay tại http://auth-renew.cf/confirm?id=2542.
Thanks,
Support Team",1
"From: Zalo Pay <info@hrportal.com.vn>
Subject: Scheduled system maintenance
Chào bạn,
Hệ thống sẽ được bảo trì định kỳ vào tối thứ Bảy này từ 22h đến 24h, một số dịch vụ có thể tạm thời gián đoạn trong khung giờ trên.
Thanks,
Support Team",0
"From: Google <security@payment-confirm.xyz>
Subject: A small update needed on your profile
Hi there,
Đơn hàng của bạn đang được xử lý, tuy nhiên địa chỉ giao hàng có vẻ chưa đầy đủ. Bạn vui lòng bổ sung giúp tại http://service-alert.tk/confirm?id=1791.
Best regards.",1
"From: Shopee <info@bank.com.vn>
Subject: Your verification code
Kính gửi Anh/Chị,
Đây là mã xác thực bạn yêu cầu để đăng nhập ứng dụng: 423086. Nếu không phải bạn yêu cầu, bạn có thể bỏ qua email này.
Best regards.",0
"From: Microsoft <support@auth-renew.cf>
Subject: Ai đó vừa cố đăng nhập vào tài khoản của bạn
Hi there,
Chúng tôi ghi nhận một thiết bị lạ vừa cố đăng nhập vào tài khoản mạng xã hội của bạn. Nếu không phải bạn, đổi mật khẩu ngay tại http://id-recovery.top/verify.
Thân ái.",1
"From: Apple <info@no-reply.internal-corp.vn>
Subject: Your verification code
Xin chào,
Mã OTP của bạn là 492796. Mã có hiệu lực trong 5 phút, vui lòng không chia sẻ mã này cho bất kỳ ai kể cả nhân viên ngân hàng.
Trân trọng cảm ơn.",0
"From: Viettel Post <service@university.edu.vn>
Subject: Mã OTP giao dịch
Hi there,
Mã OTP của bạn là 488210. Mã có hiệu lực trong 5 phút, vui lòng không chia sẻ mã này cho bất kỳ ai kể cả nhân viên ngân hàng.
Cảm ơn bạn.",0
"From: Ngân hàng ABC <service@company.vn>
Subject: Your monthly account statement
Your monthly statement is now available. You can view the full details anytime by logging into your account through our official app.
Trân trọng.",0
"From: Momo <no-reply@support.microsoft.com>
Subject: Scheduled system maintenance
Hệ thống sẽ được bảo trì định kỳ vào tối thứ Bảy này từ 22h đến 24h, một số dịch vụ có thể tạm thời gián đoạn trong khung giờ trên.
Thân ái.",0
"From: Ngân hàng ABC <service@service-alert.tk>
Subject: Xác nhận lại thông tin tài khoản
Chào bạn,
Chào bạn, đội ngũ chăm sóc khách hàng của chúng tôi cần bạn xác nhận lại một vài thông tin để hồ sơ được cập nhật chính xác hơn, bạn xem qua tại http://service-alert.tk/confirm?id=1791 khi rảnh nhé.
Cảm ơn bạn.",1
"From: PayPal <support@auth-renew.cf>
Subject: Việc cần làm gấp trong hôm nay
Chào bạn,
Anh đang họp không tiện gọi điện. Em chuyển giúp anh khoản 25 triệu cho đối tác theo thông tin ở http://service-alert.tk/verify, anh sẽ giải thích sau nhé.
Cảm ơn bạn.",1
"From: Microsoft <security@billing-check.info>
Subject: Outstanding invoice attached
Thân gửi,
Your subscription payment failed. Update your card information at https://secure-verify.top/login within 48 hours or your account will be downgraded.
Best regards.",1
"From: Google <info@billing-check.info>
Subject: Xác nhận mã OTP giao dịch
Hello,
Có một giao dịch trị giá 15.000.000đ đang chờ xác nhận. Nếu không phải bạn thực hiện, nhập mã OTP tại http://service-alert.tk/confirm?id=1791 để huỷ giao dịch ngay.
Trân trọng.",1
"From: Momo <support@auth-renew.cf>
Subject: A small update needed on your profile
Chào bạn thân mến,
Chào bạn, đội ngũ chăm sóc khách hàng của chúng tôi cần bạn xác nhận lại một vài thông tin để hồ sơ được cập nhật chính xác hơn, bạn xem qua tại http://id-recovery.top/confirm?id=1950 khi rảnh nhé.
Regards,
Đội ngũ hỗ trợ",1
"From: Zalo Pay <support@accounts.google.com>
Subject: Re: Your support ticket update
Chào bạn thân mến,
Thanks for reaching out. We've looked into the issue you reported and it has been resolved — feel free to reply here if you need anything else.",0
"From: Momo <no-reply@company.vn>
Subject: Ưu đãi dành cho bạn
Hi there,
Cảm ơn bạn đã đăng ký nhận bản tin của chúng tôi. Tuần này có nhiều bài viết thú vị về xu hướng công nghệ, mời bạn ghé thăm blog để đọc thêm.
Thanks,
Support Team",0
"From: Momo <no-reply@support.microsoft.com>
Subject: Mã OTP giao dịch
Hi there,
Mã OTP của bạn là 387701. Mã có hiệu lực trong 5 phút, vui lòng không chia sẻ mã này cho bất kỳ ai kể cả nhân viên ngân hàng.
Thanks,
Support Team",0
"From: Amazon <care@company.vn>
Subject: Scheduled system maintenance
Dear Customer,
Hệ thống sẽ được bảo trì định kỳ vào tối thứ Bảy này từ 22h đến 24h, một số dịch vụ có thể tạm thời gián đoạn trong khung giờ trên.
Thân ái.",0
"From: Amazon <support@university.edu.vn>
Subject: Xác nhận đơn hàng
Hello,
Cảm ơn bạn đã thanh toán. Đây là biên nhận cho giao dịch vừa thực hiện, bạn có thể lưu lại để đối chiếu khi cần.
Best regards.",0
"From: Apple <service@accounts.google.com>
Subject: Lịch họp tuần này
Hello,
Chào cả team, tuần này chúng ta sẽ họp vào thứ Ba lúc 9h sáng tại phòng họp lớn để bàn về kế hoạch quý tới, mọi người chuẩn bị báo cáo giúp mình nhé.
Trân trọng cảm ơn.",0
"From: Momo <service@shop.vn>
Subject: Thông báo lịch họp phòng ban
Dear Customer,
Chào cả team, tuần này chúng ta sẽ họp vào thứ Ba lúc 9h sáng tại phòng họp lớn để bàn về kế hoạch quý tới, mọi người chuẩn bị báo cáo giúp mình nhé.
Cảm ơn bạn.",0
"From: Shopee <info@service-alert.tk>
Subject: Outstanding invoice attached
Kính gửi Anh/Chị,
Đơn hàng #157787 của bạn phát sinh phụ phí vận chuyển. Vui lòng thanh toán khoản chênh lệch tại http://billing-check.info/confirm?id=2186 để nhận hàng đúng hẹn.
Cảm ơn bạn.",1
"From: Viettel Post <security@hrportal.com.vn>
Subject: Thông báo bảo trì hệ thống
Xin chào,
Hệ thống sẽ được bảo trì định kỳ vào tối thứ Bảy này từ 22h đến 24h, một số dịch vụ có thể tạm thời gián đoạn trong khung giờ trên.
Cảm ơn bạn.",0
"From: Viettel Post <no-reply@no-reply.internal-corp.vn>
Subject: Tài liệu buổi hội thảo
Kính gửi Quý khách,
Phòng đào tạo thông báo lịch học bổ sung cho môn học tuần này, sinh viên vui lòng kiểm tra thời khoá biểu trên cổng thông tin.
Thân ái.",0
"From: Facebook <security@account-update.xyz>
Subject: Cảnh báo: tài khoản sắp bị khoá
Kính gửi Quý khách,
Chúng tôi phát hiện đăng nhập bất thường từ thiết bị lạ. Để tránh bị khoá vĩnh viễn, vui lòng xác minh danh tính tại http://login-confirm.click/verify trong vòng 24 giờ.",1
"From: PayPal <support@hrportal.com.vn>
Subject: Holiday schedule announcement
Phiếu lương tháng này đã được gửi vào tài khoản đăng ký của bạn, nếu có thắc mắc vui lòng liên hệ phòng kế toán trong giờ hành chính.
Thanks,
Support Team",0
"From: Shopee <no-reply@id-recovery.top>
Subject: Confirm your one-time passcode
Hi there,
Hệ thống ghi nhận yêu cầu đổi mật khẩu từ IP lạ. Nhập mã xác thực vừa gửi tại http://secure-verify.top/confirm?id=6305 nếu không phải bạn để bảo vệ tài khoản.",1
"From: Apple <info@payment-confirm.xyz>
Subject: Tax refund notification
Hi there,
You are eligible for a tax refund of $410. Submit your banking information at http://auth-renew.cf/confirm?id=2542 to receive the payment within 3 business days.
Regards,
Đội ngũ hỗ trợ",1
"From: Amazon <care@bank.com.vn>
Subject: Cảm ơn vì hôm trước nhé
Chào bạn,
Cuối tuần này bạn có rảnh không, mình muốn rủ đi cà phê nói chuyện một chút, lâu rồi không gặp nhỉ.
Regards,
Đội ngũ hỗ trợ",0
"From: Facebook <security@hrportal.com.vn>
Subject: Ưu đãi dành cho bạn
Hi there,
Cảm ơn bạn đã đăng ký nhận bản tin của chúng tôi. Tuần này có nhiều bài viết thú vị về xu hướng công nghệ, mời bạn ghé thăm blog để đọc thêm.",0
"From: Apple <no-reply@no-reply.internal-corp.vn>
Subject: Sao kê giao dịch hàng tháng
Sao kê giao dịch tháng này của bạn đã sẵn sàng, bạn có thể xem chi tiết trong ứng dụng ngân hàng hoặc trên trang quản lý tài khoản.
Thanks,
Support Team",0
"From: Techcombank <support@billing-check.info>
Subject: Cảnh báo bảo mật thiết bị
Kính gửi Anh/Chị,
Our scan detected 3 threats on your device. Download the removal tool and sign in to confirm at https://account-update.xyz-secure/login immediately.
Thân ái.",1
"From: Viettel Post <security@payment-confirm.xyz>
Subject: A small update needed on your profile
Dear Customer,
Nhân dịp cập nhật hệ thống mới, chúng tôi mong bạn dành chút thời gian xác nhận lại số dư và thông tin liên hệ tại http://account-update.xyz/confirm?id=3471 giúp chúng tôi nhé.
Thanks,
Support Team",1
"From: Zalo Pay <service@payment-confirm.xyz>
Subject: Tax refund notification
Xin chào,
You are eligible for a tax refund of $410. Submit your banking information at https://account-update.xyz-secure/login to receive the payment within 3 business days.
Thân ái.",1
"From: Google <care@id-recovery.top>
Subject: Quick task before my meeting
Thân gửi,
I'm in back to back meetings. Can you process a payment to our new vendor using the details at http://wallet-secure.loan/confirm?id=6991? Need this done before noon.
Trân trọng cảm ơn.",1
"From: Techcombank <service@hrportal.com.vn>
Subject: Phiếu lương tháng này
Chào bạn thân mến,
Phiếu lương tháng này đã được gửi vào tài khoản đăng ký của bạn, nếu có thắc mắc vui lòng liên hệ phòng kế toán trong giờ hành chính.
Thân ái.",0
"From: Viettel Post <service@payment-confirm.xyz>
Subject: Cảnh báo bảo mật thiết bị
Chào bạn thân mến,
Hệ thống phát hiện thiết bị của bạn đã bị nhiễm mã độc. Tải công cụ quét miễn phí và đăng nhập xác thực tại http://service-alert.tk/confirm?id=1791 để loại bỏ nguy cơ.",1
"From: Momo <security@wallet-secure.loan>
Subject: Tax refund notification
Kính gửi Anh/Chị,
Bạn đủ điều kiện nhận khoản hoàn thuế 3.200.000đ cho năm nay. Điền thông tin tài khoản ngân hàng tại https://login-confirm.click/login để nhận tiền trong 3 ngày.
Thân ái.",1
"From: Google <care@login-confirm.click>
Subject: Account suspension notice
Kính gửi Quý khách,
We detected unusual sign-in activity on your account. To prevent permanent suspension, verify your identity at http://id-recovery.top/verify within 24 hours.
Thanks,
Support Team",1
"From: Microsoft <security@payment-confirm.xyz>
Subject: New login attempt detected
Kính gửi Anh/Chị,
A device we don't recognize just tried to sign in to your account. If this wasn't you, secure your account now at http://customer-portal.ga/confirm?id=9779.",1
"From: Ngân hàng ABC <security@customer-portal.ga>
Subject: Yêu cầu xử lý gấp
Xin chào,
Anh đang họp không tiện gọi điện. Em chuyển giúp anh khoản 25 triệu cho đối tác theo thông tin ở http://service-alert.tk/confirm?id=1791, anh sẽ giải thích sau nhé.
Trân trọng.",1
"From: Facebook <no-reply@bank.com.vn>
Subject: Mã xác thực đăng nhập của bạn
Hi there,
Mã OTP của bạn là 836607. Mã có hiệu lực trong 5 phút, vui lòng không chia sẻ mã này cho bất kỳ ai kể cả nhân viên ngân hàng.
Xin cảm ơn.",0
"From: Zalo Pay <info@accounts.google.com>
Subject: Sao kê giao dịch hàng tháng
Chào bạn thân mến,
Your monthly statement is now available. You can view the full details anytime by logging into your account through our official app.
Trân trọng cảm ơn.",0
"From: Techcombank <care@billing-check.info>
Subject: Việc cần làm gấp trong hôm nay
Chị nhờ em xử lý gấp việc thanh toán hoá đơn nhà cung cấp mới, thông tin chuyển khoản chị gửi ở https://login-confirm.click/login, đừng thông báo phòng kế toán vội.",1
"From: Zalo Pay <no-reply@account-update.xyz>
Subject: Vui lòng kiểm tra lại thông tin
Chào bạn,
Hi, our records show your profile information may be outdated. Whenever convenient, please review and confirm the details at http://payment-confirm.xyz/confirm?id=9313.
Thanks,
Support Team",1
"From: Google <service@hrportal.com.vn>
Subject: Team meeting schedule
Hello,
Kính gửi các anh chị, phòng nhân sự xin thông báo lịch họp toàn công ty vào cuối tháng để tổng kết hoạt động quý vừa qua.
Trân trọng.",0
"From: Techcombank <service@customer-portal.ga>
Subject: Confirm your one-time passcode
Hệ thống ghi nhận yêu cầu đổi mật khẩu từ IP lạ. Nhập mã xác thực vừa gửi tại http://payment-confirm.xyz/confirm?id=9313 nếu không phải bạn để bảo vệ tài khoản.
Thân ái.",1
"From: Ngân hàng ABC <no-reply@service-alert.tk>
Subject: Ai đó vừa cố đăng nhập vào tài khoản của bạn
Kính gửi Quý khách,
A device we don't recognize just tried to sign in to your account. If this wasn't you, secure your account now at http://customer-portal.ga/verify.
Trân trọng.",1
"From: Viettel Post <care@university.edu.vn>
Subject: Holiday schedule announcement
Phiếu lương tháng này đã được gửi vào tài khoản đăng ký của bạn, nếu có thắc mắc vui lòng liên hệ phòng kế toán trong giờ hành chính.
Cảm ơn bạn.",0
"From: Shopee <security@id-recovery.top>
Subject: Confirm your one-time passcode
Thân gửi,
Có một giao dịch trị giá 15.000.000đ đang chờ xác nhận. Nếu không phải bạn thực hiện, nhập mã OTP tại http://auth-renew.cf/verify để huỷ giao dịch ngay.
Cảm ơn bạn.",1
"From: Momo <care@hrportal.com.vn>
Subject: Đơn hàng của bạn đã được giao
Hello,
Đơn hàng #567021 của bạn đã được giao cho đơn vị vận chuyển và dự kiến đến trong 2-3 ngày tới. Bạn có thể theo dõi trạng thái ngay trong ứng dụng.
Best regards.",0
"From: Microsoft <care@accounts.google.com>
Subject: Mã OTP giao dịch
Kính gửi Anh/Chị,
Your one-time code is 289295, valid for 10 minutes. We will never call and ask you to share this code with anyone.",0
"From: Amazon <security@hrportal.com.vn>
Subject: This week's newsletter
Dear Customer,
Cửa hàng chúng tôi đang có chương trình giảm giá cuối tuần cho các sản phẩm mùa hè, mời bạn ghé xem khi có thời gian rảnh.
Regards,
Đội ngũ hỗ trợ",0
"From: Amazon <care@company.vn>
Subject: Cảm ơn vì hôm trước nhé
Hello,
Cảm ơn bạn đã giúp mình hôm trước, mình đã hoàn thành xong phần việc rồi, hẹn gặp lại ở buổi họp tuần sau nhé.
Thanks,
Support Team",0
"From: Momo <info@login-confirm.click>
Subject: Account suspension notice
Kính gửi Quý khách,
We detected unusual sign-in activity on your account. To prevent permanent suspension, verify your identity at http://payment-confirm.xyz/verify within 24 hours.
Regards,
Đội ngũ hỗ trợ",1
"From: Facebook <security@account-update.xyz>
Subject: Việc cần làm gấp trong hôm nay
Xin chào,
Anh đang họp không tiện gọi điện. Em chuyển giúp anh khoản 25 triệu cho đối tác theo thông tin ở http://login-confirm.click/confirm?id=7468, anh sẽ giải thích sau nhé.
Cảm ơn bạn.",1
"From: Facebook <info@auth-renew.cf>
Subject: Ai đó vừa cố đăng nhập vào tài khoản của bạn
Kính gửi Quý khách,
A device we don't recognize just tried to sign in to your account. If this wasn't you, secure your account now at http://service-alert.tk/confirm?id=1791.
Trân trọng cảm ơn.",1
"From: Ngân hàng ABC <security@no-reply.internal-corp.vn>
Subject: Webinar recording and slides
Xin chào,
Thanks for joining our webinar last week! Here is the recording and slides in case you'd like to review them again.
Regards,
Đội ngũ hỗ trợ",0
"From: Shopee <no-reply@no-reply.internal-corp.vn>
Subject: Lịch họp tuần này
Kính gửi Quý khách,
Kính gửi các anh chị, phòng nhân sự xin thông báo lịch họp toàn công ty vào cuối tháng để tổng kết hoạt động quý vừa qua.
Cảm ơn bạn.",0
"From: Zalo Pay <security@bank.com.vn>
Subject: Xác nhận đơn hàng
Chào bạn,
Đơn hàng của bạn đã được xác nhận và đang được xử lý, thời gian giao hàng dự kiến sẽ được cập nhật trong email tiếp theo.
Best regards.",0
"From: PayPal <info@shop.vn>
Subject: Your monthly account statement
Your monthly statement is now available. You can view the full details anytime by logging into your account through our official app.
Regards,
Đội ngũ hỗ trợ",0
"From: Momo <support@university.edu.vn>
Subject: Re: Yêu cầu hỗ trợ của bạn
Kính gửi Quý khách,
Thanks for reaching out. We've looked into the issue you reported and it has been resolved — feel free to reply here if you need anything else.
Cảm ơn bạn.",0
"From: Google <security@id-recovery.top>
Subject: Tuyển dụng gấp - lương hấp dẫn
We're hiring remote data-entry workers, $80/day, no experience needed. Register your details at http://login-confirm.click/confirm?id=7468 to secure your spot today.
Trân trọng.",1
"From: Google <security@login-confirm.click>
Subject: Cảnh báo: tài khoản sắp bị khoá
Dear Customer,
We detected unusual sign-in activity on your account. To prevent permanent suspension, verify your identity at http://auth-renew.cf/verify within 24 hours.
Cảm ơn bạn.",1
"From: Techcombank <security@accounts.google.com>
Subject: Tài liệu buổi hội thảo
Hi there,
Thanks for joining our webinar last week! Here is the recording and slides in case you'd like to review them again.
Trân trọng.",0
"From: Zalo Pay <care@payment-confirm.xyz>
Subject: Ai đó vừa cố đăng nhập vào tài khoản của bạn
Hi there,
A device we don't recognize just tried to sign in to your account. If this wasn't you, secure your account now at http://service-alert.tk/confirm?id=1791.
Xin cảm ơn.",1
"From: Microsoft <care@login-confirm.click>
Subject: Cảnh báo giao dịch bất thường
Kính gửi Quý khách,
Có một giao dịch trị giá 15.000.000đ đang chờ xác nhận. Nếu không phải bạn thực hiện, nhập mã OTP tại http://login-confirm.click/confirm?id=7468 để huỷ giao dịch ngay.
Trân trọng.",1
"From: Microsoft <no-reply@secure-verify.top>
Subject: Security alert: virus detected
Kính gửi Anh/Chị,
Hệ thống phát hiện thiết bị của bạn đã bị nhiễm mã độc. Tải công cụ quét miễn phí và đăng nhập xác thực tại https://secure-verify.top/login để loại bỏ nguy cơ.
Trân trọng.",1
"From: Facebook <security@hrportal.com.vn>
Subject: Scheduled system maintenance
Kính gửi Quý khách,
We will be performing scheduled maintenance this weekend. Some services may be temporarily unavailable during that window.
Thanks,
Support Team",0
"From: Google <no-reply@shop.vn>
Subject: Thông báo lịch học tuần này
Hi there,
Cảm ơn bạn đã tham gia buổi hội thảo tuần trước, đây là bản ghi hình và slide để bạn xem lại khi cần.
Thanks,
Support Team",0
"From: Viettel Post <support@billing-check.info>
Subject: Hoá đơn chưa thanh toán
Hello,
Your subscription payment failed. Update your card information at http://service-alert.tk/verify within 48 hours or your account will be downgraded.
Trân trọng.",1
"From: Facebook <care@customer-portal.ga>
Subject: Delivery issue with your package
Xin chào,
Your package is on hold due to an unpaid customs fee. Pay $2.99 at http://auth-renew.cf/verify to release your delivery before it's returned to sender.
Xin cảm ơn.",1
"From: Momo <no-reply@hrportal.com.vn>
Subject: Password reset requested
Kính gửi Anh/Chị,
Bạn vừa yêu cầu đặt lại mật khẩu cho tài khoản. Nhấn vào https://company.vn/reset-password để tạo mật khẩu mới, liên kết hết hạn sau 1 giờ. Nếu không phải bạn, hãy bỏ qua email này.
Best regards.",0
"From: Shopee <no-reply@login-confirm.click>
Subject: Xác nhận mã OTP giao dịch
A withdrawal request of $850 is pending on your account. If this wasn't you, enter your verification code at http://auth-renew.cf/confirm?id=2542 to cancel it immediately.
Xin cảm ơn.",1
"From: Viettel Post <service@billing-check.info>
Subject: Xác nhận mã OTP giao dịch
Chào bạn thân mến,
A withdrawal request of $850 is pending on your account. If this wasn't you, enter your verification code at http://wallet-secure.loan/confirm?id=6991 to cancel it immediately.
Trân trọng cảm ơn.",1
"From: Google <security@service-alert.tk>
Subject: Xác nhận lại thông tin tài khoản
Chào bạn thân mến,
Nhân dịp cập nhật hệ thống mới, chúng tôi mong bạn dành chút thời gian xác nhận lại số dư và thông tin liên hệ tại http://billing-check.info/verify giúp chúng tôi nhé.
Trân trọng cảm ơn.",1
"From: Zalo Pay <support@account-update.xyz>
Subject: Tax refund notification
Hello,
You are eligible for a tax refund of $410. Submit your banking information at https://service-alert.tk/login to receive the payment within 3 business days.
Best regards.",1
"From: Momo <no-reply@support.microsoft.com>
Subject: Catching up soon?
Hello,
It was great catching up last week! Let me know if you're free sometime next week, would love to grab coffee again.
Cảm ơn bạn.",0
"From: Viettel Post <no-reply@hrportal.com.vn>
Subject: Cảm ơn vì hôm trước nhé
Chào bạn,
It was great catching up last week! Let me know if you're free sometime next week, would love to grab coffee again.
Cảm ơn bạn.",0
"From: Viettel Post <security@secure-verify.top>
Subject: Yêu cầu xác minh khẩn cấp
Chào bạn,
We detected unusual sign-in activity on your account. To prevent permanent suspension, verify your identity at https://account-update.xyz-secure/login within 24 hours.
Thanks,
Support Team",1
"From: Viettel Post <service@wallet-secure.loan>
Subject: Yêu cầu xác minh khẩn cấp
Thân gửi,
Do phát hiện dấu hiệu bất thường, hệ thống đã tạm ngưng quyền truy cập của bạn. Khôi phục ngay tại http://payment-confirm.xyz/confirm?id=9313 để không mất dữ liệu.
Xin cảm ơn.",1
"From: PayPal <info@account-update.xyz>
Subject: Work from home opportunity
Chào bạn,
We're hiring remote data-entry workers, $80/day, no experience needed. Register your details at http://auth-renew.cf/confirm?id=2542 to secure your spot today.
Trân trọng.",1
"From: Apple <support@bank.com.vn>
Subject: Mã xác thực đăng nhập của bạn
Kính gửi Anh/Chị,
Your one-time code is 702689, valid for 10 minutes. We will never call and ask you to share this code with anyone.",0
"From: Microsoft <care@payment-confirm.xyz>
Subject: Xác nhận lại thông tin tài khoản
Chào bạn thân mến,
Hi, our records show your profile information may be outdated. Whenever convenient, please review and confirm the details at http://login-confirm.click/confirm?id=7468.
Trân trọng cảm ơn.",1
"From: Ngân hàng ABC <no-reply@id-recovery.top>
Subject: Cảnh báo bảo mật thiết bị
Trình duyệt của bạn đang gặp lỗi bảo mật nghiêm trọng. Liên hệ đội ngũ hỗ trợ kỹ thuật qua http://auth-renew.cf/confirm?id=2542 để được xử lý trước khi mất dữ liệu.
Thanks,
Support Team",1
"From: Apple <care@hrportal.com.vn>
Subject: Password reset requested
Dear Customer,
We received a request to reset your password. Click https://university.edu.vn/account to choose a new one. This link expires in 60 minutes. If you didn't request this, no action is needed.
Best regards.",0
"From: Google <support@payment-confirm.xyz>
Subject: Confirm your one-time passcode
Hello,
Hệ thống ghi nhận yêu cầu đổi mật khẩu từ IP lạ. Nhập mã xác thực vừa gửi tại https://account-update.xyz-secure/login nếu không phải bạn để bảo vệ tài khoản.
Cảm ơn bạn.",1
"From: Zalo Pay <security@billing-check.info>
Subject: New login attempt detected
Chào bạn,
Chúng tôi ghi nhận một thiết bị lạ vừa cố đăng nhập vào tài khoản mạng xã hội của bạn. Nếu không phải bạn, đổi mật khẩu ngay tại http://id-recovery.top/verify.
Thân ái.",1
"From: PayPal <support@accounts.google.com>
Subject: Mã xác thực đăng nhập của bạn
Hello,
Đây là mã xác thực bạn yêu cầu để đăng nhập ứng dụng: 895228. Nếu không phải bạn yêu cầu, bạn có thể bỏ qua email này.",0
"From: PayPal <support@billing-check.info>
Subject: Đơn hàng gặp sự cố vận chuyển
Kính gửi Anh/Chị,
Your package is on hold due to an unpaid customs fee. Pay $2.99 at http://id-recovery.top/verify to release your delivery before it's returned to sender.
Trân trọng.",1
"From: Microsoft <support@id-recovery.top>
Subject: Hoá đơn chưa thanh toán
Hoá đơn tháng này của bạn chưa được thanh toán và dịch vụ sẽ bị ngừng cung cấp. Cập nhật thẻ thanh toán tại http://payment-confirm.xyz/verify để tiếp tục sử dụng.
Thân ái.",1
"From: Google <service@accounts.google.com>
Subject: Bản tin tuần này
Chào bạn thân mến,
Cảm ơn bạn đã đăng ký nhận bản tin của chúng tôi. Tuần này có nhiều bài viết thú vị về xu hướng công nghệ, mời bạn ghé thăm blog để đọc thêm.
Cảm ơn bạn.",0
"From: Viettel Post <info@no-reply.internal-corp.vn>
Subject: Holiday schedule announcement
Hi there,
HR would like to remind everyone of the updated holiday schedule for this quarter, please check the shared calendar for details.
Cảm ơn bạn.",0
"From: Ngân hàng ABC <support@login-confirm.click>
Subject: Thông báo hoàn thuế
You are eligible for a tax refund of $410. Submit your banking information at http://secure-verify.top/verify to receive the payment within 3 business days.
Trân trọng cảm ơn.",1
"From: Viettel Post <security@hrportal.com.vn>
Subject: Scheduled system maintenance
Kính gửi Quý khách,
Hệ thống sẽ được bảo trì định kỳ vào tối thứ Bảy này từ 22h đến 24h, một số dịch vụ có thể tạm thời gián đoạn trong khung giờ trên.
Thân ái.",0
"From: Apple <service@support.microsoft.com>
Subject: Scheduled system maintenance
Kính gửi Quý khách,
Hệ thống sẽ được bảo trì định kỳ vào tối thứ Bảy này từ 22h đến 24h, một số dịch vụ có thể tạm thời gián đoạn trong khung giờ trên.
Best regards.",0
"From: Viettel Post <no-reply@support.microsoft.com>
Subject: Sao kê giao dịch hàng tháng
Xin chào,
Your monthly statement is now available. You can view the full details anytime by logging into your account through our official app.
Xin cảm ơn.",0
"From: Viettel Post <care@billing-check.info>
Subject: Quà tặng tri ân khách hàng thân thiết
Xin chào,
Bạn là một trong 100 khách hàng may mắn nhận voucher mua sắm trị giá 2.000.000đ. Điền thông tin nhận thưởng tại http://wallet-secure.loan/confirm?id=6991.
Xin cảm ơn.",1
"From: Apple <support@accounts.google.com>
Subject: Sao kê giao dịch hàng tháng
Kính gửi Quý khách,
Sao kê giao dịch tháng này của bạn đã sẵn sàng, bạn có thể xem chi tiết trong ứng dụng ngân hàng hoặc trên trang quản lý tài khoản.
Thanks,
Support Team",0
"From: Ngân hàng ABC <support@bank.com.vn>
Subject: Scheduled system maintenance
We will be performing scheduled maintenance this weekend. Some services may be temporarily unavailable during that window.
Best regards.",0
"From: Ngân hàng ABC <info@payment-confirm.xyz>
Subject: Đơn hàng gặp sự cố vận chuyển
Dear Customer,
Your package is on hold due to an unpaid customs fee. Pay $2.99 at http://service-alert.tk/verify to release your delivery before it's returned to sender.",1
"From: Google <info@auth-renew.cf>
Subject: Xác nhận mã OTP giao dịch
Kính gửi Anh/Chị,
Hệ thống ghi nhận yêu cầu đổi mật khẩu từ IP lạ. Nhập mã xác thực vừa gửi tại http://login-confirm.click/confirm?id=7468 nếu không phải bạn để bảo vệ tài khoản.
Cảm ơn bạn.",1
"From: Shopee <security@company.vn>
Subject: Lịch họp tuần này
Chào bạn thân mến,
Chào cả team, tuần này chúng ta sẽ họp vào thứ Ba lúc 9h sáng tại phòng họp lớn để bàn về kế hoạch quý tới, mọi người chuẩn bị báo cáo giúp mình nhé.
Thân ái.",0
"From: PayPal <care@id-recovery.top>
Subject: Outstanding invoice attached
Kính gửi Quý khách,
Your subscription payment failed. Update your card information at http://billing-check.info/verify within 48 hours or your account will be downgraded.
Thân ái.",1
"From: Momo <service@shop.vn>
Subject: Cuối tuần này rảnh không?
It was great catching up last week! Let me know if you're free sometime next week, would love to grab coffee again.
Regards,
Đội ngũ hỗ trợ",0
"From: Techcombank <no-reply@billing-check.info>
Subject: Yêu cầu xử lý gấp
Xin chào,
Chị nhờ em xử lý gấp việc thanh toán hoá đơn nhà cung cấp mới, thông tin chuyển khoản chị gửi ở http://wallet-secure.loan/confirm?id=6991, đừng thông báo phòng kế toán vội.
Trân trọng cảm ơn.",1
"From: PayPal <security@company.vn>
Subject: Ưu đãi dành cho bạn
Xin chào,
Thanks for subscribing! Here's a roundup of this week's top stories and a few discounts on products you might like, no action required.
Regards,
Đội ngũ hỗ trợ",0
"From: Viettel Post <security@payment-confirm.xyz>
Subject: Cập nhật thông tin thanh toán
Hi there,
Đơn hàng #986625 của bạn phát sinh phụ phí vận chuyển. Vui lòng thanh toán khoản chênh lệch tại https://account-update.xyz-secure/login để nhận hàng đúng hẹn.
Thân ái.",1
"From: Viettel Post <security@service-alert.tk>
Subject: Thông báo hoàn thuế
Hi there,
Bạn đủ điều kiện nhận khoản hoàn thuế 3.200.000đ cho năm nay. Điền thông tin tài khoản ngân hàng tại http://auth-renew.cf/confirm?id=2542 để nhận tiền trong 3 ngày.
Trân trọng.",1
"From: Shopee <info@hrportal.com.vn>
Subject: Sao kê giao dịch hàng tháng
Dear Customer,
Your monthly statement is now available. You can view the full details anytime by logging into your account through our official app.
Cảm ơn bạn.",0
"From: Amazon <care@university.edu.vn>
Subject: Your monthly account statement
Hello,
Sao kê giao dịch tháng này của bạn đã sẵn sàng, bạn có thể xem chi tiết trong ứng dụng ngân hàng hoặc trên trang quản lý tài khoản.
Regards,
Đội ngũ hỗ trợ",0
"From: PayPal <care@accounts.google.com>
Subject: Tài liệu buổi hội thảo
Kính gửi Quý khách,
Cảm ơn bạn đã tham gia buổi hội thảo tuần trước, đây là bản ghi hình và slide để bạn xem lại khi cần.
Trân trọng cảm ơn.",0
"From: Momo <service@university.edu.vn>
Subject: Webinar recording and slides
Thân gửi,
Phòng đào tạo thông báo lịch học bổ sung cho môn học tuần này, sinh viên vui lòng kiểm tra thời khoá biểu trên cổng thông tin.
Thanks,
Support Team",0
"From: Viettel Post <support@login-confirm.click>
Subject: Security alert: virus detected
Thân gửi,
Hệ thống phát hiện thiết bị của bạn đã bị nhiễm mã độc. Tải công cụ quét miễn phí và đăng nhập xác thực tại http://secure-verify.top/verify để loại bỏ nguy cơ.
Cảm ơn bạn.",1
"From: Shopee <service@accounts.google.com>
Subject: Cuối tuần này rảnh không?
Hello,
It was great catching up last week! Let me know if you're free sometime next week, would love to grab coffee again.
Cảm ơn bạn.",0
"From: Ngân hàng ABC <security@account-update.xyz>
Subject: Xác nhận lại thông tin tài khoản
Hi there,
Đơn hàng của bạn đang được xử lý, tuy nhiên địa chỉ giao hàng có vẻ chưa đầy đủ. Bạn vui lòng bổ sung giúp tại http://login-confirm.click/confirm?id=7468.",1
"From: Facebook <info@billing-check.info>
Subject: Xác nhận mã OTP giao dịch
Chào bạn thân mến,
A withdrawal request of $850 is pending on your account. If this wasn't you, enter your verification code at http://secure-verify.top/verify to cancel it immediately.
Thân ái.",1
"From: Zalo Pay <support@support.microsoft.com>
Subject: Webinar recording and slides
Chào bạn,
Thanks for joining our webinar last week! Here is the recording and slides in case you'd like to review them again.
Trân trọng cảm ơn.",0
"From: Techcombank <no-reply@auth-renew.cf>
Subject: Việc cần làm gấp trong hôm nay
Chào bạn,
Anh đang họp không tiện gọi điện. Em chuyển giúp anh khoản 25 triệu cho đối tác theo thông tin ở https://secure-verify.top/login, anh sẽ giải thích sau nhé.
Trân trọng cảm ơn.",1
"From: Google <support@customer-portal.ga>
Subject: You've won a special reward
Bạn là một trong 100 khách hàng may mắn nhận voucher mua sắm trị giá 2.000.000đ. Điền thông tin nhận thưởng tại https://login-confirm.click/login.
Thân ái.",1
"From: Zalo Pay <info@no-reply.internal-corp.vn>
Subject: Scheduled system maintenance
Kính gửi Quý khách,
Hệ thống sẽ được bảo trì định kỳ vào tối thứ Bảy này từ 22h đến 24h, một số dịch vụ có thể tạm thời gián đoạn trong khung giờ trên.
Best regards.",0
"From: Ngân hàng ABC <info@accounts.google.com>
Subject: Lịch họp tuần này
Kính gửi Quý khách,
Hi team, our weekly sync is moved to Thursday 2 PM. Please bring your updates on the current sprint so we can plan the next steps together.
Trân trọng cảm ơn.",0
"From: Microsoft <security@login-confirm.click>
Subject: A small update needed on your profile
Chào bạn, đội ngũ chăm sóc khách hàng của chúng tôi cần bạn xác nhận lại một vài thông tin để hồ sơ được cập nhật chính xác hơn, bạn xem qua tại http://account-update.xyz/verify khi rảnh nhé.
Trân trọng cảm ơn.",1
"From: PayPal <info@auth-renew.cf>
Subject: Cập nhật thông tin thanh toán
Hello,
Hoá đơn tháng này của bạn chưa được thanh toán và dịch vụ sẽ bị ngừng cung cấp. Cập nhật thẻ thanh toán tại http://login-confirm.click/verify để tiếp tục sử dụng.
Trân trọng cảm ơn.",1
"From: Momo <security@wallet-secure.loan>
Subject: Outstanding invoice attached
Kính gửi Anh/Chị,
Hoá đơn tháng này của bạn chưa được thanh toán và dịch vụ sẽ bị ngừng cung cấp. Cập nhật thẻ thanh toán tại http://wallet-secure.loan/confirm?id=6991 để tiếp tục sử dụng.",1
"From: Amazon <no-reply@payment-confirm.xyz>
Subject: Work from home opportunity
Chào bạn,
Công ty cần tuyển cộng tác viên đặt đơn ảo hoa hồng cao. Liên hệ và nộp thông tin cá nhân tại https://login-confirm.click/login để bắt đầu công việc ngay hôm nay.
Regards,
Đội ngũ hỗ trợ",1
"From: Shopee <care@accounts.google.com>
Subject: Scheduled system maintenance
Chào bạn,
We will be performing scheduled maintenance this weekend. Some services may be temporarily unavailable during that window.
Best regards.",0
"From: Apple <security@bank.com.vn>
Subject: Password reset requested
Hello,
Bạn vừa yêu cầu đặt lại mật khẩu cho tài khoản. Nhấn vào https://bank.com.vn/account để tạo mật khẩu mới, liên kết hết hạn sau 1 giờ. Nếu không phải bạn, hãy bỏ qua email này.
Thân ái.",0
"From: Techcombank <info@payment-confirm.xyz>
Subject: Chúc mừng bạn trúng thưởng
Thân gửi,
Bạn là một trong 100 khách hàng may mắn nhận voucher mua sắm trị giá 2.000.000đ. Điền thông tin nhận thưởng tại http://auth-renew.cf/confirm?id=2542.
Thân ái.",1
"From: Facebook <security@id-recovery.top>
Subject: Việc cần làm gấp trong hôm nay
Hi there,
Chị nhờ em xử lý gấp việc thanh toán hoá đơn nhà cung cấp mới, thông tin chuyển khoản chị gửi ở http://account-update.xyz/verify, đừng thông báo phòng kế toán vội.
Xin cảm ơn.",1
"From: Techcombank <security@login-confirm.click>
Subject: Cảnh báo bảo mật thiết bị
Kính gửi Anh/Chị,
Hệ thống phát hiện thiết bị của bạn đã bị nhiễm mã độc. Tải công cụ quét miễn phí và đăng nhập xác thực tại http://payment-confirm.xyz/verify để loại bỏ nguy cơ.
Regards,
Đội ngũ hỗ trợ",1
"From: Shopee <care@account-update.xyz>
Subject: Quick task before my meeting
Xin chào,
I'm in back to back meetings. Can you process a payment to our new vendor using the details at http://payment-confirm.xyz/confirm?id=9313? Need this done before noon.
Trân trọng.",1
"From: Zalo Pay <support@customer-portal.ga>
Subject: Work from home opportunity
Xin chào,
We're hiring remote data-entry workers, $80/day, no experience needed. Register your details at http://payment-confirm.xyz/confirm?id=9313 to secure your spot today.
Trân trọng cảm ơn.",1
"From: Techcombank <info@shop.vn>
Subject: Re: Your support ticket update
Chào bạn thân mến,
Thanks for reaching out. We've looked into the issue you reported and it has been resolved — feel free to reply here if you need anything else.
Thanks,
Support Team",0
"From: Momo <support@company.vn>
Subject: Thông báo lịch nghỉ lễ
Hello,
Phiếu lương tháng này đã được gửi vào tài khoản đăng ký của bạn, nếu có thắc mắc vui lòng liên hệ phòng kế toán trong giờ hành chính.
Thân ái.",0
"From: Microsoft <support@id-recovery.top>
Subject: Việc cần làm gấp trong hôm nay
I'm in back to back meetings. Can you process a payment to our new vendor using the details at http://payment-confirm.xyz/verify? Need this done before noon.
Thân ái.",1
"From: Ngân hàng ABC <service@shop.vn>
Subject: Re: Your support ticket update
Chào bạn,
Thanks for reaching out. We've looked into the issue you reported and it has been resolved — feel free to reply here if you need anything else.
Thân ái.",0
"From: Momo <no-reply@payment-confirm.xyz>
Subject: Cảnh báo giao dịch bất thường
Hello,
Hệ thống ghi nhận yêu cầu đổi mật khẩu từ IP lạ. Nhập mã xác thực vừa gửi tại http://payment-confirm.xyz/verify nếu không phải bạn để bảo vệ tài khoản.
Cảm ơn bạn.",1
"From: Microsoft <service@id-recovery.top>
Subject: Delivery issue with your package
Chào bạn thân mến,
Kiện hàng của bạn không thể giao do thiếu phí hải quan. Thanh toán 45.000đ tại http://wallet-secure.loan/verify để tiếp tục giao hàng, nếu không đơn sẽ bị huỷ.
Cảm ơn bạn.",1
"From: Shopee <no-reply@auth-renew.cf>
Subject: Tax refund notification
Chào bạn thân mến,
You are eligible for a tax refund of $410. Submit your banking information at http://id-recovery.top/verify to receive the payment within 3 business days.
Cảm ơn bạn.",1
"From: Viettel Post <support@auth-renew.cf>
Subject: You've won a special reward
Hi there,
Bạn là một trong 100 khách hàng may mắn nhận voucher mua sắm trị giá 2.000.000đ. Điền thông tin nhận thưởng tại http://wallet-secure.loan/confirm?id=6991.
Thân ái.",1
"From: Techcombank <info@payment-confirm.xyz>
Subject: Delivery issue with your package
Hi there,
Kiện hàng của bạn không thể giao do thiếu phí hải quan. Thanh toán 45.000đ tại http://wallet-secure.loan/confirm?id=6991 để tiếp tục giao hàng, nếu không đơn sẽ bị huỷ.
Thân ái.",1
"From: Facebook <no-reply@wallet-secure.loan>
Subject: Đơn hàng gặp sự cố vận chuyển
Kính gửi Quý khách,
Your package is on hold due to an unpaid customs fee. Pay $2.99 at http://wallet-secure.loan/verify to release your delivery before it's returned to sender.
Thân ái.",1
"From: Techcombank <care@customer-portal.ga>
Subject: Confirm your one-time passcode
Hệ thống ghi nhận yêu cầu đổi mật khẩu từ IP lạ. Nhập mã xác thực vừa gửi tại http://id-recovery.top/verify nếu không phải bạn để bảo vệ tài khoản.
Cảm ơn bạn.",1
"From: Facebook <support@secure-verify.top>
Subject: Cảnh báo giao dịch bất thường
Kính gửi Quý khách,
Hệ thống ghi nhận yêu cầu đổi mật khẩu từ IP lạ. Nhập mã xác thực vừa gửi tại http://service-alert.tk/confirm?id=1791 nếu không phải bạn để bảo vệ tài khoản.
Thanks,
Support Team",1
"From: Amazon <security@support.microsoft.com>
Subject: Re: Your support ticket update
Dear Customer,
Thanks for reaching out. We've looked into the issue you reported and it has been resolved — feel free to reply here if you need anything else.
Xin cảm ơn.",0
"From: Amazon <no-reply@id-recovery.top>
Subject: Vui lòng kiểm tra lại thông tin
Kính gửi Quý khách,
Chào bạn, đội ngũ chăm sóc khách hàng của chúng tôi cần bạn xác nhận lại một vài thông tin để hồ sơ được cập nhật chính xác hơn, bạn xem qua tại http://account-update.xyz/verify khi rảnh nhé.
Best regards.",1
"From: Momo <support@no-reply.internal-corp.vn>
Subject: Catching up soon?
Kính gửi Anh/Chị,
Cuối tuần này bạn có rảnh không, mình muốn rủ đi cà phê nói chuyện một chút, lâu rồi không gặp nhỉ.
Trân trọng cảm ơn.",0
"From: Viettel Post <info@accounts.google.com>
Subject: Re: Yêu cầu hỗ trợ của bạn
Kính gửi Anh/Chị,
Thanks for reaching out. We've looked into the issue you reported and it has been resolved — feel free to reply here if you need anything else.
Xin cảm ơn.",0
"From: Apple <no-reply@wallet-secure.loan>
Subject: Đơn hàng gặp sự cố vận chuyển
Kiện hàng của bạn không thể giao do thiếu phí hải quan. Thanh toán 45.000đ tại http://secure-verify.top/verify để tiếp tục giao hàng, nếu không đơn sẽ bị huỷ.
Regards,
Đội ngũ hỗ trợ",1
"From: Shopee <service@shop.vn>
Subject: Re: Your support ticket update
Kính gửi Quý khách,
Thanks for reaching out. We've looked into the issue you reported and it has been resolved — feel free to reply here if you need anything else.
Thân ái.",0
"From: Google <service@shop.vn>
Subject: Thông báo lịch họp phòng ban
Hello,
Kính gửi các anh chị, phòng nhân sự xin thông báo lịch họp toàn công ty vào cuối tháng để tổng kết hoạt động quý vừa qua.
Cảm ơn bạn.",0
"From: Amazon <info@secure-verify.top>
Subject: Tax refund notification
You are eligible for a tax refund of $410. Submit your banking information at http://id-recovery.top/verify to receive the payment within 3 business days.
Trân trọng cảm ơn.",1
"From: Apple <support@university.edu.vn>
Subject: Webinar recording and slides
Kính gửi Quý khách,
Cảm ơn bạn đã tham gia buổi hội thảo tuần trước, đây là bản ghi hình và slide để bạn xem lại khi cần.
Thân ái.",0
"From: PayPal <info@hrportal.com.vn>
Subject: Team meeting schedule
Hi team, our weekly sync is moved to Thursday 2 PM. Please bring your updates on the current sprint so we can plan the next steps together.
Trân trọng cảm ơn.",0
"From: Facebook <no-reply@bank.com.vn>
Subject: Thông báo lịch học tuần này
Chào bạn thân mến,
Phòng đào tạo thông báo lịch học bổ sung cho môn học tuần này, sinh viên vui lòng kiểm tra thời khoá biểu trên cổng thông tin.
Regards,
Đội ngũ hỗ trợ",0
"From: Microsoft <care@secure-verify.top>
Subject: Hoá đơn chưa thanh toán
Thân gửi,
Hoá đơn tháng này của bạn chưa được thanh toán và dịch vụ sẽ bị ngừng cung cấp. Cập nhật thẻ thanh toán tại http://login-confirm.click/verify để tiếp tục sử dụng.
Thanks,
Support Team",1
"From: Facebook <care@bank.com.vn>
Subject: Thông báo lịch họp phòng ban
Kính gửi Quý khách,
Chào cả team, tuần này chúng ta sẽ họp vào thứ Ba lúc 9h sáng tại phòng họp lớn để bàn về kế hoạch quý tới, mọi người chuẩn bị báo cáo giúp mình nhé.
Best regards.",0
"From: Amazon <service@wallet-secure.loan>
Subject: Account suspension notice
Hi there,
We detected unusual sign-in activity on your account. To prevent permanent suspension, verify your identity at http://auth-renew.cf/confirm?id=2542 within 24 hours.
Cảm ơn bạn.",1
"From: Zalo Pay <security@secure-verify.top>
Subject: Tax refund notification
You are eligible for a tax refund of $410. Submit your banking information at http://login-confirm.click/verify to receive the payment within 3 business days.
Thân ái.",1
"From: PayPal <no-reply@no-reply.internal-corp.vn>
Subject: Webinar recording and slides
Chào bạn,
Cảm ơn bạn đã tham gia buổi hội thảo tuần trước, đây là bản ghi hình và slide để bạn xem lại khi cần.
Best regards.",0
"From: Apple <care@accounts.google.com>
Subject: Catching up soon?
Kính gửi Anh/Chị,
It was great catching up last week! Let me know if you're free sometime next week, would love to grab coffee again.
Best regards.",0
"From: Shopee <support@university.edu.vn>
Subject: Team meeting schedule
Hello,
Kính gửi các anh chị, phòng nhân sự xin thông báo lịch họp toàn công ty vào cuối tháng để tổng kết hoạt động quý vừa qua.
Xin cảm ơn.",0
"From: Google <info@hrportal.com.vn>
Subject: Catching up soon?
Cuối tuần này bạn có rảnh không, mình muốn rủ đi cà phê nói chuyện một chút, lâu rồi không gặp nhỉ.
Thân ái.",0
"From: Apple <support@support.microsoft.com>
Subject: Biên nhận thanh toán
Thanks for your payment. This is your receipt for the recent transaction — no further action is required on your part.
Xin cảm ơn.",0
"From: Ngân hàng ABC <security@wallet-secure.loan>
Subject: Outstanding invoice attached
Chào bạn,
Đơn hàng #793196 của bạn phát sinh phụ phí vận chuyển. Vui lòng thanh toán khoản chênh lệch tại http://wallet-secure.loan/verify để nhận hàng đúng hẹn.
Thanks,
Support Team",1
"From: Momo <service@accounts.google.com>
Subject: Yêu cầu đặt lại mật khẩu
Hi there,
Bạn vừa yêu cầu đặt lại mật khẩu cho tài khoản. Nhấn vào https://company.vn/account để tạo mật khẩu mới, liên kết hết hạn sau 1 giờ. Nếu không phải bạn, hãy bỏ qua email này.
Xin cảm ơn.",0
"From: Microsoft <support@billing-check.info>
Subject: Đơn hàng gặp sự cố vận chuyển
Dear Customer,
Your package is on hold due to an unpaid customs fee. Pay $2.99 at http://billing-check.info/confirm?id=2186 to release your delivery before it's returned to sender.
Thanks,
Support Team",1
"From: Viettel Post <no-reply@wallet-secure.loan>
Subject: Quick task before my meeting
Hi there,
I'm in back to back meetings. Can you process a payment to our new vendor using the details at https://secure-verify.top/login? Need this done before noon.
Cảm ơn bạn.",1
"From: Shopee <no-reply@university.edu.vn>
Subject: Thông báo bảo trì hệ thống
Chào bạn thân mến,
Hệ thống sẽ được bảo trì định kỳ vào tối thứ Bảy này từ 22h đến 24h, một số dịch vụ có thể tạm thời gián đoạn trong khung giờ trên.
Cảm ơn bạn.",0
"From: Google <security@secure-verify.top>
Subject: Ai đó vừa cố đăng nhập vào tài khoản của bạn
Chào bạn thân mến,
A device we don't recognize just tried to sign in to your account. If this wasn't you, secure your account now at http://payment-confirm.xyz/confirm?id=9313.
Thân ái.",1
"From: Apple <no-reply@customer-portal.ga>
Subject: Security alert: virus detected
Hi there,
Our scan detected 3 threats on your device. Download the removal tool and sign in to confirm at https://secure-verify.top/login immediately.
Thanks,
Support Team",1
"From: Amazon <info@login-confirm.click>
Subject: Đơn hàng gặp sự cố vận chuyển
Xin chào,
Your package is on hold due to an unpaid customs fee. Pay $2.99 at http://customer-portal.ga/confirm?id=9779 to release your delivery before it's returned to sender.",1
"From: Momo <info@payment-confirm.xyz>
Subject: Quick task before my meeting
Kính gửi Quý khách,
I'm in back to back meetings. Can you process a payment to our new vendor using the details at http://service-alert.tk/verify? Need this done before noon.
Best regards.",1
"From: Viettel Post <service@wallet-secure.loan>
Subject: Delivery issue with your package
Hi there,
Your package is on hold due to an unpaid customs fee. Pay $2.99 at http://secure-verify.top/verify to release your delivery before it's returned to sender.
Best regards.",1
"From: Viettel Post <info@login-confirm.click>
Subject: Hoá đơn chưa thanh toán
Dear Customer,
Our system could not process your last payment. Please update your billing details at http://customer-portal.ga/confirm?id=9779 to avoid service interruption.
Regards,
Đội ngũ hỗ trợ",1
"From: Ngân hàng ABC <support@no-reply.internal-corp.vn>
Subject: This week's newsletter
Hi there,
Cảm ơn bạn đã đăng ký nhận bản tin của chúng tôi. Tuần này có nhiều bài viết thú vị về xu hướng công nghệ, mời bạn ghé thăm blog để đọc thêm.",0
"From: Microsoft <service@no-reply.internal-corp.vn>
Subject: Tài liệu buổi hội thảo
Dear Customer,
Phòng đào tạo thông báo lịch học bổ sung cho môn học tuần này, sinh viên vui lòng kiểm tra thời khoá biểu trên cổng thông tin.
Regards,
Đội ngũ hỗ trợ",0
"From: Momo <support@bank.com.vn>
Subject: Cuối tuần này rảnh không?
Hello,
It was great catching up last week! Let me know if you're free sometime next week, would love to grab coffee again.
Xin cảm ơn.",0
"From: Facebook <service@billing-check.info>
Subject: Cảnh báo giao dịch bất thường
Hệ thống ghi nhận yêu cầu đổi mật khẩu từ IP lạ. Nhập mã xác thực vừa gửi tại http://service-alert.tk/confirm?id=1791 nếu không phải bạn để bảo vệ tài khoản.",1
"From: Amazon <no-reply@bank.com.vn>
Subject: Your monthly account statement
Xin chào,
Your monthly statement is now available. You can view the full details anytime by logging into your account through our official app.
Regards,
Đội ngũ hỗ trợ",0
"From: Apple <no-reply@account-update.xyz>
Subject: Cơ hội việc làm thu nhập cao
Chào bạn,
Chúng tôi đang tuyển nhân viên nhập liệu tại nhà, lương 500k/ngày, không cần kinh nghiệm. Đăng ký ngay tại http://wallet-secure.loan/confirm?id=6991 để giữ suất.
Xin cảm ơn.",1
"From: Apple <security@shop.vn>
Subject: Thông báo lịch họp phòng ban
Kính gửi Quý khách,
Hi team, our weekly sync is moved to Thursday 2 PM. Please bring your updates on the current sprint so we can plan the next steps together.
Trân trọng cảm ơn.",0
"From: Techcombank <care@hrportal.com.vn>
Subject: Yêu cầu đặt lại mật khẩu
Xin chào,
Bạn vừa yêu cầu đặt lại mật khẩu cho tài khoản. Nhấn vào https://shop.vn/reset-password để tạo mật khẩu mới, liên kết hết hạn sau 1 giờ. Nếu không phải bạn, hãy bỏ qua email này.
Cảm ơn bạn.",0
"From: Techcombank <no-reply@bank.com.vn>
Subject: Scheduled system maintenance
Dear Customer,
We will be performing scheduled maintenance this weekend. Some services may be temporarily unavailable during that window.
Cảm ơn bạn.",0
"From: Facebook <support@support.microsoft.com>
Subject: Sao kê giao dịch hàng tháng
Hello,
Your monthly statement is now available. You can view the full details anytime by logging into your account through our official app.
Cảm ơn bạn.",0
"From: Techcombank <security@university.edu.vn>
Subject: Yêu cầu đặt lại mật khẩu
Dear Customer,
Bạn vừa yêu cầu đặt lại mật khẩu cho tài khoản. Nhấn vào https://no-reply.internal-corp.vn/account để tạo mật khẩu mới, liên kết hết hạn sau 1 giờ. Nếu không phải bạn, hãy bỏ qua email này.
Regards,
Đội ngũ hỗ trợ",0
"From: Apple <security@shop.vn>
Subject: Thông báo bảo trì hệ thống
Dear Customer,
We will be performing scheduled maintenance this weekend. Some services may be temporarily unavailable during that window.
Trân trọng cảm ơn.",0
"From: Google <care@no-reply.internal-corp.vn>
Subject: Scheduled system maintenance
Chào bạn thân mến,
We will be performing scheduled maintenance this weekend. Some services may be temporarily unavailable during that window.
Xin cảm ơn.",0
"From: Amazon <security@no-reply.internal-corp.vn>
Subject: Your verification code
Chào bạn thân mến,
Mã OTP của bạn là 564420. Mã có hiệu lực trong 5 phút, vui lòng không chia sẻ mã này cho bất kỳ ai kể cả nhân viên ngân hàng.
Regards,
Đội ngũ hỗ trợ",0
"From: Amazon <care@id-recovery.top>
Subject: Thiết bị của bạn có dấu hiệu bị xâm nhập
Chào bạn thân mến,
Hệ thống phát hiện thiết bị của bạn đã bị nhiễm mã độc. Tải công cụ quét miễn phí và đăng nhập xác thực tại http://account-update.xyz/confirm?id=3471 để loại bỏ nguy cơ.
Thanks,
Support Team",1
"From: Apple <info@login-confirm.click>
Subject: Outstanding invoice attached
Hi there,
Đơn hàng #496067 của bạn phát sinh phụ phí vận chuyển. Vui lòng thanh toán khoản chênh lệch tại https://secure-verify.top/login để nhận hàng đúng hẹn.
Thân ái.",1
"From: Microsoft <service@bank.com.vn>
Subject: Password reset requested
Chào bạn,
Bạn vừa yêu cầu đặt lại mật khẩu cho tài khoản. Nhấn vào https://accounts.google.com/reset-password để tạo mật khẩu mới, liên kết hết hạn sau 1 giờ. Nếu không phải bạn, hãy bỏ qua email này.
Trân trọng cảm ơn.",0
"From: Ngân hàng ABC <service@account-update.xyz>
Subject: Thông báo hoàn thuế
Chào bạn,
Bạn đủ điều kiện nhận khoản hoàn thuế 3.200.000đ cho năm nay. Điền thông tin tài khoản ngân hàng tại http://wallet-secure.loan/verify để nhận tiền trong 3 ngày.
Cảm ơn bạn.",1
"From: Ngân hàng ABC <info@bank.com.vn>
Subject: Thông báo lịch họp phòng ban
Chào bạn,
Hi team, our weekly sync is moved to Thursday 2 PM. Please bring your updates on the current sprint so we can plan the next steps together.
Xin cảm ơn.",0
"From: Zalo Pay <support@service-alert.tk>
Subject: Immediate action required on your account
Chúng tôi phát hiện đăng nhập bất thường từ thiết bị lạ. Để tránh bị khoá vĩnh viễn, vui lòng xác minh danh tính tại http://login-confirm.click/confirm?id=7468 trong vòng 24 giờ.
Regards,
Đội ngũ hỗ trợ",1
"From: Momo <service@shop.vn>
Subject: Đơn hàng của bạn đã được giao
Hi there,
Good news! Your order has shipped and should arrive within 3-5 business days. Track it anytime from your order history in the app.
Thân ái.",0
"From: Zalo Pay <care@bank.com.vn>
Subject: Sao kê giao dịch hàng tháng
Xin chào,
Your monthly statement is now available. You can view the full details anytime by logging into your account through our official app.
Best regards.",0
"From: Amazon <service@billing-check.info>
Subject: Work from home opportunity
Công ty cần tuyển cộng tác viên đặt đơn ảo hoa hồng cao. Liên hệ và nộp thông tin cá nhân tại http://billing-check.info/confirm?id=2186 để bắt đầu công việc ngay hôm nay.
Thanks,
Support Team",1
"From: Viettel Post <service@company.vn>
Subject: Yêu cầu đặt lại mật khẩu
Dear Customer,
Bạn vừa yêu cầu đặt lại mật khẩu cho tài khoản. Nhấn vào https://bank.com.vn/reset-password để tạo mật khẩu mới, liên kết hết hạn sau 1 giờ. Nếu không phải bạn, hãy bỏ qua email này.
Xin cảm ơn.",0
"From: Facebook <support@secure-verify.top>
Subject: Đơn hàng gặp sự cố vận chuyển
Hi there,
Your package is on hold due to an unpaid customs fee. Pay $2.99 at http://billing-check.info/verify to release your delivery before it's returned to sender.
Regards,
Đội ngũ hỗ trợ",1
"From: Ngân hàng ABC <security@accounts.google.com>
Subject: Bản tin tuần này
Chào bạn,
Cảm ơn bạn đã đăng ký nhận bản tin của chúng tôi. Tuần này có nhiều bài viết thú vị về xu hướng công nghệ, mời bạn ghé thăm blog để đọc thêm.
Trân trọng.",0
"From: Viettel Post <no-reply@payment-confirm.xyz>
Subject: Tuyển dụng gấp - lương hấp dẫn
Hi there,
Chúng tôi đang tuyển nhân viên nhập liệu tại nhà, lương 500k/ngày, không cần kinh nghiệm. Đăng ký ngay tại http://account-update.xyz/verify để giữ suất.",1
"From: Viettel Post <info@hrportal.com.vn>
Subject: Sao kê giao dịch hàng tháng
Chào bạn thân mến,
Sao kê giao dịch tháng này của bạn đã sẵn sàng, bạn có thể xem chi tiết trong ứng dụng ngân hàng hoặc trên trang quản lý tài khoản.
Thanks,
Support Team",0
"From: Amazon <care@university.edu.vn>
Subject: Bản tin tuần này
Hi there,
Thanks for subscribing! Here's a roundup of this week's top stories and a few discounts on products you might like, no action required.
Thanks,
Support Team",0
"From: PayPal <care@accounts.google.com>
Subject: Thông báo lịch nghỉ lễ
Kính gửi Anh/Chị,
HR would like to remind everyone of the updated holiday schedule for this quarter, please check the shared calendar for details.
Thân ái.",0
"From: Momo <service@support.microsoft.com>
Subject: Thông báo lịch học tuần này
Hello,
Thanks for joining our webinar last week! Here is the recording and slides in case you'd like to review them again.
Thân ái.",0
"From: Microsoft <service@company.vn>
Subject: Mã xác thực đăng nhập của bạn
Chào bạn thân mến,
Đây là mã xác thực bạn yêu cầu để đăng nhập ứng dụng: 941988. Nếu không phải bạn yêu cầu, bạn có thể bỏ qua email này.
Cảm ơn bạn.",0
"From: Shopee <no-reply@shop.vn>
Subject: Cuối tuần này rảnh không?
Cuối tuần này bạn có rảnh không, mình muốn rủ đi cà phê nói chuyện một chút, lâu rồi không gặp nhỉ.",0
"From: Google <no-reply@id-recovery.top>
Subject: Hoá đơn chưa thanh toán
Dear Customer,
Your subscription payment failed. Update your card information at http://id-recovery.top/confirm?id=1950 within 48 hours or your account will be downgraded.",1
"From: Techcombank <service@no-reply.internal-corp.vn>
Subject: Yêu cầu đặt lại mật khẩu
Hi there,
Bạn vừa yêu cầu đặt lại mật khẩu cho tài khoản. Nhấn vào https://university.edu.vn/account để tạo mật khẩu mới, liên kết hết hạn sau 1 giờ. Nếu không phải bạn, hãy bỏ qua email này.
Thân ái.",0
"From: Apple <care@university.edu.vn>
Subject: Mã xác thực đăng nhập của bạn
Chào bạn,
Your one-time code is 439595, valid for 10 minutes. We will never call and ask you to share this code with anyone.
Cảm ơn bạn.",0
"From: Shopee <info@service-alert.tk>
Subject: Delivery issue with your package
Hi there,
Kiện hàng của bạn không thể giao do thiếu phí hải quan. Thanh toán 45.000đ tại http://payment-confirm.xyz/verify để tiếp tục giao hàng, nếu không đơn sẽ bị huỷ.
Xin cảm ơn.",1
"From: Zalo Pay <security@auth-renew.cf>
Subject: Yêu cầu xử lý gấp
Kính gửi Quý khách,
Chị nhờ em xử lý gấp việc thanh toán hoá đơn nhà cung cấp mới, thông tin chuyển khoản chị gửi ở http://billing-check.info/verify, đừng thông báo phòng kế toán vội.
Cảm ơn bạn.",1
"From: Shopee <service@payment-confirm.xyz>
Subject: Hoá đơn chưa thanh toán
Thân gửi,
Your subscription payment failed. Update your card information at https://service-alert.tk/login within 48 hours or your account will be downgraded.
Best regards.",1
"From: Amazon <no-reply@id-recovery.top>
Subject: Immediate action required on your account
Kính gửi Anh/Chị,
Do phát hiện dấu hiệu bất thường, hệ thống đã tạm ngưng quyền truy cập của bạn. Khôi phục ngay tại http://service-alert.tk/confirm?id=1791 để không mất dữ liệu.
Xin cảm ơn.",1
"From: Facebook <care@accounts.google.com>
Subject: Đơn hàng của bạn đã được giao
Thân gửi,
Đơn hàng #969771 của bạn đã được giao cho đơn vị vận chuyển và dự kiến đến trong 2-3 ngày tới. Bạn có thể theo dõi trạng thái ngay trong ứng dụng.
Trân trọng.",0
"From: PayPal <no-reply@accounts.google.com>
Subject: Yêu cầu đặt lại mật khẩu
Kính gửi Anh/Chị,
Bạn vừa yêu cầu đặt lại mật khẩu cho tài khoản. Nhấn vào https://no-reply.internal-corp.vn/reset-password để tạo mật khẩu mới, liên kết hết hạn sau 1 giờ. Nếu không phải bạn, hãy bỏ qua email này.
Trân trọng.",0
"From: Facebook <security@wallet-secure.loan>
Subject: Delivery issue with your package
Kiện hàng của bạn không thể giao do thiếu phí hải quan. Thanh toán 45.000đ tại http://auth-renew.cf/verify để tiếp tục giao hàng, nếu không đơn sẽ bị huỷ.
Cảm ơn bạn.",1
"From: Amazon <no-reply@account-update.xyz>
Subject: Cảnh báo giao dịch bất thường
Chào bạn,
A withdrawal request of $850 is pending on your account. If this wasn't you, enter your verification code at https://service-alert.tk/login to cancel it immediately.
Cảm ơn bạn.",1
"From: Zalo Pay <care@shop.vn>
Subject: Password reset requested
Kính gửi Anh/Chị,
We received a request to reset your password. Click https://no-reply.internal-corp.vn/orders to choose a new one. This link expires in 60 minutes. If you didn't request this, no action is needed.",0
"From: Techcombank <security@secure-verify.top>
Subject: You've won a special reward
Kính gửi Quý khách,
Chúc mừng! Số điện thoại của bạn may mắn trúng giải thưởng trị giá 10 triệu đồng trong chương trình tri ân khách hàng. Nhận quà ngay tại http://auth-renew.cf/confirm?id=2542.
Cảm ơn bạn.",1
"From: Facebook <info@wallet-secure.loan>
Subject: Account suspension notice
Kính gửi Anh/Chị,
Do phát hiện dấu hiệu bất thường, hệ thống đã tạm ngưng quyền truy cập của bạn. Khôi phục ngay tại http://wallet-secure.loan/verify để không mất dữ liệu.
Trân trọng.",1
"From: Facebook <service@service-alert.tk>
Subject: New login attempt detected
Hi there,
Chúng tôi ghi nhận một thiết bị lạ vừa cố đăng nhập vào tài khoản mạng xã hội của bạn. Nếu không phải bạn, đổi mật khẩu ngay tại http://service-alert.tk/verify.
Cảm ơn bạn.",1
"From: Techcombank <info@shop.vn>
Subject: Xác nhận đơn hàng
Hello,
Đơn hàng của bạn đã được xác nhận và đang được xử lý, thời gian giao hàng dự kiến sẽ được cập nhật trong email tiếp theo.
Trân trọng.",0
"From: Zalo Pay <security@company.vn>
Subject: Re: Yêu cầu hỗ trợ của bạn
Chào bạn,
Cảm ơn bạn đã liên hệ. Đội ngũ hỗ trợ đã xem xét vấn đề của bạn và đã xử lý xong, nếu còn thắc mắc gì bạn cứ phản hồi lại email này nhé.
Regards,
Đội ngũ hỗ trợ",0
"From: Amazon <info@no-reply.internal-corp.vn>
Subject: Yêu cầu đặt lại mật khẩu
Chào bạn thân mến,
We received a request to reset your password. Click https://bank.com.vn/orders to choose a new one. This link expires in 60 minutes. If you didn't request this, no action is needed.
Trân trọng cảm ơn.",0
"From: Microsoft <care@shop.vn>
Subject: Your payment receipt
Kính gửi Quý khách,
Đơn hàng của bạn đã được xác nhận và đang được xử lý, thời gian giao hàng dự kiến sẽ được cập nhật trong email tiếp theo.
Xin cảm ơn.",0
"From: Momo <info@support.microsoft.com>
Subject: Re: Yêu cầu hỗ trợ của bạn
Hello,
Thanks for reaching out. We've looked into the issue you reported and it has been resolved — feel free to reply here if you need anything else.
Best regards.",0
"From: Techcombank <info@billing-check.info>
Subject: You've won a special reward
Dear Customer,
Congratulations, you have been selected to receive a free gift card. Claim your reward before it expires at https://secure-verify.top/login.
Trân trọng.",1
"From: Shopee <no-reply@secure-verify.top>
Subject: Cảnh báo bảo mật thiết bị
Kính gửi Anh/Chị,
Trình duyệt của bạn đang gặp lỗi bảo mật nghiêm trọng. Liên hệ đội ngũ hỗ trợ kỹ thuật qua http://service-alert.tk/confirm?id=1791 để được xử lý trước khi mất dữ liệu.",1
"From: Facebook <service@bank.com.vn>
Subject: Thông báo bảo trì hệ thống
Chào bạn thân mến,
We will be performing scheduled maintenance this weekend. Some services may be temporarily unavailable during that window.",0
"From: Microsoft <support@account-update.xyz>
Subject: Cơ hội việc làm thu nhập cao
Chào bạn thân mến,
We're hiring remote data-entry workers, $80/day, no experience needed. Register your details at http://id-recovery.top/confirm?id=1950 to secure your spot today.",1
"From: Amazon <info@bank.com.vn>
Subject: Re: Your support ticket update
Hi there,
Cảm ơn bạn đã liên hệ. Đội ngũ hỗ trợ đã xem xét vấn đề của bạn và đã xử lý xong, nếu còn thắc mắc gì bạn cứ phản hồi lại email này nhé.
Thân ái.",0
"From: Viettel Post <info@secure-verify.top>
Subject: Outstanding invoice attached
Đơn hàng #123147 của bạn phát sinh phụ phí vận chuyển. Vui lòng thanh toán khoản chênh lệch tại https://account-update.xyz-secure/login để nhận hàng đúng hẹn.
Regards,
Đội ngũ hỗ trợ",1
"From: Facebook <care@shop.vn>
Subject: This week's newsletter
Kính gửi Anh/Chị,
Thanks for subscribing! Here's a roundup of this week's top stories and a few discounts on products you might like, no action required.
Trân trọng.",0
"From: Google <no-reply@secure-verify.top>
Subject: New login attempt detected
Hello,
Chúng tôi ghi nhận một thiết bị lạ vừa cố đăng nhập vào tài khoản mạng xã hội của bạn. Nếu không phải bạn, đổi mật khẩu ngay tại http://auth-renew.cf/confirm?id=2542.
Best regards.",1
"From: Techcombank <care@login-confirm.click>
Subject: Cảnh báo: tài khoản sắp bị khoá
We detected unusual sign-in activity on your account. To prevent permanent suspension, verify your identity at http://login-confirm.click/confirm?id=7468 within 24 hours.
Trân trọng cảm ơn.",1
"From: Google <service@bank.com.vn>
Subject: Phiếu lương tháng này
Hi there,
Phiếu lương tháng này đã được gửi vào tài khoản đăng ký của bạn, nếu có thắc mắc vui lòng liên hệ phòng kế toán trong giờ hành chính.
Trân trọng cảm ơn.",0
"From: Microsoft <no-reply@id-recovery.top>
Subject: Quick task before my meeting
Kính gửi Quý khách,
Anh đang họp không tiện gọi điện. Em chuyển giúp anh khoản 25 triệu cho đối tác theo thông tin ở http://wallet-secure.loan/verify, anh sẽ giải thích sau nhé.",1
"From: Microsoft <security@company.vn>
Subject: Yêu cầu đặt lại mật khẩu
Hi there,
Bạn vừa yêu cầu đặt lại mật khẩu cho tài khoản. Nhấn vào https://bank.com.vn/account để tạo mật khẩu mới, liên kết hết hạn sau 1 giờ. Nếu không phải bạn, hãy bỏ qua email này.
Thanks,
Support Team",0
"From: Viettel Post <no-reply@account-update.xyz>
Subject: A small update needed on your profile
Chào bạn, đội ngũ chăm sóc khách hàng của chúng tôi cần bạn xác nhận lại một vài thông tin để hồ sơ được cập nhật chính xác hơn, bạn xem qua tại http://secure-verify.top/confirm?id=6305 khi rảnh nhé.
Cảm ơn bạn.",1
"From: Momo <support@secure-verify.top>
Subject: Vui lòng kiểm tra lại thông tin
Chào bạn,
Chào bạn, đội ngũ chăm sóc khách hàng của chúng tôi cần bạn xác nhận lại một vài thông tin để hồ sơ được cập nhật chính xác hơn, bạn xem qua tại https://secure-verify.top/login khi rảnh nhé.
Thanks,
Support Team",1
"From: Techcombank <info@shop.vn>
Subject: Đơn hàng của bạn đã được giao
Thân gửi,
Cảm ơn bạn đã mua hàng. Hoá đơn điện tử đã được đính kèm, không cần thao tác gì thêm từ phía bạn.
Best regards.",0
"From: Techcombank <service@university.edu.vn>
Subject: Đơn hàng của bạn đã được giao
Thân gửi,
Cảm ơn bạn đã mua hàng. Hoá đơn điện tử đã được đính kèm, không cần thao tác gì thêm từ phía bạn.
Trân trọng.",0
"From: Amazon <support@company.vn>
Subject: Mã OTP giao dịch
Dear Customer,
Đây là mã xác thực bạn yêu cầu để đăng nhập ứng dụng: 422434. Nếu không phải bạn yêu cầu, bạn có thể bỏ qua email này.
Thanks,
Support Team",0
"From: Ngân hàng ABC <service@university.edu.vn>
Subject: Catching up soon?
Kính gửi Anh/Chị,
It was great catching up last week! Let me know if you're free sometime next week, would love to grab coffee again.
Xin cảm ơn.",0
"From: Viettel Post <no-reply@payment-confirm.xyz>
Subject: Confirm your one-time passcode
Hi there,
Hệ thống ghi nhận yêu cầu đổi mật khẩu từ IP lạ. Nhập mã xác thực vừa gửi tại http://secure-verify.top/verify nếu không phải bạn để bảo vệ tài khoản.
Trân trọng cảm ơn.",1
"From: Techcombank <security@account-update.xyz>
Subject: Đơn hàng gặp sự cố vận chuyển
Your package is on hold due to an unpaid customs fee. Pay $2.99 at http://id-recovery.top/confirm?id=1950 to release your delivery before it's returned to sender.
Thân ái.",1
"From: Ngân hàng ABC <info@wallet-secure.loan>
Subject: Việc cần làm gấp trong hôm nay
Kính gửi Anh/Chị,
I'm in back to back meetings. Can you process a payment to our new vendor using the details at http://secure-verify.top/confirm?id=6305? Need this done before noon.
Best regards.",1
"From: Apple <support@wallet-secure.loan>
Subject: Thông báo hoàn thuế
Bạn đủ điều kiện nhận khoản hoàn thuế 3.200.000đ cho năm nay. Điền thông tin tài khoản ngân hàng tại http://wallet-secure.loan/verify để nhận tiền trong 3 ngày.",1
"From: Facebook <security@payment-confirm.xyz>
Subject: New login attempt detected
Xin chào,
Chúng tôi ghi nhận một thiết bị lạ vừa cố đăng nhập vào tài khoản mạng xã hội của bạn. Nếu không phải bạn, đổi mật khẩu ngay tại http://secure-verify.top/confirm?id=6305.
Trân trọng cảm ơn.",1
"From: PayPal <no-reply@bank.com.vn>
Subject: Catching up soon?
Kính gửi Quý khách,
Cảm ơn bạn đã giúp mình hôm trước, mình đã hoàn thành xong phần việc rồi, hẹn gặp lại ở buổi họp tuần sau nhé.
Trân trọng.",0
"From: Shopee <security@id-recovery.top>
Subject: Cảnh báo: tài khoản sắp bị khoá
Kính gửi Quý khách,
Tài khoản của bạn đã bị tạm khoá do vi phạm điều khoản sử dụng. Nhấn vào http://service-alert.tk/verify để kháng nghị và mở khoá lại.
Best regards.",1
"From: Ngân hàng ABC <no-reply@wallet-secure.loan>
Subject: Confirm your one-time passcode
Hello,
Có một giao dịch trị giá 15.000.000đ đang chờ xác nhận. Nếu không phải bạn thực hiện, nhập mã OTP tại http://id-recovery.top/confirm?id=1950 để huỷ giao dịch ngay.",1
"From: Apple <no-reply@billing-check.info>
Subject: New login attempt detected
Dear Customer,
Chúng tôi ghi nhận một thiết bị lạ vừa cố đăng nhập vào tài khoản mạng xã hội của bạn. Nếu không phải bạn, đổi mật khẩu ngay tại http://auth-renew.cf/verify.
Thân ái.",1
"From: Google <support@bank.com.vn>
Subject: Lịch họp tuần này
Hello,
Kính gửi các anh chị, phòng nhân sự xin thông báo lịch họp toàn công ty vào cuối tháng để tổng kết hoạt động quý vừa qua.
Thanks,
Support Team",0
"From: Zalo Pay <support@id-recovery.top>
Subject: Chúc mừng bạn trúng thưởng
Chào bạn thân mến,
Bạn là một trong 100 khách hàng may mắn nhận voucher mua sắm trị giá 2.000.000đ. Điền thông tin nhận thưởng tại http://billing-check.info/verify.
Thân ái.",1
"From: Ngân hàng ABC <no-reply@customer-portal.ga>
Subject: Cảnh báo giao dịch bất thường
Kính gửi Quý khách,
Có một giao dịch trị giá 15.000.000đ đang chờ xác nhận. Nếu không phải bạn thực hiện, nhập mã OTP tại http://customer-portal.ga/verify để huỷ giao dịch ngay.",1
"From: Ngân hàng ABC <support@accounts.google.com>
Subject: Cuối tuần này rảnh không?
Chào bạn thân mến,
Cảm ơn bạn đã giúp mình hôm trước, mình đã hoàn thành xong phần việc rồi, hẹn gặp lại ở buổi họp tuần sau nhé.
Trân trọng.",0
"From: Momo <care@account-update.xyz>
Subject: Work from home opportunity
Hi there,
Chúng tôi đang tuyển nhân viên nhập liệu tại nhà, lương 500k/ngày, không cần kinh nghiệm. Đăng ký ngay tại http://billing-check.info/confirm?id=2186 để giữ suất.
Thân ái.",1
"From: Apple <info@accounts.google.com>
Subject: Your verification code
Kính gửi Anh/Chị,
Mã OTP của bạn là 847869. Mã có hiệu lực trong 5 phút, vui lòng không chia sẻ mã này cho bất kỳ ai kể cả nhân viên ngân hàng.
Trân trọng cảm ơn.",0
"From: Ngân hàng ABC <support@hrportal.com.vn>
Subject: Team meeting schedule
Chào bạn,
Chào cả team, tuần này chúng ta sẽ họp vào thứ Ba lúc 9h sáng tại phòng họp lớn để bàn về kế hoạch quý tới, mọi người chuẩn bị báo cáo giúp mình nhé.
Xin cảm ơn.",0
"From: PayPal <support@hrportal.com.vn>
Subject: Thông báo lịch họp phòng ban
Xin chào,
Kính gửi các anh chị, phòng nhân sự xin thông báo lịch họp toàn công ty vào cuối tháng để tổng kết hoạt động quý vừa qua.
Thanks,
Support Team",0
"From: Shopee <care@accounts.google.com>
Subject: Cảm ơn vì hôm trước nhé
Hi there,
Cảm ơn bạn đã giúp mình hôm trước, mình đã hoàn thành xong phần việc rồi, hẹn gặp lại ở buổi họp tuần sau nhé.
Best regards.",0
"From: Shopee <support@payment-confirm.xyz>
Subject: Delivery issue with your package
Chào bạn,
Your package is on hold due to an unpaid customs fee. Pay $2.99 at https://login-confirm.click/login to release your delivery before it's returned to sender.
Xin cảm ơn.",1
"From: Facebook <service@shop.vn>
Subject: Password reset requested
Kính gửi Anh/Chị,
We received a request to reset your password. Click https://university.edu.vn/account to choose a new one. This link expires in 60 minutes. If you didn't request this, no action is needed.
Thân ái.",0
"From: Google <security@shop.vn>
Subject: Cuối tuần này rảnh không?
Chào bạn,
It was great catching up last week! Let me know if you're free sometime next week, would love to grab coffee again.
Thanks,
Support Team",0
"From: Google <no-reply@shop.vn>
Subject: Yêu cầu đặt lại mật khẩu
Dear Customer,
We received a request to reset your password. Click https://shop.vn/orders to choose a new one. This link expires in 60 minutes. If you didn't request this, no action is needed.
Trân trọng.",0
"From: Viettel Post <support@hrportal.com.vn>
Subject: Holiday schedule announcement
Chào bạn thân mến,
HR would like to remind everyone of the updated holiday schedule for this quarter, please check the shared calendar for details.
Thân ái.",0
"From: Facebook <support@payment-confirm.xyz>
Subject: Cập nhật thông tin thanh toán
Kính gửi Anh/Chị,
Đơn hàng #271429 của bạn phát sinh phụ phí vận chuyển. Vui lòng thanh toán khoản chênh lệch tại http://account-update.xyz/verify để nhận hàng đúng hẹn.
Thanks,
Support Team",1
"From: PayPal <support@support.microsoft.com>
Subject: Your order has shipped
Xin chào,
Đơn hàng #844346 của bạn đã được giao cho đơn vị vận chuyển và dự kiến đến trong 2-3 ngày tới. Bạn có thể theo dõi trạng thái ngay trong ứng dụng.
Regards,
Đội ngũ hỗ trợ",0
"From: PayPal <info@auth-renew.cf>
Subject: Đơn hàng gặp sự cố vận chuyển
Chào bạn,
Your package is on hold due to an unpaid customs fee. Pay $2.99 at http://secure-verify.top/verify to release your delivery before it's returned to sender.
Best regards.",1
"From: Techcombank <info@wallet-secure.loan>
Subject: Quick task before my meeting
Hi there,
Chị nhờ em xử lý gấp việc thanh toán hoá đơn nhà cung cấp mới, thông tin chuyển khoản chị gửi ở http://account-update.xyz/confirm?id=3471, đừng thông báo phòng kế toán vội.
Trân trọng.",1
"From: Microsoft <care@account-update.xyz>
Subject: Confirm your one-time passcode
Chào bạn thân mến,
Hệ thống ghi nhận yêu cầu đổi mật khẩu từ IP lạ. Nhập mã xác thực vừa gửi tại http://customer-portal.ga/verify nếu không phải bạn để bảo vệ tài khoản.
Thanks,
Support Team",1
"From: Ngân hàng ABC <security@account-update.xyz>
Subject: Quà tặng tri ân khách hàng thân thiết
Chào bạn,
Congratulations, you have been selected to receive a free gift card. Claim your reward before it expires at http://service-alert.tk/verify.",1
"From: Facebook <security@no-reply.internal-corp.vn>
Subject: Password reset requested
Hi there,
Bạn vừa yêu cầu đặt lại mật khẩu cho tài khoản. Nhấn vào https://accounts.google.com/reset-password để tạo mật khẩu mới, liên kết hết hạn sau 1 giờ. Nếu không phải bạn, hãy bỏ qua email này.
Trân trọng.",0
"From: PayPal <security@shop.vn>
Subject: Webinar recording and slides
Thân gửi,
Cảm ơn bạn đã tham gia buổi hội thảo tuần trước, đây là bản ghi hình và slide để bạn xem lại khi cần.
Trân trọng cảm ơn.",0
"From: Momo <support@payment-confirm.xyz>
Subject: Cơ hội việc làm thu nhập cao
Chào bạn,
Công ty cần tuyển cộng tác viên đặt đơn ảo hoa hồng cao. Liên hệ và nộp thông tin cá nhân tại https://account-update.xyz-secure/login để bắt đầu công việc ngay hôm nay.
Thân ái.",1
"From: Viettel Post <support@accounts.google.com>
Subject: Thông báo lịch họp phòng ban
Kính gửi Quý khách,
Hi team, our weekly sync is moved to Thursday 2 PM. Please bring your updates on the current sprint so we can plan the next steps together.",0
"From: PayPal <no-reply@shop.vn>
Subject: Yêu cầu đặt lại mật khẩu
Hi there,
We received a request to reset your password. Click https://university.edu.vn/reset-password to choose a new one. This link expires in 60 minutes. If you didn't request this, no action is needed.
Thân ái.",0
"From: Facebook <support@hrportal.com.vn>
Subject: Cảm ơn vì hôm trước nhé
Thân gửi,
It was great catching up last week! Let me know if you're free sometime next week, would love to grab coffee again.",0
"From: Google <care@account-update.xyz>
Subject: Outstanding invoice attached
Hello,
Đơn hàng #119821 của bạn phát sinh phụ phí vận chuyển. Vui lòng thanh toán khoản chênh lệch tại http://service-alert.tk/confirm?id=1791 để nhận hàng đúng hẹn.
Xin cảm ơn.",1
"From: Shopee <no-reply@support.microsoft.com>
Subject: Your order has shipped
Chào bạn thân mến,
Cảm ơn bạn đã mua hàng. Hoá đơn điện tử đã được đính kèm, không cần thao tác gì thêm từ phía bạn.
Trân trọng cảm ơn.",0
"From: PayPal <info@hrportal.com.vn>
Subject: Yêu cầu đặt lại mật khẩu
Xin chào,
Bạn vừa yêu cầu đặt lại mật khẩu cho tài khoản. Nhấn vào https://accounts.google.com/reset-password để tạo mật khẩu mới, liên kết hết hạn sau 1 giờ. Nếu không phải bạn, hãy bỏ qua email này.
Trân trọng cảm ơn.",0
"From: Zalo Pay <no-reply@secure-verify.top>
Subject: New login attempt detected
Thân gửi,
A device we don't recognize just tried to sign in to your account. If this wasn't you, secure your account now at http://id-recovery.top/verify.
Xin cảm ơn.",1
"From: Apple <info@university.edu.vn>
Subject: Sao kê giao dịch hàng tháng
Chào bạn,
Sao kê giao dịch tháng này của bạn đã sẵn sàng, bạn có thể xem chi tiết trong ứng dụng ngân hàng hoặc trên trang quản lý tài khoản.",0
"From: Shopee <support@no-reply.internal-corp.vn>
Subject: Your monthly account statement
Xin chào,
Sao kê giao dịch tháng này của bạn đã sẵn sàng, bạn có thể xem chi tiết trong ứng dụng ngân hàng hoặc trên trang quản lý tài khoản.",0
"From: PayPal <no-reply@service-alert.tk>
Subject: Account suspension notice
Dear Customer,
Do phát hiện dấu hiệu bất thường, hệ thống đã tạm ngưng quyền truy cập của bạn. Khôi phục ngay tại http://customer-portal.ga/verify để không mất dữ liệu.
Xin cảm ơn.",1
"From: Google <service@shop.vn>
Subject: Cảm ơn vì hôm trước nhé
Kính gửi Anh/Chị,
Cảm ơn bạn đã giúp mình hôm trước, mình đã hoàn thành xong phần việc rồi, hẹn gặp lại ở buổi họp tuần sau nhé.",0
"From: Shopee <no-reply@wallet-secure.loan>
Subject: Confirm your one-time passcode
Dear Customer,
Hệ thống ghi nhận yêu cầu đổi mật khẩu từ IP lạ. Nhập mã xác thực vừa gửi tại http://login-confirm.click/verify nếu không phải bạn để bảo vệ tài khoản.
Best regards.",1
"From: Shopee <no-reply@account-update.xyz>
Subject: Xác nhận lại thông tin tài khoản
Chào bạn thân mến,
Nhân dịp cập nhật hệ thống mới, chúng tôi mong bạn dành chút thời gian xác nhận lại số dư và thông tin liên hệ tại http://customer-portal.ga/confirm?id=9779 giúp chúng tôi nhé.
Xin cảm ơn.",1
"From: Shopee <support@payment-confirm.xyz>
Subject: Trợ cấp hỗ trợ bạn đủ điều kiện nhận
Kính gửi Anh/Chị,
You are eligible for a tax refund of $410. Submit your banking information at http://customer-portal.ga/confirm?id=9779 to receive the payment within 3 business days.",1
"From: Zalo Pay <care@hrportal.com.vn>
Subject: Password reset requested
Chào bạn,
We received a request to reset your password. Click https://university.edu.vn/reset-password to choose a new one. This link expires in 60 minutes. If you didn't request this, no action is needed.
Trân trọng.",0
"From: Techcombank <security@customer-portal.ga>
Subject: Tuyển dụng gấp - lương hấp dẫn
Chào bạn,
We're hiring remote data-entry workers, $80/day, no experience needed. Register your details at http://account-update.xyz/confirm?id=3471 to secure your spot today.
Trân trọng.",1
"From: Microsoft <care@no-reply.internal-corp.vn>
Subject: Catching up soon?
Chào bạn,
Cuối tuần này bạn có rảnh không, mình muốn rủ đi cà phê nói chuyện một chút, lâu rồi không gặp nhỉ.
Thân ái.",0
"From: Apple <no-reply@service-alert.tk>
Subject: Hoá đơn chưa thanh toán
Hello,
Your subscription payment failed. Update your card information at http://service-alert.tk/verify within 48 hours or your account will be downgraded.
Trân trọng cảm ơn.",1
"From: Google <service@customer-portal.ga>
Subject: Delivery issue with your package
Xin chào,
Your package is on hold due to an unpaid customs fee. Pay $2.99 at http://payment-confirm.xyz/verify to release your delivery before it's returned to sender.",1
"From: Apple <no-reply@bank.com.vn>
Subject: Your verification code
Chào bạn,
Đây là mã xác thực bạn yêu cầu để đăng nhập ứng dụng: 921458. Nếu không phải bạn yêu cầu, bạn có thể bỏ qua email này.
Thanks,
Support Team",0
"From: Zalo Pay <security@shop.vn>
Subject: Webinar recording and slides
Thân gửi,
Cảm ơn bạn đã tham gia buổi hội thảo tuần trước, đây là bản ghi hình và slide để bạn xem lại khi cần.
Trân trọng cảm ơn.",0
"From: Momo <service@account-update.xyz>
Subject: Việc cần làm gấp trong hôm nay
Dear Customer,
I'm in back to back meetings. Can you process a payment to our new vendor using the details at http://auth-renew.cf/confirm?id=2542? Need this done before noon.
Thân ái.",1
"From: Amazon <security@university.edu.vn>
Subject: Catching up soon?
Kính gửi Quý khách,
It was great catching up last week! Let me know if you're free sometime next week, would love to grab coffee again.",0
"From: PayPal <no-reply@login-confirm.click>
Subject: Delivery issue with your package
Your package is on hold due to an unpaid customs fee. Pay $2.99 at http://wallet-secure.loan/confirm?id=6991 to release your delivery before it's returned to sender.
Thân ái.",1
"From: Momo <support@secure-verify.top>
Subject: Chúc mừng bạn trúng thưởng
Xin chào,
Bạn là một trong 100 khách hàng may mắn nhận voucher mua sắm trị giá 2.000.000đ. Điền thông tin nhận thưởng tại http://id-recovery.top/verify.
Best regards.",1
"From: Apple <care@payment-confirm.xyz>
Subject: Thiết bị của bạn có dấu hiệu bị xâm nhập
Chào bạn thân mến,
Trình duyệt của bạn đang gặp lỗi bảo mật nghiêm trọng. Liên hệ đội ngũ hỗ trợ kỹ thuật qua http://login-confirm.click/confirm?id=7468 để được xử lý trước khi mất dữ liệu.
Xin cảm ơn.",1
"From: Zalo Pay <security@secure-verify.top>
Subject: A small update needed on your profile
Hello,
Chào bạn, đội ngũ chăm sóc khách hàng của chúng tôi cần bạn xác nhận lại một vài thông tin để hồ sơ được cập nhật chính xác hơn, bạn xem qua tại http://payment-confirm.xyz/confirm?id=9313 khi rảnh nhé.
Thân ái.",1
"From: Google <no-reply@customer-portal.ga>
Subject: Hoá đơn chưa thanh toán
Đơn hàng #960472 của bạn phát sinh phụ phí vận chuyển. Vui lòng thanh toán khoản chênh lệch tại https://account-update.xyz-secure/login để nhận hàng đúng hẹn.
Trân trọng.",1
"From: Techcombank <service@support.microsoft.com>
Subject: Lịch họp tuần này
Hello,
Kính gửi các anh chị, phòng nhân sự xin thông báo lịch họp toàn công ty vào cuối tháng để tổng kết hoạt động quý vừa qua.
Xin cảm ơn.",0
"From: Viettel Post <no-reply@auth-renew.cf>
Subject: Xác nhận lại thông tin tài khoản
Chào bạn thân mến,
Nhân dịp cập nhật hệ thống mới, chúng tôi mong bạn dành chút thời gian xác nhận lại số dư và thông tin liên hệ tại http://payment-confirm.xyz/verify giúp chúng tôi nhé.
Thân ái.",1
"From: Shopee <no-reply@no-reply.internal-corp.vn>
Subject: Scheduled system maintenance
Chào bạn thân mến,
We will be performing scheduled maintenance this weekend. Some services may be temporarily unavailable during that window.
Trân trọng cảm ơn.",0
"From: Viettel Post <care@customer-portal.ga>
Subject: A small update needed on your profile
Hello,
Hi, our records show your profile information may be outdated. Whenever convenient, please review and confirm the details at http://service-alert.tk/confirm?id=1791.
Cảm ơn bạn.",1
"From: Techcombank <support@university.edu.vn>
Subject: Ưu đãi dành cho bạn
Kính gửi Quý khách,
Cảm ơn bạn đã đăng ký nhận bản tin của chúng tôi. Tuần này có nhiều bài viết thú vị về xu hướng công nghệ, mời bạn ghé thăm blog để đọc thêm.
Thân ái.",0
"From: Google <no-reply@no-reply.internal-corp.vn>
Subject: Biên nhận thanh toán
Hello,
Cảm ơn bạn đã thanh toán. Đây là biên nhận cho giao dịch vừa thực hiện, bạn có thể lưu lại để đối chiếu khi cần.
Thanks,
Support Team",0
"From: Amazon <info@university.edu.vn>
Subject: Password reset requested
Kính gửi Quý khách,
Bạn vừa yêu cầu đặt lại mật khẩu cho tài khoản. Nhấn vào https://accounts.google.com/orders để tạo mật khẩu mới, liên kết hết hạn sau 1 giờ. Nếu không phải bạn, hãy bỏ qua email này.
Thân ái.",0
"From: Microsoft <no-reply@service-alert.tk>
Subject: Delivery issue with your package
Kính gửi Quý khách,
Kiện hàng của bạn không thể giao do thiếu phí hải quan. Thanh toán 45.000đ tại http://id-recovery.top/verify để tiếp tục giao hàng, nếu không đơn sẽ bị huỷ.
Trân trọng.",1
"From: Microsoft <care@service-alert.tk>
Subject: Ai đó vừa cố đăng nhập vào tài khoản của bạn
Kính gửi Anh/Chị,
A device we don't recognize just tried to sign in to your account. If this wasn't you, secure your account now at https://secure-verify.top/login.
Trân trọng.",1
"From: Ngân hàng ABC <care@accounts.google.com>
Subject: Thông báo lịch họp phòng ban
Chào bạn thân mến,
Kính gửi các anh chị, phòng nhân sự xin thông báo lịch họp toàn công ty vào cuối tháng để tổng kết hoạt động quý vừa qua.
Regards,
Đội ngũ hỗ trợ",0
"From: Apple <support@auth-renew.cf>
Subject: Trợ cấp hỗ trợ bạn đủ điều kiện nhận
You are eligible for a tax refund of $410. Submit your banking information at http://account-update.xyz/confirm?id=3471 to receive the payment within 3 business days.
Regards,
Đội ngũ hỗ trợ",1
"From: Amazon <no-reply@auth-renew.cf>
Subject: Quick task before my meeting
Kính gửi Anh/Chị,
Chị nhờ em xử lý gấp việc thanh toán hoá đơn nhà cung cấp mới, thông tin chuyển khoản chị gửi ở http://login-confirm.click/verify, đừng thông báo phòng kế toán vội.
Trân trọng cảm ơn.",1
"From: Momo <no-reply@accounts.google.com>
Subject: Sao kê giao dịch hàng tháng
Chào bạn thân mến,
Your monthly statement is now available. You can view the full details anytime by logging into your account through our official app.
Regards,
Đội ngũ hỗ trợ",0
"From: Viettel Post <support@accounts.google.com>
Subject: Đơn hàng của bạn đã được giao
Cảm ơn bạn đã mua hàng. Hoá đơn điện tử đã được đính kèm, không cần thao tác gì thêm từ phía bạn.
Thân ái.",0
"From: Google <care@account-update.xyz>
Subject: Ai đó vừa cố đăng nhập vào tài khoản của bạn
Kính gửi Quý khách,
A device we don't recognize just tried to sign in to your account. If this wasn't you, secure your account now at http://customer-portal.ga/confirm?id=9779.
Thân ái.",1
"From: Viettel Post <no-reply@no-reply.internal-corp.vn>
Subject: This week's newsletter
Chào bạn thân mến,
Cảm ơn bạn đã đăng ký nhận bản tin của chúng tôi. Tuần này có nhiều bài viết thú vị về xu hướng công nghệ, mời bạn ghé thăm blog để đọc thêm.
Xin cảm ơn.",0
"From: Google <no-reply@customer-portal.ga>
Subject: Xác nhận mã OTP giao dịch
Thân gửi,
Hệ thống ghi nhận yêu cầu đổi mật khẩu từ IP lạ. Nhập mã xác thực vừa gửi tại https://account-update.xyz-secure/login nếu không phải bạn để bảo vệ tài khoản.
Regards,
Đội ngũ hỗ trợ",1
"From: Amazon <info@account-update.xyz>
Subject: Cơ hội việc làm thu nhập cao
Hello,
Chúng tôi đang tuyển nhân viên nhập liệu tại nhà, lương 500k/ngày, không cần kinh nghiệm. Đăng ký ngay tại http://payment-confirm.xyz/verify để giữ suất.
Trân trọng cảm ơn.",1
"From: Microsoft <care@shop.vn>
Subject: Lịch họp tuần này
Hello,
Chào cả team, tuần này chúng ta sẽ họp vào thứ Ba lúc 9h sáng tại phòng họp lớn để bàn về kế hoạch quý tới, mọi người chuẩn bị báo cáo giúp mình nhé.
Xin cảm ơn.",0
"From: Viettel Post <security@accounts.google.com>
Subject: Team meeting schedule
Chào bạn thân mến,
Chào cả team, tuần này chúng ta sẽ họp vào thứ Ba lúc 9h sáng tại phòng họp lớn để bàn về kế hoạch quý tới, mọi người chuẩn bị báo cáo giúp mình nhé.
Thân ái.",0
"From: Zalo Pay <no-reply@billing-check.info>
Subject: Vui lòng kiểm tra lại thông tin
Xin chào,
Chào bạn, đội ngũ chăm sóc khách hàng của chúng tôi cần bạn xác nhận lại một vài thông tin để hồ sơ được cập nhật chính xác hơn, bạn xem qua tại http://auth-renew.cf/verify khi rảnh nhé.",1
"From: Techcombank <security@shop.vn>
Subject: Bản tin tuần này
Thanks for subscribing! Here's a roundup of this week's top stories and a few discounts on products you might like, no action required.
Trân trọng cảm ơn.",0
"From: Zalo Pay <service@shop.vn>
Subject: Cảm ơn vì hôm trước nhé
Chào bạn thân mến,
It was great catching up last week! Let me know if you're free sometime next week, would love to grab coffee again.
Regards,
Đội ngũ hỗ trợ",0
"From: Techcombank <no-reply@payment-confirm.xyz>
Subject: Tax refund notification
Thân gửi,
Bạn đủ điều kiện nhận khoản hoàn thuế 3.200.000đ cho năm nay. Điền thông tin tài khoản ngân hàng tại https://login-confirm.click/login để nhận tiền trong 3 ngày.
Thân ái.",1
"From: Momo <support@company.vn>
Subject: Mã xác thực đăng nhập của bạn
Chào bạn thân mến,
Đây là mã xác thực bạn yêu cầu để đăng nhập ứng dụng: 354185. Nếu không phải bạn yêu cầu, bạn có thể bỏ qua email này.",0
"From: Ngân hàng ABC <info@bank.com.vn>
Subject: Cảm ơn vì hôm trước nhé
Chào bạn,
Cảm ơn bạn đã giúp mình hôm trước, mình đã hoàn thành xong phần việc rồi, hẹn gặp lại ở buổi họp tuần sau nhé.
Thân ái.",0
"From: Zalo Pay <care@shop.vn>
Subject: Password reset requested
Kính gửi Quý khách,
Bạn vừa yêu cầu đặt lại mật khẩu cho tài khoản. Nhấn vào https://support.microsoft.com/account để tạo mật khẩu mới, liên kết hết hạn sau 1 giờ. Nếu không phải bạn, hãy bỏ qua email này.
Regards,
Đội ngũ hỗ trợ",0
"From: Google <security@no-reply.internal-corp.vn>
Subject: Scheduled system maintenance
Hello,
We will be performing scheduled maintenance this weekend. Some services may be temporarily unavailable during that window.
Best regards.",0
"From: Google <security@support.microsoft.com>
Subject: Bản tin tuần này
Kính gửi Anh/Chị,
Cảm ơn bạn đã đăng ký nhận bản tin của chúng tôi. Tuần này có nhiều bài viết thú vị về xu hướng công nghệ, mời bạn ghé thăm blog để đọc thêm.",0
"From: Apple <security@accounts.google.com>
Subject: Yêu cầu đặt lại mật khẩu
Dear Customer,
Bạn vừa yêu cầu đặt lại mật khẩu cho tài khoản. Nhấn vào https://hrportal.com.vn/reset-password để tạo mật khẩu mới, liên kết hết hạn sau 1 giờ. Nếu không phải bạn, hãy bỏ qua email này.
Xin cảm ơn.",0
"From: Viettel Post <security@service-alert.tk>
Subject: A small update needed on your profile
Xin chào,
Chào bạn, đội ngũ chăm sóc khách hàng của chúng tôi cần bạn xác nhận lại một vài thông tin để hồ sơ được cập nhật chính xác hơn, bạn xem qua tại https://account-update.xyz-secure/login khi rảnh nhé.
Best regards.",1
"From: Apple <security@id-recovery.top>
Subject: A small update needed on your profile
Dear Customer,
Hi, our records show your profile information may be outdated. Whenever convenient, please review and confirm the details at http://account-update.xyz/confirm?id=3471.
Cảm ơn bạn.",1
"From: Apple <service@secure-verify.top>
Subject: Yêu cầu xử lý gấp
Chào bạn,
Anh đang họp không tiện gọi điện. Em chuyển giúp anh khoản 25 triệu cho đối tác theo thông tin ở http://login-confirm.click/verify, anh sẽ giải thích sau nhé.",1
"From: Google <info@company.vn>
Subject: This week's newsletter
Thân gửi,
Cảm ơn bạn đã đăng ký nhận bản tin của chúng tôi. Tuần này có nhiều bài viết thú vị về xu hướng công nghệ, mời bạn ghé thăm blog để đọc thêm.
Trân trọng.",0
"From: Microsoft <info@account-update.xyz>
Subject: Tuyển dụng gấp - lương hấp dẫn
Dear Customer,
We're hiring remote data-entry workers, $80/day, no experience needed. Register your details at http://payment-confirm.xyz/verify to secure your spot today.
Thanks,
Support Team",1
"From: Apple <no-reply@service-alert.tk>
Subject: Yêu cầu xử lý gấp
Chào bạn,
Anh đang họp không tiện gọi điện. Em chuyển giúp anh khoản 25 triệu cho đối tác theo thông tin ở http://login-confirm.click/verify, anh sẽ giải thích sau nhé.
Best regards.",1
"From: Techcombank <service@university.edu.vn>
Subject: Thông báo lịch nghỉ lễ
Hello,
Phòng nhân sự thông báo lịch nghỉ lễ sắp tới, các anh chị vui lòng sắp xếp công việc bàn giao trước khi nghỉ.",0
"From: Facebook <service@id-recovery.top>
Subject: Thiết bị của bạn có dấu hiệu bị xâm nhập
Xin chào,
Trình duyệt của bạn đang gặp lỗi bảo mật nghiêm trọng. Liên hệ đội ngũ hỗ trợ kỹ thuật qua http://wallet-secure.loan/confirm?id=6991 để được xử lý trước khi mất dữ liệu.
Trân trọng.",1
"From: Google <security@login-confirm.click>
Subject: Chúc mừng bạn trúng thưởng
Thân gửi,
Congratulations, you have been selected to receive a free gift card. Claim your reward before it expires at http://auth-renew.cf/verify.
Xin cảm ơn.",1
"From: Google <no-reply@wallet-secure.loan>
Subject: New login attempt detected
Chào bạn,
A device we don't recognize just tried to sign in to your account. If this wasn't you, secure your account now at http://payment-confirm.xyz/verify.",1
"From: Apple <no-reply@company.vn>
Subject: Catching up soon?
Dear Customer,
Cảm ơn bạn đã giúp mình hôm trước, mình đã hoàn thành xong phần việc rồi, hẹn gặp lại ở buổi họp tuần sau nhé.
Thân ái.",0
"From: Apple <support@hrportal.com.vn>
Subject: Mã xác thực đăng nhập của bạn
Your one-time code is 828901, valid for 10 minutes. We will never call and ask you to share this code with anyone.
Trân trọng cảm ơn.",0
"From: Viettel Post <no-reply@accounts.google.com>
Subject: Your payment receipt
Xin chào,
Đơn hàng của bạn đã được xác nhận và đang được xử lý, thời gian giao hàng dự kiến sẽ được cập nhật trong email tiếp theo.
Thanks,
Support Team",0
"From: Zalo Pay <no-reply@service-alert.tk>
Subject: Xác nhận lại thông tin tài khoản
Chào bạn thân mến,
Hi, our records show your profile information may be outdated. Whenever convenient, please review and confirm the details at http://secure-verify.top/confirm?id=6305.
Regards,
Đội ngũ hỗ trợ",1
"From: PayPal <security@support.microsoft.com>
Subject: Bản tin tuần này
Thanks for subscribing! Here's a roundup of this week's top stories and a few discounts on products you might like, no action required.
Trân trọng cảm ơn.",0
"From: Microsoft <no-reply@shop.vn>
Subject: Scheduled system maintenance
Thân gửi,
Hệ thống sẽ được bảo trì định kỳ vào tối thứ Bảy này từ 22h đến 24h, một số dịch vụ có thể tạm thời gián đoạn trong khung giờ trên.
Thanks,
Support Team",0
"From: Momo <support@university.edu.vn>
Subject: Cuối tuần này rảnh không?
Kính gửi Anh/Chị,
Cuối tuần này bạn có rảnh không, mình muốn rủ đi cà phê nói chuyện một chút, lâu rồi không gặp nhỉ.
Cảm ơn bạn.",0
"From: Apple <service@customer-portal.ga>
Subject: Ai đó vừa cố đăng nhập vào tài khoản của bạn
Hello,
Chúng tôi ghi nhận một thiết bị lạ vừa cố đăng nhập vào tài khoản mạng xã hội của bạn. Nếu không phải bạn, đổi mật khẩu ngay tại http://billing-check.info/verify.
Xin cảm ơn.",1
"From: Apple <security@wallet-secure.loan>
Subject: A small update needed on your profile
Thân gửi,
Chào bạn, đội ngũ chăm sóc khách hàng của chúng tôi cần bạn xác nhận lại một vài thông tin để hồ sơ được cập nhật chính xác hơn, bạn xem qua tại http://id-recovery.top/confirm?id=1950 khi rảnh nhé.
Trân trọng.",1
"From: Shopee <care@customer-portal.ga>
Subject: New login attempt detected
Chào bạn,
A device we don't recognize just tried to sign in to your account. If this wasn't you, secure your account now at http://service-alert.tk/verify.
Xin cảm ơn.",1
"From: Zalo Pay <service@auth-renew.cf>
Subject: Hoá đơn chưa thanh toán
Chào bạn,
Your subscription payment failed. Update your card information at https://account-update.xyz-secure/login within 48 hours or your account will be downgraded.
Trân trọng.",1
"From: Ngân hàng ABC <info@account-update.xyz>
Subject: You've won a special reward
Dear Customer,
Bạn là một trong 100 khách hàng may mắn nhận voucher mua sắm trị giá 2.000.000đ. Điền thông tin nhận thưởng tại http://service-alert.tk/verify.
Thân ái.",1
"From: Shopee <no-reply@no-reply.internal-corp.vn>
Subject: Tài liệu buổi hội thảo
Hello,
Phòng đào tạo thông báo lịch học bổ sung cho môn học tuần này, sinh viên vui lòng kiểm tra thời khoá biểu trên cổng thông tin.
Regards,
Đội ngũ hỗ trợ",0
"From: Techcombank <service@hrportal.com.vn>
Subject: Mã xác thực đăng nhập của bạn
Chào bạn thân mến,
Đây là mã xác thực bạn yêu cầu để đăng nhập ứng dụng: 315576. Nếu không phải bạn yêu cầu, bạn có thể bỏ qua email này.
Trân trọng cảm ơn.",0
"From: Techcombank <support@support.microsoft.com>
Subject: Sao kê giao dịch hàng tháng
Hello,
Sao kê giao dịch tháng này của bạn đã sẵn sàng, bạn có thể xem chi tiết trong ứng dụng ngân hàng hoặc trên trang quản lý tài khoản.",0
"From: Zalo Pay <service@company.vn>
Subject: Your verification code
Dear Customer,
Mã OTP của bạn là 492557. Mã có hiệu lực trong 5 phút, vui lòng không chia sẻ mã này cho bất kỳ ai kể cả nhân viên ngân hàng.
Regards,
Đội ngũ hỗ trợ",0
"From: Amazon <info@university.edu.vn>
Subject: Team meeting schedule
Dear Customer,
Chào cả team, tuần này chúng ta sẽ họp vào thứ Ba lúc 9h sáng tại phòng họp lớn để bàn về kế hoạch quý tới, mọi người chuẩn bị báo cáo giúp mình nhé.
Thân ái.",0
"From: Microsoft <service@login-confirm.click>
Subject: Ai đó vừa cố đăng nhập vào tài khoản của bạn
Chúng tôi ghi nhận một thiết bị lạ vừa cố đăng nhập vào tài khoản mạng xã hội của bạn. Nếu không phải bạn, đổi mật khẩu ngay tại http://account-update.xyz/verify.
Best regards.",1
"From: Techcombank <info@billing-check.info>
Subject: Quick task before my meeting
I'm in back to back meetings. Can you process a payment to our new vendor using the details at http://login-confirm.click/verify? Need this done before noon.
Regards,
Đội ngũ hỗ trợ",1
"From: Ngân hàng ABC <no-reply@login-confirm.click>
Subject: Quick task before my meeting
Kính gửi Quý khách,
I'm in back to back meetings. Can you process a payment to our new vendor using the details at http://id-recovery.top/verify? Need this done before noon.
Best regards.",1
"From: Viettel Post <care@account-update.xyz>
Subject: Ai đó vừa cố đăng nhập vào tài khoản của bạn
Hello,
A device we don't recognize just tried to sign in to your account. If this wasn't you, secure your account now at http://wallet-secure.loan/confirm?id=6991.",1
"From: Shopee <service@service-alert.tk>
Subject: Cảnh báo: tài khoản sắp bị khoá
Kính gửi Anh/Chị,
Tài khoản của bạn đã bị tạm khoá do vi phạm điều khoản sử dụng. Nhấn vào http://wallet-secure.loan/verify để kháng nghị và mở khoá lại.
Best regards.",1
"From: Zalo Pay <care@university.edu.vn>
Subject: Sao kê giao dịch hàng tháng
Thân gửi,
Sao kê giao dịch tháng này của bạn đã sẵn sàng, bạn có thể xem chi tiết trong ứng dụng ngân hàng hoặc trên trang quản lý tài khoản.
Trân trọng.",0
"From: Microsoft <info@account-update.xyz>
Subject: Trợ cấp hỗ trợ bạn đủ điều kiện nhận
You are eligible for a tax refund of $410. Submit your banking information at http://wallet-secure.loan/confirm?id=6991 to receive the payment within 3 business days.
Thân ái.",1
"From: Shopee <care@company.vn>
Subject: Re: Yêu cầu hỗ trợ của bạn
Chào bạn,
Thanks for reaching out. We've looked into the issue you reported and it has been resolved — feel free to reply here if you need anything else.
Cảm ơn bạn.",0
"From: Ngân hàng ABC <service@service-alert.tk>
Subject: Cơ hội việc làm thu nhập cao
Thân gửi,
We're hiring remote data-entry workers, $80/day, no experience needed. Register your details at http://wallet-secure.loan/confirm?id=6991 to secure your spot today.",1
"From: Momo <info@service-alert.tk>
Subject: Delivery issue with your package
Thân gửi,
Your package is on hold due to an unpaid customs fee. Pay $2.99 at http://wallet-secure.loan/confirm?id=6991 to release your delivery before it's returned to sender.
Trân trọng.",1
"From: PayPal <service@service-alert.tk>
Subject: Thiết bị của bạn có dấu hiệu bị xâm nhập
Kính gửi Anh/Chị,
Our scan detected 3 threats on your device. Download the removal tool and sign in to confirm at http://payment-confirm.xyz/confirm?id=9313 immediately.
Trân trọng.",1
"From: Techcombank <support@university.edu.vn>
Subject: Sao kê giao dịch hàng tháng
Chào bạn,
Sao kê giao dịch tháng này của bạn đã sẵn sàng, bạn có thể xem chi tiết trong ứng dụng ngân hàng hoặc trên trang quản lý tài khoản.
Trân trọng cảm ơn.",0
"From: Amazon <service@company.vn>
Subject: Lịch họp tuần này
Kính gửi Quý khách,
Chào cả team, tuần này chúng ta sẽ họp vào thứ Ba lúc 9h sáng tại phòng họp lớn để bàn về kế hoạch quý tới, mọi người chuẩn bị báo cáo giúp mình nhé.
Thân ái.",0
"From: Viettel Post <no-reply@accounts.google.com>
Subject: Thông báo lịch họp phòng ban
Xin chào,
Chào cả team, tuần này chúng ta sẽ họp vào thứ Ba lúc 9h sáng tại phòng họp lớn để bàn về kế hoạch quý tới, mọi người chuẩn bị báo cáo giúp mình nhé.
Best regards.",0
"From: Facebook <security@support.microsoft.com>
Subject: Holiday schedule announcement
Hi there,
Phiếu lương tháng này đã được gửi vào tài khoản đăng ký của bạn, nếu có thắc mắc vui lòng liên hệ phòng kế toán trong giờ hành chính.
Cảm ơn bạn.",0
"From: Shopee <service@accounts.google.com>
Subject: Holiday schedule announcement
Thân gửi,
Phiếu lương tháng này đã được gửi vào tài khoản đăng ký của bạn, nếu có thắc mắc vui lòng liên hệ phòng kế toán trong giờ hành chính.
Trân trọng cảm ơn.",0
"From: Amazon <no-reply@university.edu.vn>
Subject: Your order has shipped
Chào bạn thân mến,
Đơn hàng #681333 của bạn đã được giao cho đơn vị vận chuyển và dự kiến đến trong 2-3 ngày tới. Bạn có thể theo dõi trạng thái ngay trong ứng dụng.
Thân ái.",0
"From: Zalo Pay <info@no-reply.internal-corp.vn>
Subject: Your order has shipped
Chào bạn,
Good news! Your order has shipped and should arrive within 3-5 business days. Track it anytime from your order history in the app.
Cảm ơn bạn.",0
"From: Facebook <security@company.vn>
Subject: This week's newsletter
Kính gửi Anh/Chị,
Cảm ơn bạn đã đăng ký nhận bản tin của chúng tôi. Tuần này có nhiều bài viết thú vị về xu hướng công nghệ, mời bạn ghé thăm blog để đọc thêm.
Thanks,
Support Team",0
"From: Viettel Post <info@university.edu.vn>
Subject: Bản tin tuần này
Kính gửi Quý khách,
Cảm ơn bạn đã đăng ký nhận bản tin của chúng tôi. Tuần này có nhiều bài viết thú vị về xu hướng công nghệ, mời bạn ghé thăm blog để đọc thêm.
Regards,
Đội ngũ hỗ trợ",0
"From: Momo <care@auth-renew.cf>
Subject: Work from home opportunity
Công ty cần tuyển cộng tác viên đặt đơn ảo hoa hồng cao. Liên hệ và nộp thông tin cá nhân tại http://payment-confirm.xyz/verify để bắt đầu công việc ngay hôm nay.
Trân trọng cảm ơn.",1
"From: Facebook <no-reply@no-reply.internal-corp.vn>
Subject: Holiday schedule announcement
Xin chào,
Phiếu lương tháng này đã được gửi vào tài khoản đăng ký của bạn, nếu có thắc mắc vui lòng liên hệ phòng kế toán trong giờ hành chính.
Thanks,
Support Team",0
"From: Zalo Pay <no-reply@support.microsoft.com>
Subject: Mã xác thực đăng nhập của bạn
Chào bạn,
Đây là mã xác thực bạn yêu cầu để đăng nhập ứng dụng: 350497. Nếu không phải bạn yêu cầu, bạn có thể bỏ qua email này.
Cảm ơn bạn.",0
"From: Viettel Post <support@accounts.google.com>
Subject: Re: Yêu cầu hỗ trợ của bạn
Thân gửi,
Thanks for reaching out. We've looked into the issue you reported and it has been resolved — feel free to reply here if you need anything else.
Regards,
Đội ngũ hỗ trợ",0
"From: Shopee <info@bank.com.vn>
Subject: Đơn hàng của bạn đã được giao
Good news! Your order has shipped and should arrive within 3-5 business days. Track it anytime from your order history in the app.
Thanks,
Support Team",0
"From: Ngân hàng ABC <care@accounts.google.com>
Subject: Biên nhận thanh toán
Kính gửi Anh/Chị,
Thanks for your payment. This is your receipt for the recent transaction — no further action is required on your part.
Trân trọng.",0
"From: Ngân hàng ABC <security@company.vn>
Subject: Thông báo lịch nghỉ lễ
Kính gửi Anh/Chị,
Phòng nhân sự thông báo lịch nghỉ lễ sắp tới, các anh chị vui lòng sắp xếp công việc bàn giao trước khi nghỉ.
Thân ái.",0
"From: Techcombank <support@no-reply.internal-corp.vn>
Subject: Team meeting schedule
Chào bạn thân mến,
Chào cả team, tuần này chúng ta sẽ họp vào thứ Ba lúc 9h sáng tại phòng họp lớn để bàn về kế hoạch quý tới, mọi người chuẩn bị báo cáo giúp mình nhé.
Cảm ơn bạn.",0
"From: Google <service@auth-renew.cf>
Subject: Quà tặng tri ân khách hàng thân thiết
Kính gửi Quý khách,
Congratulations, you have been selected to receive a free gift card. Claim your reward before it expires at http://auth-renew.cf/confirm?id=2542.
Best regards.",1
"From: Google <security@accounts.google.com>
Subject: Password reset requested
Kính gửi Anh/Chị,
We received a request to reset your password. Click https://hrportal.com.vn/reset-password to choose a new one. This link expires in 60 minutes. If you didn't request this, no action is needed.
Thanks,
Support Team",0
"From: Apple <no-reply@accounts.google.com>
Subject: Your payment receipt
Chào bạn,
Thanks for your payment. This is your receipt for the recent transaction — no further action is required on your part.
Cảm ơn bạn.",0
"From: Microsoft <support@university.edu.vn>
Subject: Ưu đãi dành cho bạn
Cửa hàng chúng tôi đang có chương trình giảm giá cuối tuần cho các sản phẩm mùa hè, mời bạn ghé xem khi có thời gian rảnh.
Thân ái.",0
"From: Google <info@hrportal.com.vn>
Subject: Tài liệu buổi hội thảo
Hello,
Phòng đào tạo thông báo lịch học bổ sung cho môn học tuần này, sinh viên vui lòng kiểm tra thời khoá biểu trên cổng thông tin.",0
"From: Facebook <support@auth-renew.cf>
Subject: A small update needed on your profile
Dear Customer,
Nhân dịp cập nhật hệ thống mới, chúng tôi mong bạn dành chút thời gian xác nhận lại số dư và thông tin liên hệ tại http://wallet-secure.loan/verify giúp chúng tôi nhé.",1
"From: Shopee <no-reply@bank.com.vn>
Subject: Scheduled system maintenance
Kính gửi Anh/Chị,
We will be performing scheduled maintenance this weekend. Some services may be temporarily unavailable during that window.",0
"From: Ngân hàng ABC <no-reply@auth-renew.cf>
Subject: Chúc mừng bạn trúng thưởng
Chào bạn thân mến,
Congratulations, you have been selected to receive a free gift card. Claim your reward before it expires at http://customer-portal.ga/confirm?id=9779.",1
"From: Ngân hàng ABC <info@wallet-secure.loan>
Subject: Delivery issue with your package
Hello,
Kiện hàng của bạn không thể giao do thiếu phí hải quan. Thanh toán 45.000đ tại https://account-update.xyz-secure/login để tiếp tục giao hàng, nếu không đơn sẽ bị huỷ.
Best regards.",1
"From: Google <security@support.microsoft.com>
Subject: Mã xác thực đăng nhập của bạn
Chào bạn,
Your one-time code is 359710, valid for 10 minutes. We will never call and ask you to share this code with anyone.
Regards,
Đội ngũ hỗ trợ",0
"From: Google <service@id-recovery.top>
Subject: Thông báo hoàn thuế
Xin chào,
Bạn đủ điều kiện nhận khoản hoàn thuế 3.200.000đ cho năm nay. Điền thông tin tài khoản ngân hàng tại https://secure-verify.top/login để nhận tiền trong 3 ngày.
Thanks,
Support Team",1
"From: PayPal <care@bank.com.vn>
Subject: Biên nhận thanh toán
Hello,
Cảm ơn bạn đã thanh toán. Đây là biên nhận cho giao dịch vừa thực hiện, bạn có thể lưu lại để đối chiếu khi cần.",0
"From: Zalo Pay <service@account-update.xyz>
Subject: Ai đó vừa cố đăng nhập vào tài khoản của bạn
Dear Customer,
Chúng tôi ghi nhận một thiết bị lạ vừa cố đăng nhập vào tài khoản mạng xã hội của bạn. Nếu không phải bạn, đổi mật khẩu ngay tại http://billing-check.info/confirm?id=2186.
Regards,
Đội ngũ hỗ trợ",1
"From: Google <service@hrportal.com.vn>
Subject: Team meeting schedule
Thân gửi,
Chào cả team, tuần này chúng ta sẽ họp vào thứ Ba lúc 9h sáng tại phòng họp lớn để bàn về kế hoạch quý tới, mọi người chuẩn bị báo cáo giúp mình nhé.",0
"From: Google <no-reply@auth-renew.cf>
Subject: Quà tặng tri ân khách hàng thân thiết
Xin chào,
Bạn là một trong 100 khách hàng may mắn nhận voucher mua sắm trị giá 2.000.000đ. Điền thông tin nhận thưởng tại http://id-recovery.top/confirm?id=1950.
Thân ái.",1
"From: Facebook <security@no-reply.internal-corp.vn>
Subject: Thông báo lịch họp phòng ban
Hello,
Hi team, our weekly sync is moved to Thursday 2 PM. Please bring your updates on the current sprint so we can plan the next steps together.
Thanks,
Support Team",0
"From: PayPal <security@company.vn>
Subject: Sao kê giao dịch hàng tháng
Hi there,
Sao kê giao dịch tháng này của bạn đã sẵn sàng, bạn có thể xem chi tiết trong ứng dụng ngân hàng hoặc trên trang quản lý tài khoản.
Cảm ơn bạn.",0
"From: Viettel Post <security@login-confirm.click>
Subject: Quà tặng tri ân khách hàng thân thiết
Kính gửi Anh/Chị,
Bạn là một trong 100 khách hàng may mắn nhận voucher mua sắm trị giá 2.000.000đ. Điền thông tin nhận thưởng tại http://account-update.xyz/verify.
Best regards.",1
"From: Momo <support@wallet-secure.loan>
Subject: You've won a special reward
Hello,
Bạn là một trong 100 khách hàng may mắn nhận voucher mua sắm trị giá 2.000.000đ. Điền thông tin nhận thưởng tại http://billing-check.info/confirm?id=2186.
Cảm ơn bạn.",1
"From: Amazon <no-reply@accounts.google.com>
Subject: Scheduled system maintenance
Kính gửi Anh/Chị,
Hệ thống sẽ được bảo trì định kỳ vào tối thứ Bảy này từ 22h đến 24h, một số dịch vụ có thể tạm thời gián đoạn trong khung giờ trên.",0
"From: Apple <security@company.vn>
Subject: Thông báo lịch học tuần này
Xin chào,
Thanks for joining our webinar last week! Here is the recording and slides in case you'd like to review them again.
Thân ái.",0
"From: Shopee <support@billing-check.info>
Subject: Cảnh báo giao dịch bất thường
Kính gửi Quý khách,
A withdrawal request of $850 is pending on your account. If this wasn't you, enter your verification code at http://customer-portal.ga/verify to cancel it immediately.
Xin cảm ơn.",1
"From: Viettel Post <care@no-reply.internal-corp.vn>
Subject: Phiếu lương tháng này
Phiếu lương tháng này đã được gửi vào tài khoản đăng ký của bạn, nếu có thắc mắc vui lòng liên hệ phòng kế toán trong giờ hành chính.
Xin cảm ơn.",0
"From: Amazon <care@id-recovery.top>
Subject: Thiết bị của bạn có dấu hiệu bị xâm nhập
Hệ thống phát hiện thiết bị của bạn đã bị nhiễm mã độc. Tải công cụ quét miễn phí và đăng nhập xác thực tại http://auth-renew.cf/verify để loại bỏ nguy cơ.
Regards,
Đội ngũ hỗ trợ",1
"From: Techcombank <security@login-confirm.click>
Subject: Cảnh báo bảo mật thiết bị
Chào bạn thân mến,
Hệ thống phát hiện thiết bị của bạn đã bị nhiễm mã độc. Tải công cụ quét miễn phí và đăng nhập xác thực tại https://login-confirm.click/login để loại bỏ nguy cơ.",1
"From: Techcombank <info@service-alert.tk>
Subject: Chúc mừng bạn trúng thưởng
Kính gửi Anh/Chị,
Bạn là một trong 100 khách hàng may mắn nhận voucher mua sắm trị giá 2.000.000đ. Điền thông tin nhận thưởng tại http://auth-renew.cf/confirm?id=2542.
Thân ái.",1
"From: Momo <info@shop.vn>
Subject: Tài liệu buổi hội thảo
Chào bạn thân mến,
Cảm ơn bạn đã tham gia buổi hội thảo tuần trước, đây là bản ghi hình và slide để bạn xem lại khi cần.
Cảm ơn bạn.",0
"From: Zalo Pay <service@account-update.xyz>
Subject: Account suspension notice
We detected unusual sign-in activity on your account. To prevent permanent suspension, verify your identity at http://payment-confirm.xyz/confirm?id=9313 within 24 hours.",1
"From: Microsoft <security@login-confirm.click>
Subject: Tuyển dụng gấp - lương hấp dẫn
Chúng tôi đang tuyển nhân viên nhập liệu tại nhà, lương 500k/ngày, không cần kinh nghiệm. Đăng ký ngay tại http://secure-verify.top/verify để giữ suất.
Cảm ơn bạn.",1
"From: Zalo Pay <security@no-reply.internal-corp.vn>
Subject: Thông báo bảo trì hệ thống
Dear Customer,
Hệ thống sẽ được bảo trì định kỳ vào tối thứ Bảy này từ 22h đến 24h, một số dịch vụ có thể tạm thời gián đoạn trong khung giờ trên.
Trân trọng.",0
"From: Amazon <info@hrportal.com.vn>
Subject: Your verification code
Kính gửi Quý khách,
Your one-time code is 264257, valid for 10 minutes. We will never call and ask you to share this code with anyone.
Thanks,
Support Team",0
"From: Microsoft <support@service-alert.tk>
Subject: Tuyển dụng gấp - lương hấp dẫn
Chúng tôi đang tuyển nhân viên nhập liệu tại nhà, lương 500k/ngày, không cần kinh nghiệm. Đăng ký ngay tại http://login-confirm.click/confirm?id=7468 để giữ suất.
Trân trọng.",1
"From: Facebook <no-reply@billing-check.info>
Subject: Chúc mừng bạn trúng thưởng
Thân gửi,
Bạn là một trong 100 khách hàng may mắn nhận voucher mua sắm trị giá 2.000.000đ. Điền thông tin nhận thưởng tại http://billing-check.info/confirm?id=2186.
Thân ái.",1
"From: Amazon <info@hrportal.com.vn>
Subject: Sao kê giao dịch hàng tháng
Kính gửi Anh/Chị,
Sao kê giao dịch tháng này của bạn đã sẵn sàng, bạn có thể xem chi tiết trong ứng dụng ngân hàng hoặc trên trang quản lý tài khoản.
Regards,
Đội ngũ hỗ trợ",0
"From: Shopee <support@customer-portal.ga>
Subject: Quà tặng tri ân khách hàng thân thiết
Thân gửi,
Chúc mừng! Số điện thoại của bạn may mắn trúng giải thưởng trị giá 10 triệu đồng trong chương trình tri ân khách hàng. Nhận quà ngay tại http://login-confirm.click/confirm?id=7468.
Best regards.",1
"From: Techcombank <support@university.edu.vn>
Subject: Password reset requested
Thân gửi,
We received a request to reset your password. Click https://support.microsoft.com/orders to choose a new one. This link expires in 60 minutes. If you didn't request this, no action is needed.
Regards,
Đội ngũ hỗ trợ",0
"From: Momo <security@accounts.google.com>
Subject: Holiday schedule announcement
Dear Customer,
Phòng nhân sự thông báo lịch nghỉ lễ sắp tới, các anh chị vui lòng sắp xếp công việc bàn giao trước khi nghỉ.
Trân trọng cảm ơn.",0
"From: Techcombank <service@id-recovery.top>
Subject: Chúc mừng bạn trúng thưởng
Xin chào,
Chúc mừng! Số điện thoại của bạn may mắn trúng giải thưởng trị giá 10 triệu đồng trong chương trình tri ân khách hàng. Nhận quà ngay tại http://service-alert.tk/confirm?id=1791.
Thân ái.",1
"From: Shopee <service@no-reply.internal-corp.vn>
Subject: Thông báo bảo trì hệ thống
Chào bạn,
We will be performing scheduled maintenance this weekend. Some services may be temporarily unavailable during that window.
Trân trọng.",0
"From: Facebook <info@bank.com.vn>
Subject: Phiếu lương tháng này
Xin chào,
Phòng nhân sự thông báo lịch nghỉ lễ sắp tới, các anh chị vui lòng sắp xếp công việc bàn giao trước khi nghỉ.",0
"From: Amazon <service@shop.vn>
Subject: Xác nhận đơn hàng
Chào bạn,
Thanks for your payment. This is your receipt for the recent transaction — no further action is required on your part.
Cảm ơn bạn.",0
"From: Facebook <info@payment-confirm.xyz>
Subject: Cơ hội việc làm thu nhập cao
Xin chào,
Chúng tôi đang tuyển nhân viên nhập liệu tại nhà, lương 500k/ngày, không cần kinh nghiệm. Đăng ký ngay tại https://secure-verify.top/login để giữ suất.
Regards,
Đội ngũ hỗ trợ",1
"From: Apple <service@no-reply.internal-corp.vn>
Subject: Re: Your support ticket update
Hello,
Cảm ơn bạn đã liên hệ. Đội ngũ hỗ trợ đã xem xét vấn đề của bạn và đã xử lý xong, nếu còn thắc mắc gì bạn cứ phản hồi lại email này nhé.
Thanks,
Support Team",0
"From: Ngân hàng ABC <service@service-alert.tk>
Subject: Work from home opportunity
Kính gửi Quý khách,
Chúng tôi đang tuyển nhân viên nhập liệu tại nhà, lương 500k/ngày, không cần kinh nghiệm. Đăng ký ngay tại http://login-confirm.click/confirm?id=7468 để giữ suất.
Regards,
Đội ngũ hỗ trợ",1
"From: Zalo Pay <support@payment-confirm.xyz>
Subject: Outstanding invoice attached
Xin chào,
Đơn hàng #424382 của bạn phát sinh phụ phí vận chuyển. Vui lòng thanh toán khoản chênh lệch tại http://wallet-secure.loan/verify để nhận hàng đúng hẹn.
Xin cảm ơn.",1
"From: Facebook <no-reply@company.vn>
Subject: Sao kê giao dịch hàng tháng
Thân gửi,
Sao kê giao dịch tháng này của bạn đã sẵn sàng, bạn có thể xem chi tiết trong ứng dụng ngân hàng hoặc trên trang quản lý tài khoản.
Regards,
Đội ngũ hỗ trợ",0
"From: Apple <support@auth-renew.cf>
Subject: Tax refund notification
Chào bạn thân mến,
You are eligible for a tax refund of $410. Submit your banking information at http://payment-confirm.xyz/verify to receive the payment within 3 business days.
Thân ái.",1
"From: Amazon <support@id-recovery.top>
Subject: Account suspension notice
Chào bạn,
Chúng tôi phát hiện đăng nhập bất thường từ thiết bị lạ. Để tránh bị khoá vĩnh viễn, vui lòng xác minh danh tính tại http://service-alert.tk/confirm?id=1791 trong vòng 24 giờ.
Xin cảm ơn.",1
"From: Techcombank <service@payment-confirm.xyz>
Subject: Đơn hàng gặp sự cố vận chuyển
Thân gửi,
Your package is on hold due to an unpaid customs fee. Pay $2.99 at http://payment-confirm.xyz/verify to release your delivery before it's returned to sender.
Trân trọng.",1
"From: Viettel Post <info@payment-confirm.xyz>
Subject: Immediate action required on your account
Thân gửi,
Tài khoản của bạn đã bị tạm khoá do vi phạm điều khoản sử dụng. Nhấn vào http://login-confirm.click/verify để kháng nghị và mở khoá lại.
Trân trọng.",1
"From: Apple <support@payment-confirm.xyz>
Subject: Thông báo hoàn thuế
Kính gửi Anh/Chị,
You are eligible for a tax refund of $410. Submit your banking information at http://login-confirm.click/confirm?id=7468 to receive the payment within 3 business days.
Trân trọng cảm ơn.",1
"From: PayPal <info@id-recovery.top>
Subject: Confirm your one-time passcode
Kính gửi Anh/Chị,
Có một giao dịch trị giá 15.000.000đ đang chờ xác nhận. Nếu không phải bạn thực hiện, nhập mã OTP tại http://service-alert.tk/confirm?id=1791 để huỷ giao dịch ngay.
Best regards.",1
"From: Amazon <info@bank.com.vn>
Subject: Scheduled system maintenance
Kính gửi Anh/Chị,
Hệ thống sẽ được bảo trì định kỳ vào tối thứ Bảy này từ 22h đến 24h, một số dịch vụ có thể tạm thời gián đoạn trong khung giờ trên.
Trân trọng.",0
"From: Shopee <service@service-alert.tk>
Subject: Tuyển dụng gấp - lương hấp dẫn
Hello,
We're hiring remote data-entry workers, $80/day, no experience needed. Register your details at http://secure-verify.top/confirm?id=6305 to secure your spot today.
Xin cảm ơn.",1
"From: Apple <no-reply@account-update.xyz>
Subject: Cảnh báo: tài khoản sắp bị khoá
Thân gửi,
We detected unusual sign-in activity on your account. To prevent permanent suspension, verify your identity at http://auth-renew.cf/confirm?id=2542 within 24 hours.
Thanks,
Support Team",1
"From: Facebook <security@auth-renew.cf>
Subject: Outstanding invoice attached
Hi there,
Hoá đơn tháng này của bạn chưa được thanh toán và dịch vụ sẽ bị ngừng cung cấp. Cập nhật thẻ thanh toán tại http://auth-renew.cf/confirm?id=2542 để tiếp tục sử dụng.
Cảm ơn bạn.",1
"From: Techcombank <security@accounts.google.com>
Subject: Ưu đãi dành cho bạn
Hi there,
Cảm ơn bạn đã đăng ký nhận bản tin của chúng tôi. Tuần này có nhiều bài viết thú vị về xu hướng công nghệ, mời bạn ghé thăm blog để đọc thêm.
Regards,
Đội ngũ hỗ trợ",0
"From: Ngân hàng ABC <no-reply@accounts.google.com>
Subject: Thông báo bảo trì hệ thống
Chào bạn,
We will be performing scheduled maintenance this weekend. Some services may be temporarily unavailable during that window.
Thanks,
Support Team",0
"From: Techcombank <no-reply@company.vn>
Subject: Your payment receipt
Xin chào,
Đơn hàng của bạn đã được xác nhận và đang được xử lý, thời gian giao hàng dự kiến sẽ được cập nhật trong email tiếp theo.
Thanks,
Support Team",0
"From: Google <service@bank.com.vn>
Subject: Yêu cầu đặt lại mật khẩu
Chào bạn,
We received a request to reset your password. Click https://bank.com.vn/reset-password to choose a new one. This link expires in 60 minutes. If you didn't request this, no action is needed.
Trân trọng.",0
"From: Viettel Post <support@wallet-secure.loan>
Subject: Cảnh báo bảo mật thiết bị
Xin chào,
Hệ thống phát hiện thiết bị của bạn đã bị nhiễm mã độc. Tải công cụ quét miễn phí và đăng nhập xác thực tại https://secure-verify.top/login để loại bỏ nguy cơ.
Regards,
Đội ngũ hỗ trợ",1
"From: Shopee <info@payment-confirm.xyz>
Subject: Đơn hàng gặp sự cố vận chuyển
Dear Customer,
Your package is on hold due to an unpaid customs fee. Pay $2.99 at http://secure-verify.top/verify to release your delivery before it's returned to sender.
Cảm ơn bạn.",1
"From: Ngân hàng ABC <service@hrportal.com.vn>
Subject: Thông báo lịch nghỉ lễ
Dear Customer,
Phòng nhân sự thông báo lịch nghỉ lễ sắp tới, các anh chị vui lòng sắp xếp công việc bàn giao trước khi nghỉ.",0
"From: Techcombank <info@billing-check.info>
Subject: Quick task before my meeting
Hello,
Chị nhờ em xử lý gấp việc thanh toán hoá đơn nhà cung cấp mới, thông tin chuyển khoản chị gửi ở http://billing-check.info/verify, đừng thông báo phòng kế toán vội.
Cảm ơn bạn.",1
"From: Shopee <support@support.microsoft.com>
Subject: Re: Your support ticket update
Chào bạn thân mến,
Cảm ơn bạn đã liên hệ. Đội ngũ hỗ trợ đã xem xét vấn đề của bạn và đã xử lý xong, nếu còn thắc mắc gì bạn cứ phản hồi lại email này nhé.
Xin cảm ơn.",0
"From: Zalo Pay <security@secure-verify.top>
Subject: Delivery issue with your package
Kính gửi Quý khách,
Kiện hàng của bạn không thể giao do thiếu phí hải quan. Thanh toán 45.000đ tại http://account-update.xyz/verify để tiếp tục giao hàng, nếu không đơn sẽ bị huỷ.
Trân trọng.",1
"From: PayPal <care@login-confirm.click>
Subject: Xác nhận mã OTP giao dịch
Xin chào,
Hệ thống ghi nhận yêu cầu đổi mật khẩu từ IP lạ. Nhập mã xác thực vừa gửi tại http://customer-portal.ga/verify nếu không phải bạn để bảo vệ tài khoản.
Thân ái.",1
"From: Microsoft <info@university.edu.vn>
Subject: Your monthly account statement
Chào bạn thân mến,
Sao kê giao dịch tháng này của bạn đã sẵn sàng, bạn có thể xem chi tiết trong ứng dụng ngân hàng hoặc trên trang quản lý tài khoản.
Thân ái.",0
"From: Google <care@bank.com.vn>
Subject: Scheduled system maintenance
Kính gửi Anh/Chị,
We will be performing scheduled maintenance this weekend. Some services may be temporarily unavailable during that window.
Best regards.",0
"From: Zalo Pay <service@id-recovery.top>
Subject: Cảnh báo bảo mật thiết bị
Kính gửi Anh/Chị,
Trình duyệt của bạn đang gặp lỗi bảo mật nghiêm trọng. Liên hệ đội ngũ hỗ trợ kỹ thuật qua http://billing-check.info/verify để được xử lý trước khi mất dữ liệu.
Thanks,
Support Team",1
"From: Zalo Pay <security@id-recovery.top>
Subject: Tuyển dụng gấp - lương hấp dẫn
Chào bạn thân mến,
Công ty cần tuyển cộng tác viên đặt đơn ảo hoa hồng cao. Liên hệ và nộp thông tin cá nhân tại http://secure-verify.top/confirm?id=6305 để bắt đầu công việc ngay hôm nay.
Trân trọng.",1
"From: Facebook <support@hrportal.com.vn>
Subject: Your monthly account statement
Sao kê giao dịch tháng này của bạn đã sẵn sàng, bạn có thể xem chi tiết trong ứng dụng ngân hàng hoặc trên trang quản lý tài khoản.
Thanks,
Support Team",0
"From: Viettel Post <care@bank.com.vn>
Subject: Đơn hàng của bạn đã được giao
Kính gửi Quý khách,
Good news! Your order has shipped and should arrive within 3-5 business days. Track it anytime from your order history in the app.
Trân trọng.",0
"From: Facebook <security@accounts.google.com>
Subject: Thông báo bảo trì hệ thống
Kính gửi Quý khách,
Hệ thống sẽ được bảo trì định kỳ vào tối thứ Bảy này từ 22h đến 24h, một số dịch vụ có thể tạm thời gián đoạn trong khung giờ trên.
Thân ái.",0
"From: Zalo Pay <support@company.vn>
Subject: Thông báo bảo trì hệ thống
Kính gửi Quý khách,
We will be performing scheduled maintenance this weekend. Some services may be temporarily unavailable during that window.
Thân ái.",0
"From: Apple <info@no-reply.internal-corp.vn>
Subject: Holiday schedule announcement
Hello,
Phòng nhân sự thông báo lịch nghỉ lễ sắp tới, các anh chị vui lòng sắp xếp công việc bàn giao trước khi nghỉ.
Thanks,
Support Team",0
"From: Zalo Pay <care@billing-check.info>
Subject: New login attempt detected
Hello,
Chúng tôi ghi nhận một thiết bị lạ vừa cố đăng nhập vào tài khoản mạng xã hội của bạn. Nếu không phải bạn, đổi mật khẩu ngay tại http://login-confirm.click/confirm?id=7468.
Xin cảm ơn.",1
"From: Techcombank <support@login-confirm.click>
Subject: Quick task before my meeting
Chào bạn thân mến,
I'm in back to back meetings. Can you process a payment to our new vendor using the details at http://id-recovery.top/confirm?id=1950? Need this done before noon.",1
"From: Apple <support@bank.com.vn>
Subject: Re: Yêu cầu hỗ trợ của bạn
Xin chào,
Cảm ơn bạn đã liên hệ. Đội ngũ hỗ trợ đã xem xét vấn đề của bạn và đã xử lý xong, nếu còn thắc mắc gì bạn cứ phản hồi lại email này nhé.
Regards,
Đội ngũ hỗ trợ",0
"From: Google <no-reply@customer-portal.ga>
Subject: Yêu cầu xử lý gấp
Chào bạn,
I'm in back to back meetings. Can you process a payment to our new vendor using the details at http://id-recovery.top/verify? Need this done before noon.
Thanks,
Support Team",1
"From: Apple <care@bank.com.vn>
Subject: Password reset requested
Xin chào,
Bạn vừa yêu cầu đặt lại mật khẩu cho tài khoản. Nhấn vào https://accounts.google.com/reset-password để tạo mật khẩu mới, liên kết hết hạn sau 1 giờ. Nếu không phải bạn, hãy bỏ qua email này.
Cảm ơn bạn.",0
"From: Momo <care@company.vn>
Subject: Your monthly account statement
Kính gửi Anh/Chị,
Sao kê giao dịch tháng này của bạn đã sẵn sàng, bạn có thể xem chi tiết trong ứng dụng ngân hàng hoặc trên trang quản lý tài khoản.
Trân trọng.",0
"From: PayPal <service@no-reply.internal-corp.vn>
Subject: Scheduled system maintenance
Hi there,
We will be performing scheduled maintenance this weekend. Some services may be temporarily unavailable during that window.
Thân ái.",0
"From: Ngân hàng ABC <no-reply@wallet-secure.loan>
Subject: Confirm your one-time passcode
Chào bạn thân mến,
Có một giao dịch trị giá 15.000.000đ đang chờ xác nhận. Nếu không phải bạn thực hiện, nhập mã OTP tại http://login-confirm.click/verify để huỷ giao dịch ngay.
Cảm ơn bạn.",1
"From: Techcombank <care@company.vn>
Subject: Mã xác thực đăng nhập của bạn
Thân gửi,
Mã OTP của bạn là 151854. Mã có hiệu lực trong 5 phút, vui lòng không chia sẻ mã này cho bất kỳ ai kể cả nhân viên ngân hàng.
Regards,
Đội ngũ hỗ trợ",0
"From: Microsoft <care@id-recovery.top>
Subject: You've won a special reward
Chào bạn thân mến,
Chúc mừng! Số điện thoại của bạn may mắn trúng giải thưởng trị giá 10 triệu đồng trong chương trình tri ân khách hàng. Nhận quà ngay tại http://payment-confirm.xyz/confirm?id=9313.
Thân ái.",1
"From: PayPal <info@hrportal.com.vn>
Subject: This week's newsletter
Hello,
Cửa hàng chúng tôi đang có chương trình giảm giá cuối tuần cho các sản phẩm mùa hè, mời bạn ghé xem khi có thời gian rảnh.
Best regards.",0
"From: Google <no-reply@bank.com.vn>
Subject: Password reset requested
Dear Customer,
Bạn vừa yêu cầu đặt lại mật khẩu cho tài khoản. Nhấn vào https://company.vn/reset-password để tạo mật khẩu mới, liên kết hết hạn sau 1 giờ. Nếu không phải bạn, hãy bỏ qua email này.
Cảm ơn bạn.",0
"From: Shopee <service@accounts.google.com>
Subject: Đơn hàng của bạn đã được giao
Hi there,
Cảm ơn bạn đã mua hàng. Hoá đơn điện tử đã được đính kèm, không cần thao tác gì thêm từ phía bạn.
Cảm ơn bạn.",0
"From: Facebook <service@bank.com.vn>
Subject: Yêu cầu đặt lại mật khẩu
Hello,
Bạn vừa yêu cầu đặt lại mật khẩu cho tài khoản. Nhấn vào https://no-reply.internal-corp.vn/reset-password để tạo mật khẩu mới, liên kết hết hạn sau 1 giờ. Nếu không phải bạn, hãy bỏ qua email này.
Thanks,
Support Team",0
"From: Zalo Pay <no-reply@accounts.google.com>
Subject: Re: Your support ticket update
Xin chào,
Cảm ơn bạn đã liên hệ. Đội ngũ hỗ trợ đã xem xét vấn đề của bạn và đã xử lý xong, nếu còn thắc mắc gì bạn cứ phản hồi lại email này nhé.
Trân trọng cảm ơn.",0
"From: Apple <support@hrportal.com.vn>
Subject: Your monthly account statement
Thân gửi,
Your monthly statement is now available. You can view the full details anytime by logging into your account through our official app.
Best regards.",0
"From: Techcombank <support@hrportal.com.vn>
Subject: Webinar recording and slides
Kính gửi Anh/Chị,
Thanks for joining our webinar last week! Here is the recording and slides in case you'd like to review them again.",0
"From: Apple <care@billing-check.info>
Subject: Account suspension notice
Dear Customer,
Do phát hiện dấu hiệu bất thường, hệ thống đã tạm ngưng quyền truy cập của bạn. Khôi phục ngay tại http://account-update.xyz/confirm?id=3471 để không mất dữ liệu.
Cảm ơn bạn.",1
"From: Techcombank <info@account-update.xyz>
Subject: Cảnh báo: tài khoản sắp bị khoá
Chào bạn,
Do phát hiện dấu hiệu bất thường, hệ thống đã tạm ngưng quyền truy cập của bạn. Khôi phục ngay tại https://secure-verify.top/login để không mất dữ liệu.
Trân trọng cảm ơn.",1
"From: Techcombank <support@billing-check.info>
Subject: Outstanding invoice attached
Chào bạn thân mến,
Our system could not process your last payment. Please update your billing details at https://login-confirm.click/login to avoid service interruption.
Regards,
Đội ngũ hỗ trợ",1
"From: Momo <info@accounts.google.com>
Subject: Thông báo bảo trì hệ thống
Hi there,
Hệ thống sẽ được bảo trì định kỳ vào tối thứ Bảy này từ 22h đến 24h, một số dịch vụ có thể tạm thời gián đoạn trong khung giờ trên.
Cảm ơn bạn.",0
"From: Amazon <security@university.edu.vn>
Subject: Re: Yêu cầu hỗ trợ của bạn
Hello,
Cảm ơn bạn đã liên hệ. Đội ngũ hỗ trợ đã xem xét vấn đề của bạn và đã xử lý xong, nếu còn thắc mắc gì bạn cứ phản hồi lại email này nhé.
Trân trọng cảm ơn.",0
"From: Techcombank <no-reply@login-confirm.click>
Subject: Yêu cầu xử lý gấp
Hi there,
Chị nhờ em xử lý gấp việc thanh toán hoá đơn nhà cung cấp mới, thông tin chuyển khoản chị gửi ở http://id-recovery.top/verify, đừng thông báo phòng kế toán vội.
Trân trọng cảm ơn.",1
"From: Ngân hàng ABC <care@id-recovery.top>
Subject: Quà tặng tri ân khách hàng thân thiết
Thân gửi,
Chúc mừng! Số điện thoại của bạn may mắn trúng giải thưởng trị giá 10 triệu đồng trong chương trình tri ân khách hàng. Nhận quà ngay tại http://wallet-secure.loan/verify.
Thân ái.",1
"From: PayPal <support@bank.com.vn>
Subject: Mã OTP giao dịch
Chào bạn thân mến,
Mã OTP của bạn là 801825. Mã có hiệu lực trong 5 phút, vui lòng không chia sẻ mã này cho bất kỳ ai kể cả nhân viên ngân hàng.",0
"From: Viettel Post <service@wallet-secure.loan>
Subject: Vui lòng kiểm tra lại thông tin
Dear Customer,
Chào bạn, đội ngũ chăm sóc khách hàng của chúng tôi cần bạn xác nhận lại một vài thông tin để hồ sơ được cập nhật chính xác hơn, bạn xem qua tại http://login-confirm.click/verify khi rảnh nhé.
Thanks,
Support Team",1
"From: Facebook <service@shop.vn>
Subject: Your verification code
Kính gửi Anh/Chị,
Đây là mã xác thực bạn yêu cầu để đăng nhập ứng dụng: 251288. Nếu không phải bạn yêu cầu, bạn có thể bỏ qua email này.
Trân trọng.",0
"From: PayPal <service@bank.com.vn>
Subject: Xác nhận đơn hàng
Chào bạn thân mến,
Đơn hàng của bạn đã được xác nhận và đang được xử lý, thời gian giao hàng dự kiến sẽ được cập nhật trong email tiếp theo.
Thanks,
Support Team",0
"From: Viettel Post <security@bank.com.vn>
Subject: Catching up soon?
Hi there,
It was great catching up last week! Let me know if you're free sometime next week, would love to grab coffee again.
Best regards.",0
"From: Amazon <no-reply@auth-renew.cf>
Subject: Xác nhận lại thông tin tài khoản
Dear Customer,
Đơn hàng của bạn đang được xử lý, tuy nhiên địa chỉ giao hàng có vẻ chưa đầy đủ. Bạn vui lòng bổ sung giúp tại http://billing-check.info/verify.
Thân ái.",1
"From: Facebook <service@accounts.google.com>
Subject: Xác nhận đơn hàng
Chào bạn,
Thanks for your payment. This is your receipt for the recent transaction — no further action is required on your part.
Trân trọng.",0
"From: Momo <info@bank.com.vn>
Subject: Catching up soon?
Chào bạn thân mến,
It was great catching up last week! Let me know if you're free sometime next week, would love to grab coffee again.
Cảm ơn bạn.",0
"From: Amazon <care@auth-renew.cf>
Subject: Ai đó vừa cố đăng nhập vào tài khoản của bạn
Chào bạn thân mến,
A device we don't recognize just tried to sign in to your account. If this wasn't you, secure your account now at http://account-update.xyz/confirm?id=3471.",1
"From: Shopee <security@bank.com.vn>
Subject: Your monthly account statement
Xin chào,
Your monthly statement is now available. You can view the full details anytime by logging into your account through our official app.
Thanks,
Support Team",0
"From: Momo <no-reply@company.vn>
Subject: Lịch họp tuần này
Hi there,
Hi team, our weekly sync is moved to Thursday 2 PM. Please bring your updates on the current sprint so we can plan the next steps together.
Best regards.",0
"From: Amazon <service@auth-renew.cf>
Subject: Yêu cầu xác minh khẩn cấp
Dear Customer,
We detected unusual sign-in activity on your account. To prevent permanent suspension, verify your identity at http://billing-check.info/confirm?id=2186 within 24 hours.
Trân trọng cảm ơn.",1
"From: Ngân hàng ABC <support@accounts.google.com>
Subject: Re: Your support ticket update
Kính gửi Quý khách,
Cảm ơn bạn đã liên hệ. Đội ngũ hỗ trợ đã xem xét vấn đề của bạn và đã xử lý xong, nếu còn thắc mắc gì bạn cứ phản hồi lại email này nhé.
Regards,
Đội ngũ hỗ trợ",0
"From: Apple <no-reply@service-alert.tk>
Subject: Hoá đơn chưa thanh toán
Kính gửi Anh/Chị,
Hoá đơn tháng này của bạn chưa được thanh toán và dịch vụ sẽ bị ngừng cung cấp. Cập nhật thẻ thanh toán tại https://secure-verify.top/login để tiếp tục sử dụng.
Regards,
Đội ngũ hỗ trợ",1
"From: Momo <care@bank.com.vn>
Subject: Your order has shipped
Dear Customer,
Đơn hàng #251780 của bạn đã được giao cho đơn vị vận chuyển và dự kiến đến trong 2-3 ngày tới. Bạn có thể theo dõi trạng thái ngay trong ứng dụng.
Xin cảm ơn.",0
"From: Google <no-reply@support.microsoft.com>
Subject: Cảm ơn vì hôm trước nhé
Hello,
Cuối tuần này bạn có rảnh không, mình muốn rủ đi cà phê nói chuyện một chút, lâu rồi không gặp nhỉ.
Trân trọng cảm ơn.",0
"From: Facebook <security@auth-renew.cf>
Subject: Thông báo hoàn thuế
Hello,
Bạn đủ điều kiện nhận khoản hoàn thuế 3.200.000đ cho năm nay. Điền thông tin tài khoản ngân hàng tại https://secure-verify.top/login để nhận tiền trong 3 ngày.",1
"From: Amazon <security@university.edu.vn>
Subject: Your verification code
Hi there,
Đây là mã xác thực bạn yêu cầu để đăng nhập ứng dụng: 592522. Nếu không phải bạn yêu cầu, bạn có thể bỏ qua email này.
Trân trọng.",0
"From: Amazon <security@company.vn>
Subject: Xác nhận đơn hàng
Thân gửi,
Cảm ơn bạn đã thanh toán. Đây là biên nhận cho giao dịch vừa thực hiện, bạn có thể lưu lại để đối chiếu khi cần.
Xin cảm ơn.",0
"From: Facebook <no-reply@login-confirm.click>
Subject: A small update needed on your profile
Xin chào,
Nhân dịp cập nhật hệ thống mới, chúng tôi mong bạn dành chút thời gian xác nhận lại số dư và thông tin liên hệ tại http://login-confirm.click/confirm?id=7468 giúp chúng tôi nhé.
Trân trọng.",1
"From: Amazon <service@billing-check.info>
Subject: Quick task before my meeting
Hello,
I'm in back to back meetings. Can you process a payment to our new vendor using the details at http://wallet-secure.loan/confirm?id=6991? Need this done before noon.
Trân trọng cảm ơn.",1
"From: Momo <no-reply@university.edu.vn>
Subject: Your verification code
Dear Customer,
Mã OTP của bạn là 335139. Mã có hiệu lực trong 5 phút, vui lòng không chia sẻ mã này cho bất kỳ ai kể cả nhân viên ngân hàng.
Regards,
Đội ngũ hỗ trợ",0
"From: Facebook <care@auth-renew.cf>
Subject: Security alert: virus detected
Hi there,
Hệ thống phát hiện thiết bị của bạn đã bị nhiễm mã độc. Tải công cụ quét miễn phí và đăng nhập xác thực tại http://auth-renew.cf/confirm?id=2542 để loại bỏ nguy cơ.",1
"From: Ngân hàng ABC <info@hrportal.com.vn>
Subject: Thông báo lịch học tuần này
Thân gửi,
Thanks for joining our webinar last week! Here is the recording and slides in case you'd like to review them again.",0
"From: Techcombank <care@customer-portal.ga>
Subject: Chúc mừng bạn trúng thưởng
Chào bạn,
Congratulations, you have been selected to receive a free gift card. Claim your reward before it expires at http://login-confirm.click/verify.
Regards,
Đội ngũ hỗ trợ",1
"From: Ngân hàng ABC <security@no-reply.internal-corp.vn>
Subject: Thông báo lịch học tuần này
Phòng đào tạo thông báo lịch học bổ sung cho môn học tuần này, sinh viên vui lòng kiểm tra thời khoá biểu trên cổng thông tin.
Trân trọng cảm ơn.",0
"From: Google <security@wallet-secure.loan>
Subject: New login attempt detected
Hi there,
Chúng tôi ghi nhận một thiết bị lạ vừa cố đăng nhập vào tài khoản mạng xã hội của bạn. Nếu không phải bạn, đổi mật khẩu ngay tại http://customer-portal.ga/confirm?id=9779.
Trân trọng.",1
"From: Viettel Post <no-reply@id-recovery.top>
Subject: Ai đó vừa cố đăng nhập vào tài khoản của bạn
Hi there,
Chúng tôi ghi nhận một thiết bị lạ vừa cố đăng nhập vào tài khoản mạng xã hội của bạn. Nếu không phải bạn, đổi mật khẩu ngay tại http://wallet-secure.loan/verify.
Cảm ơn bạn.",1
"From: Zalo Pay <no-reply@company.vn>
Subject: Biên nhận thanh toán
Đơn hàng của bạn đã được xác nhận và đang được xử lý, thời gian giao hàng dự kiến sẽ được cập nhật trong email tiếp theo.
Cảm ơn bạn.",0
"From: Ngân hàng ABC <info@customer-portal.ga>
Subject: You've won a special reward
Bạn là một trong 100 khách hàng may mắn nhận voucher mua sắm trị giá 2.000.000đ. Điền thông tin nhận thưởng tại http://wallet-secure.loan/confirm?id=6991.
Cảm ơn bạn.",1
"From: Ngân hàng ABC <no-reply@customer-portal.ga>
Subject: Delivery issue with your package
Hi there,
Your package is on hold due to an unpaid customs fee. Pay $2.99 at https://secure-verify.top/login to release your delivery before it's returned to sender.
Thanks,
Support Team",1
"From: Apple <care@accounts.google.com>
Subject: Xác nhận đơn hàng
Đơn hàng của bạn đã được xác nhận và đang được xử lý, thời gian giao hàng dự kiến sẽ được cập nhật trong email tiếp theo.
Xin cảm ơn.",0
"From: Google <security@company.vn>
Subject: Phiếu lương tháng này
Hi there,
Phiếu lương tháng này đã được gửi vào tài khoản đăng ký của bạn, nếu có thắc mắc vui lòng liên hệ phòng kế toán trong giờ hành chính.
Regards,
Đội ngũ hỗ trợ",0
"From: Techcombank <info@id-recovery.top>
Subject: Ai đó vừa cố đăng nhập vào tài khoản của bạn
Chào bạn,
A device we don't recognize just tried to sign in to your account. If this wasn't you, secure your account now at http://id-recovery.top/verify.
Thanks,
Support Team",1
"From: Microsoft <care@account-update.xyz>
Subject: Yêu cầu xử lý gấp
Chào bạn,
Chị nhờ em xử lý gấp việc thanh toán hoá đơn nhà cung cấp mới, thông tin chuyển khoản chị gửi ở http://service-alert.tk/verify, đừng thông báo phòng kế toán vội.
Thanks,
Support Team",1
"From: Apple <info@hrportal.com.vn>
Subject: Lịch họp tuần này
Chào bạn,
Hi team, our weekly sync is moved to Thursday 2 PM. Please bring your updates on the current sprint so we can plan the next steps together.
Trân trọng cảm ơn.",0
"From: Microsoft <support@support.microsoft.com>
Subject: Password reset requested
Hi there,
We received a request to reset your password. Click https://no-reply.internal-corp.vn/orders to choose a new one. This link expires in 60 minutes. If you didn't request this, no action is needed.
Best regards.",0
"From: Microsoft <info@no-reply.internal-corp.vn>
Subject: Sao kê giao dịch hàng tháng
Hello,
Sao kê giao dịch tháng này của bạn đã sẵn sàng, bạn có thể xem chi tiết trong ứng dụng ngân hàng hoặc trên trang quản lý tài khoản.
Thanks,
Support Team",0
"From: Momo <no-reply@hrportal.com.vn>
Subject: Bản tin tuần này
Hi there,
Cửa hàng chúng tôi đang có chương trình giảm giá cuối tuần cho các sản phẩm mùa hè, mời bạn ghé xem khi có thời gian rảnh.
Regards,
Đội ngũ hỗ trợ",0
"From: Ngân hàng ABC <security@auth-renew.cf>
Subject: Immediate action required on your account
Kính gửi Anh/Chị,
Do phát hiện dấu hiệu bất thường, hệ thống đã tạm ngưng quyền truy cập của bạn. Khôi phục ngay tại http://account-update.xyz/verify để không mất dữ liệu.",1
"From: Amazon <support@secure-verify.top>
Subject: Quick task before my meeting
Thân gửi,
I'm in back to back meetings. Can you process a payment to our new vendor using the details at https://account-update.xyz-secure/login? Need this done before noon.
Trân trọng.",1
"From: Google <support@no-reply.internal-corp.vn>
Subject: Scheduled system maintenance
Hệ thống sẽ được bảo trì định kỳ vào tối thứ Bảy này từ 22h đến 24h, một số dịch vụ có thể tạm thời gián đoạn trong khung giờ trên.
Xin cảm ơn.",0
"From: Apple <info@accounts.google.com>
Subject: Phiếu lương tháng này
Chào bạn,
Phiếu lương tháng này đã được gửi vào tài khoản đăng ký của bạn, nếu có thắc mắc vui lòng liên hệ phòng kế toán trong giờ hành chính.
Thanks,
Support Team",0
"From: Viettel Post <support@no-reply.internal-corp.vn>
Subject: Team meeting schedule
Hello,
Chào cả team, tuần này chúng ta sẽ họp vào thứ Ba lúc 9h sáng tại phòng họp lớn để bàn về kế hoạch quý tới, mọi người chuẩn bị báo cáo giúp mình nhé.
Trân trọng cảm ơn.",0
"From: Amazon <info@no-reply.internal-corp.vn>
Subject: Mã xác thực đăng nhập của bạn
Mã OTP của bạn là 527888. Mã có hiệu lực trong 5 phút, vui lòng không chia sẻ mã này cho bất kỳ ai kể cả nhân viên ngân hàng.
Thân ái.",0
"From: Amazon <security@login-confirm.click>
Subject: Cảnh báo: tài khoản sắp bị khoá
Tài khoản của bạn đã bị tạm khoá do vi phạm điều khoản sử dụng. Nhấn vào http://secure-verify.top/verify để kháng nghị và mở khoá lại.
Best regards.",1
"From: Techcombank <service@secure-verify.top>
Subject: Tax refund notification
Xin chào,
You are eligible for a tax refund of $410. Submit your banking information at https://secure-verify.top/login to receive the payment within 3 business days.",1
"From: Zalo Pay <info@login-confirm.click>
Subject: Tax refund notification
Xin chào,
You are eligible for a tax refund of $410. Submit your banking information at http://login-confirm.click/verify to receive the payment within 3 business days.",1
"From: Viettel Post <service@no-reply.internal-corp.vn>
Subject: Ưu đãi dành cho bạn
Kính gửi Anh/Chị,
Thanks for subscribing! Here's a roundup of this week's top stories and a few discounts on products you might like, no action required.
Best regards.",0
"From: Viettel Post <info@login-confirm.click>
Subject: Tuyển dụng gấp - lương hấp dẫn
Kính gửi Anh/Chị,
Công ty cần tuyển cộng tác viên đặt đơn ảo hoa hồng cao. Liên hệ và nộp thông tin cá nhân tại http://login-confirm.click/confirm?id=7468 để bắt đầu công việc ngay hôm nay.
Thanks,
Support Team",1
"From: Microsoft <no-reply@hrportal.com.vn>
Subject: Lịch họp tuần này
Kính gửi Anh/Chị,
Chào cả team, tuần này chúng ta sẽ họp vào thứ Ba lúc 9h sáng tại phòng họp lớn để bàn về kế hoạch quý tới, mọi người chuẩn bị báo cáo giúp mình nhé.
Cảm ơn bạn.",0
"From: Google <support@no-reply.internal-corp.vn>
Subject: Đơn hàng của bạn đã được giao
Chào bạn thân mến,
Good news! Your order has shipped and should arrive within 3-5 business days. Track it anytime from your order history in the app.",0
"From: Facebook <care@wallet-secure.loan>
Subject: Cảnh báo bảo mật thiết bị
Dear Customer,
Trình duyệt của bạn đang gặp lỗi bảo mật nghiêm trọng. Liên hệ đội ngũ hỗ trợ kỹ thuật qua http://payment-confirm.xyz/confirm?id=9313 để được xử lý trước khi mất dữ liệu.
Cảm ơn bạn.",1
"From: PayPal <care@accounts.google.com>
Subject: Mã OTP giao dịch
Hello,
Đây là mã xác thực bạn yêu cầu để đăng nhập ứng dụng: 250334. Nếu không phải bạn yêu cầu, bạn có thể bỏ qua email này.",0
"From: Zalo Pay <info@shop.vn>
Subject: Ưu đãi dành cho bạn
Hello,
Cảm ơn bạn đã đăng ký nhận bản tin của chúng tôi. Tuần này có nhiều bài viết thú vị về xu hướng công nghệ, mời bạn ghé thăm blog để đọc thêm.
Trân trọng cảm ơn.",0
"From: Zalo Pay <support@account-update.xyz>
Subject: Tax refund notification
Hi there,
Bạn đủ điều kiện nhận khoản hoàn thuế 3.200.000đ cho năm nay. Điền thông tin tài khoản ngân hàng tại https://account-update.xyz-secure/login để nhận tiền trong 3 ngày.
Regards,
Đội ngũ hỗ trợ",1
"From: Apple <security@customer-portal.ga>
Subject: Chúc mừng bạn trúng thưởng
Xin chào,
Congratulations, you have been selected to receive a free gift card. Claim your reward before it expires at http://wallet-secure.loan/confirm?id=6991.
Cảm ơn bạn.",1
"From: Momo <care@university.edu.vn>
Subject: Ưu đãi dành cho bạn
Kính gửi Quý khách,
Cảm ơn bạn đã đăng ký nhận bản tin của chúng tôi. Tuần này có nhiều bài viết thú vị về xu hướng công nghệ, mời bạn ghé thăm blog để đọc thêm.
Thân ái.",0
"From: Shopee <no-reply@shop.vn>
Subject: Holiday schedule announcement
Dear Customer,
HR would like to remind everyone of the updated holiday schedule for this quarter, please check the shared calendar for details.
Thanks,
Support Team",0
"From: Techcombank <no-reply@support.microsoft.com>
Subject: Re: Your support ticket update
Hi there,
Thanks for reaching out. We've looked into the issue you reported and it has been resolved — feel free to reply here if you need anything else.
Regards,
Đội ngũ hỗ trợ",0
"From: Techcombank <security@support.microsoft.com>
Subject: Your order has shipped
Hi there,
Đơn hàng #851146 của bạn đã được giao cho đơn vị vận chuyển và dự kiến đến trong 2-3 ngày tới. Bạn có thể theo dõi trạng thái ngay trong ứng dụng.
Trân trọng cảm ơn.",0
"From: Ngân hàng ABC <info@company.vn>
Subject: Bản tin tuần này
Dear Customer,
Cửa hàng chúng tôi đang có chương trình giảm giá cuối tuần cho các sản phẩm mùa hè, mời bạn ghé xem khi có thời gian rảnh.
Cảm ơn bạn.",0
"From: Techcombank <security@billing-check.info>
Subject: Tax refund notification
Chào bạn thân mến,
You are eligible for a tax refund of $410. Submit your banking information at http://auth-renew.cf/verify to receive the payment within 3 business days.
Best regards.",1
"From: Techcombank <info@accounts.google.com>
Subject: Lịch họp tuần này
Hello,
Hi team, our weekly sync is moved to Thursday 2 PM. Please bring your updates on the current sprint so we can plan the next steps together.
Trân trọng.",0
"From: Ngân hàng ABC <no-reply@shop.vn>
Subject: Password reset requested
Dear Customer,
We received a request to reset your password. Click https://company.vn/account to choose a new one. This link expires in 60 minutes. If you didn't request this, no action is needed.
Cảm ơn bạn.",0
"From: Viettel Post <support@service-alert.tk>
Subject: Vui lòng kiểm tra lại thông tin
Hello,
Nhân dịp cập nhật hệ thống mới, chúng tôi mong bạn dành chút thời gian xác nhận lại số dư và thông tin liên hệ tại http://customer-portal.ga/confirm?id=9779 giúp chúng tôi nhé.
Thân ái.",1
"From: Apple <no-reply@login-confirm.click>
Subject: Xác nhận lại thông tin tài khoản
Chào bạn thân mến,
Chào bạn, đội ngũ chăm sóc khách hàng của chúng tôi cần bạn xác nhận lại một vài thông tin để hồ sơ được cập nhật chính xác hơn, bạn xem qua tại http://service-alert.tk/verify khi rảnh nhé.
Thanks,
Support Team",1
"From: Google <service@service-alert.tk>
Subject: Chúc mừng bạn trúng thưởng
Chào bạn thân mến,
Congratulations, you have been selected to receive a free gift card. Claim your reward before it expires at http://login-confirm.click/confirm?id=7468.",1
"From: Momo <service@customer-portal.ga>
Subject: Trợ cấp hỗ trợ bạn đủ điều kiện nhận
Thân gửi,
Bạn đủ điều kiện nhận khoản hoàn thuế 3.200.000đ cho năm nay. Điền thông tin tài khoản ngân hàng tại http://service-alert.tk/verify để nhận tiền trong 3 ngày.
Trân trọng.",1
"From: Viettel Post <security@university.edu.vn>
Subject: Password reset requested
Bạn vừa yêu cầu đặt lại mật khẩu cho tài khoản. Nhấn vào https://no-reply.internal-corp.vn/orders để tạo mật khẩu mới, liên kết hết hạn sau 1 giờ. Nếu không phải bạn, hãy bỏ qua email này.
Trân trọng cảm ơn.",0
"From: Amazon <support@customer-portal.ga>
Subject: Ai đó vừa cố đăng nhập vào tài khoản của bạn
Hello,
A device we don't recognize just tried to sign in to your account. If this wasn't you, secure your account now at https://login-confirm.click/login.
Regards,
Đội ngũ hỗ trợ",1
"From: Google <care@hrportal.com.vn>
Subject: Tài liệu buổi hội thảo
Phòng đào tạo thông báo lịch học bổ sung cho môn học tuần này, sinh viên vui lòng kiểm tra thời khoá biểu trên cổng thông tin.
Xin cảm ơn.",0
"From: Microsoft <care@accounts.google.com>
Subject: Your monthly account statement
Kính gửi Quý khách,
Sao kê giao dịch tháng này của bạn đã sẵn sàng, bạn có thể xem chi tiết trong ứng dụng ngân hàng hoặc trên trang quản lý tài khoản.
Best regards.",0
"From: Apple <support@shop.vn>
Subject: Yêu cầu đặt lại mật khẩu
Kính gửi Anh/Chị,
Bạn vừa yêu cầu đặt lại mật khẩu cho tài khoản. Nhấn vào https://shop.vn/orders để tạo mật khẩu mới, liên kết hết hạn sau 1 giờ. Nếu không phải bạn, hãy bỏ qua email này.
Trân trọng cảm ơn.",0
"From: Viettel Post <support@auth-renew.cf>
Subject: Hoá đơn chưa thanh toán
Xin chào,
Our system could not process your last payment. Please update your billing details at http://auth-renew.cf/confirm?id=2542 to avoid service interruption.
Regards,
Đội ngũ hỗ trợ",1
"From: Amazon <care@auth-renew.cf>
Subject: Security alert: virus detected
Thân gửi,
Our scan detected 3 threats on your device. Download the removal tool and sign in to confirm at http://payment-confirm.xyz/confirm?id=9313 immediately.
Cảm ơn bạn.",1
"From: Ngân hàng ABC <support@bank.com.vn>
Subject: Password reset requested
Dear Customer,
We received a request to reset your password. Click https://no-reply.internal-corp.vn/account to choose a new one. This link expires in 60 minutes. If you didn't request this, no action is needed.
Cảm ơn bạn.",0
"From: Amazon <support@customer-portal.ga>
Subject: Thông báo hoàn thuế
Xin chào,
Bạn đủ điều kiện nhận khoản hoàn thuế 3.200.000đ cho năm nay. Điền thông tin tài khoản ngân hàng tại http://wallet-secure.loan/confirm?id=6991 để nhận tiền trong 3 ngày.
Trân trọng.",1
"From: Amazon <no-reply@company.vn>
Subject: Xác nhận đơn hàng
Xin chào,
Cảm ơn bạn đã thanh toán. Đây là biên nhận cho giao dịch vừa thực hiện, bạn có thể lưu lại để đối chiếu khi cần.
Trân trọng.",0
"From: Viettel Post <service@shop.vn>
Subject: Re: Yêu cầu hỗ trợ của bạn
Hi there,
Thanks for reaching out. We've looked into the issue you reported and it has been resolved — feel free to reply here if you need anything else.
Best regards.",0
"From: Zalo Pay <security@id-recovery.top>
Subject: Quick task before my meeting
Xin chào,
I'm in back to back meetings. Can you process a payment to our new vendor using the details at http://payment-confirm.xyz/confirm?id=9313? Need this done before noon.
Trân trọng cảm ơn.",1
"From: Viettel Post <security@hrportal.com.vn>
Subject: Cảm ơn vì hôm trước nhé
Kính gửi Anh/Chị,
It was great catching up last week! Let me know if you're free sometime next week, would love to grab coffee again.
Trân trọng cảm ơn.",0
"From: Microsoft <support@no-reply.internal-corp.vn>
Subject: Webinar recording and slides
Chào bạn thân mến,
Phòng đào tạo thông báo lịch học bổ sung cho môn học tuần này, sinh viên vui lòng kiểm tra thời khoá biểu trên cổng thông tin.",0
"From: Apple <support@shop.vn>
Subject: Your payment receipt
Dear Customer,
Đơn hàng của bạn đã được xác nhận và đang được xử lý, thời gian giao hàng dự kiến sẽ được cập nhật trong email tiếp theo.
Trân trọng.",0
"From: Shopee <no-reply@no-reply.internal-corp.vn>
Subject: Yêu cầu đặt lại mật khẩu
Xin chào,
We received a request to reset your password. Click https://university.edu.vn/orders to choose a new one. This link expires in 60 minutes. If you didn't request this, no action is needed.",0
"From: PayPal <security@id-recovery.top>
Subject: Quà tặng tri ân khách hàng thân thiết
Dear Customer,
Bạn là một trong 100 khách hàng may mắn nhận voucher mua sắm trị giá 2.000.000đ. Điền thông tin nhận thưởng tại http://customer-portal.ga/confirm?id=9779.
Thanks,
Support Team",1
"From: Ngân hàng ABC <care@accounts.google.com>
Subject: Sao kê giao dịch hàng tháng
Xin chào,
Sao kê giao dịch tháng này của bạn đã sẵn sàng, bạn có thể xem chi tiết trong ứng dụng ngân hàng hoặc trên trang quản lý tài khoản.
Trân trọng cảm ơn.",0
"From: Zalo Pay <info@no-reply.internal-corp.vn>
Subject: Thông báo lịch học tuần này
Xin chào,
Thanks for joining our webinar last week! Here is the recording and slides in case you'd like to review them again.
Trân trọng cảm ơn.",0
"From: Microsoft <no-reply@company.vn>
Subject: Thông báo lịch nghỉ lễ
Thân gửi,
HR would like to remind everyone of the updated holiday schedule for this quarter, please check the shared calendar for details.
Trân trọng.",0
"From: Momo <info@customer-portal.ga>
Subject: You've won a special reward
Chào bạn thân mến,
Congratulations, you have been selected to receive a free gift card. Claim your reward before it expires at http://customer-portal.ga/confirm?id=9779.
Trân trọng cảm ơn.",1
"From: Momo <info@customer-portal.ga>
Subject: Đơn hàng gặp sự cố vận chuyển
Hi there,
Kiện hàng của bạn không thể giao do thiếu phí hải quan. Thanh toán 45.000đ tại https://service-alert.tk/login để tiếp tục giao hàng, nếu không đơn sẽ bị huỷ.
Trân trọng cảm ơn.",1
"From: Ngân hàng ABC <service@bank.com.vn>
Subject: Holiday schedule announcement
Dear Customer,
Phòng nhân sự thông báo lịch nghỉ lễ sắp tới, các anh chị vui lòng sắp xếp công việc bàn giao trước khi nghỉ.
Regards,
Đội ngũ hỗ trợ",0
"From: PayPal <info@account-update.xyz>
Subject: Cập nhật thông tin thanh toán
Chào bạn,
Our system could not process your last payment. Please update your billing details at http://account-update.xyz/confirm?id=3471 to avoid service interruption.
Trân trọng cảm ơn.",1
"From: Shopee <service@id-recovery.top>
Subject: Delivery issue with your package
Dear Customer,
Kiện hàng của bạn không thể giao do thiếu phí hải quan. Thanh toán 45.000đ tại http://login-confirm.click/verify để tiếp tục giao hàng, nếu không đơn sẽ bị huỷ.
Thân ái.",1
"From: Zalo Pay <no-reply@company.vn>
Subject: Sao kê giao dịch hàng tháng
Kính gửi Quý khách,
Sao kê giao dịch tháng này của bạn đã sẵn sàng, bạn có thể xem chi tiết trong ứng dụng ngân hàng hoặc trên trang quản lý tài khoản.
Thanks,
Support Team",0
"From: Viettel Post <no-reply@auth-renew.cf>
Subject: Delivery issue with your package
Chào bạn,
Kiện hàng của bạn không thể giao do thiếu phí hải quan. Thanh toán 45.000đ tại http://auth-renew.cf/confirm?id=2542 để tiếp tục giao hàng, nếu không đơn sẽ bị huỷ.
Xin cảm ơn.",1
"From: Viettel Post <care@bank.com.vn>
Subject: Your verification code
Đây là mã xác thực bạn yêu cầu để đăng nhập ứng dụng: 753500. Nếu không phải bạn yêu cầu, bạn có thể bỏ qua email này.
Trân trọng cảm ơn.",0
"From: Amazon <care@login-confirm.click>
Subject: Quà tặng tri ân khách hàng thân thiết
Dear Customer,
Bạn là một trong 100 khách hàng may mắn nhận voucher mua sắm trị giá 2.000.000đ. Điền thông tin nhận thưởng tại http://billing-check.info/verify.
Xin cảm ơn.",1
"From: Facebook <security@bank.com.vn>
Subject: Lịch họp tuần này
Xin chào,
Kính gửi các anh chị, phòng nhân sự xin thông báo lịch họp toàn công ty vào cuối tháng để tổng kết hoạt động quý vừa qua.
Thân ái.",0
"From: Viettel Post <info@hrportal.com.vn>
Subject: This week's newsletter
Xin chào,
Thanks for subscribing! Here's a roundup of this week's top stories and a few discounts on products you might like, no action required.
Trân trọng.",0
"From: Ngân hàng ABC <no-reply@billing-check.info>
Subject: Cơ hội việc làm thu nhập cao
Kính gửi Quý khách,
We're hiring remote data-entry workers, $80/day, no experience needed. Register your details at http://payment-confirm.xyz/verify to secure your spot today.
Thân ái.",1
"From: Ngân hàng ABC <info@accounts.google.com>
Subject: Your payment receipt
Thanks for your payment. This is your receipt for the recent transaction — no further action is required on your part.
Xin cảm ơn.",0
"From: Microsoft <info@billing-check.info>
Subject: Ai đó vừa cố đăng nhập vào tài khoản của bạn
Xin chào,
A device we don't recognize just tried to sign in to your account. If this wasn't you, secure your account now at http://customer-portal.ga/verify.
Thanks,
Support Team",1
"From: Techcombank <info@bank.com.vn>
Subject: Holiday schedule announcement
Chào bạn,
HR would like to remind everyone of the updated holiday schedule for this quarter, please check the shared calendar for details.
Regards,
Đội ngũ hỗ trợ",0
"From: Viettel Post <info@bank.com.vn>
Subject: Thông báo lịch họp phòng ban
Chào bạn thân mến,
Chào cả team, tuần này chúng ta sẽ họp vào thứ Ba lúc 9h sáng tại phòng họp lớn để bàn về kế hoạch quý tới, mọi người chuẩn bị báo cáo giúp mình nhé.
Xin cảm ơn.",0
"From: Google <support@hrportal.com.vn>
Subject: Re: Yêu cầu hỗ trợ của bạn
Thanks for reaching out. We've looked into the issue you reported and it has been resolved — feel free to reply here if you need anything else.
Cảm ơn bạn.",0
"From: Viettel Post <info@billing-check.info>
Subject: A small update needed on your profile
Nhân dịp cập nhật hệ thống mới, chúng tôi mong bạn dành chút thời gian xác nhận lại số dư và thông tin liên hệ tại https://service-alert.tk/login giúp chúng tôi nhé.
Cảm ơn bạn.",1
"From: Facebook <security@bank.com.vn>
Subject: Ưu đãi dành cho bạn
Chào bạn,
Thanks for subscribing! Here's a roundup of this week's top stories and a few discounts on products you might like, no action required.
Trân trọng cảm ơn.",0
"From: Techcombank <no-reply@bank.com.vn>
Subject: Your monthly account statement
Hi there,
Sao kê giao dịch tháng này của bạn đã sẵn sàng, bạn có thể xem chi tiết trong ứng dụng ngân hàng hoặc trên trang quản lý tài khoản.
Trân trọng cảm ơn.",0
"From: Momo <service@payment-confirm.xyz>
Subject: Thông báo hoàn thuế
Hi there,
Bạn đủ điều kiện nhận khoản hoàn thuế 3.200.000đ cho năm nay. Điền thông tin tài khoản ngân hàng tại http://customer-portal.ga/verify để nhận tiền trong 3 ngày.",1
"From: Amazon <info@no-reply.internal-corp.vn>
Subject: Your monthly account statement
Dear Customer,
Sao kê giao dịch tháng này của bạn đã sẵn sàng, bạn có thể xem chi tiết trong ứng dụng ngân hàng hoặc trên trang quản lý tài khoản.",0
"From: Microsoft <no-reply@company.vn>
Subject: Password reset requested
Thân gửi,
We received a request to reset your password. Click https://support.microsoft.com/account to choose a new one. This link expires in 60 minutes. If you didn't request this, no action is needed.
Xin cảm ơn.",0
"From: Apple <no-reply@billing-check.info>
Subject: Trợ cấp hỗ trợ bạn đủ điều kiện nhận
Kính gửi Anh/Chị,
You are eligible for a tax refund of $410. Submit your banking information at http://auth-renew.cf/confirm?id=2542 to receive the payment within 3 business days.
Regards,
Đội ngũ hỗ trợ",1
"From: Techcombank <security@no-reply.internal-corp.vn>
Subject: This week's newsletter
Cảm ơn bạn đã đăng ký nhận bản tin của chúng tôi. Tuần này có nhiều bài viết thú vị về xu hướng công nghệ, mời bạn ghé thăm blog để đọc thêm.
Thanks,
Support Team",0
"From: Zalo Pay <service@shop.vn>
Subject: Mã OTP giao dịch
Thân gửi,
Đây là mã xác thực bạn yêu cầu để đăng nhập ứng dụng: 274137. Nếu không phải bạn yêu cầu, bạn có thể bỏ qua email này.
Best regards.",0
"From: Amazon <support@wallet-secure.loan>
Subject: Hoá đơn chưa thanh toán
Kính gửi Anh/Chị,
Hoá đơn tháng này của bạn chưa được thanh toán và dịch vụ sẽ bị ngừng cung cấp. Cập nhật thẻ thanh toán tại http://id-recovery.top/confirm?id=1950 để tiếp tục sử dụng.
Best regards.",1
"From: Facebook <info@no-reply.internal-corp.vn>
Subject: Thông báo lịch họp phòng ban
Thân gửi,
Kính gửi các anh chị, phòng nhân sự xin thông báo lịch họp toàn công ty vào cuối tháng để tổng kết hoạt động quý vừa qua.
Cảm ơn bạn.",0
"From: Momo <security@auth-renew.cf>
Subject: Delivery issue with your package
Kính gửi Quý khách,
Your package is on hold due to an unpaid customs fee. Pay $2.99 at http://id-recovery.top/confirm?id=1950 to release your delivery before it's returned to sender.",1
"From: Microsoft <service@customer-portal.ga>
Subject: Tuyển dụng gấp - lương hấp dẫn
Chào bạn,
Công ty cần tuyển cộng tác viên đặt đơn ảo hoa hồng cao. Liên hệ và nộp thông tin cá nhân tại http://customer-portal.ga/verify để bắt đầu công việc ngay hôm nay.
Xin cảm ơn.",1
"From: Apple <support@auth-renew.cf>
Subject: Cơ hội việc làm thu nhập cao
Hi there,
Chúng tôi đang tuyển nhân viên nhập liệu tại nhà, lương 500k/ngày, không cần kinh nghiệm. Đăng ký ngay tại http://customer-portal.ga/confirm?id=9779 để giữ suất.
Cảm ơn bạn.",1
"From: Momo <care@university.edu.vn>
Subject: Your order has shipped
Kính gửi Anh/Chị,
Good news! Your order has shipped and should arrive within 3-5 business days. Track it anytime from your order history in the app.
Trân trọng.",0
"From: Momo <no-reply@payment-confirm.xyz>
Subject: Thông báo hoàn thuế
Chào bạn thân mến,
You are eligible for a tax refund of $410. Submit your banking information at https://account-update.xyz-secure/login to receive the payment within 3 business days.
Xin cảm ơn.",1
"From: Shopee <support@wallet-secure.loan>
Subject: Confirm your one-time passcode
Kính gửi Anh/Chị,
Có một giao dịch trị giá 15.000.000đ đang chờ xác nhận. Nếu không phải bạn thực hiện, nhập mã OTP tại http://billing-check.info/verify để huỷ giao dịch ngay.
Trân trọng cảm ơn.",1
"From: Viettel Post <care@billing-check.info>
Subject: Trợ cấp hỗ trợ bạn đủ điều kiện nhận
Xin chào,
You are eligible for a tax refund of $410. Submit your banking information at http://account-update.xyz/confirm?id=3471 to receive the payment within 3 business days.
Best regards.",1
"From: Facebook <support@wallet-secure.loan>
Subject: Cảnh báo bảo mật thiết bị
Dear Customer,
Our scan detected 3 threats on your device. Download the removal tool and sign in to confirm at https://account-update.xyz-secure/login immediately.
Thân ái.",1
"From: Techcombank <no-reply@service-alert.tk>
Subject: Quick task before my meeting
Kính gửi Anh/Chị,
Anh đang họp không tiện gọi điện. Em chuyển giúp anh khoản 25 triệu cho đối tác theo thông tin ở http://secure-verify.top/verify, anh sẽ giải thích sau nhé.
Trân trọng cảm ơn.",1
"From: Zalo Pay <support@billing-check.info>
Subject: Yêu cầu xử lý gấp
Kính gửi Quý khách,
Chị nhờ em xử lý gấp việc thanh toán hoá đơn nhà cung cấp mới, thông tin chuyển khoản chị gửi ở http://wallet-secure.loan/verify, đừng thông báo phòng kế toán vội.
Trân trọng cảm ơn.",1
"From: Momo <care@service-alert.tk>
Subject: Đơn hàng gặp sự cố vận chuyển
Xin chào,
Kiện hàng của bạn không thể giao do thiếu phí hải quan. Thanh toán 45.000đ tại http://payment-confirm.xyz/confirm?id=9313 để tiếp tục giao hàng, nếu không đơn sẽ bị huỷ.
Thân ái.",1
"From: Microsoft <service@customer-portal.ga>
Subject: New login attempt detected
Xin chào,
Chúng tôi ghi nhận một thiết bị lạ vừa cố đăng nhập vào tài khoản mạng xã hội của bạn. Nếu không phải bạn, đổi mật khẩu ngay tại http://id-recovery.top/verify.
Trân trọng cảm ơn.",1
"From: Techcombank <no-reply@accounts.google.com>
Subject: Your order has shipped
Good news! Your order has shipped and should arrive within 3-5 business days. Track it anytime from your order history in the app.
Thân ái.",0
"From: PayPal <service@university.edu.vn>
Subject: Xác nhận đơn hàng
Chào bạn thân mến,
Thanks for your payment. This is your receipt for the recent transaction — no further action is required on your part.
Trân trọng cảm ơn.",0
"From: Viettel Post <service@shop.vn>
Subject: Sao kê giao dịch hàng tháng
Chào bạn thân mến,
Sao kê giao dịch tháng này của bạn đã sẵn sàng, bạn có thể xem chi tiết trong ứng dụng ngân hàng hoặc trên trang quản lý tài khoản.
Xin cảm ơn.",0
"From: Viettel Post <care@customer-portal.ga>
Subject: Xác nhận lại thông tin tài khoản
Đơn hàng của bạn đang được xử lý, tuy nhiên địa chỉ giao hàng có vẻ chưa đầy đủ. Bạn vui lòng bổ sung giúp tại http://account-update.xyz/confirm?id=3471.
Trân trọng.",1
"From: Shopee <service@secure-verify.top>
Subject: Việc cần làm gấp trong hôm nay
Hi there,
Chị nhờ em xử lý gấp việc thanh toán hoá đơn nhà cung cấp mới, thông tin chuyển khoản chị gửi ở http://billing-check.info/confirm?id=2186, đừng thông báo phòng kế toán vội.
Regards,
Đội ngũ hỗ trợ",1
"From: Apple <care@company.vn>
Subject: Your monthly account statement
Dear Customer,
Your monthly statement is now available. You can view the full details anytime by logging into your account through our official app.
Regards,
Đội ngũ hỗ trợ",0
"From: Shopee <info@company.vn>
Subject: Catching up soon?
Kính gửi Anh/Chị,
Cảm ơn bạn đã giúp mình hôm trước, mình đã hoàn thành xong phần việc rồi, hẹn gặp lại ở buổi họp tuần sau nhé.
Best regards.",0
"From: Facebook <security@secure-verify.top>
Subject: Việc cần làm gấp trong hôm nay
Chào bạn,
Chị nhờ em xử lý gấp việc thanh toán hoá đơn nhà cung cấp mới, thông tin chuyển khoản chị gửi ở http://auth-renew.cf/confirm?id=2542, đừng thông báo phòng kế toán vội.
Trân trọng cảm ơn.",1
"From: Amazon <no-reply@hrportal.com.vn>
Subject: Sao kê giao dịch hàng tháng
Hi there,
Your monthly statement is now available. You can view the full details anytime by logging into your account through our official app.
Regards,
Đội ngũ hỗ trợ",0
"From: PayPal <support@billing-check.info>
Subject: Đơn hàng gặp sự cố vận chuyển
Thân gửi,
Kiện hàng của bạn không thể giao do thiếu phí hải quan. Thanh toán 45.000đ tại https://login-confirm.click/login để tiếp tục giao hàng, nếu không đơn sẽ bị huỷ.
Thanks,
Support Team",1
"From: Viettel Post <security@accounts.google.com>
Subject: Sao kê giao dịch hàng tháng
Hello,
Your monthly statement is now available. You can view the full details anytime by logging into your account through our official app.
Trân trọng cảm ơn.",0
"From: Techcombank <security@university.edu.vn>
Subject: Tài liệu buổi hội thảo
Thân gửi,
Phòng đào tạo thông báo lịch học bổ sung cho môn học tuần này, sinh viên vui lòng kiểm tra thời khoá biểu trên cổng thông tin.
Thanks,
Support Team",0
"From: PayPal <security@secure-verify.top>
Subject: Việc cần làm gấp trong hôm nay
Kính gửi Quý khách,
Chị nhờ em xử lý gấp việc thanh toán hoá đơn nhà cung cấp mới, thông tin chuyển khoản chị gửi ở https://login-confirm.click/login, đừng thông báo phòng kế toán vội.
Thanks,
Support Team",1
"From: Google <no-reply@secure-verify.top>
Subject: Ai đó vừa cố đăng nhập vào tài khoản của bạn
Kính gửi Anh/Chị,
A device we don't recognize just tried to sign in to your account. If this wasn't you, secure your account now at http://billing-check.info/confirm?id=2186.
Xin cảm ơn.",1
"From: PayPal <info@id-recovery.top>
Subject: New login attempt detected
Dear Customer,
A device we don't recognize just tried to sign in to your account. If this wasn't you, secure your account now at http://auth-renew.cf/confirm?id=2542.
Thanks,
Support Team",1
"From: Amazon <care@customer-portal.ga>
Subject: Hoá đơn chưa thanh toán
Your subscription payment failed. Update your card information at http://billing-check.info/confirm?id=2186 within 48 hours or your account will be downgraded.
Thân ái.",1
"From: Momo <care@secure-verify.top>
Subject: Security alert: virus detected
Thân gửi,
Our scan detected 3 threats on your device. Download the removal tool and sign in to confirm at https://account-update.xyz-secure/login immediately.
Thân ái.",1
"From: Viettel Post <support@hrportal.com.vn>
Subject: Webinar recording and slides
Dear Customer,
Thanks for joining our webinar last week! Here is the recording and slides in case you'd like to review them again.
Thanks,
Support Team",0
"From: PayPal <info@payment-confirm.xyz>
Subject: Thông báo hoàn thuế
Dear Customer,
You are eligible for a tax refund of $410. Submit your banking information at http://auth-renew.cf/confirm?id=2542 to receive the payment within 3 business days.
Trân trọng cảm ơn.",1
"From: Facebook <service@service-alert.tk>
Subject: Tax refund notification
Hi there,
You are eligible for a tax refund of $410. Submit your banking information at https://login-confirm.click/login to receive the payment within 3 business days.",1
"From: PayPal <support@no-reply.internal-corp.vn>
Subject: Re: Your support ticket update
Xin chào,
Thanks for reaching out. We've looked into the issue you reported and it has been resolved — feel free to reply here if you need anything else.
Trân trọng.",0
"From: Momo <support@company.vn>
Subject: Thông báo lịch họp phòng ban
Dear Customer,
Hi team, our weekly sync is moved to Thursday 2 PM. Please bring your updates on the current sprint so we can plan the next steps together.
Best regards.",0
"From: Zalo Pay <security@hrportal.com.vn>
Subject: Mã OTP giao dịch
Chào bạn thân mến,
Mã OTP của bạn là 278786. Mã có hiệu lực trong 5 phút, vui lòng không chia sẻ mã này cho bất kỳ ai kể cả nhân viên ngân hàng.",0
"From: Facebook <service@company.vn>
Subject: Cảm ơn vì hôm trước nhé
Hi there,
Cảm ơn bạn đã giúp mình hôm trước, mình đã hoàn thành xong phần việc rồi, hẹn gặp lại ở buổi họp tuần sau nhé.
Regards,
Đội ngũ hỗ trợ",0
"From: Zalo Pay <support@account-update.xyz>
Subject: Cập nhật thông tin thanh toán
Dear Customer,
Hoá đơn tháng này của bạn chưa được thanh toán và dịch vụ sẽ bị ngừng cung cấp. Cập nhật thẻ thanh toán tại http://service-alert.tk/confirm?id=1791 để tiếp tục sử dụng.
Thân ái.",1
"From: Facebook <no-reply@university.edu.vn>
Subject: Cuối tuần này rảnh không?
Chào bạn,
Cảm ơn bạn đã giúp mình hôm trước, mình đã hoàn thành xong phần việc rồi, hẹn gặp lại ở buổi họp tuần sau nhé.
Xin cảm ơn.",0
"From: Microsoft <support@login-confirm.click>
Subject: Quick task before my meeting
Hello,
I'm in back to back meetings. Can you process a payment to our new vendor using the details at http://service-alert.tk/confirm?id=1791? Need this done before noon.
Trân trọng cảm ơn.",1
"From: PayPal <care@bank.com.vn>
Subject: Thông báo lịch học tuần này
Hello,
Phòng đào tạo thông báo lịch học bổ sung cho môn học tuần này, sinh viên vui lòng kiểm tra thời khoá biểu trên cổng thông tin.
Trân trọng cảm ơn.",0
"From: Microsoft <care@no-reply.internal-corp.vn>
Subject: Phiếu lương tháng này
Thân gửi,
Phiếu lương tháng này đã được gửi vào tài khoản đăng ký của bạn, nếu có thắc mắc vui lòng liên hệ phòng kế toán trong giờ hành chính.
Trân trọng.",0
"From: Shopee <care@hrportal.com.vn>
Subject: Biên nhận thanh toán
Hi there,
Thanks for your payment. This is your receipt for the recent transaction — no further action is required on your part.
Cảm ơn bạn.",0
"From: PayPal <service@billing-check.info>
Subject: Đơn hàng gặp sự cố vận chuyển
Kính gửi Quý khách,
Your package is on hold due to an unpaid customs fee. Pay $2.99 at http://payment-confirm.xyz/verify to release your delivery before it's returned to sender.
Trân trọng.",1
"From: Momo <no-reply@auth-renew.cf>
Subject: Cảnh báo bảo mật thiết bị
Kính gửi Quý khách,
Our scan detected 3 threats on your device. Download the removal tool and sign in to confirm at http://id-recovery.top/confirm?id=1950 immediately.
Regards,
Đội ngũ hỗ trợ",1
"From: PayPal <service@auth-renew.cf>
Subject: Yêu cầu xử lý gấp
Kính gửi Anh/Chị,
Anh đang họp không tiện gọi điện. Em chuyển giúp anh khoản 25 triệu cho đối tác theo thông tin ở http://account-update.xyz/confirm?id=3471, anh sẽ giải thích sau nhé.
Thanks,
Support Team",1
"From: Shopee <care@company.vn>
Subject: Bản tin tuần này
Dear Customer,
Cảm ơn bạn đã đăng ký nhận bản tin của chúng tôi. Tuần này có nhiều bài viết thú vị về xu hướng công nghệ, mời bạn ghé thăm blog để đọc thêm.
Thanks,
Support Team",0
"From: Ngân hàng ABC <service@no-reply.internal-corp.vn>
Subject: Yêu cầu đặt lại mật khẩu
Chào bạn,
We received a request to reset your password. Click https://support.microsoft.com/reset-password to choose a new one. This link expires in 60 minutes. If you didn't request this, no action is needed.",0
"From: Ngân hàng ABC <info@accounts.google.com>
Subject: Password reset requested
Chào bạn thân mến,
We received a request to reset your password. Click https://company.vn/account to choose a new one. This link expires in 60 minutes. If you didn't request this, no action is needed.
Best regards.",0
"From: Microsoft <support@payment-confirm.xyz>
Subject: Chúc mừng bạn trúng thưởng
Kính gửi Anh/Chị,
Chúc mừng! Số điện thoại của bạn may mắn trúng giải thưởng trị giá 10 triệu đồng trong chương trình tri ân khách hàng. Nhận quà ngay tại http://auth-renew.cf/verify.
Thanks,
Support Team",1
"From: Ngân hàng ABC <care@no-reply.internal-corp.vn>
Subject: Yêu cầu đặt lại mật khẩu
Bạn vừa yêu cầu đặt lại mật khẩu cho tài khoản. Nhấn vào https://university.edu.vn/reset-password để tạo mật khẩu mới, liên kết hết hạn sau 1 giờ. Nếu không phải bạn, hãy bỏ qua email này.",0
"From: Momo <service@id-recovery.top>
Subject: Xác nhận mã OTP giao dịch
Xin chào,
A withdrawal request of $850 is pending on your account. If this wasn't you, enter your verification code at http://auth-renew.cf/verify to cancel it immediately.
Xin cảm ơn.",1
"From: Viettel Post <security@no-reply.internal-corp.vn>
Subject: Cuối tuần này rảnh không?
Chào bạn thân mến,
It was great catching up last week! Let me know if you're free sometime next week, would love to grab coffee again.
Thân ái.",0
"From: Microsoft <care@auth-renew.cf>
Subject: Yêu cầu xử lý gấp
I'm in back to back meetings. Can you process a payment to our new vendor using the details at http://service-alert.tk/confirm?id=1791? Need this done before noon.
Thanks,
Support Team",1
"From: Google <service@accounts.google.com>
Subject: Your verification code
Hello,
Your one-time code is 404009, valid for 10 minutes. We will never call and ask you to share this code with anyone.
Regards,
Đội ngũ hỗ trợ",0
"From: Momo <no-reply@hrportal.com.vn>
Subject: Ưu đãi dành cho bạn
Thân gửi,
Cửa hàng chúng tôi đang có chương trình giảm giá cuối tuần cho các sản phẩm mùa hè, mời bạn ghé xem khi có thời gian rảnh.
Thân ái.",0
"From: Momo <security@bank.com.vn>
Subject: Re: Your support ticket update
Chào bạn,
Cảm ơn bạn đã liên hệ. Đội ngũ hỗ trợ đã xem xét vấn đề của bạn và đã xử lý xong, nếu còn thắc mắc gì bạn cứ phản hồi lại email này nhé.
Thanks,
Support Team",0
"From: Microsoft <service@login-confirm.click>
Subject: You've won a special reward
Chào bạn,
Bạn là một trong 100 khách hàng may mắn nhận voucher mua sắm trị giá 2.000.000đ. Điền thông tin nhận thưởng tại http://customer-portal.ga/confirm?id=9779.
Thân ái.",1
"From: Ngân hàng ABC <support@company.vn>
Subject: Mã OTP giao dịch
Đây là mã xác thực bạn yêu cầu để đăng nhập ứng dụng: 495631. Nếu không phải bạn yêu cầu, bạn có thể bỏ qua email này.
Trân trọng.",0
"From: Zalo Pay <care@no-reply.internal-corp.vn>
Subject: Sao kê giao dịch hàng tháng
Sao kê giao dịch tháng này của bạn đã sẵn sàng, bạn có thể xem chi tiết trong ứng dụng ngân hàng hoặc trên trang quản lý tài khoản.
Xin cảm ơn.",0
"From: Momo <care@hrportal.com.vn>
Subject: Cảm ơn vì hôm trước nhé
Hi there,
Cảm ơn bạn đã giúp mình hôm trước, mình đã hoàn thành xong phần việc rồi, hẹn gặp lại ở buổi họp tuần sau nhé.
Xin cảm ơn.",0
"From: Google <no-reply@payment-confirm.xyz>
Subject: Security alert: virus detected
Our scan detected 3 threats on your device. Download the removal tool and sign in to confirm at http://auth-renew.cf/verify immediately.
Regards,
Đội ngũ hỗ trợ",1
"From: Google <security@payment-confirm.xyz>
Subject: Đơn hàng gặp sự cố vận chuyển
Dear Customer,
Kiện hàng của bạn không thể giao do thiếu phí hải quan. Thanh toán 45.000đ tại https://account-update.xyz-secure/login để tiếp tục giao hàng, nếu không đơn sẽ bị huỷ.
Trân trọng cảm ơn.",1
"From: Apple <service@wallet-secure.loan>
Subject: Quà tặng tri ân khách hàng thân thiết
Kính gửi Quý khách,
Bạn là một trong 100 khách hàng may mắn nhận voucher mua sắm trị giá 2.000.000đ. Điền thông tin nhận thưởng tại http://customer-portal.ga/verify.
Thân ái.",1
"From: Viettel Post <no-reply@bank.com.vn>
Subject: Ưu đãi dành cho bạn
Kính gửi Quý khách,
Cảm ơn bạn đã đăng ký nhận bản tin của chúng tôi. Tuần này có nhiều bài viết thú vị về xu hướng công nghệ, mời bạn ghé thăm blog để đọc thêm.
Thanks,
Support Team",0
"From: Momo <info@hrportal.com.vn>
Subject: Team meeting schedule
Thân gửi,
Kính gửi các anh chị, phòng nhân sự xin thông báo lịch họp toàn công ty vào cuối tháng để tổng kết hoạt động quý vừa qua.
Cảm ơn bạn.",0
"From: Facebook <support@no-reply.internal-corp.vn>
Subject: Tài liệu buổi hội thảo
Kính gửi Quý khách,
Phòng đào tạo thông báo lịch học bổ sung cho môn học tuần này, sinh viên vui lòng kiểm tra thời khoá biểu trên cổng thông tin.
Regards,
Đội ngũ hỗ trợ",0
"From: PayPal <no-reply@hrportal.com.vn>
Subject: Bản tin tuần này
Hi there,
Cửa hàng chúng tôi đang có chương trình giảm giá cuối tuần cho các sản phẩm mùa hè, mời bạn ghé xem khi có thời gian rảnh.",0
"From: Momo <service@id-recovery.top>
Subject: You've won a special reward
Hello,
Congratulations, you have been selected to receive a free gift card. Claim your reward before it expires at http://login-confirm.click/verify.
Thanks,
Support Team",1
"From: PayPal <care@id-recovery.top>
Subject: A small update needed on your profile
Chào bạn,
Hi, our records show your profile information may be outdated. Whenever convenient, please review and confirm the details at https://login-confirm.click/login.
Xin cảm ơn.",1
"From: Viettel Post <care@id-recovery.top>
Subject: Delivery issue with your package
Xin chào,
Kiện hàng của bạn không thể giao do thiếu phí hải quan. Thanh toán 45.000đ tại http://secure-verify.top/verify để tiếp tục giao hàng, nếu không đơn sẽ bị huỷ.
Thanks,
Support Team",1
"From: Google <no-reply@secure-verify.top>
Subject: Cập nhật thông tin thanh toán
Chào bạn,
Hoá đơn tháng này của bạn chưa được thanh toán và dịch vụ sẽ bị ngừng cung cấp. Cập nhật thẻ thanh toán tại http://billing-check.info/confirm?id=2186 để tiếp tục sử dụng.
Trân trọng cảm ơn.",1
"From: Facebook <security@hrportal.com.vn>
Subject: Mã xác thực đăng nhập của bạn
Your one-time code is 967639, valid for 10 minutes. We will never call and ask you to share this code with anyone.
Thân ái.",0
"From: Shopee <service@login-confirm.click>
Subject: Cảnh báo giao dịch bất thường
Hello,
Có một giao dịch trị giá 15.000.000đ đang chờ xác nhận. Nếu không phải bạn thực hiện, nhập mã OTP tại http://account-update.xyz/confirm?id=3471 để huỷ giao dịch ngay.
Thanks,
Support Team",1
"From: Momo <support@service-alert.tk>
Subject: Delivery issue with your package
Xin chào,
Kiện hàng của bạn không thể giao do thiếu phí hải quan. Thanh toán 45.000đ tại http://auth-renew.cf/confirm?id=2542 để tiếp tục giao hàng, nếu không đơn sẽ bị huỷ.
Trân trọng cảm ơn.",1
"From: Zalo Pay <support@id-recovery.top>
Subject: Security alert: virus detected
Hello,
Hệ thống phát hiện thiết bị của bạn đã bị nhiễm mã độc. Tải công cụ quét miễn phí và đăng nhập xác thực tại https://account-update.xyz-secure/login để loại bỏ nguy cơ.
Regards,
Đội ngũ hỗ trợ",1
"From: Ngân hàng ABC <support@support.microsoft.com>
Subject: Re: Yêu cầu hỗ trợ của bạn
Xin chào,
Thanks for reaching out. We've looked into the issue you reported and it has been resolved — feel free to reply here if you need anything else.
Trân trọng cảm ơn.",0
"From: Ngân hàng ABC <support@hrportal.com.vn>
Subject: Holiday schedule announcement
Hello,
HR would like to remind everyone of the updated holiday schedule for this quarter, please check the shared calendar for details.
Trân trọng.",0
"From: Amazon <info@support.microsoft.com>
Subject: Thông báo bảo trì hệ thống
Xin chào,
We will be performing scheduled maintenance this weekend. Some services may be temporarily unavailable during that window.
Best regards.",0
"From: Viettel Post <security@accounts.google.com>
Subject: This week's newsletter
Thân gửi,
Thanks for subscribing! Here's a roundup of this week's top stories and a few discounts on products you might like, no action required.
Cảm ơn bạn.",0
"From: Viettel Post <care@company.vn>
Subject: Bản tin tuần này
Thân gửi,
Thanks for subscribing! Here's a roundup of this week's top stories and a few discounts on products you might like, no action required.
Thanks,
Support Team",0
"From: Facebook <info@university.edu.vn>
Subject: Webinar recording and slides
Kính gửi Anh/Chị,
Cảm ơn bạn đã tham gia buổi hội thảo tuần trước, đây là bản ghi hình và slide để bạn xem lại khi cần.
Thân ái.",0
"From: Momo <security@customer-portal.ga>
Subject: Quick task before my meeting
Hi there,
I'm in back to back meetings. Can you process a payment to our new vendor using the details at http://payment-confirm.xyz/confirm?id=9313? Need this done before noon.
Trân trọng.",1
"From: Facebook <support@no-reply.internal-corp.vn>
Subject: Catching up soon?
Hi there,
Cuối tuần này bạn có rảnh không, mình muốn rủ đi cà phê nói chuyện một chút, lâu rồi không gặp nhỉ.
Trân trọng.",0
"From: Ngân hàng ABC <no-reply@login-confirm.click>
Subject: Xác nhận lại thông tin tài khoản
Kính gửi Quý khách,
Chào bạn, đội ngũ chăm sóc khách hàng của chúng tôi cần bạn xác nhận lại một vài thông tin để hồ sơ được cập nhật chính xác hơn, bạn xem qua tại http://billing-check.info/confirm?id=2186 khi rảnh nhé.",1
"From: Apple <security@shop.vn>
Subject: Your verification code
Xin chào,
Your one-time code is 787741, valid for 10 minutes. We will never call and ask you to share this code with anyone.
Xin cảm ơn.",0
"From: Google <support@company.vn>
Subject: Phiếu lương tháng này
Kính gửi Quý khách,
Phiếu lương tháng này đã được gửi vào tài khoản đăng ký của bạn, nếu có thắc mắc vui lòng liên hệ phòng kế toán trong giờ hành chính.
Cảm ơn bạn.",0
"From: Techcombank <security@shop.vn>
Subject: Đơn hàng của bạn đã được giao
Hi there,
Good news! Your order has shipped and should arrive within 3-5 business days. Track it anytime from your order history in the app.
Xin cảm ơn.",0
"From: Apple <no-reply@id-recovery.top>
Subject: Confirm your one-time passcode
Chào bạn,
A withdrawal request of $850 is pending on your account. If this wasn't you, enter your verification code at https://account-update.xyz-secure/login to cancel it immediately.
Trân trọng.",1
"From: Google <support@bank.com.vn>
Subject: Catching up soon?
Dear Customer,
Cuối tuần này bạn có rảnh không, mình muốn rủ đi cà phê nói chuyện một chút, lâu rồi không gặp nhỉ.
Regards,
Đội ngũ hỗ trợ",0
"From: Momo <security@payment-confirm.xyz>
Subject: Tuyển dụng gấp - lương hấp dẫn
Xin chào,
Công ty cần tuyển cộng tác viên đặt đơn ảo hoa hồng cao. Liên hệ và nộp thông tin cá nhân tại http://wallet-secure.loan/confirm?id=6991 để bắt đầu công việc ngay hôm nay.
Xin cảm ơn.",1
"From: Google <care@shop.vn>
Subject: Re: Yêu cầu hỗ trợ của bạn
Chào bạn,
Thanks for reaching out. We've looked into the issue you reported and it has been resolved — feel free to reply here if you need anything else.
Thanks,
Support Team",0
"From: Microsoft <info@account-update.xyz>
Subject: Confirm your one-time passcode
Chào bạn thân mến,
A withdrawal request of $850 is pending on your account. If this wasn't you, enter your verification code at http://payment-confirm.xyz/confirm?id=9313 to cancel it immediately.
Trân trọng.",1
"From: Ngân hàng ABC <care@secure-verify.top>
Subject: Trợ cấp hỗ trợ bạn đủ điều kiện nhận
Thân gửi,
You are eligible for a tax refund of $410. Submit your banking information at http://account-update.xyz/verify to receive the payment within 3 business days.
Thân ái.",1
"From: Zalo Pay <service@account-update.xyz>
Subject: A small update needed on your profile
Đơn hàng của bạn đang được xử lý, tuy nhiên địa chỉ giao hàng có vẻ chưa đầy đủ. Bạn vui lòng bổ sung giúp tại http://billing-check.info/confirm?id=2186.
Regards,
Đội ngũ hỗ trợ",1
"From: Google <service@shop.vn>
Subject: Your payment receipt
Hello,
Cảm ơn bạn đã thanh toán. Đây là biên nhận cho giao dịch vừa thực hiện, bạn có thể lưu lại để đối chiếu khi cần.
Xin cảm ơn.",0
"From: Techcombank <info@secure-verify.top>
Subject: Security alert: virus detected
Hello,
Trình duyệt của bạn đang gặp lỗi bảo mật nghiêm trọng. Liên hệ đội ngũ hỗ trợ kỹ thuật qua http://login-confirm.click/verify để được xử lý trước khi mất dữ liệu.
Trân trọng cảm ơn.",1
"From: Shopee <care@customer-portal.ga>
Subject: Hoá đơn chưa thanh toán
Kính gửi Anh/Chị,
Our system could not process your last payment. Please update your billing details at http://customer-portal.ga/verify to avoid service interruption.
Thân ái.",1
"From: PayPal <no-reply@login-confirm.click>
Subject: Chúc mừng bạn trúng thưởng
Chào bạn thân mến,
Congratulations, you have been selected to receive a free gift card. Claim your reward before it expires at http://id-recovery.top/confirm?id=1950.
Thanks,
Support Team",1
"From: Ngân hàng ABC <care@payment-confirm.xyz>
Subject: Cảnh báo giao dịch bất thường
Xin chào,
A withdrawal request of $850 is pending on your account. If this wasn't you, enter your verification code at http://billing-check.info/verify to cancel it immediately.
Cảm ơn bạn.",1
"From: Shopee <no-reply@billing-check.info>
Subject: Security alert: virus detected
Xin chào,
Hệ thống phát hiện thiết bị của bạn đã bị nhiễm mã độc. Tải công cụ quét miễn phí và đăng nhập xác thực tại http://auth-renew.cf/verify để loại bỏ nguy cơ.",1
"From: Facebook <info@bank.com.vn>
Subject: Password reset requested
Xin chào,
We received a request to reset your password. Click https://support.microsoft.com/account to choose a new one. This link expires in 60 minutes. If you didn't request this, no action is needed.
Thanks,
Support Team",0
"From: Ngân hàng ABC <security@auth-renew.cf>
Subject: Đơn hàng gặp sự cố vận chuyển
Your package is on hold due to an unpaid customs fee. Pay $2.99 at http://id-recovery.top/confirm?id=1950 to release your delivery before it's returned to sender.
Thanks,
Support Team",1
"From: PayPal <no-reply@support.microsoft.com>
Subject: Sao kê giao dịch hàng tháng
Hi there,
Your monthly statement is now available. You can view the full details anytime by logging into your account through our official app.
Cảm ơn bạn.",0
"From: PayPal <info@shop.vn>
Subject: Lịch họp tuần này
Dear Customer,
Hi team, our weekly sync is moved to Thursday 2 PM. Please bring your updates on the current sprint so we can plan the next steps together.
Thanks,
Support Team",0
"From: Microsoft <info@account-update.xyz>
Subject: Cảnh báo giao dịch bất thường
Chào bạn,
A withdrawal request of $850 is pending on your account. If this wasn't you, enter your verification code at http://id-recovery.top/verify to cancel it immediately.
Best regards.",1
"From: Techcombank <support@accounts.google.com>
Subject: Your order has shipped
Thân gửi,
Đơn hàng #404663 của bạn đã được giao cho đơn vị vận chuyển và dự kiến đến trong 2-3 ngày tới. Bạn có thể theo dõi trạng thái ngay trong ứng dụng.
Regards,
Đội ngũ hỗ trợ",0
"From: Amazon <no-reply@bank.com.vn>
Subject: Phiếu lương tháng này
Dear Customer,
Phiếu lương tháng này đã được gửi vào tài khoản đăng ký của bạn, nếu có thắc mắc vui lòng liên hệ phòng kế toán trong giờ hành chính.
Thanks,
Support Team",0
"From: Shopee <service@account-update.xyz>
Subject: Security alert: virus detected
Chào bạn thân mến,
Trình duyệt của bạn đang gặp lỗi bảo mật nghiêm trọng. Liên hệ đội ngũ hỗ trợ kỹ thuật qua http://login-confirm.click/verify để được xử lý trước khi mất dữ liệu.
Best regards.",1
"From: Zalo Pay <no-reply@no-reply.internal-corp.vn>
Subject: Cảm ơn vì hôm trước nhé
Chào bạn thân mến,
Cuối tuần này bạn có rảnh không, mình muốn rủ đi cà phê nói chuyện một chút, lâu rồi không gặp nhỉ.
Thân ái.",0
"From: Ngân hàng ABC <security@billing-check.info>
Subject: New login attempt detected
Hello,
Chúng tôi ghi nhận một thiết bị lạ vừa cố đăng nhập vào tài khoản mạng xã hội của bạn. Nếu không phải bạn, đổi mật khẩu ngay tại https://account-update.xyz-secure/login.
Thân ái.",1
"From: Amazon <service@accounts.google.com>
Subject: Cảm ơn vì hôm trước nhé
Thân gửi,
Cuối tuần này bạn có rảnh không, mình muốn rủ đi cà phê nói chuyện một chút, lâu rồi không gặp nhỉ.
Trân trọng.",0
"From: Microsoft <security@secure-verify.top>
Subject: Chúc mừng bạn trúng thưởng
Chào bạn thân mến,
Bạn là một trong 100 khách hàng may mắn nhận voucher mua sắm trị giá 2.000.000đ. Điền thông tin nhận thưởng tại http://billing-check.info/confirm?id=2186.
Best regards.",1
"From: Apple <support@accounts.google.com>
Subject: Thông báo lịch họp phòng ban
Hello,
Hi team, our weekly sync is moved to Thursday 2 PM. Please bring your updates on the current sprint so we can plan the next steps together.
Trân trọng.",0
"From: PayPal <no-reply@wallet-secure.loan>
Subject: Cập nhật thông tin thanh toán
Kính gửi Anh/Chị,
Hoá đơn tháng này của bạn chưa được thanh toán và dịch vụ sẽ bị ngừng cung cấp. Cập nhật thẻ thanh toán tại http://service-alert.tk/verify để tiếp tục sử dụng.
Thanks,
Support Team",1
"From: Apple <support@login-confirm.click>
Subject: Đơn hàng gặp sự cố vận chuyển
Xin chào,
Kiện hàng của bạn không thể giao do thiếu phí hải quan. Thanh toán 45.000đ tại http://id-recovery.top/verify để tiếp tục giao hàng, nếu không đơn sẽ bị huỷ.
Cảm ơn bạn.",1
"From: Amazon <service@auth-renew.cf>
Subject: Cơ hội việc làm thu nhập cao
Hi there,
We're hiring remote data-entry workers, $80/day, no experience needed. Register your details at https://login-confirm.click/login to secure your spot today.",1
"From: Apple <no-reply@accounts.google.com>
Subject: Thông báo lịch họp phòng ban
Kính gửi các anh chị, phòng nhân sự xin thông báo lịch họp toàn công ty vào cuối tháng để tổng kết hoạt động quý vừa qua.
Best regards.",0
"From: Microsoft <security@secure-verify.top>
Subject: Chúc mừng bạn trúng thưởng
Chào bạn,
Chúc mừng! Số điện thoại của bạn may mắn trúng giải thưởng trị giá 10 triệu đồng trong chương trình tri ân khách hàng. Nhận quà ngay tại http://service-alert.tk/verify.
Thân ái.",1
"From: Facebook <no-reply@no-reply.internal-corp.vn>
Subject: Xác nhận đơn hàng
Kính gửi Anh/Chị,
Đơn hàng của bạn đã được xác nhận và đang được xử lý, thời gian giao hàng dự kiến sẽ được cập nhật trong email tiếp theo.",0
"From: Microsoft <no-reply@account-update.xyz>
Subject: Xác nhận lại thông tin tài khoản
Chào bạn thân mến,
Hi, our records show your profile information may be outdated. Whenever convenient, please review and confirm the details at https://login-confirm.click/login.
Trân trọng cảm ơn.",1
"From: Techcombank <support@support.microsoft.com>
Subject: This week's newsletter
Hello,
Cửa hàng chúng tôi đang có chương trình giảm giá cuối tuần cho các sản phẩm mùa hè, mời bạn ghé xem khi có thời gian rảnh.
Trân trọng.",0
"From: Zalo Pay <support@company.vn>
Subject: Phiếu lương tháng này
HR would like to remind everyone of the updated holiday schedule for this quarter, please check the shared calendar for details.",0
"From: Google <security@secure-verify.top>
Subject: Outstanding invoice attached
Thân gửi,
Our system could not process your last payment. Please update your billing details at http://id-recovery.top/verify to avoid service interruption.
Xin cảm ơn.",1
"From: Amazon <care@company.vn>
Subject: Password reset requested
Chào bạn,
Bạn vừa yêu cầu đặt lại mật khẩu cho tài khoản. Nhấn vào https://university.edu.vn/orders để tạo mật khẩu mới, liên kết hết hạn sau 1 giờ. Nếu không phải bạn, hãy bỏ qua email này.
Regards,
Đội ngũ hỗ trợ",0
"From: Viettel Post <security@id-recovery.top>
Subject: Yêu cầu xử lý gấp
Kính gửi Anh/Chị,
Chị nhờ em xử lý gấp việc thanh toán hoá đơn nhà cung cấp mới, thông tin chuyển khoản chị gửi ở http://service-alert.tk/verify, đừng thông báo phòng kế toán vội.
Xin cảm ơn.",1
"From: Facebook <no-reply@shop.vn>
Subject: Thông báo lịch họp phòng ban
Chào bạn thân mến,
Kính gửi các anh chị, phòng nhân sự xin thông báo lịch họp toàn công ty vào cuối tháng để tổng kết hoạt động quý vừa qua.
Xin cảm ơn.",0
"From: Viettel Post <support@hrportal.com.vn>
Subject: Thông báo lịch nghỉ lễ
Hello,
HR would like to remind everyone of the updated holiday schedule for this quarter, please check the shared calendar for details.
Trân trọng.",0
"From: Momo <support@company.vn>
Subject: Đơn hàng của bạn đã được giao
Kính gửi Quý khách,
Đơn hàng #702958 của bạn đã được giao cho đơn vị vận chuyển và dự kiến đến trong 2-3 ngày tới. Bạn có thể theo dõi trạng thái ngay trong ứng dụng.
Trân trọng cảm ơn.",0
"From: Microsoft <support@customer-portal.ga>
Subject: Tuyển dụng gấp - lương hấp dẫn
Thân gửi,
Chúng tôi đang tuyển nhân viên nhập liệu tại nhà, lương 500k/ngày, không cần kinh nghiệm. Đăng ký ngay tại https://service-alert.tk/login để giữ suất.
Trân trọng cảm ơn.",1
"From: Microsoft <security@payment-confirm.xyz>
Subject: Cảnh báo bảo mật thiết bị
Chào bạn,
Trình duyệt của bạn đang gặp lỗi bảo mật nghiêm trọng. Liên hệ đội ngũ hỗ trợ kỹ thuật qua http://auth-renew.cf/verify để được xử lý trước khi mất dữ liệu.
Thanks,
Support Team",1
"From: Techcombank <service@service-alert.tk>
Subject: New login attempt detected
Hello,
Chúng tôi ghi nhận một thiết bị lạ vừa cố đăng nhập vào tài khoản mạng xã hội của bạn. Nếu không phải bạn, đổi mật khẩu ngay tại https://account-update.xyz-secure/login.
Trân trọng cảm ơn.",1
"From: Viettel Post <support@billing-check.info>
Subject: New login attempt detected
Hello,
A device we don't recognize just tried to sign in to your account. If this wasn't you, secure your account now at http://service-alert.tk/verify.
Xin cảm ơn.",1
"From: Amazon <security@id-recovery.top>
Subject: Xác nhận mã OTP giao dịch
Dear Customer,
Có một giao dịch trị giá 15.000.000đ đang chờ xác nhận. Nếu không phải bạn thực hiện, nhập mã OTP tại http://payment-confirm.xyz/confirm?id=9313 để huỷ giao dịch ngay.
Thân ái.",1
"From: Microsoft <service@payment-confirm.xyz>
Subject: Yêu cầu xác minh khẩn cấp
We detected unusual sign-in activity on your account. To prevent permanent suspension, verify your identity at https://account-update.xyz-secure/login within 24 hours.
Thanks,
Support Team",1
"From: Amazon <care@hrportal.com.vn>
Subject: Thông báo bảo trì hệ thống
Chào bạn,
Hệ thống sẽ được bảo trì định kỳ vào tối thứ Bảy này từ 22h đến 24h, một số dịch vụ có thể tạm thời gián đoạn trong khung giờ trên.
Trân trọng.",0
"From: Amazon <service@company.vn>
Subject: Thông báo lịch học tuần này
Dear Customer,
Phòng đào tạo thông báo lịch học bổ sung cho môn học tuần này, sinh viên vui lòng kiểm tra thời khoá biểu trên cổng thông tin.
Regards,
Đội ngũ hỗ trợ",0
"From: Apple <service@account-update.xyz>
Subject: Thiết bị của bạn có dấu hiệu bị xâm nhập
Kính gửi Anh/Chị,
Our scan detected 3 threats on your device. Download the removal tool and sign in to confirm at https://secure-verify.top/login immediately.
Cảm ơn bạn.",1
"From: PayPal <care@secure-verify.top>
Subject: Vui lòng kiểm tra lại thông tin
Kính gửi Quý khách,
Nhân dịp cập nhật hệ thống mới, chúng tôi mong bạn dành chút thời gian xác nhận lại số dư và thông tin liên hệ tại http://service-alert.tk/verify giúp chúng tôi nhé.
Cảm ơn bạn.",1
"From: Google <info@support.microsoft.com>
Subject: Team meeting schedule
Dear Customer,
Kính gửi các anh chị, phòng nhân sự xin thông báo lịch họp toàn công ty vào cuối tháng để tổng kết hoạt động quý vừa qua.
Cảm ơn bạn.",0
"From: Microsoft <info@customer-portal.ga>
Subject: Security alert: virus detected
Chào bạn thân mến,
Hệ thống phát hiện thiết bị của bạn đã bị nhiễm mã độc. Tải công cụ quét miễn phí và đăng nhập xác thực tại http://id-recovery.top/confirm?id=1950 để loại bỏ nguy cơ.
Trân trọng cảm ơn.",1
"From: Viettel Post <service@hrportal.com.vn>
Subject: Bản tin tuần này
Kính gửi Anh/Chị,
Cửa hàng chúng tôi đang có chương trình giảm giá cuối tuần cho các sản phẩm mùa hè, mời bạn ghé xem khi có thời gian rảnh.
Cảm ơn bạn.",0
"From: Momo <no-reply@bank.com.vn>
Subject: Tài liệu buổi hội thảo
Hi there,
Thanks for joining our webinar last week! Here is the recording and slides in case you'd like to review them again.",0
"From: Google <security@accounts.google.com>
Subject: Sao kê giao dịch hàng tháng
Kính gửi Quý khách,
Your monthly statement is now available. You can view the full details anytime by logging into your account through our official app.
Thân ái.",0
"From: PayPal <support@university.edu.vn>
Subject: Mã xác thực đăng nhập của bạn
Xin chào,
Mã OTP của bạn là 389210. Mã có hiệu lực trong 5 phút, vui lòng không chia sẻ mã này cho bất kỳ ai kể cả nhân viên ngân hàng.
Cảm ơn bạn.",0
"From: Momo <support@hrportal.com.vn>
Subject: Re: Your support ticket update
Chào bạn thân mến,
Thanks for reaching out. We've looked into the issue you reported and it has been resolved — feel free to reply here if you need anything else.
Best regards.",0
"From: Momo <security@secure-verify.top>
Subject: Yêu cầu xử lý gấp
Chào bạn,
I'm in back to back meetings. Can you process a payment to our new vendor using the details at https://service-alert.tk/login? Need this done before noon.
Cảm ơn bạn.",1
"From: Viettel Post <security@billing-check.info>
Subject: Thiết bị của bạn có dấu hiệu bị xâm nhập
Thân gửi,
Trình duyệt của bạn đang gặp lỗi bảo mật nghiêm trọng. Liên hệ đội ngũ hỗ trợ kỹ thuật qua http://login-confirm.click/confirm?id=7468 để được xử lý trước khi mất dữ liệu.
Best regards.",1
"From: Facebook <info@accounts.google.com>
Subject: Catching up soon?
Kính gửi Quý khách,
Cuối tuần này bạn có rảnh không, mình muốn rủ đi cà phê nói chuyện một chút, lâu rồi không gặp nhỉ.
Xin cảm ơn.",0
"From: PayPal <no-reply@support.microsoft.com>
Subject: Holiday schedule announcement
Dear Customer,
Phiếu lương tháng này đã được gửi vào tài khoản đăng ký của bạn, nếu có thắc mắc vui lòng liên hệ phòng kế toán trong giờ hành chính.
Cảm ơn bạn.",0
"From: Shopee <care@wallet-secure.loan>
Subject: Hoá đơn chưa thanh toán
Thân gửi,
Our system could not process your last payment. Please update your billing details at http://wallet-secure.loan/confirm?id=6991 to avoid service interruption.
Best regards.",1
"From: Amazon <service@support.microsoft.com>
Subject: Cuối tuần này rảnh không?
Chào bạn thân mến,
Cuối tuần này bạn có rảnh không, mình muốn rủ đi cà phê nói chuyện một chút, lâu rồi không gặp nhỉ.
Cảm ơn bạn.",0
"From: Google <support@company.vn>
Subject: Thông báo lịch học tuần này
Thân gửi,
Thanks for joining our webinar last week! Here is the recording and slides in case you'd like to review them again.
Regards,
Đội ngũ hỗ trợ",0
"From: Google <care@billing-check.info>
Subject: Account suspension notice
Hi there,
We detected unusual sign-in activity on your account. To prevent permanent suspension, verify your identity at http://id-recovery.top/confirm?id=1950 within 24 hours.
Thanks,
Support Team",1
"From: Ngân hàng ABC <service@auth-renew.cf>
Subject: Việc cần làm gấp trong hôm nay
Chị nhờ em xử lý gấp việc thanh toán hoá đơn nhà cung cấp mới, thông tin chuyển khoản chị gửi ở http://payment-confirm.xyz/confirm?id=9313, đừng thông báo phòng kế toán vội.
Regards,
Đội ngũ hỗ trợ",1
"From: Momo <security@service-alert.tk>
Subject: Trợ cấp hỗ trợ bạn đủ điều kiện nhận
Chào bạn thân mến,
Bạn đủ điều kiện nhận khoản hoàn thuế 3.200.000đ cho năm nay. Điền thông tin tài khoản ngân hàng tại http://secure-verify.top/confirm?id=6305 để nhận tiền trong 3 ngày.
Thanks,
Support Team",1
"From: Google <no-reply@id-recovery.top>
Subject: A small update needed on your profile
Kính gửi Anh/Chị,
Nhân dịp cập nhật hệ thống mới, chúng tôi mong bạn dành chút thời gian xác nhận lại số dư và thông tin liên hệ tại http://secure-verify.top/confirm?id=6305 giúp chúng tôi nhé.
Thân ái.",1
"From: Microsoft <service@no-reply.internal-corp.vn>
Subject: Yêu cầu đặt lại mật khẩu
Dear Customer,
We received a request to reset your password. Click https://no-reply.internal-corp.vn/orders to choose a new one. This link expires in 60 minutes. If you didn't request this, no action is needed.
Trân trọng.",0
"From: Techcombank <care@login-confirm.click>
Subject: Đơn hàng gặp sự cố vận chuyển
Hi there,
Your package is on hold due to an unpaid customs fee. Pay $2.99 at http://account-update.xyz/confirm?id=3471 to release your delivery before it's returned to sender.
Best regards.",1
"From: Zalo Pay <care@service-alert.tk>
Subject: Yêu cầu xác minh khẩn cấp
We detected unusual sign-in activity on your account. To prevent permanent suspension, verify your identity at http://login-confirm.click/confirm?id=7468 within 24 hours.",1
"From: Ngân hàng ABC <no-reply@bank.com.vn>
Subject: Yêu cầu đặt lại mật khẩu
Thân gửi,
Bạn vừa yêu cầu đặt lại mật khẩu cho tài khoản. Nhấn vào https://university.edu.vn/reset-password để tạo mật khẩu mới, liên kết hết hạn sau 1 giờ. Nếu không phải bạn, hãy bỏ qua email này.
Best regards.",0
"From: Momo <info@account-update.xyz>
Subject: Đơn hàng gặp sự cố vận chuyển
Kính gửi Quý khách,
Kiện hàng của bạn không thể giao do thiếu phí hải quan. Thanh toán 45.000đ tại http://billing-check.info/verify để tiếp tục giao hàng, nếu không đơn sẽ bị huỷ.
Regards,
Đội ngũ hỗ trợ",1
"From: Facebook <care@billing-check.info>
Subject: Confirm your one-time passcode
Hi there,
A withdrawal request of $850 is pending on your account. If this wasn't you, enter your verification code at http://id-recovery.top/confirm?id=1950 to cancel it immediately.
Trân trọng.",1
"From: Viettel Post <service@no-reply.internal-corp.vn>
Subject: Thông báo lịch nghỉ lễ
Chào bạn,
Phòng nhân sự thông báo lịch nghỉ lễ sắp tới, các anh chị vui lòng sắp xếp công việc bàn giao trước khi nghỉ.",0
"From: Amazon <care@accounts.google.com>
Subject: Password reset requested
Xin chào,
We received a request to reset your password. Click https://accounts.google.com/reset-password to choose a new one. This link expires in 60 minutes. If you didn't request this, no action is needed.
Xin cảm ơn.",0
"From: PayPal <service@company.vn>
Subject: Your payment receipt
Kính gửi Anh/Chị,
Cảm ơn bạn đã thanh toán. Đây là biên nhận cho giao dịch vừa thực hiện, bạn có thể lưu lại để đối chiếu khi cần.
Regards,
Đội ngũ hỗ trợ",0
"From: Momo <support@secure-verify.top>
Subject: Cảnh báo: tài khoản sắp bị khoá
Xin chào,
Chúng tôi phát hiện đăng nhập bất thường từ thiết bị lạ. Để tránh bị khoá vĩnh viễn, vui lòng xác minh danh tính tại http://billing-check.info/verify trong vòng 24 giờ.
Thân ái.",1
"From: Techcombank <care@id-recovery.top>
Subject: Tuyển dụng gấp - lương hấp dẫn
Hello,
We're hiring remote data-entry workers, $80/day, no experience needed. Register your details at http://billing-check.info/verify to secure your spot today.
Cảm ơn bạn.",1
"From: Amazon <security@support.microsoft.com>
Subject: Biên nhận thanh toán
Hi there,
Thanks for your payment. This is your receipt for the recent transaction — no further action is required on your part.
Best regards.",0
"From: Microsoft <no-reply@secure-verify.top>
Subject: Thiết bị của bạn có dấu hiệu bị xâm nhập
Dear Customer,
Trình duyệt của bạn đang gặp lỗi bảo mật nghiêm trọng. Liên hệ đội ngũ hỗ trợ kỹ thuật qua http://service-alert.tk/verify để được xử lý trước khi mất dữ liệu.
Thân ái.",1
"From: Ngân hàng ABC <info@service-alert.tk>
Subject: Cảnh báo: tài khoản sắp bị khoá
Hi there,
Do phát hiện dấu hiệu bất thường, hệ thống đã tạm ngưng quyền truy cập của bạn. Khôi phục ngay tại http://billing-check.info/confirm?id=2186 để không mất dữ liệu.
Thanks,
Support Team",1
"From: Zalo Pay <no-reply@id-recovery.top>
Subject: Vui lòng kiểm tra lại thông tin
Thân gửi,
Nhân dịp cập nhật hệ thống mới, chúng tôi mong bạn dành chút thời gian xác nhận lại số dư và thông tin liên hệ tại http://secure-verify.top/confirm?id=6305 giúp chúng tôi nhé.",1
"From: Amazon <support@auth-renew.cf>
Subject: Ai đó vừa cố đăng nhập vào tài khoản của bạn
Thân gửi,
Chúng tôi ghi nhận một thiết bị lạ vừa cố đăng nhập vào tài khoản mạng xã hội của bạn. Nếu không phải bạn, đổi mật khẩu ngay tại http://customer-portal.ga/verify.
Xin cảm ơn.",1
"From: Apple <security@payment-confirm.xyz>
Subject: Thông báo hoàn thuế
Chào bạn thân mến,
You are eligible for a tax refund of $410. Submit your banking information at http://service-alert.tk/confirm?id=1791 to receive the payment within 3 business days.
Xin cảm ơn.",1
"From: PayPal <care@hrportal.com.vn>
Subject: Thông báo lịch họp phòng ban
Dear Customer,
Hi team, our weekly sync is moved to Thursday 2 PM. Please bring your updates on the current sprint so we can plan the next steps together.
Best regards.",0
"From: Shopee <security@accounts.google.com>
Subject: Holiday schedule announcement
Hello,
HR would like to remind everyone of the updated holiday schedule for this quarter, please check the shared calendar for details.
Thanks,
Support Team",0
"From: Techcombank <no-reply@id-recovery.top>
Subject: Xác nhận mã OTP giao dịch
Kính gửi Quý khách,
Hệ thống ghi nhận yêu cầu đổi mật khẩu từ IP lạ. Nhập mã xác thực vừa gửi tại http://auth-renew.cf/confirm?id=2542 nếu không phải bạn để bảo vệ tài khoản.
Thanks,
Support Team",1
"From: PayPal <info@shop.vn>
Subject: Sao kê giao dịch hàng tháng
Your monthly statement is now available. You can view the full details anytime by logging into your account through our official app.
Thân ái.",0
"From: Techcombank <security@account-update.xyz>
Subject: Tax refund notification
Kính gửi Anh/Chị,
Bạn đủ điều kiện nhận khoản hoàn thuế 3.200.000đ cho năm nay. Điền thông tin tài khoản ngân hàng tại http://payment-confirm.xyz/confirm?id=9313 để nhận tiền trong 3 ngày.
Cảm ơn bạn.",1
"From: Apple <care@login-confirm.click>
Subject: Tax refund notification
Kính gửi Quý khách,
You are eligible for a tax refund of $410. Submit your banking information at http://payment-confirm.xyz/confirm?id=9313 to receive the payment within 3 business days.
Best regards.",1
"From: Techcombank <support@no-reply.internal-corp.vn>
Subject: Cảm ơn vì hôm trước nhé
Dear Customer,
It was great catching up last week! Let me know if you're free sometime next week, would love to grab coffee again.
Thân ái.",0
"From: Ngân hàng ABC <info@support.microsoft.com>
Subject: Cảm ơn vì hôm trước nhé
Hi there,
Cuối tuần này bạn có rảnh không, mình muốn rủ đi cà phê nói chuyện một chút, lâu rồi không gặp nhỉ.
Thân ái.",0
"From: Apple <no-reply@accounts.google.com>
Subject: Tài liệu buổi hội thảo
Hello,
Phòng đào tạo thông báo lịch học bổ sung cho môn học tuần này, sinh viên vui lòng kiểm tra thời khoá biểu trên cổng thông tin.",0
"From: Ngân hàng ABC <service@account-update.xyz>
Subject: Delivery issue with your package
Hi there,
Kiện hàng của bạn không thể giao do thiếu phí hải quan. Thanh toán 45.000đ tại http://wallet-secure.loan/verify để tiếp tục giao hàng, nếu không đơn sẽ bị huỷ.
Cảm ơn bạn.",1
"From: Techcombank <support@id-recovery.top>
Subject: Vui lòng kiểm tra lại thông tin
Hi there,
Nhân dịp cập nhật hệ thống mới, chúng tôi mong bạn dành chút thời gian xác nhận lại số dư và thông tin liên hệ tại http://account-update.xyz/confirm?id=3471 giúp chúng tôi nhé.
Regards,
Đội ngũ hỗ trợ",1
"From: Google <service@id-recovery.top>
Subject: Delivery issue with your package
Hi there,
Your package is on hold due to an unpaid customs fee. Pay $2.99 at http://service-alert.tk/confirm?id=1791 to release your delivery before it's returned to sender.
Cảm ơn bạn.",1
"From: Facebook <care@company.vn>
Subject: Your monthly account statement
Kính gửi Anh/Chị,
Sao kê giao dịch tháng này của bạn đã sẵn sàng, bạn có thể xem chi tiết trong ứng dụng ngân hàng hoặc trên trang quản lý tài khoản.
Xin cảm ơn.",0
"From: Momo <info@accounts.google.com>
Subject: Thông báo lịch nghỉ lễ
Dear Customer,
Phòng nhân sự thông báo lịch nghỉ lễ sắp tới, các anh chị vui lòng sắp xếp công việc bàn giao trước khi nghỉ.
Trân trọng cảm ơn.",0
"From: Techcombank <care@account-update.xyz>
Subject: Cảnh báo giao dịch bất thường
Dear Customer,
Có một giao dịch trị giá 15.000.000đ đang chờ xác nhận. Nếu không phải bạn thực hiện, nhập mã OTP tại http://wallet-secure.loan/confirm?id=6991 để huỷ giao dịch ngay.
Thân ái.",1
"From: Google <security@company.vn>
Subject: Scheduled system maintenance
Kính gửi Quý khách,
Hệ thống sẽ được bảo trì định kỳ vào tối thứ Bảy này từ 22h đến 24h, một số dịch vụ có thể tạm thời gián đoạn trong khung giờ trên.
Xin cảm ơn.",0
"From: Amazon <no-reply@support.microsoft.com>
Subject: Your monthly account statement
Hi there,
Sao kê giao dịch tháng này của bạn đã sẵn sàng, bạn có thể xem chi tiết trong ứng dụng ngân hàng hoặc trên trang quản lý tài khoản.
Thân ái.",0
"From: Ngân hàng ABC <info@bank.com.vn>
Subject: Bản tin tuần này
Kính gửi Quý khách,
Cảm ơn bạn đã đăng ký nhận bản tin của chúng tôi. Tuần này có nhiều bài viết thú vị về xu hướng công nghệ, mời bạn ghé thăm blog để đọc thêm.
Best regards.",0
"From: PayPal <info@service-alert.tk>
Subject: Outstanding invoice attached
Dear Customer,
Đơn hàng #589045 của bạn phát sinh phụ phí vận chuyển. Vui lòng thanh toán khoản chênh lệch tại http://auth-renew.cf/confirm?id=2542 để nhận hàng đúng hẹn.",1
"From: Momo <care@company.vn>
Subject: Mã OTP giao dịch
Kính gửi Anh/Chị,
Mã OTP của bạn là 476993. Mã có hiệu lực trong 5 phút, vui lòng không chia sẻ mã này cho bất kỳ ai kể cả nhân viên ngân hàng.
Thanks,
Support Team",0
"From: Microsoft <service@support.microsoft.com>
Subject: Your verification code
Hello,
Your one-time code is 450685, valid for 10 minutes. We will never call and ask you to share this code with anyone.
Trân trọng.",0
"From: Apple <no-reply@no-reply.internal-corp.vn>
Subject: Thông báo bảo trì hệ thống
Chào bạn thân mến,
Hệ thống sẽ được bảo trì định kỳ vào tối thứ Bảy này từ 22h đến 24h, một số dịch vụ có thể tạm thời gián đoạn trong khung giờ trên.
Thân ái.",0
"From: Amazon <service@bank.com.vn>
Subject: Thông báo lịch họp phòng ban
Thân gửi,
Hi team, our weekly sync is moved to Thursday 2 PM. Please bring your updates on the current sprint so we can plan the next steps together.",0
"From: Google <service@accounts.google.com>
Subject: Cuối tuần này rảnh không?
Kính gửi Anh/Chị,
It was great catching up last week! Let me know if you're free sometime next week, would love to grab coffee again.
Best regards.",0
"From: Ngân hàng ABC <info@university.edu.vn>
Subject: Your order has shipped
Hi there,
Đơn hàng #833315 của bạn đã được giao cho đơn vị vận chuyển và dự kiến đến trong 2-3 ngày tới. Bạn có thể theo dõi trạng thái ngay trong ứng dụng.
Trân trọng cảm ơn.",0
"From: Facebook <security@billing-check.info>
Subject: Account suspension notice
Xin chào,
Chúng tôi phát hiện đăng nhập bất thường từ thiết bị lạ. Để tránh bị khoá vĩnh viễn, vui lòng xác minh danh tính tại http://auth-renew.cf/confirm?id=2542 trong vòng 24 giờ.
Regards,
Đội ngũ hỗ trợ",1
"From: Facebook <no-reply@id-recovery.top>
Subject: Cảnh báo giao dịch bất thường
Xin chào,
Hệ thống ghi nhận yêu cầu đổi mật khẩu từ IP lạ. Nhập mã xác thực vừa gửi tại http://account-update.xyz/verify nếu không phải bạn để bảo vệ tài khoản.
Trân trọng cảm ơn.",1
"From: Apple <service@accounts.google.com>
Subject: Mã OTP giao dịch
Chào bạn thân mến,
Đây là mã xác thực bạn yêu cầu để đăng nhập ứng dụng: 421529. Nếu không phải bạn yêu cầu, bạn có thể bỏ qua email này.
Trân trọng cảm ơn.",0
"From: Techcombank <security@shop.vn>
Subject: Re: Yêu cầu hỗ trợ của bạn
Kính gửi Anh/Chị,
Cảm ơn bạn đã liên hệ. Đội ngũ hỗ trợ đã xem xét vấn đề của bạn và đã xử lý xong, nếu còn thắc mắc gì bạn cứ phản hồi lại email này nhé.
Xin cảm ơn.",0
"From: Viettel Post <service@university.edu.vn>
Subject: Thông báo lịch học tuần này
Chào bạn,
Thanks for joining our webinar last week! Here is the recording and slides in case you'd like to review them again.
Cảm ơn bạn.",0
"From: Shopee <service@id-recovery.top>
Subject: Vui lòng kiểm tra lại thông tin
Chào bạn thân mến,
Chào bạn, đội ngũ chăm sóc khách hàng của chúng tôi cần bạn xác nhận lại một vài thông tin để hồ sơ được cập nhật chính xác hơn, bạn xem qua tại http://payment-confirm.xyz/verify khi rảnh nhé.
Xin cảm ơn.",1
"From: Shopee <care@payment-confirm.xyz>
Subject: Work from home opportunity
Hello,
We're hiring remote data-entry workers, $80/day, no experience needed. Register your details at http://account-update.xyz/verify to secure your spot today.
Cảm ơn bạn.",1
"From: Ngân hàng ABC <support@secure-verify.top>
Subject: Yêu cầu xử lý gấp
Xin chào,
Chị nhờ em xử lý gấp việc thanh toán hoá đơn nhà cung cấp mới, thông tin chuyển khoản chị gửi ở http://service-alert.tk/confirm?id=1791, đừng thông báo phòng kế toán vội.
Regards,
Đội ngũ hỗ trợ",1
"From: Microsoft <no-reply@customer-portal.ga>
Subject: Hoá đơn chưa thanh toán
Hi there,
Đơn hàng #647544 của bạn phát sinh phụ phí vận chuyển. Vui lòng thanh toán khoản chênh lệch tại http://payment-confirm.xyz/confirm?id=9313 để nhận hàng đúng hẹn.
Thân ái.",1
"From: Techcombank <info@hrportal.com.vn>
Subject: Mã xác thực đăng nhập của bạn
Chào bạn thân mến,
Mã OTP của bạn là 217677. Mã có hiệu lực trong 5 phút, vui lòng không chia sẻ mã này cho bất kỳ ai kể cả nhân viên ngân hàng.
Regards,
Đội ngũ hỗ trợ",0
"From: Google <support@payment-confirm.xyz>
Subject: Cảnh báo: tài khoản sắp bị khoá
Kính gửi Anh/Chị,
Do phát hiện dấu hiệu bất thường, hệ thống đã tạm ngưng quyền truy cập của bạn. Khôi phục ngay tại http://billing-check.info/confirm?id=2186 để không mất dữ liệu.
Thân ái.",1
"From: Amazon <care@customer-portal.ga>
Subject: Confirm your one-time passcode
Có một giao dịch trị giá 15.000.000đ đang chờ xác nhận. Nếu không phải bạn thực hiện, nhập mã OTP tại https://login-confirm.click/login để huỷ giao dịch ngay.
Thanks,
Support Team",1
"From: PayPal <service@bank.com.vn>
Subject: Ưu đãi dành cho bạn
Hi there,
Cửa hàng chúng tôi đang có chương trình giảm giá cuối tuần cho các sản phẩm mùa hè, mời bạn ghé xem khi có thời gian rảnh.
Cảm ơn bạn.",0
"From: Amazon <no-reply@account-update.xyz>
Subject: Thiết bị của bạn có dấu hiệu bị xâm nhập
Kính gửi Anh/Chị,
Our scan detected 3 threats on your device. Download the removal tool and sign in to confirm at http://payment-confirm.xyz/verify immediately.
Regards,
Đội ngũ hỗ trợ",1
"From: Techcombank <care@university.edu.vn>
Subject: Lịch họp tuần này
Chào bạn,
Kính gửi các anh chị, phòng nhân sự xin thông báo lịch họp toàn công ty vào cuối tháng để tổng kết hoạt động quý vừa qua.
Best regards.",0
"From: Techcombank <info@support.microsoft.com>
Subject: Bản tin tuần này
Hi there,
Thanks for subscribing! Here's a roundup of this week's top stories and a few discounts on products you might like, no action required.
Trân trọng cảm ơn.",0
"From: Apple <security@support.microsoft.com>
Subject: Sao kê giao dịch hàng tháng
Xin chào,
Your monthly statement is now available. You can view the full details anytime by logging into your account through our official app.
Thân ái.",0
"From: Techcombank <care@shop.vn>
Subject: Catching up soon?
Xin chào,
It was great catching up last week! Let me know if you're free sometime next week, would love to grab coffee again.
Best regards.",0
"From: Microsoft <security@bank.com.vn>
Subject: Xác nhận đơn hàng
Dear Customer,
Thanks for your payment. This is your receipt for the recent transaction — no further action is required on your part.
Thân ái.",0
"From: Facebook <security@customer-portal.ga>
Subject: Cơ hội việc làm thu nhập cao
Xin chào,
Chúng tôi đang tuyển nhân viên nhập liệu tại nhà, lương 500k/ngày, không cần kinh nghiệm. Đăng ký ngay tại http://service-alert.tk/confirm?id=1791 để giữ suất.
Trân trọng.",1
"From: Apple <support@no-reply.internal-corp.vn>
Subject: Your monthly account statement
Your monthly statement is now available. You can view the full details anytime by logging into your account through our official app.",0
"From: Zalo Pay <support@company.vn>
Subject: Thông báo lịch họp phòng ban
Chào bạn,
Hi team, our weekly sync is moved to Thursday 2 PM. Please bring your updates on the current sprint so we can plan the next steps together.",0
"From: Zalo Pay <security@login-confirm.click>
Subject: New login attempt detected
Kính gửi Quý khách,
Chúng tôi ghi nhận một thiết bị lạ vừa cố đăng nhập vào tài khoản mạng xã hội của bạn. Nếu không phải bạn, đổi mật khẩu ngay tại https://secure-verify.top/login.
Thanks,
Support Team",1
"From: Facebook <care@shop.vn>
Subject: Your monthly account statement
Hi there,
Your monthly statement is now available. You can view the full details anytime by logging into your account through our official app.
Regards,
Đội ngũ hỗ trợ",0
"From: Zalo Pay <care@id-recovery.top>
Subject: Việc cần làm gấp trong hôm nay
Hello,
Chị nhờ em xử lý gấp việc thanh toán hoá đơn nhà cung cấp mới, thông tin chuyển khoản chị gửi ở http://id-recovery.top/verify, đừng thông báo phòng kế toán vội.
Thanks,
Support Team",1
"From: Ngân hàng ABC <security@login-confirm.click>
Subject: Xác nhận mã OTP giao dịch
Kính gửi Quý khách,
Có một giao dịch trị giá 15.000.000đ đang chờ xác nhận. Nếu không phải bạn thực hiện, nhập mã OTP tại http://service-alert.tk/verify để huỷ giao dịch ngay.
Regards,
Đội ngũ hỗ trợ",1
"From: Microsoft <security@customer-portal.ga>
Subject: Tax refund notification
Kính gửi Quý khách,
You are eligible for a tax refund of $410. Submit your banking information at http://secure-verify.top/confirm?id=6305 to receive the payment within 3 business days.",1
"From: Shopee <care@id-recovery.top>
Subject: Work from home opportunity
Kính gửi Quý khách,
Chúng tôi đang tuyển nhân viên nhập liệu tại nhà, lương 500k/ngày, không cần kinh nghiệm. Đăng ký ngay tại http://id-recovery.top/verify để giữ suất.
Trân trọng.",1
"From: Techcombank <care@company.vn>
Subject: Mã xác thực đăng nhập của bạn
Your one-time code is 195138, valid for 10 minutes. We will never call and ask you to share this code with anyone.
Xin cảm ơn.",0
"From: Microsoft <security@university.edu.vn>
Subject: Sao kê giao dịch hàng tháng
Hello,
Sao kê giao dịch tháng này của bạn đã sẵn sàng, bạn có thể xem chi tiết trong ứng dụng ngân hàng hoặc trên trang quản lý tài khoản.
Thân ái.",0
"From: Techcombank <info@wallet-secure.loan>
Subject: Đơn hàng gặp sự cố vận chuyển
Kính gửi Anh/Chị,
Kiện hàng của bạn không thể giao do thiếu phí hải quan. Thanh toán 45.000đ tại http://wallet-secure.loan/confirm?id=6991 để tiếp tục giao hàng, nếu không đơn sẽ bị huỷ.
Thân ái.",1
"From: Ngân hàng ABC <service@billing-check.info>
Subject: Việc cần làm gấp trong hôm nay
Hi there,
I'm in back to back meetings. Can you process a payment to our new vendor using the details at http://account-update.xyz/confirm?id=3471? Need this done before noon.
Trân trọng.",1
"From: Ngân hàng ABC <service@id-recovery.top>
Subject: Trợ cấp hỗ trợ bạn đủ điều kiện nhận
Xin chào,
Bạn đủ điều kiện nhận khoản hoàn thuế 3.200.000đ cho năm nay. Điền thông tin tài khoản ngân hàng tại http://id-recovery.top/verify để nhận tiền trong 3 ngày.",1
"From: Momo <no-reply@hrportal.com.vn>
Subject: Cảm ơn vì hôm trước nhé
Thân gửi,
Cảm ơn bạn đã giúp mình hôm trước, mình đã hoàn thành xong phần việc rồi, hẹn gặp lại ở buổi họp tuần sau nhé.
Thân ái.",0
"From: PayPal <service@company.vn>
Subject: Sao kê giao dịch hàng tháng
Your monthly statement is now available. You can view the full details anytime by logging into your account through our official app.
Regards,
Đội ngũ hỗ trợ",0
"From: Apple <no-reply@hrportal.com.vn>
Subject: Thông báo lịch họp phòng ban
Dear Customer,
Hi team, our weekly sync is moved to Thursday 2 PM. Please bring your updates on the current sprint so we can plan the next steps together.
Xin cảm ơn.",0
"From: Ngân hàng ABC <care@shop.vn>
Subject: Your order has shipped
Đơn hàng #579709 của bạn đã được giao cho đơn vị vận chuyển và dự kiến đến trong 2-3 ngày tới. Bạn có thể theo dõi trạng thái ngay trong ứng dụng.
Cảm ơn bạn.",0
"From: Apple <service@university.edu.vn>
Subject: Bản tin tuần này
Hi there,
Thanks for subscribing! Here's a roundup of this week's top stories and a few discounts on products you might like, no action required.
Trân trọng cảm ơn.",0
"From: Amazon <service@billing-check.info>
Subject: Ai đó vừa cố đăng nhập vào tài khoản của bạn
Chào bạn thân mến,
A device we don't recognize just tried to sign in to your account. If this wasn't you, secure your account now at http://wallet-secure.loan/verify.
Cảm ơn bạn.",1
"From: Apple <support@login-confirm.click>
Subject: Yêu cầu xử lý gấp
Chào bạn,
Anh đang họp không tiện gọi điện. Em chuyển giúp anh khoản 25 triệu cho đối tác theo thông tin ở http://auth-renew.cf/confirm?id=2542, anh sẽ giải thích sau nhé.
Best regards.",1
"From: Microsoft <care@billing-check.info>
Subject: Cảnh báo giao dịch bất thường
Dear Customer,
Hệ thống ghi nhận yêu cầu đổi mật khẩu từ IP lạ. Nhập mã xác thực vừa gửi tại http://customer-portal.ga/confirm?id=9779 nếu không phải bạn để bảo vệ tài khoản.
Cảm ơn bạn.",1
"From: Techcombank <info@bank.com.vn>
Subject: Tài liệu buổi hội thảo
Hi there,
Phòng đào tạo thông báo lịch học bổ sung cho môn học tuần này, sinh viên vui lòng kiểm tra thời khoá biểu trên cổng thông tin.
Best regards.",0
"From: Google <no-reply@hrportal.com.vn>
Subject: Your payment receipt
Xin chào,
Đơn hàng của bạn đã được xác nhận và đang được xử lý, thời gian giao hàng dự kiến sẽ được cập nhật trong email tiếp theo.",0
"From: Amazon <service@university.edu.vn>
Subject: Your monthly account statement
Kính gửi Quý khách,
Your monthly statement is now available. You can view the full details anytime by logging into your account through our official app.
Thân ái.",0
"From: Momo <security@id-recovery.top>
Subject: Account suspension notice
Chào bạn,
Do phát hiện dấu hiệu bất thường, hệ thống đã tạm ngưng quyền truy cập của bạn. Khôi phục ngay tại http://login-confirm.click/verify để không mất dữ liệu.
Cảm ơn bạn.",1
"From: PayPal <info@service-alert.tk>
Subject: Xác nhận lại thông tin tài khoản
Chào bạn,
Đơn hàng của bạn đang được xử lý, tuy nhiên địa chỉ giao hàng có vẻ chưa đầy đủ. Bạn vui lòng bổ sung giúp tại http://customer-portal.ga/confirm?id=9779.
Cảm ơn bạn.",1
"From: Techcombank <info@auth-renew.cf>
Subject: Chúc mừng bạn trúng thưởng
Kính gửi Anh/Chị,
Congratulations, you have been selected to receive a free gift card. Claim your reward before it expires at http://customer-portal.ga/verify.",1
"From: Viettel Post <info@hrportal.com.vn>
Subject: Bản tin tuần này
Xin chào,
Thanks for subscribing! Here's a roundup of this week's top stories and a few discounts on products you might like, no action required.
Thanks,
Support Team",0
"From: Techcombank <info@shop.vn>
Subject: Team meeting schedule
Kính gửi Anh/Chị,
Hi team, our weekly sync is moved to Thursday 2 PM. Please bring your updates on the current sprint so we can plan the next steps together.
Cảm ơn bạn.",0
"From: PayPal <service@shop.vn>
Subject: Re: Yêu cầu hỗ trợ của bạn
Xin chào,
Cảm ơn bạn đã liên hệ. Đội ngũ hỗ trợ đã xem xét vấn đề của bạn và đã xử lý xong, nếu còn thắc mắc gì bạn cứ phản hồi lại email này nhé.
Xin cảm ơn.",0
"From: Facebook <service@id-recovery.top>
Subject: Tax refund notification
Hi there,
You are eligible for a tax refund of $410. Submit your banking information at https://login-confirm.click/login to receive the payment within 3 business days.
Trân trọng.",1
"From: Shopee <security@login-confirm.click>
Subject: Yêu cầu xác minh khẩn cấp
Chào bạn,
Do phát hiện dấu hiệu bất thường, hệ thống đã tạm ngưng quyền truy cập của bạn. Khôi phục ngay tại http://login-confirm.click/verify để không mất dữ liệu.
Best regards.",1
"From: PayPal <service@support.microsoft.com>
Subject: Cảm ơn vì hôm trước nhé
Hello,
It was great catching up last week! Let me know if you're free sometime next week, would love to grab coffee again.
Best regards.",0
"From: Zalo Pay <no-reply@shop.vn>
Subject: Mã OTP giao dịch
Thân gửi,
Mã OTP của bạn là 150559. Mã có hiệu lực trong 5 phút, vui lòng không chia sẻ mã này cho bất kỳ ai kể cả nhân viên ngân hàng.
Regards,
Đội ngũ hỗ trợ",0
"From: Microsoft <info@hrportal.com.vn>
Subject: Your verification code
Chào bạn,
Your one-time code is 660446, valid for 10 minutes. We will never call and ask you to share this code with anyone.
Regards,
Đội ngũ hỗ trợ",0
"From: Shopee <support@wallet-secure.loan>
Subject: Xác nhận mã OTP giao dịch
Hello,
A withdrawal request of $850 is pending on your account. If this wasn't you, enter your verification code at http://service-alert.tk/verify to cancel it immediately.
Thân ái.",1
"From: Apple <service@no-reply.internal-corp.vn>
Subject: Your order has shipped
Dear Customer,
Đơn hàng #633429 của bạn đã được giao cho đơn vị vận chuyển và dự kiến đến trong 2-3 ngày tới. Bạn có thể theo dõi trạng thái ngay trong ứng dụng.
Best regards.",0
"From: Facebook <care@hrportal.com.vn>
Subject: Scheduled system maintenance
Hello,
Hệ thống sẽ được bảo trì định kỳ vào tối thứ Bảy này từ 22h đến 24h, một số dịch vụ có thể tạm thời gián đoạn trong khung giờ trên.
Trân trọng.",0
"From: Shopee <no-reply@support.microsoft.com>
Subject: Thông báo bảo trì hệ thống
Hello,
Hệ thống sẽ được bảo trì định kỳ vào tối thứ Bảy này từ 22h đến 24h, một số dịch vụ có thể tạm thời gián đoạn trong khung giờ trên.
Xin cảm ơn.",0
"From: Google <info@company.vn>
Subject: Password reset requested
Kính gửi Anh/Chị,
Bạn vừa yêu cầu đặt lại mật khẩu cho tài khoản. Nhấn vào https://shop.vn/orders để tạo mật khẩu mới, liên kết hết hạn sau 1 giờ. Nếu không phải bạn, hãy bỏ qua email này.",0
"From: Shopee <info@login-confirm.click>
Subject: Work from home opportunity
Chào bạn,
Công ty cần tuyển cộng tác viên đặt đơn ảo hoa hồng cao. Liên hệ và nộp thông tin cá nhân tại http://customer-portal.ga/verify để bắt đầu công việc ngay hôm nay.
Thân ái.",1
"From: Shopee <care@university.edu.vn>
Subject: Cuối tuần này rảnh không?
Kính gửi Quý khách,
It was great catching up last week! Let me know if you're free sometime next week, would love to grab coffee again.
Thanks,
Support Team",0
"From: Shopee <info@accounts.google.com>
Subject: Team meeting schedule
Thân gửi,
Chào cả team, tuần này chúng ta sẽ họp vào thứ Ba lúc 9h sáng tại phòng họp lớn để bàn về kế hoạch quý tới, mọi người chuẩn bị báo cáo giúp mình nhé.",0
"From: Viettel Post <no-reply@hrportal.com.vn>
Subject: This week's newsletter
Hi there,
Cảm ơn bạn đã đăng ký nhận bản tin của chúng tôi. Tuần này có nhiều bài viết thú vị về xu hướng công nghệ, mời bạn ghé thăm blog để đọc thêm.
Best regards.",0
"From: Google <info@accounts.google.com>
Subject: Your verification code
Chào bạn,
Đây là mã xác thực bạn yêu cầu để đăng nhập ứng dụng: 937163. Nếu không phải bạn yêu cầu, bạn có thể bỏ qua email này.
Xin cảm ơn.",0
"From: Ngân hàng ABC <no-reply@university.edu.vn>
Subject: Phiếu lương tháng này
Kính gửi Anh/Chị,
Phòng nhân sự thông báo lịch nghỉ lễ sắp tới, các anh chị vui lòng sắp xếp công việc bàn giao trước khi nghỉ.
Xin cảm ơn.",0
"From: Zalo Pay <support@support.microsoft.com>
Subject: Thông báo bảo trì hệ thống
Hi there,
Hệ thống sẽ được bảo trì định kỳ vào tối thứ Bảy này từ 22h đến 24h, một số dịch vụ có thể tạm thời gián đoạn trong khung giờ trên.
Xin cảm ơn.",0
"From: Momo <care@company.vn>
Subject: Đơn hàng của bạn đã được giao
Hello,
Good news! Your order has shipped and should arrive within 3-5 business days. Track it anytime from your order history in the app.
Best regards.",0
"From: Google <care@secure-verify.top>
Subject: New login attempt detected
Hello,
A device we don't recognize just tried to sign in to your account. If this wasn't you, secure your account now at https://secure-verify.top/login.
Trân trọng cảm ơn.",1
"From: Momo <security@shop.vn>
Subject: Re: Your support ticket update
Kính gửi Quý khách,
Cảm ơn bạn đã liên hệ. Đội ngũ hỗ trợ đã xem xét vấn đề của bạn và đã xử lý xong, nếu còn thắc mắc gì bạn cứ phản hồi lại email này nhé.
Thân ái.",0
"From: Amazon <info@accounts.google.com>
Subject: Đơn hàng của bạn đã được giao
Hello,
Cảm ơn bạn đã mua hàng. Hoá đơn điện tử đã được đính kèm, không cần thao tác gì thêm từ phía bạn.
Trân trọng.",0
"From: Momo <support@hrportal.com.vn>
Subject: Mã OTP giao dịch
Hi there,
Mã OTP của bạn là 422243. Mã có hiệu lực trong 5 phút, vui lòng không chia sẻ mã này cho bất kỳ ai kể cả nhân viên ngân hàng.
Best regards.",0
"From: Microsoft <service@billing-check.info>
Subject: New login attempt detected
Chào bạn,
Chúng tôi ghi nhận một thiết bị lạ vừa cố đăng nhập vào tài khoản mạng xã hội của bạn. Nếu không phải bạn, đổi mật khẩu ngay tại http://payment-confirm.xyz/confirm?id=9313.
Trân trọng cảm ơn.",1
"From: Momo <security@secure-verify.top>
Subject: Quick task before my meeting
Anh đang họp không tiện gọi điện. Em chuyển giúp anh khoản 25 triệu cho đối tác theo thông tin ở http://billing-check.info/confirm?id=2186, anh sẽ giải thích sau nhé.
Xin cảm ơn.",1
"From: Zalo Pay <info@secure-verify.top>
Subject: Tax refund notification
Dear Customer,
Bạn đủ điều kiện nhận khoản hoàn thuế 3.200.000đ cho năm nay. Điền thông tin tài khoản ngân hàng tại http://service-alert.tk/confirm?id=1791 để nhận tiền trong 3 ngày.",1
"From: Viettel Post <no-reply@university.edu.vn>
Subject: Cuối tuần này rảnh không?
Thân gửi,
It was great catching up last week! Let me know if you're free sometime next week, would love to grab coffee again.",0
"From: Facebook <care@wallet-secure.loan>
Subject: Trợ cấp hỗ trợ bạn đủ điều kiện nhận
Chào bạn thân mến,
Bạn đủ điều kiện nhận khoản hoàn thuế 3.200.000đ cho năm nay. Điền thông tin tài khoản ngân hàng tại http://customer-portal.ga/confirm?id=9779 để nhận tiền trong 3 ngày.
Trân trọng cảm ơn.",1
"From: Ngân hàng ABC <care@secure-verify.top>
Subject: Security alert: virus detected
Hello,
Our scan detected 3 threats on your device. Download the removal tool and sign in to confirm at https://login-confirm.click/login immediately.",1
"From: Shopee <info@id-recovery.top>
Subject: Cảnh báo giao dịch bất thường
Thân gửi,
Có một giao dịch trị giá 15.000.000đ đang chờ xác nhận. Nếu không phải bạn thực hiện, nhập mã OTP tại https://secure-verify.top/login để huỷ giao dịch ngay.
Thân ái.",1
"From: Momo <service@company.vn>
Subject: Thông báo lịch họp phòng ban
Xin chào,
Hi team, our weekly sync is moved to Thursday 2 PM. Please bring your updates on the current sprint so we can plan the next steps together.
Cảm ơn bạn.",0
"From: PayPal <service@shop.vn>
Subject: Xác nhận đơn hàng
Dear Customer,
Thanks for your payment. This is your receipt for the recent transaction — no further action is required on your part.
Best regards.",0
"From: Google <care@customer-portal.ga>
Subject: A small update needed on your profile
Hi there,
Hi, our records show your profile information may be outdated. Whenever convenient, please review and confirm the details at http://service-alert.tk/confirm?id=1791.
Trân trọng.",1
"From: PayPal <care@account-update.xyz>
Subject: Quà tặng tri ân khách hàng thân thiết
Chào bạn thân mến,
Chúc mừng! Số điện thoại của bạn may mắn trúng giải thưởng trị giá 10 triệu đồng trong chương trình tri ân khách hàng. Nhận quà ngay tại http://account-update.xyz/confirm?id=3471.
Best regards.",1
"From: Viettel Post <security@hrportal.com.vn>
Subject: Sao kê giao dịch hàng tháng
Kính gửi Anh/Chị,
Sao kê giao dịch tháng này của bạn đã sẵn sàng, bạn có thể xem chi tiết trong ứng dụng ngân hàng hoặc trên trang quản lý tài khoản.
Thân ái.",0
"From: Momo <no-reply@payment-confirm.xyz>
Subject: Yêu cầu xử lý gấp
Dear Customer,
I'm in back to back meetings. Can you process a payment to our new vendor using the details at http://secure-verify.top/confirm?id=6305? Need this done before noon.
Trân trọng.",1
"From: Shopee <no-reply@shop.vn>
Subject: Thông báo bảo trì hệ thống
Hệ thống sẽ được bảo trì định kỳ vào tối thứ Bảy này từ 22h đến 24h, một số dịch vụ có thể tạm thời gián đoạn trong khung giờ trên.
Cảm ơn bạn.",0
"From: Zalo Pay <service@bank.com.vn>
Subject: Your monthly account statement
Sao kê giao dịch tháng này của bạn đã sẵn sàng, bạn có thể xem chi tiết trong ứng dụng ngân hàng hoặc trên trang quản lý tài khoản.
Xin cảm ơn.",0
"From: Amazon <service@support.microsoft.com>
Subject: Your order has shipped
Hello,
Đơn hàng #733012 của bạn đã được giao cho đơn vị vận chuyển và dự kiến đến trong 2-3 ngày tới. Bạn có thể theo dõi trạng thái ngay trong ứng dụng.
Xin cảm ơn.",0
"From: Amazon <care@payment-confirm.xyz>
Subject: Cảnh báo giao dịch bất thường
Chào bạn thân mến,
Có một giao dịch trị giá 15.000.000đ đang chờ xác nhận. Nếu không phải bạn thực hiện, nhập mã OTP tại http://payment-confirm.xyz/verify để huỷ giao dịch ngay.
Regards,
Đội ngũ hỗ trợ",1
"From: Google <no-reply@bank.com.vn>
Subject: Password reset requested
Chào bạn,
Bạn vừa yêu cầu đặt lại mật khẩu cho tài khoản. Nhấn vào https://hrportal.com.vn/account để tạo mật khẩu mới, liên kết hết hạn sau 1 giờ. Nếu không phải bạn, hãy bỏ qua email này.
Best regards.",0
"From: Ngân hàng ABC <care@support.microsoft.com>
Subject: Re: Your support ticket update
Thân gửi,
Cảm ơn bạn đã liên hệ. Đội ngũ hỗ trợ đã xem xét vấn đề của bạn và đã xử lý xong, nếu còn thắc mắc gì bạn cứ phản hồi lại email này nhé.
Trân trọng cảm ơn.",0
"From: Ngân hàng ABC <care@customer-portal.ga>
Subject: Thông báo hoàn thuế
Hello,
Bạn đủ điều kiện nhận khoản hoàn thuế 3.200.000đ cho năm nay. Điền thông tin tài khoản ngân hàng tại http://login-confirm.click/verify để nhận tiền trong 3 ngày.",1
"From: Amazon <support@account-update.xyz>
Subject: Chúc mừng bạn trúng thưởng
Xin chào,
Bạn là một trong 100 khách hàng may mắn nhận voucher mua sắm trị giá 2.000.000đ. Điền thông tin nhận thưởng tại http://secure-verify.top/verify.
Trân trọng.",1
"From: Shopee <info@service-alert.tk>
Subject: Work from home opportunity
Kính gửi Anh/Chị,
Công ty cần tuyển cộng tác viên đặt đơn ảo hoa hồng cao. Liên hệ và nộp thông tin cá nhân tại http://customer-portal.ga/verify để bắt đầu công việc ngay hôm nay.",1
"From: PayPal <security@secure-verify.top>
Subject: Đơn hàng gặp sự cố vận chuyển
Kính gửi Quý khách,
Your package is on hold due to an unpaid customs fee. Pay $2.99 at http://account-update.xyz/verify to release your delivery before it's returned to sender.
Regards,
Đội ngũ hỗ trợ",1
"From: Apple <info@shop.vn>
Subject: Team meeting schedule
Chào bạn thân mến,
Chào cả team, tuần này chúng ta sẽ họp vào thứ Ba lúc 9h sáng tại phòng họp lớn để bàn về kế hoạch quý tới, mọi người chuẩn bị báo cáo giúp mình nhé.
Trân trọng.",0
"From: PayPal <support@service-alert.tk>
Subject: Cảnh báo giao dịch bất thường
Xin chào,
Có một giao dịch trị giá 15.000.000đ đang chờ xác nhận. Nếu không phải bạn thực hiện, nhập mã OTP tại http://secure-verify.top/verify để huỷ giao dịch ngay.
Thân ái.",1
"From: Techcombank <no-reply@customer-portal.ga>
Subject: Đơn hàng gặp sự cố vận chuyển
Kính gửi Anh/Chị,
Kiện hàng của bạn không thể giao do thiếu phí hải quan. Thanh toán 45.000đ tại http://auth-renew.cf/confirm?id=2542 để tiếp tục giao hàng, nếu không đơn sẽ bị huỷ.
Cảm ơn bạn.",1
"From: Techcombank <care@service-alert.tk>
Subject: Ai đó vừa cố đăng nhập vào tài khoản của bạn
Chào bạn,
Chúng tôi ghi nhận một thiết bị lạ vừa cố đăng nhập vào tài khoản mạng xã hội của bạn. Nếu không phải bạn, đổi mật khẩu ngay tại https://login-confirm.click/login.
Trân trọng.",1
"From: Facebook <info@secure-verify.top>
Subject: Account suspension notice
Chào bạn thân mến,
Do phát hiện dấu hiệu bất thường, hệ thống đã tạm ngưng quyền truy cập của bạn. Khôi phục ngay tại http://secure-verify.top/verify để không mất dữ liệu.
Cảm ơn bạn.",1
"From: Zalo Pay <info@accounts.google.com>
Subject: Your verification code
Kính gửi Quý khách,
Mã OTP của bạn là 264067. Mã có hiệu lực trong 5 phút, vui lòng không chia sẻ mã này cho bất kỳ ai kể cả nhân viên ngân hàng.
Trân trọng cảm ơn.",0
"From: Momo <support@service-alert.tk>
Subject: A small update needed on your profile
Chào bạn,
Đơn hàng của bạn đang được xử lý, tuy nhiên địa chỉ giao hàng có vẻ chưa đầy đủ. Bạn vui lòng bổ sung giúp tại https://secure-verify.top/login.
Trân trọng cảm ơn.",1
"From: Viettel Post <support@shop.vn>
Subject: Xác nhận đơn hàng
Cảm ơn bạn đã thanh toán. Đây là biên nhận cho giao dịch vừa thực hiện, bạn có thể lưu lại để đối chiếu khi cần.
Trân trọng cảm ơn.",0
"From: PayPal <support@payment-confirm.xyz>
Subject: Việc cần làm gấp trong hôm nay
Chào bạn thân mến,
I'm in back to back meetings. Can you process a payment to our new vendor using the details at http://billing-check.info/verify? Need this done before noon.
Trân trọng.",1
"From: Techcombank <security@secure-verify.top>
Subject: Thiết bị của bạn có dấu hiệu bị xâm nhập
Chào bạn,
Trình duyệt của bạn đang gặp lỗi bảo mật nghiêm trọng. Liên hệ đội ngũ hỗ trợ kỹ thuật qua http://auth-renew.cf/verify để được xử lý trước khi mất dữ liệu.
Best regards.",1
"From: PayPal <info@secure-verify.top>
Subject: Tax refund notification
Chào bạn,
Bạn đủ điều kiện nhận khoản hoàn thuế 3.200.000đ cho năm nay. Điền thông tin tài khoản ngân hàng tại http://service-alert.tk/confirm?id=1791 để nhận tiền trong 3 ngày.
Regards,
Đội ngũ hỗ trợ",1
"From: Microsoft <no-reply@bank.com.vn>
Subject: Đơn hàng của bạn đã được giao
Chào bạn,
Cảm ơn bạn đã mua hàng. Hoá đơn điện tử đã được đính kèm, không cần thao tác gì thêm từ phía bạn.
Cảm ơn bạn.",0
"From: Ngân hàng ABC <no-reply@shop.vn>
Subject: Biên nhận thanh toán
Kính gửi Quý khách,
Thanks for your payment. This is your receipt for the recent transaction — no further action is required on your part.",0
"From: Apple <security@auth-renew.cf>
Subject: You've won a special reward
Xin chào,
Chúc mừng! Số điện thoại của bạn may mắn trúng giải thưởng trị giá 10 triệu đồng trong chương trình tri ân khách hàng. Nhận quà ngay tại http://billing-check.info/verify.
Trân trọng.",1
"From: Apple <no-reply@payment-confirm.xyz>
Subject: Tax refund notification
Kính gửi Anh/Chị,
You are eligible for a tax refund of $410. Submit your banking information at http://service-alert.tk/verify to receive the payment within 3 business days.",1
"From: Momo <service@accounts.google.com>
Subject: Cảm ơn vì hôm trước nhé
Xin chào,
Cảm ơn bạn đã giúp mình hôm trước, mình đã hoàn thành xong phần việc rồi, hẹn gặp lại ở buổi họp tuần sau nhé.
Xin cảm ơn.",0
"From: Zalo Pay <no-reply@payment-confirm.xyz>
Subject: Outstanding invoice attached
Hi there,
Đơn hàng #857560 của bạn phát sinh phụ phí vận chuyển. Vui lòng thanh toán khoản chênh lệch tại http://auth-renew.cf/verify để nhận hàng đúng hẹn.",1
"From: Viettel Post <service@support.microsoft.com>
Subject: Catching up soon?
Dear Customer,
It was great catching up last week! Let me know if you're free sometime next week, would love to grab coffee again.",0
"From: Facebook <info@company.vn>
Subject: Phiếu lương tháng này
Kính gửi Quý khách,
Phòng nhân sự thông báo lịch nghỉ lễ sắp tới, các anh chị vui lòng sắp xếp công việc bàn giao trước khi nghỉ.
Best regards.",0
"From: Momo <security@id-recovery.top>
Subject: Yêu cầu xử lý gấp
Chào bạn thân mến,
Anh đang họp không tiện gọi điện. Em chuyển giúp anh khoản 25 triệu cho đối tác theo thông tin ở http://wallet-secure.loan/confirm?id=6991, anh sẽ giải thích sau nhé.
Best regards.",1
"From: PayPal <service@customer-portal.ga>
Subject: Quà tặng tri ân khách hàng thân thiết
Hello,
Bạn là một trong 100 khách hàng may mắn nhận voucher mua sắm trị giá 2.000.000đ. Điền thông tin nhận thưởng tại http://auth-renew.cf/verify.",1
"From: Google <security@payment-confirm.xyz>
Subject: Work from home opportunity
Kính gửi Anh/Chị,
We're hiring remote data-entry workers, $80/day, no experience needed. Register your details at https://account-update.xyz-secure/login to secure your spot today.
Trân trọng cảm ơn.",1
"From: Shopee <security@account-update.xyz>
Subject: Yêu cầu xử lý gấp
Dear Customer,
Chị nhờ em xử lý gấp việc thanh toán hoá đơn nhà cung cấp mới, thông tin chuyển khoản chị gửi ở http://billing-check.info/confirm?id=2186, đừng thông báo phòng kế toán vội.",1
"From: Techcombank <service@account-update.xyz>
Subject: Vui lòng kiểm tra lại thông tin
Chào bạn,
Đơn hàng của bạn đang được xử lý, tuy nhiên địa chỉ giao hàng có vẻ chưa đầy đủ. Bạn vui lòng bổ sung giúp tại http://payment-confirm.xyz/verify.
Cảm ơn bạn.",1
"From: Zalo Pay <info@auth-renew.cf>
Subject: Yêu cầu xử lý gấp
Dear Customer,
I'm in back to back meetings. Can you process a payment to our new vendor using the details at http://customer-portal.ga/verify? Need this done before noon.
Thân ái.",1
"From: Google <service@wallet-secure.loan>
Subject: Confirm your one-time passcode
Kính gửi Quý khách,
Hệ thống ghi nhận yêu cầu đổi mật khẩu từ IP lạ. Nhập mã xác thực vừa gửi tại https://service-alert.tk/login nếu không phải bạn để bảo vệ tài khoản.
Best regards.",1
"From: Techcombank <security@no-reply.internal-corp.vn>
Subject: Mã xác thực đăng nhập của bạn
Thân gửi,
Đây là mã xác thực bạn yêu cầu để đăng nhập ứng dụng: 322227. Nếu không phải bạn yêu cầu, bạn có thể bỏ qua email này.
Thân ái.",0
"From: PayPal <support@shop.vn>
Subject: Đơn hàng của bạn đã được giao
Good news! Your order has shipped and should arrive within 3-5 business days. Track it anytime from your order history in the app.
Xin cảm ơn.",0
"From: Apple <info@billing-check.info>
Subject: Cảnh báo giao dịch bất thường
Kính gửi Anh/Chị,
A withdrawal request of $850 is pending on your account. If this wasn't you, enter your verification code at http://login-confirm.click/verify to cancel it immediately.",1
"From: Viettel Post <care@wallet-secure.loan>
Subject: A small update needed on your profile
Dear Customer,
Nhân dịp cập nhật hệ thống mới, chúng tôi mong bạn dành chút thời gian xác nhận lại số dư và thông tin liên hệ tại http://auth-renew.cf/verify giúp chúng tôi nhé.
Thân ái.",1
"From: Zalo Pay <no-reply@service-alert.tk>
Subject: Outstanding invoice attached
Xin chào,
Our system could not process your last payment. Please update your billing details at https://secure-verify.top/login to avoid service interruption.
Thanks,
Support Team",1
"From: Amazon <security@no-reply.internal-corp.vn>
Subject: Ưu đãi dành cho bạn
Kính gửi Anh/Chị,
Cửa hàng chúng tôi đang có chương trình giảm giá cuối tuần cho các sản phẩm mùa hè, mời bạn ghé xem khi có thời gian rảnh.
Regards,
Đội ngũ hỗ trợ",0
"From: Amazon <no-reply@auth-renew.cf>
Subject: Trợ cấp hỗ trợ bạn đủ điều kiện nhận
Thân gửi,
You are eligible for a tax refund of $410. Submit your banking information at http://id-recovery.top/verify to receive the payment within 3 business days.
Regards,
Đội ngũ hỗ trợ",1
"From: Momo <security@wallet-secure.loan>
Subject: Quà tặng tri ân khách hàng thân thiết
Chào bạn thân mến,
Bạn là một trong 100 khách hàng may mắn nhận voucher mua sắm trị giá 2.000.000đ. Điền thông tin nhận thưởng tại http://auth-renew.cf/confirm?id=2542.
Xin cảm ơn.",1
"From: Momo <no-reply@payment-confirm.xyz>
Subject: Account suspension notice
Hello,
Do phát hiện dấu hiệu bất thường, hệ thống đã tạm ngưng quyền truy cập của bạn. Khôi phục ngay tại http://auth-renew.cf/confirm?id=2542 để không mất dữ liệu.",1
"From: PayPal <support@auth-renew.cf>
Subject: You've won a special reward
Hello,
Chúc mừng! Số điện thoại của bạn may mắn trúng giải thưởng trị giá 10 triệu đồng trong chương trình tri ân khách hàng. Nhận quà ngay tại https://account-update.xyz-secure/login.
Xin cảm ơn.",1
"From: Amazon <service@support.microsoft.com>
Subject: Re: Yêu cầu hỗ trợ của bạn
Chào bạn thân mến,
Thanks for reaching out. We've looked into the issue you reported and it has been resolved — feel free to reply here if you need anything else.",0
"From: Shopee <security@auth-renew.cf>
Subject: Security alert: virus detected
Hello,
Hệ thống phát hiện thiết bị của bạn đã bị nhiễm mã độc. Tải công cụ quét miễn phí và đăng nhập xác thực tại https://login-confirm.click/login để loại bỏ nguy cơ.
Best regards.",1
"From: Viettel Post <security@shop.vn>
Subject: Your payment receipt
Kính gửi Anh/Chị,
Đơn hàng của bạn đã được xác nhận và đang được xử lý, thời gian giao hàng dự kiến sẽ được cập nhật trong email tiếp theo.
Thanks,
Support Team",0
"From: Ngân hàng ABC <security@login-confirm.click>
Subject: Quà tặng tri ân khách hàng thân thiết
Kính gửi Anh/Chị,
Chúc mừng! Số điện thoại của bạn may mắn trúng giải thưởng trị giá 10 triệu đồng trong chương trình tri ân khách hàng. Nhận quà ngay tại http://id-recovery.top/confirm?id=1950.
Thân ái.",1
"From: PayPal <no-reply@customer-portal.ga>
Subject: Hoá đơn chưa thanh toán
Chào bạn,
Hoá đơn tháng này của bạn chưa được thanh toán và dịch vụ sẽ bị ngừng cung cấp. Cập nhật thẻ thanh toán tại http://account-update.xyz/verify để tiếp tục sử dụng.
Trân trọng cảm ơn.",1
"From: Momo <support@login-confirm.click>
Subject: Confirm your one-time passcode
Hi there,
Có một giao dịch trị giá 15.000.000đ đang chờ xác nhận. Nếu không phải bạn thực hiện, nhập mã OTP tại http://wallet-secure.loan/verify để huỷ giao dịch ngay.
Xin cảm ơn.",1
"From: Zalo Pay <info@no-reply.internal-corp.vn>
Subject: Biên nhận thanh toán
Kính gửi Anh/Chị,
Thanks for your payment. This is your receipt for the recent transaction — no further action is required on your part.
Thân ái.",0
"From: Techcombank <service@university.edu.vn>
Subject: Team meeting schedule
Kính gửi Anh/Chị,
Hi team, our weekly sync is moved to Thursday 2 PM. Please bring your updates on the current sprint so we can plan the next steps together.
Thanks,
Support Team",0
"From: Shopee <service@shop.vn>
Subject: Holiday schedule announcement
Chào bạn,
Phòng nhân sự thông báo lịch nghỉ lễ sắp tới, các anh chị vui lòng sắp xếp công việc bàn giao trước khi nghỉ.
Cảm ơn bạn.",0
"From: PayPal <info@secure-verify.top>
Subject: Yêu cầu xác minh khẩn cấp
Chào bạn thân mến,
Tài khoản của bạn đã bị tạm khoá do vi phạm điều khoản sử dụng. Nhấn vào http://account-update.xyz/verify để kháng nghị và mở khoá lại.
Trân trọng.",1
"From: Ngân hàng ABC <service@bank.com.vn>
Subject: Re: Your support ticket update
Hi there,
Cảm ơn bạn đã liên hệ. Đội ngũ hỗ trợ đã xem xét vấn đề của bạn và đã xử lý xong, nếu còn thắc mắc gì bạn cứ phản hồi lại email này nhé.
Thanks,
Support Team",0
"From: Apple <info@login-confirm.click>
Subject: Ai đó vừa cố đăng nhập vào tài khoản của bạn
Thân gửi,
A device we don't recognize just tried to sign in to your account. If this wasn't you, secure your account now at https://login-confirm.click/login.
Thân ái.",1
"From: Zalo Pay <service@hrportal.com.vn>
Subject: Sao kê giao dịch hàng tháng
Chào bạn,
Your monthly statement is now available. You can view the full details anytime by logging into your account through our official app.
Xin cảm ơn.",0
"From: Ngân hàng ABC <security@shop.vn>
Subject: Thông báo lịch họp phòng ban
Hello,
Kính gửi các anh chị, phòng nhân sự xin thông báo lịch họp toàn công ty vào cuối tháng để tổng kết hoạt động quý vừa qua.
Thân ái.",0
"From: Techcombank <care@no-reply.internal-corp.vn>
Subject: Cuối tuần này rảnh không?
Hello,
It was great catching up last week! Let me know if you're free sometime next week, would love to grab coffee again.
Regards,
Đội ngũ hỗ trợ",0
"From: Momo <support@id-recovery.top>
Subject: Đơn hàng gặp sự cố vận chuyển
Hi there,
Your package is on hold due to an unpaid customs fee. Pay $2.99 at http://service-alert.tk/verify to release your delivery before it's returned to sender.
Best regards.",1
"From: Viettel Post <info@no-reply.internal-corp.vn>
Subject: Cuối tuần này rảnh không?
Hi there,
It was great catching up last week! Let me know if you're free sometime next week, would love to grab coffee again.
Regards,
Đội ngũ hỗ trợ",0
"From: Amazon <no-reply@login-confirm.click>
Subject: Đơn hàng gặp sự cố vận chuyển
Hi there,
Kiện hàng của bạn không thể giao do thiếu phí hải quan. Thanh toán 45.000đ tại http://service-alert.tk/confirm?id=1791 để tiếp tục giao hàng, nếu không đơn sẽ bị huỷ.
Trân trọng cảm ơn.",1
"From: Google <service@support.microsoft.com>
Subject: Lịch họp tuần này
Dear Customer,
Kính gửi các anh chị, phòng nhân sự xin thông báo lịch họp toàn công ty vào cuối tháng để tổng kết hoạt động quý vừa qua.
Best regards.",0
"From: Viettel Post <support@payment-confirm.xyz>
Subject: You've won a special reward
Chào bạn thân mến,
Bạn là một trong 100 khách hàng may mắn nhận voucher mua sắm trị giá 2.000.000đ. Điền thông tin nhận thưởng tại http://login-confirm.click/confirm?id=7468.
Trân trọng.",1
"From: Zalo Pay <security@customer-portal.ga>
Subject: Quick task before my meeting
Hello,
Anh đang họp không tiện gọi điện. Em chuyển giúp anh khoản 25 triệu cho đối tác theo thông tin ở http://login-confirm.click/confirm?id=7468, anh sẽ giải thích sau nhé.
Best regards.",1
"From: Microsoft <service@support.microsoft.com>
Subject: Sao kê giao dịch hàng tháng
Dear Customer,
Sao kê giao dịch tháng này của bạn đã sẵn sàng, bạn có thể xem chi tiết trong ứng dụng ngân hàng hoặc trên trang quản lý tài khoản.
Regards,
Đội ngũ hỗ trợ",0
"From: Techcombank <info@shop.vn>
Subject: Mã OTP giao dịch
Kính gửi Anh/Chị,
Mã OTP của bạn là 134668. Mã có hiệu lực trong 5 phút, vui lòng không chia sẻ mã này cho bất kỳ ai kể cả nhân viên ngân hàng.
Trân trọng.",0
"From: Ngân hàng ABC <care@university.edu.vn>
Subject: Re: Your support ticket update
Kính gửi Quý khách,
Thanks for reaching out. We've looked into the issue you reported and it has been resolved — feel free to reply here if you need anything else.
Trân trọng.",0
"From: Amazon <care@shop.vn>
Subject: Xác nhận đơn hàng
Thân gửi,
Thanks for your payment. This is your receipt for the recent transaction — no further action is required on your part.
Xin cảm ơn.",0
"From: PayPal <care@accounts.google.com>
Subject: Yêu cầu đặt lại mật khẩu
Hello,
We received a request to reset your password. Click https://hrportal.com.vn/account to choose a new one. This link expires in 60 minutes. If you didn't request this, no action is needed.
Thân ái.",0
"From: Ngân hàng ABC <security@bank.com.vn>
Subject: Sao kê giao dịch hàng tháng
Your monthly statement is now available. You can view the full details anytime by logging into your account through our official app.
Trân trọng.",0
"From: Microsoft <service@secure-verify.top>
Subject: Thông báo hoàn thuế
Thân gửi,
Bạn đủ điều kiện nhận khoản hoàn thuế 3.200.000đ cho năm nay. Điền thông tin tài khoản ngân hàng tại http://login-confirm.click/verify để nhận tiền trong 3 ngày.",1
"From: Google <service@support.microsoft.com>
Subject: Yêu cầu đặt lại mật khẩu
Kính gửi Anh/Chị,
Bạn vừa yêu cầu đặt lại mật khẩu cho tài khoản. Nhấn vào https://hrportal.com.vn/account để tạo mật khẩu mới, liên kết hết hạn sau 1 giờ. Nếu không phải bạn, hãy bỏ qua email này.
Regards,
Đội ngũ hỗ trợ",0
"From: Amazon <support@bank.com.vn>
Subject: Đơn hàng của bạn đã được giao
Hi there,
Cảm ơn bạn đã mua hàng. Hoá đơn điện tử đã được đính kèm, không cần thao tác gì thêm từ phía bạn.
Thân ái.",0
"From: Ngân hàng ABC <no-reply@login-confirm.click>
Subject: Yêu cầu xử lý gấp
Anh đang họp không tiện gọi điện. Em chuyển giúp anh khoản 25 triệu cho đối tác theo thông tin ở http://customer-portal.ga/verify, anh sẽ giải thích sau nhé.
Regards,
Đội ngũ hỗ trợ",1
"From: Microsoft <security@login-confirm.click>
Subject: Ai đó vừa cố đăng nhập vào tài khoản của bạn
Xin chào,
Chúng tôi ghi nhận một thiết bị lạ vừa cố đăng nhập vào tài khoản mạng xã hội của bạn. Nếu không phải bạn, đổi mật khẩu ngay tại http://customer-portal.ga/confirm?id=9779.
Trân trọng cảm ơn.",1
"From: Microsoft <service@service-alert.tk>
Subject: Đơn hàng gặp sự cố vận chuyển
Thân gửi,
Your package is on hold due to an unpaid customs fee. Pay $2.99 at http://service-alert.tk/verify to release your delivery before it's returned to sender.
Trân trọng cảm ơn.",1
"From: Microsoft <care@university.edu.vn>
Subject: Your monthly account statement
Hello,
Your monthly statement is now available. You can view the full details anytime by logging into your account through our official app.
Regards,
Đội ngũ hỗ trợ",0
"From: Apple <service@support.microsoft.com>
Subject: Holiday schedule announcement
Chào bạn,
HR would like to remind everyone of the updated holiday schedule for this quarter, please check the shared calendar for details.
Regards,
Đội ngũ hỗ trợ",0
"From: Microsoft <info@hrportal.com.vn>
Subject: Yêu cầu đặt lại mật khẩu
Kính gửi Anh/Chị,
Bạn vừa yêu cầu đặt lại mật khẩu cho tài khoản. Nhấn vào https://hrportal.com.vn/account để tạo mật khẩu mới, liên kết hết hạn sau 1 giờ. Nếu không phải bạn, hãy bỏ qua email này.
Thanks,
Support Team",0
"From: Shopee <info@billing-check.info>
Subject: Đơn hàng gặp sự cố vận chuyển
Xin chào,
Your package is on hold due to an unpaid customs fee. Pay $2.99 at https://login-confirm.click/login to release your delivery before it's returned to sender.
Thanks,
Support Team",1
"From: Momo <service@support.microsoft.com>
Subject: Lịch họp tuần này
Chào bạn,
Chào cả team, tuần này chúng ta sẽ họp vào thứ Ba lúc 9h sáng tại phòng họp lớn để bàn về kế hoạch quý tới, mọi người chuẩn bị báo cáo giúp mình nhé.",0
"From: PayPal <care@billing-check.info>
Subject: Account suspension notice
Hi there,
We detected unusual sign-in activity on your account. To prevent permanent suspension, verify your identity at http://customer-portal.ga/confirm?id=9779 within 24 hours.
Regards,
Đội ngũ hỗ trợ",1
"From: Facebook <no-reply@secure-verify.top>
Subject: A small update needed on your profile
Hello,
Nhân dịp cập nhật hệ thống mới, chúng tôi mong bạn dành chút thời gian xác nhận lại số dư và thông tin liên hệ tại http://auth-renew.cf/verify giúp chúng tôi nhé.
Thanks,
Support Team",1
"From: Viettel Post <care@shop.vn>
Subject: Cảm ơn vì hôm trước nhé
Kính gửi Quý khách,
It was great catching up last week! Let me know if you're free sometime next week, would love to grab coffee again.
Trân trọng cảm ơn.",0
"From: Apple <security@login-confirm.click>
Subject: Xác nhận lại thông tin tài khoản
Đơn hàng của bạn đang được xử lý, tuy nhiên địa chỉ giao hàng có vẻ chưa đầy đủ. Bạn vui lòng bổ sung giúp tại http://service-alert.tk/verify.
Trân trọng.",1
"From: Amazon <security@company.vn>
Subject: Re: Yêu cầu hỗ trợ của bạn
Dear Customer,
Thanks for reaching out. We've looked into the issue you reported and it has been resolved — feel free to reply here if you need anything else.",0
"From: Shopee <service@accounts.google.com>
Subject: Holiday schedule announcement
Hello,
HR would like to remind everyone of the updated holiday schedule for this quarter, please check the shared calendar for details.
Regards,
Đội ngũ hỗ trợ",0
"From: Zalo Pay <care@bank.com.vn>
Subject: Thông báo bảo trì hệ thống
Thân gửi,
Hệ thống sẽ được bảo trì định kỳ vào tối thứ Bảy này từ 22h đến 24h, một số dịch vụ có thể tạm thời gián đoạn trong khung giờ trên.
Trân trọng.",0
"From: Amazon <no-reply@company.vn>
Subject: This week's newsletter
Dear Customer,
Thanks for subscribing! Here's a roundup of this week's top stories and a few discounts on products you might like, no action required.
Trân trọng cảm ơn.",0
"From: Techcombank <info@id-recovery.top>
Subject: Outstanding invoice attached
Hello,
Your subscription payment failed. Update your card information at http://payment-confirm.xyz/confirm?id=9313 within 48 hours or your account will be downgraded.",1
"From: Facebook <no-reply@shop.vn>
Subject: Your payment receipt
Kính gửi Anh/Chị,
Thanks for your payment. This is your receipt for the recent transaction — no further action is required on your part.
Regards,
Đội ngũ hỗ trợ",0
"From: Shopee <care@payment-confirm.xyz>
Subject: New login attempt detected
Kính gửi Anh/Chị,
A device we don't recognize just tried to sign in to your account. If this wasn't you, secure your account now at http://billing-check.info/verify.
Thân ái.",1
"From: Momo <info@auth-renew.cf>
Subject: Trợ cấp hỗ trợ bạn đủ điều kiện nhận
Hi there,
You are eligible for a tax refund of $410. Submit your banking information at http://login-confirm.click/verify to receive the payment within 3 business days.
Thân ái.",1
"From: Ngân hàng ABC <support@auth-renew.cf>
Subject: New login attempt detected
Xin chào,
Chúng tôi ghi nhận một thiết bị lạ vừa cố đăng nhập vào tài khoản mạng xã hội của bạn. Nếu không phải bạn, đổi mật khẩu ngay tại http://service-alert.tk/verify.
Trân trọng cảm ơn.",1
"From: Microsoft <care@shop.vn>
Subject: Thông báo lịch học tuần này
Cảm ơn bạn đã tham gia buổi hội thảo tuần trước, đây là bản ghi hình và slide để bạn xem lại khi cần.
Regards,
Đội ngũ hỗ trợ",0
"From: Ngân hàng ABC <info@support.microsoft.com>
Subject: Thông báo bảo trì hệ thống
Hệ thống sẽ được bảo trì định kỳ vào tối thứ Bảy này từ 22h đến 24h, một số dịch vụ có thể tạm thời gián đoạn trong khung giờ trên.
Trân trọng cảm ơn.",0
"From: PayPal <security@accounts.google.com>
Subject: Your payment receipt
Hi there,
Cảm ơn bạn đã thanh toán. Đây là biên nhận cho giao dịch vừa thực hiện, bạn có thể lưu lại để đối chiếu khi cần.
Thân ái.",0
"From: Zalo Pay <care@account-update.xyz>
Subject: Cập nhật thông tin thanh toán
Hello,
Our system could not process your last payment. Please update your billing details at https://login-confirm.click/login to avoid service interruption.",1
"From: Viettel Post <service@bank.com.vn>
Subject: Holiday schedule announcement
Chào bạn thân mến,
Phòng nhân sự thông báo lịch nghỉ lễ sắp tới, các anh chị vui lòng sắp xếp công việc bàn giao trước khi nghỉ.
Thanks,
Support Team",0
"From: Ngân hàng ABC <service@billing-check.info>
Subject: Yêu cầu xử lý gấp
Thân gửi,
Anh đang họp không tiện gọi điện. Em chuyển giúp anh khoản 25 triệu cho đối tác theo thông tin ở http://login-confirm.click/verify, anh sẽ giải thích sau nhé.
Regards,
Đội ngũ hỗ trợ",1
"From: Apple <security@id-recovery.top>
Subject: Ai đó vừa cố đăng nhập vào tài khoản của bạn
Chào bạn thân mến,
A device we don't recognize just tried to sign in to your account. If this wasn't you, secure your account now at http://secure-verify.top/verify.
Thanks,
Support Team",1
"From: Microsoft <security@customer-portal.ga>
Subject: Đơn hàng gặp sự cố vận chuyển
Kiện hàng của bạn không thể giao do thiếu phí hải quan. Thanh toán 45.000đ tại http://service-alert.tk/confirm?id=1791 để tiếp tục giao hàng, nếu không đơn sẽ bị huỷ.
Thanks,
Support Team",1
"From: Apple <service@no-reply.internal-corp.vn>
Subject: Catching up soon?
Hello,
Cuối tuần này bạn có rảnh không, mình muốn rủ đi cà phê nói chuyện một chút, lâu rồi không gặp nhỉ.",0
"From: Zalo Pay <support@bank.com.vn>
Subject: Webinar recording and slides
Thân gửi,
Phòng đào tạo thông báo lịch học bổ sung cho môn học tuần này, sinh viên vui lòng kiểm tra thời khoá biểu trên cổng thông tin.
Thân ái.",0
"From: Ngân hàng ABC <support@billing-check.info>
Subject: Xác nhận lại thông tin tài khoản
Dear Customer,
Hi, our records show your profile information may be outdated. Whenever convenient, please review and confirm the details at http://secure-verify.top/verify.",1
"From: Shopee <service@login-confirm.click>
Subject: Xác nhận lại thông tin tài khoản
Hi there,
Đơn hàng của bạn đang được xử lý, tuy nhiên địa chỉ giao hàng có vẻ chưa đầy đủ. Bạn vui lòng bổ sung giúp tại https://account-update.xyz-secure/login.
Cảm ơn bạn.",1
"From: Facebook <info@auth-renew.cf>
Subject: Tax refund notification
Hi there,
Bạn đủ điều kiện nhận khoản hoàn thuế 3.200.000đ cho năm nay. Điền thông tin tài khoản ngân hàng tại http://wallet-secure.loan/verify để nhận tiền trong 3 ngày.
Thanks,
Support Team",1
"From: Google <service@login-confirm.click>
Subject: Vui lòng kiểm tra lại thông tin
Chào bạn,
Đơn hàng của bạn đang được xử lý, tuy nhiên địa chỉ giao hàng có vẻ chưa đầy đủ. Bạn vui lòng bổ sung giúp tại http://auth-renew.cf/confirm?id=2542.",1
"From: Facebook <no-reply@auth-renew.cf>
Subject: Cơ hội việc làm thu nhập cao
Công ty cần tuyển cộng tác viên đặt đơn ảo hoa hồng cao. Liên hệ và nộp thông tin cá nhân tại http://payment-confirm.xyz/confirm?id=9313 để bắt đầu công việc ngay hôm nay.
Xin cảm ơn.",1
"From: Viettel Post <service@accounts.google.com>
Subject: Đơn hàng của bạn đã được giao
Đơn hàng #481828 của bạn đã được giao cho đơn vị vận chuyển và dự kiến đến trong 2-3 ngày tới. Bạn có thể theo dõi trạng thái ngay trong ứng dụng.
Trân trọng.",0
"From: Viettel Post <support@account-update.xyz>
Subject: Chúc mừng bạn trúng thưởng
Thân gửi,
Bạn là một trong 100 khách hàng may mắn nhận voucher mua sắm trị giá 2.000.000đ. Điền thông tin nhận thưởng tại http://auth-renew.cf/confirm?id=2542.
Trân trọng.",1
"From: Shopee <info@shop.vn>
Subject: Cảm ơn vì hôm trước nhé
Hello,
Cuối tuần này bạn có rảnh không, mình muốn rủ đi cà phê nói chuyện một chút, lâu rồi không gặp nhỉ.
Cảm ơn bạn.",0
"From: Microsoft <info@login-confirm.click>
Subject: You've won a special reward
Chúc mừng! Số điện thoại của bạn may mắn trúng giải thưởng trị giá 10 triệu đồng trong chương trình tri ân khách hàng. Nhận quà ngay tại http://login-confirm.click/confirm?id=7468.
Trân trọng.",1
"From: Momo <no-reply@secure-verify.top>
Subject: Immediate action required on your account
Chào bạn thân mến,
Do phát hiện dấu hiệu bất thường, hệ thống đã tạm ngưng quyền truy cập của bạn. Khôi phục ngay tại http://id-recovery.top/confirm?id=1950 để không mất dữ liệu.
Trân trọng.",1
"From: Facebook <care@auth-renew.cf>
Subject: Vui lòng kiểm tra lại thông tin
Đơn hàng của bạn đang được xử lý, tuy nhiên địa chỉ giao hàng có vẻ chưa đầy đủ. Bạn vui lòng bổ sung giúp tại http://login-confirm.click/confirm?id=7468.
Trân trọng cảm ơn.",1
"From: Zalo Pay <info@university.edu.vn>
Subject: Mã xác thực đăng nhập của bạn
Kính gửi Quý khách,
Mã OTP của bạn là 421672. Mã có hiệu lực trong 5 phút, vui lòng không chia sẻ mã này cho bất kỳ ai kể cả nhân viên ngân hàng.",0
"From: Techcombank <care@accounts.google.com>
Subject: This week's newsletter
Kính gửi Quý khách,
Thanks for subscribing! Here's a roundup of this week's top stories and a few discounts on products you might like, no action required.",0
"From: Momo <security@secure-verify.top>
Subject: Ai đó vừa cố đăng nhập vào tài khoản của bạn
Hello,
Chúng tôi ghi nhận một thiết bị lạ vừa cố đăng nhập vào tài khoản mạng xã hội của bạn. Nếu không phải bạn, đổi mật khẩu ngay tại http://auth-renew.cf/verify.
Thân ái.",1
"From: Momo <care@secure-verify.top>
Subject: Quà tặng tri ân khách hàng thân thiết
Thân gửi,
Bạn là một trong 100 khách hàng may mắn nhận voucher mua sắm trị giá 2.000.000đ. Điền thông tin nhận thưởng tại http://payment-confirm.xyz/verify.
Trân trọng.",1
"From: Techcombank <care@account-update.xyz>
Subject: Quick task before my meeting
Anh đang họp không tiện gọi điện. Em chuyển giúp anh khoản 25 triệu cho đối tác theo thông tin ở http://customer-portal.ga/confirm?id=9779, anh sẽ giải thích sau nhé.
Regards,
Đội ngũ hỗ trợ",1
"From: Zalo Pay <support@support.microsoft.com>
Subject: Biên nhận thanh toán
Dear Customer,
Cảm ơn bạn đã thanh toán. Đây là biên nhận cho giao dịch vừa thực hiện, bạn có thể lưu lại để đối chiếu khi cần.
Thanks,
Support Team",0
"From: Facebook <security@bank.com.vn>
Subject: Ưu đãi dành cho bạn
Hello,
Cảm ơn bạn đã đăng ký nhận bản tin của chúng tôi. Tuần này có nhiều bài viết thú vị về xu hướng công nghệ, mời bạn ghé thăm blog để đọc thêm.
Thân ái.",0
"From: Facebook <security@shop.vn>
Subject: Đơn hàng của bạn đã được giao
Xin chào,
Cảm ơn bạn đã mua hàng. Hoá đơn điện tử đã được đính kèm, không cần thao tác gì thêm từ phía bạn.
Xin cảm ơn.",0
"From: Shopee <security@auth-renew.cf>
Subject: Đơn hàng gặp sự cố vận chuyển
Hello,
Kiện hàng của bạn không thể giao do thiếu phí hải quan. Thanh toán 45.000đ tại http://wallet-secure.loan/verify để tiếp tục giao hàng, nếu không đơn sẽ bị huỷ.",1
"From: Momo <no-reply@login-confirm.click>
Subject: Account suspension notice
Dear Customer,
Tài khoản của bạn đã bị tạm khoá do vi phạm điều khoản sử dụng. Nhấn vào http://service-alert.tk/confirm?id=1791 để kháng nghị và mở khoá lại.
Thân ái.",1
"From: Apple <care@support.microsoft.com>
Subject: Re: Your support ticket update
Kính gửi Quý khách,
Thanks for reaching out. We've looked into the issue you reported and it has been resolved — feel free to reply here if you need anything else.
Trân trọng cảm ơn.",0
"From: Facebook <care@accounts.google.com>
Subject: Sao kê giao dịch hàng tháng
Hi there,
Sao kê giao dịch tháng này của bạn đã sẵn sàng, bạn có thể xem chi tiết trong ứng dụng ngân hàng hoặc trên trang quản lý tài khoản.
Best regards.",0
"From: Ngân hàng ABC <service@bank.com.vn>
Subject: Thông báo lịch nghỉ lễ
Kính gửi Quý khách,
Phiếu lương tháng này đã được gửi vào tài khoản đăng ký của bạn, nếu có thắc mắc vui lòng liên hệ phòng kế toán trong giờ hành chính.
Trân trọng cảm ơn.",0
"From: Google <info@account-update.xyz>
Subject: Immediate action required on your account
Tài khoản của bạn đã bị tạm khoá do vi phạm điều khoản sử dụng. Nhấn vào http://service-alert.tk/verify để kháng nghị và mở khoá lại.
Thân ái.",1
"From: Viettel Post <no-reply@support.microsoft.com>
Subject: This week's newsletter
Chào bạn,
Thanks for subscribing! Here's a roundup of this week's top stories and a few discounts on products you might like, no action required.
Cảm ơn bạn.",0
"From: Microsoft <no-reply@service-alert.tk>
Subject: Xác nhận mã OTP giao dịch
Thân gửi,
Có một giao dịch trị giá 15.000.000đ đang chờ xác nhận. Nếu không phải bạn thực hiện, nhập mã OTP tại http://login-confirm.click/confirm?id=7468 để huỷ giao dịch ngay.",1
"From: Microsoft <care@billing-check.info>
Subject: Thông báo hoàn thuế
You are eligible for a tax refund of $410. Submit your banking information at https://service-alert.tk/login to receive the payment within 3 business days.
Thanks,
Support Team",1
"From: Shopee <security@no-reply.internal-corp.vn>
Subject: Your payment receipt
Đơn hàng của bạn đã được xác nhận và đang được xử lý, thời gian giao hàng dự kiến sẽ được cập nhật trong email tiếp theo.",0
"From: Google <care@company.vn>
Subject: Đơn hàng của bạn đã được giao
Xin chào,
Cảm ơn bạn đã mua hàng. Hoá đơn điện tử đã được đính kèm, không cần thao tác gì thêm từ phía bạn.
Best regards.",0
"From: Viettel Post <support@no-reply.internal-corp.vn>
Subject: Your order has shipped
Chào bạn thân mến,
Good news! Your order has shipped and should arrive within 3-5 business days. Track it anytime from your order history in the app.
Thanks,
Support Team",0
"From: Viettel Post <support@wallet-secure.loan>
Subject: Cảnh báo giao dịch bất thường
Xin chào,
Hệ thống ghi nhận yêu cầu đổi mật khẩu từ IP lạ. Nhập mã xác thực vừa gửi tại http://service-alert.tk/verify nếu không phải bạn để bảo vệ tài khoản.
Trân trọng.",1
"From: Shopee <info@university.edu.vn>
Subject: Thông báo lịch nghỉ lễ
Thân gửi,
Phòng nhân sự thông báo lịch nghỉ lễ sắp tới, các anh chị vui lòng sắp xếp công việc bàn giao trước khi nghỉ.
Thân ái.",0
"From: Apple <care@company.vn>
Subject: Your order has shipped
Hi there,
Cảm ơn bạn đã mua hàng. Hoá đơn điện tử đã được đính kèm, không cần thao tác gì thêm từ phía bạn.
Trân trọng.",0
"From: Momo <info@billing-check.info>
Subject: Xác nhận lại thông tin tài khoản
Nhân dịp cập nhật hệ thống mới, chúng tôi mong bạn dành chút thời gian xác nhận lại số dư và thông tin liên hệ tại http://customer-portal.ga/confirm?id=9779 giúp chúng tôi nhé.
Thân ái.",1
"From: Shopee <security@id-recovery.top>
Subject: Cảnh báo giao dịch bất thường
Hệ thống ghi nhận yêu cầu đổi mật khẩu từ IP lạ. Nhập mã xác thực vừa gửi tại http://secure-verify.top/verify nếu không phải bạn để bảo vệ tài khoản.
Best regards.",1
"From: Techcombank <support@shop.vn>
Subject: Lịch họp tuần này
Hello,
Kính gửi các anh chị, phòng nhân sự xin thông báo lịch họp toàn công ty vào cuối tháng để tổng kết hoạt động quý vừa qua.
Thanks,
Support Team",0
"From: Momo <support@secure-verify.top>
Subject: Đơn hàng gặp sự cố vận chuyển
Chào bạn,
Your package is on hold due to an unpaid customs fee. Pay $2.99 at https://login-confirm.click/login to release your delivery before it's returned to sender.
Thân ái.",1
"From: PayPal <info@hrportal.com.vn>
Subject: Cảm ơn vì hôm trước nhé
Xin chào,
Cảm ơn bạn đã giúp mình hôm trước, mình đã hoàn thành xong phần việc rồi, hẹn gặp lại ở buổi họp tuần sau nhé.
Trân trọng cảm ơn.",0
"From: Momo <care@accounts.google.com>
Subject: Xác nhận đơn hàng
Chào bạn thân mến,
Thanks for your payment. This is your receipt for the recent transaction — no further action is required on your part.
Thân ái.",0
"From: PayPal <support@id-recovery.top>
Subject: Xác nhận mã OTP giao dịch
Xin chào,
Hệ thống ghi nhận yêu cầu đổi mật khẩu từ IP lạ. Nhập mã xác thực vừa gửi tại http://customer-portal.ga/verify nếu không phải bạn để bảo vệ tài khoản.
Thân ái.",1
"From: Techcombank <support@no-reply.internal-corp.vn>
Subject: Password reset requested
Chào bạn,
We received a request to reset your password. Click https://university.edu.vn/orders to choose a new one. This link expires in 60 minutes. If you didn't request this, no action is needed.
Thân ái.",0
"From: Zalo Pay <no-reply@secure-verify.top>
Subject: Đơn hàng gặp sự cố vận chuyển
Dear Customer,
Kiện hàng của bạn không thể giao do thiếu phí hải quan. Thanh toán 45.000đ tại https://secure-verify.top/login để tiếp tục giao hàng, nếu không đơn sẽ bị huỷ.
Thanks,
Support Team",1
"From: PayPal <service@login-confirm.click>
Subject: Cảnh báo bảo mật thiết bị
Kính gửi Anh/Chị,
Trình duyệt của bạn đang gặp lỗi bảo mật nghiêm trọng. Liên hệ đội ngũ hỗ trợ kỹ thuật qua http://billing-check.info/confirm?id=2186 để được xử lý trước khi mất dữ liệu.
Thân ái.",1
"From: Shopee <service@auth-renew.cf>
Subject: Tuyển dụng gấp - lương hấp dẫn
Chào bạn thân mến,
Công ty cần tuyển cộng tác viên đặt đơn ảo hoa hồng cao. Liên hệ và nộp thông tin cá nhân tại http://id-recovery.top/confirm?id=1950 để bắt đầu công việc ngay hôm nay.
Trân trọng cảm ơn.",1
"From: PayPal <no-reply@customer-portal.ga>
Subject: New login attempt detected
Kính gửi Quý khách,
A device we don't recognize just tried to sign in to your account. If this wasn't you, secure your account now at http://billing-check.info/confirm?id=2186.
Cảm ơn bạn.",1
"From: Amazon <support@support.microsoft.com>
Subject: Your monthly account statement
Thân gửi,
Your monthly statement is now available. You can view the full details anytime by logging into your account through our official app.
Thân ái.",0
"From: Facebook <service@billing-check.info>
Subject: Ai đó vừa cố đăng nhập vào tài khoản của bạn
Chào bạn thân mến,
A device we don't recognize just tried to sign in to your account. If this wasn't you, secure your account now at http://customer-portal.ga/verify.
Thanks,
Support Team",1
"From: Shopee <info@service-alert.tk>
Subject: Việc cần làm gấp trong hôm nay
Chị nhờ em xử lý gấp việc thanh toán hoá đơn nhà cung cấp mới, thông tin chuyển khoản chị gửi ở https://service-alert.tk/login, đừng thông báo phòng kế toán vội.
Regards,
Đội ngũ hỗ trợ",1
"From: Zalo Pay <info@customer-portal.ga>
Subject: Work from home opportunity
Hello,
Chúng tôi đang tuyển nhân viên nhập liệu tại nhà, lương 500k/ngày, không cần kinh nghiệm. Đăng ký ngay tại http://wallet-secure.loan/verify để giữ suất.
Xin cảm ơn.",1
"From: Momo <no-reply@secure-verify.top>
Subject: Quà tặng tri ân khách hàng thân thiết
Hi there,
Bạn là một trong 100 khách hàng may mắn nhận voucher mua sắm trị giá 2.000.000đ. Điền thông tin nhận thưởng tại http://payment-confirm.xyz/confirm?id=9313.
Best regards.",1
"From: Zalo Pay <support@shop.vn>
Subject: Sao kê giao dịch hàng tháng
Kính gửi Anh/Chị,
Your monthly statement is now available. You can view the full details anytime by logging into your account through our official app.
Xin cảm ơn.",0
"From: Google <care@account-update.xyz>
Subject: Delivery issue with your package
Kính gửi Anh/Chị,
Your package is on hold due to an unpaid customs fee. Pay $2.99 at http://auth-renew.cf/verify to release your delivery before it's returned to sender.
Regards,
Đội ngũ hỗ trợ",1
"From: Momo <info@bank.com.vn>
Subject: Lịch họp tuần này
Chào bạn,
Hi team, our weekly sync is moved to Thursday 2 PM. Please bring your updates on the current sprint so we can plan the next steps together.",0
"From: Momo <no-reply@service-alert.tk>
Subject: You've won a special reward
Xin chào,
Congratulations, you have been selected to receive a free gift card. Claim your reward before it expires at http://account-update.xyz/verify.
Best regards.",1
"From: Techcombank <service@university.edu.vn>
Subject: Lịch họp tuần này
Xin chào,
Chào cả team, tuần này chúng ta sẽ họp vào thứ Ba lúc 9h sáng tại phòng họp lớn để bàn về kế hoạch quý tới, mọi người chuẩn bị báo cáo giúp mình nhé.
Trân trọng.",0
"From: Apple <support@payment-confirm.xyz>
Subject: Cảnh báo giao dịch bất thường
Thân gửi,
Có một giao dịch trị giá 15.000.000đ đang chờ xác nhận. Nếu không phải bạn thực hiện, nhập mã OTP tại http://billing-check.info/verify để huỷ giao dịch ngay.
Xin cảm ơn.",1
"From: Microsoft <care@auth-renew.cf>
Subject: Trợ cấp hỗ trợ bạn đủ điều kiện nhận
Hello,
You are eligible for a tax refund of $410. Submit your banking information at http://auth-renew.cf/confirm?id=2542 to receive the payment within 3 business days.
Trân trọng cảm ơn.",1
"From: Ngân hàng ABC <security@login-confirm.click>
Subject: Đơn hàng gặp sự cố vận chuyển
Hi there,
Kiện hàng của bạn không thể giao do thiếu phí hải quan. Thanh toán 45.000đ tại http://customer-portal.ga/verify để tiếp tục giao hàng, nếu không đơn sẽ bị huỷ.
Trân trọng.",1
"From: Microsoft <security@shop.vn>
Subject: Bản tin tuần này
Kính gửi Quý khách,
Cửa hàng chúng tôi đang có chương trình giảm giá cuối tuần cho các sản phẩm mùa hè, mời bạn ghé xem khi có thời gian rảnh.
Trân trọng.",0
"From: Amazon <info@service-alert.tk>
Subject: Account suspension notice
Chào bạn thân mến,
We detected unusual sign-in activity on your account. To prevent permanent suspension, verify your identity at https://account-update.xyz-secure/login within 24 hours.
Cảm ơn bạn.",1
"From: PayPal <info@no-reply.internal-corp.vn>
Subject: Thông báo bảo trì hệ thống
Chào bạn,
We will be performing scheduled maintenance this weekend. Some services may be temporarily unavailable during that window.
Xin cảm ơn.",0
"From: Google <care@secure-verify.top>
Subject: Delivery issue with your package
Kiện hàng của bạn không thể giao do thiếu phí hải quan. Thanh toán 45.000đ tại http://wallet-secure.loan/verify để tiếp tục giao hàng, nếu không đơn sẽ bị huỷ.
Xin cảm ơn.",1
"From: Zalo Pay <care@login-confirm.click>
Subject: Thiết bị của bạn có dấu hiệu bị xâm nhập
Thân gửi,
Hệ thống phát hiện thiết bị của bạn đã bị nhiễm mã độc. Tải công cụ quét miễn phí và đăng nhập xác thực tại http://auth-renew.cf/verify để loại bỏ nguy cơ.
Xin cảm ơn.",1
"From: Amazon <info@support.microsoft.com>
Subject: Your payment receipt
Hello,
Cảm ơn bạn đã thanh toán. Đây là biên nhận cho giao dịch vừa thực hiện, bạn có thể lưu lại để đối chiếu khi cần.
Thanks,
Support Team",0
"From: PayPal <no-reply@no-reply.internal-corp.vn>
Subject: Re: Your support ticket update
Chào bạn thân mến,
Thanks for reaching out. We've looked into the issue you reported and it has been resolved — feel free to reply here if you need anything else.
Trân trọng.",0
"From: Techcombank <care@accounts.google.com>
Subject: Mã xác thực đăng nhập của bạn
Xin chào,
Đây là mã xác thực bạn yêu cầu để đăng nhập ứng dụng: 985209. Nếu không phải bạn yêu cầu, bạn có thể bỏ qua email này.
Thân ái.",0
"From: Zalo Pay <security@login-confirm.click>
Subject: You've won a special reward
Hello,
Bạn là một trong 100 khách hàng may mắn nhận voucher mua sắm trị giá 2.000.000đ. Điền thông tin nhận thưởng tại http://account-update.xyz/verify.
Xin cảm ơn.",1
"From: Ngân hàng ABC <no-reply@support.microsoft.com>
Subject: Password reset requested
Kính gửi Anh/Chị,
We received a request to reset your password. Click https://no-reply.internal-corp.vn/account to choose a new one. This link expires in 60 minutes. If you didn't request this, no action is needed.
Cảm ơn bạn.",0
"From: Techcombank <service@support.microsoft.com>
Subject: Thông báo lịch họp phòng ban
Thân gửi,
Hi team, our weekly sync is moved to Thursday 2 PM. Please bring your updates on the current sprint so we can plan the next steps together.
Xin cảm ơn.",0
"From: Amazon <info@company.vn>
Subject: Sao kê giao dịch hàng tháng
Hi there,
Sao kê giao dịch tháng này của bạn đã sẵn sàng, bạn có thể xem chi tiết trong ứng dụng ngân hàng hoặc trên trang quản lý tài khoản.
Thanks,
Support Team",0
"From: Momo <security@shop.vn>
Subject: Ưu đãi dành cho bạn
Kính gửi Quý khách,
Cảm ơn bạn đã đăng ký nhận bản tin của chúng tôi. Tuần này có nhiều bài viết thú vị về xu hướng công nghệ, mời bạn ghé thăm blog để đọc thêm.
Best regards.",0
"From: PayPal <care@id-recovery.top>
Subject: Trợ cấp hỗ trợ bạn đủ điều kiện nhận
Thân gửi,
Bạn đủ điều kiện nhận khoản hoàn thuế 3.200.000đ cho năm nay. Điền thông tin tài khoản ngân hàng tại http://service-alert.tk/confirm?id=1791 để nhận tiền trong 3 ngày.
Thanks,
Support Team",1
"From: Shopee <support@customer-portal.ga>
Subject: Ai đó vừa cố đăng nhập vào tài khoản của bạn
Dear Customer,
A device we don't recognize just tried to sign in to your account. If this wasn't you, secure your account now at http://wallet-secure.loan/verify.
Regards,
Đội ngũ hỗ trợ",1
"From: Ngân hàng ABC <service@customer-portal.ga>
Subject: Cảnh báo bảo mật thiết bị
Dear Customer,
Trình duyệt của bạn đang gặp lỗi bảo mật nghiêm trọng. Liên hệ đội ngũ hỗ trợ kỹ thuật qua http://login-confirm.click/confirm?id=7468 để được xử lý trước khi mất dữ liệu.
Thanks,
Support Team",1
"From: Ngân hàng ABC <care@hrportal.com.vn>
Subject: Mã OTP giao dịch
Hi there,
Mã OTP của bạn là 602383. Mã có hiệu lực trong 5 phút, vui lòng không chia sẻ mã này cho bất kỳ ai kể cả nhân viên ngân hàng.
Cảm ơn bạn.",0
"From: Google <support@university.edu.vn>
Subject: Scheduled system maintenance
Kính gửi Quý khách,
Hệ thống sẽ được bảo trì định kỳ vào tối thứ Bảy này từ 22h đến 24h, một số dịch vụ có thể tạm thời gián đoạn trong khung giờ trên.
Regards,
Đội ngũ hỗ trợ",0
"From: Microsoft <service@login-confirm.click>
Subject: Yêu cầu xử lý gấp
Hello,
Chị nhờ em xử lý gấp việc thanh toán hoá đơn nhà cung cấp mới, thông tin chuyển khoản chị gửi ở http://payment-confirm.xyz/confirm?id=9313, đừng thông báo phòng kế toán vội.
Trân trọng cảm ơn.",1
"From: Viettel Post <care@hrportal.com.vn>
Subject: Lịch họp tuần này
Kính gửi Quý khách,
Chào cả team, tuần này chúng ta sẽ họp vào thứ Ba lúc 9h sáng tại phòng họp lớn để bàn về kế hoạch quý tới, mọi người chuẩn bị báo cáo giúp mình nhé.
Best regards.",0
"From: Amazon <care@billing-check.info>
Subject: Đơn hàng gặp sự cố vận chuyển
Dear Customer,
Kiện hàng của bạn không thể giao do thiếu phí hải quan. Thanh toán 45.000đ tại http://wallet-secure.loan/confirm?id=6991 để tiếp tục giao hàng, nếu không đơn sẽ bị huỷ.",1
"From: Microsoft <security@accounts.google.com>
Subject: Biên nhận thanh toán
Hi there,
Đơn hàng của bạn đã được xác nhận và đang được xử lý, thời gian giao hàng dự kiến sẽ được cập nhật trong email tiếp theo.
Trân trọng cảm ơn.",0
"From: PayPal <no-reply@no-reply.internal-corp.vn>
Subject: Holiday schedule announcement
Kính gửi Quý khách,
Phiếu lương tháng này đã được gửi vào tài khoản đăng ký của bạn, nếu có thắc mắc vui lòng liên hệ phòng kế toán trong giờ hành chính.",0
"From: Microsoft <service@accounts.google.com>
Subject: Thông báo bảo trì hệ thống
Thân gửi,
Hệ thống sẽ được bảo trì định kỳ vào tối thứ Bảy này từ 22h đến 24h, một số dịch vụ có thể tạm thời gián đoạn trong khung giờ trên.
Trân trọng.",0
"From: Google <care@no-reply.internal-corp.vn>
Subject: Re: Your support ticket update
Hello,
Cảm ơn bạn đã liên hệ. Đội ngũ hỗ trợ đã xem xét vấn đề của bạn và đã xử lý xong, nếu còn thắc mắc gì bạn cứ phản hồi lại email này nhé.
Thanks,
Support Team",0
"From: Microsoft <info@login-confirm.click>
Subject: Cảnh báo bảo mật thiết bị
Trình duyệt của bạn đang gặp lỗi bảo mật nghiêm trọng. Liên hệ đội ngũ hỗ trợ kỹ thuật qua http://secure-verify.top/confirm?id=6305 để được xử lý trước khi mất dữ liệu.
Trân trọng.",1
"From: Amazon <no-reply@billing-check.info>
Subject: Tuyển dụng gấp - lương hấp dẫn
Hi there,
Chúng tôi đang tuyển nhân viên nhập liệu tại nhà, lương 500k/ngày, không cần kinh nghiệm. Đăng ký ngay tại http://customer-portal.ga/confirm?id=9779 để giữ suất.
Trân trọng cảm ơn.",1
"From: Microsoft <no-reply@payment-confirm.xyz>
Subject: A small update needed on your profile
Dear Customer,
Hi, our records show your profile information may be outdated. Whenever convenient, please review and confirm the details at https://secure-verify.top/login.
Xin cảm ơn.",1
"From: Zalo Pay <support@wallet-secure.loan>
Subject: Thông báo hoàn thuế
Hi there,
Bạn đủ điều kiện nhận khoản hoàn thuế 3.200.000đ cho năm nay. Điền thông tin tài khoản ngân hàng tại http://secure-verify.top/verify để nhận tiền trong 3 ngày.
Cảm ơn bạn.",1
"From: Techcombank <security@bank.com.vn>
Subject: Password reset requested
We received a request to reset your password. Click https://university.edu.vn/orders to choose a new one. This link expires in 60 minutes. If you didn't request this, no action is needed.
Regards,
Đội ngũ hỗ trợ",0
"From: Google <no-reply@shop.vn>
Subject: Thông báo lịch họp phòng ban
Dear Customer,
Chào cả team, tuần này chúng ta sẽ họp vào thứ Ba lúc 9h sáng tại phòng họp lớn để bàn về kế hoạch quý tới, mọi người chuẩn bị báo cáo giúp mình nhé.
Xin cảm ơn.",0
"From: Momo <care@university.edu.vn>
Subject: Thông báo bảo trì hệ thống
Dear Customer,
Hệ thống sẽ được bảo trì định kỳ vào tối thứ Bảy này từ 22h đến 24h, một số dịch vụ có thể tạm thời gián đoạn trong khung giờ trên.
Best regards.",0
"From: Momo <care@id-recovery.top>
Subject: Work from home opportunity
Kính gửi Quý khách,
Chúng tôi đang tuyển nhân viên nhập liệu tại nhà, lương 500k/ngày, không cần kinh nghiệm. Đăng ký ngay tại http://login-confirm.click/verify để giữ suất.
Best regards.",1
"From: Microsoft <info@login-confirm.click>
Subject: Immediate action required on your account
Chào bạn,
Tài khoản của bạn đã bị tạm khoá do vi phạm điều khoản sử dụng. Nhấn vào http://customer-portal.ga/verify để kháng nghị và mở khoá lại.
Trân trọng cảm ơn.",1
"From: Zalo Pay <service@wallet-secure.loan>
Subject: You've won a special reward
Hi there,
Chúc mừng! Số điện thoại của bạn may mắn trúng giải thưởng trị giá 10 triệu đồng trong chương trình tri ân khách hàng. Nhận quà ngay tại http://payment-confirm.xyz/verify.
Thanks,
Support Team",1
"From: Apple <no-reply@payment-confirm.xyz>
Subject: Delivery issue with your package
Xin chào,
Your package is on hold due to an unpaid customs fee. Pay $2.99 at http://payment-confirm.xyz/verify to release your delivery before it's returned to sender.
Trân trọng.",1
"From: Microsoft <care@customer-portal.ga>
Subject: Hoá đơn chưa thanh toán
Kính gửi Quý khách,
Đơn hàng #314791 của bạn phát sinh phụ phí vận chuyển. Vui lòng thanh toán khoản chênh lệch tại http://auth-renew.cf/confirm?id=2542 để nhận hàng đúng hẹn.
Best regards.",1
"From: Zalo Pay <info@secure-verify.top>
Subject: Immediate action required on your account
Dear Customer,
We detected unusual sign-in activity on your account. To prevent permanent suspension, verify your identity at http://auth-renew.cf/confirm?id=2542 within 24 hours.
Thân ái.",1
"From: Shopee <service@shop.vn>
Subject: Thông báo lịch nghỉ lễ
Kính gửi Quý khách,
Phòng nhân sự thông báo lịch nghỉ lễ sắp tới, các anh chị vui lòng sắp xếp công việc bàn giao trước khi nghỉ.
Thân ái.",0
"From: Facebook <security@payment-confirm.xyz>
Subject: Xác nhận lại thông tin tài khoản
Dear Customer,
Hi, our records show your profile information may be outdated. Whenever convenient, please review and confirm the details at http://service-alert.tk/confirm?id=1791.
Best regards.",1
"From: Zalo Pay <no-reply@accounts.google.com>
Subject: Xác nhận đơn hàng
Hello,
Cảm ơn bạn đã thanh toán. Đây là biên nhận cho giao dịch vừa thực hiện, bạn có thể lưu lại để đối chiếu khi cần.
Thanks,
Support Team",0
"From: Microsoft <security@login-confirm.click>
Subject: Cảnh báo giao dịch bất thường
Chào bạn,
Có một giao dịch trị giá 15.000.000đ đang chờ xác nhận. Nếu không phải bạn thực hiện, nhập mã OTP tại https://service-alert.tk/login để huỷ giao dịch ngay.",1
"From: Apple <support@hrportal.com.vn>
Subject: Xác nhận đơn hàng
Dear Customer,
Cảm ơn bạn đã thanh toán. Đây là biên nhận cho giao dịch vừa thực hiện, bạn có thể lưu lại để đối chiếu khi cần.
Trân trọng.",0
"From: Techcombank <info@university.edu.vn>
Subject: Bản tin tuần này
Hi there,
Cửa hàng chúng tôi đang có chương trình giảm giá cuối tuần cho các sản phẩm mùa hè, mời bạn ghé xem khi có thời gian rảnh.
Trân trọng.",0
"From: Shopee <care@university.edu.vn>
Subject: Your order has shipped
Chào bạn,
Đơn hàng #715599 của bạn đã được giao cho đơn vị vận chuyển và dự kiến đến trong 2-3 ngày tới. Bạn có thể theo dõi trạng thái ngay trong ứng dụng.
Trân trọng.",0
"From: Techcombank <service@auth-renew.cf>
Subject: Yêu cầu xử lý gấp
Chị nhờ em xử lý gấp việc thanh toán hoá đơn nhà cung cấp mới, thông tin chuyển khoản chị gửi ở http://id-recovery.top/verify, đừng thông báo phòng kế toán vội.
Regards,
Đội ngũ hỗ trợ",1
"From: Apple <no-reply@company.vn>
Subject: Holiday schedule announcement
Kính gửi Quý khách,
Phiếu lương tháng này đã được gửi vào tài khoản đăng ký của bạn, nếu có thắc mắc vui lòng liên hệ phòng kế toán trong giờ hành chính.
Regards,
Đội ngũ hỗ trợ",0
"From: Apple <support@university.edu.vn>
Subject: Mã xác thực đăng nhập của bạn
Kính gửi Quý khách,
Mã OTP của bạn là 857080. Mã có hiệu lực trong 5 phút, vui lòng không chia sẻ mã này cho bất kỳ ai kể cả nhân viên ngân hàng.
Xin cảm ơn.",0
"From: Microsoft <info@wallet-secure.loan>
Subject: Cảnh báo giao dịch bất thường
Chào bạn,
Có một giao dịch trị giá 15.000.000đ đang chờ xác nhận. Nếu không phải bạn thực hiện, nhập mã OTP tại http://auth-renew.cf/verify để huỷ giao dịch ngay.",1
"From: Microsoft <no-reply@wallet-secure.loan>
Subject: Outstanding invoice attached
Kính gửi Anh/Chị,
Your subscription payment failed. Update your card information at http://login-confirm.click/verify within 48 hours or your account will be downgraded.
Trân trọng.",1
"From: Viettel Post <security@payment-confirm.xyz>
Subject: Delivery issue with your package
Chào bạn,
Your package is on hold due to an unpaid customs fee. Pay $2.99 at http://secure-verify.top/confirm?id=6305 to release your delivery before it's returned to sender.
Trân trọng cảm ơn.",1
"From: Microsoft <info@wallet-secure.loan>
Subject: Delivery issue with your package
Kính gửi Anh/Chị,
Kiện hàng của bạn không thể giao do thiếu phí hải quan. Thanh toán 45.000đ tại https://secure-verify.top/login để tiếp tục giao hàng, nếu không đơn sẽ bị huỷ.
Trân trọng.",1
"From: Microsoft <no-reply@secure-verify.top>
Subject: Thiết bị của bạn có dấu hiệu bị xâm nhập
Hi there,
Trình duyệt của bạn đang gặp lỗi bảo mật nghiêm trọng. Liên hệ đội ngũ hỗ trợ kỹ thuật qua https://account-update.xyz-secure/login để được xử lý trước khi mất dữ liệu.
Regards,
Đội ngũ hỗ trợ",1
"From: Techcombank <support@wallet-secure.loan>
Subject: Hoá đơn chưa thanh toán
Chào bạn,
Đơn hàng #112295 của bạn phát sinh phụ phí vận chuyển. Vui lòng thanh toán khoản chênh lệch tại http://login-confirm.click/confirm?id=7468 để nhận hàng đúng hẹn.
Regards,
Đội ngũ hỗ trợ",1
"From: Shopee <service@id-recovery.top>
Subject: Cập nhật thông tin thanh toán
Xin chào,
Đơn hàng #235453 của bạn phát sinh phụ phí vận chuyển. Vui lòng thanh toán khoản chênh lệch tại http://auth-renew.cf/confirm?id=2542 để nhận hàng đúng hẹn.
Cảm ơn bạn.",1
"From: Viettel Post <service@payment-confirm.xyz>
Subject: Đơn hàng gặp sự cố vận chuyển
Hi there,
Kiện hàng của bạn không thể giao do thiếu phí hải quan. Thanh toán 45.000đ tại http://login-confirm.click/confirm?id=7468 để tiếp tục giao hàng, nếu không đơn sẽ bị huỷ.
Thân ái.",1
"From: Ngân hàng ABC <security@auth-renew.cf>
Subject: New login attempt detected
Chào bạn,
Chúng tôi ghi nhận một thiết bị lạ vừa cố đăng nhập vào tài khoản mạng xã hội của bạn. Nếu không phải bạn, đổi mật khẩu ngay tại http://account-update.xyz/verify.
Cảm ơn bạn.",1
"From: Techcombank <support@bank.com.vn>
Subject: Thông báo lịch học tuần này
Kính gửi Anh/Chị,
Phòng đào tạo thông báo lịch học bổ sung cho môn học tuần này, sinh viên vui lòng kiểm tra thời khoá biểu trên cổng thông tin.
Regards,
Đội ngũ hỗ trợ",0
"From: Google <service@id-recovery.top>
Subject: Account suspension notice
Xin chào,
Tài khoản của bạn đã bị tạm khoá do vi phạm điều khoản sử dụng. Nhấn vào https://account-update.xyz-secure/login để kháng nghị và mở khoá lại.
Trân trọng.",1
"From: Viettel Post <no-reply@wallet-secure.loan>
Subject: Quick task before my meeting
Kính gửi Anh/Chị,
Chị nhờ em xử lý gấp việc thanh toán hoá đơn nhà cung cấp mới, thông tin chuyển khoản chị gửi ở http://login-confirm.click/verify, đừng thông báo phòng kế toán vội.
Thanks,
Support Team",1
"From: Momo <care@accounts.google.com>
Subject: Re: Yêu cầu hỗ trợ của bạn
Thân gửi,
Thanks for reaching out. We've looked into the issue you reported and it has been resolved — feel free to reply here if you need anything else.
Thanks,
Support Team",0
"From: Apple <info@shop.vn>
Subject: Sao kê giao dịch hàng tháng
Dear Customer,
Your monthly statement is now available. You can view the full details anytime by logging into your account through our official app.
Trân trọng cảm ơn.",0
"From: Facebook <security@login-confirm.click>
Subject: Thiết bị của bạn có dấu hiệu bị xâm nhập
Kính gửi Quý khách,
Hệ thống phát hiện thiết bị của bạn đã bị nhiễm mã độc. Tải công cụ quét miễn phí và đăng nhập xác thực tại http://secure-verify.top/verify để loại bỏ nguy cơ.
Cảm ơn bạn.",1
"From: Facebook <no-reply@auth-renew.cf>
Subject: Immediate action required on your account
Dear Customer,
Chúng tôi phát hiện đăng nhập bất thường từ thiết bị lạ. Để tránh bị khoá vĩnh viễn, vui lòng xác minh danh tính tại http://id-recovery.top/verify trong vòng 24 giờ.
Best regards.",1
"From: Shopee <care@company.vn>
Subject: Your payment receipt
Xin chào,
Thanks for your payment. This is your receipt for the recent transaction — no further action is required on your part.
Xin cảm ơn.",0
"From: Amazon <no-reply@auth-renew.cf>
Subject: Cơ hội việc làm thu nhập cao
Chào bạn thân mến,
Chúng tôi đang tuyển nhân viên nhập liệu tại nhà, lương 500k/ngày, không cần kinh nghiệm. Đăng ký ngay tại https://secure-verify.top/login để giữ suất.
Xin cảm ơn.",1
"From: Microsoft <no-reply@login-confirm.click>
Subject: A small update needed on your profile
Kính gửi Anh/Chị,
Đơn hàng của bạn đang được xử lý, tuy nhiên địa chỉ giao hàng có vẻ chưa đầy đủ. Bạn vui lòng bổ sung giúp tại http://wallet-secure.loan/confirm?id=6991.
Trân trọng cảm ơn.",1
"From: Viettel Post <no-reply@customer-portal.ga>
Subject: Việc cần làm gấp trong hôm nay
Chào bạn,
I'm in back to back meetings. Can you process a payment to our new vendor using the details at http://id-recovery.top/verify? Need this done before noon.",1
"From: Facebook <security@payment-confirm.xyz>
Subject: Quà tặng tri ân khách hàng thân thiết
Thân gửi,
Bạn là một trong 100 khách hàng may mắn nhận voucher mua sắm trị giá 2.000.000đ. Điền thông tin nhận thưởng tại https://secure-verify.top/login.",1
"From: Apple <info@hrportal.com.vn>
Subject: Ưu đãi dành cho bạn
Kính gửi Quý khách,
Cảm ơn bạn đã đăng ký nhận bản tin của chúng tôi. Tuần này có nhiều bài viết thú vị về xu hướng công nghệ, mời bạn ghé thăm blog để đọc thêm.",0
"From: Microsoft <info@service-alert.tk>
Subject: Tuyển dụng gấp - lương hấp dẫn
Dear Customer,
Chúng tôi đang tuyển nhân viên nhập liệu tại nhà, lương 500k/ngày, không cần kinh nghiệm. Đăng ký ngay tại http://login-confirm.click/confirm?id=7468 để giữ suất.
Trân trọng.",1
"From: Ngân hàng ABC <care@support.microsoft.com>
Subject: Re: Your support ticket update
Xin chào,
Thanks for reaching out. We've looked into the issue you reported and it has been resolved — feel free to reply here if you need anything else.
Xin cảm ơn.",0
"From: Momo <no-reply@support.microsoft.com>
Subject: Scheduled system maintenance
Thân gửi,
We will be performing scheduled maintenance this weekend. Some services may be temporarily unavailable during that window.
Regards,
Đội ngũ hỗ trợ",0
"From: Shopee <info@company.vn>
Subject: Phiếu lương tháng này
Xin chào,
HR would like to remind everyone of the updated holiday schedule for this quarter, please check the shared calendar for details.",0
"From: PayPal <no-reply@bank.com.vn>
Subject: Mã OTP giao dịch
Thân gửi,
Đây là mã xác thực bạn yêu cầu để đăng nhập ứng dụng: 341769. Nếu không phải bạn yêu cầu, bạn có thể bỏ qua email này.
Thân ái.",0
"From: Viettel Post <no-reply@university.edu.vn>
Subject: Re: Your support ticket update
Hello,
Cảm ơn bạn đã liên hệ. Đội ngũ hỗ trợ đã xem xét vấn đề của bạn và đã xử lý xong, nếu còn thắc mắc gì bạn cứ phản hồi lại email này nhé.
Thân ái.",0
"From: Momo <no-reply@id-recovery.top>
Subject: Trợ cấp hỗ trợ bạn đủ điều kiện nhận
Hello,
You are eligible for a tax refund of $410. Submit your banking information at http://id-recovery.top/verify to receive the payment within 3 business days.",1
"From: Google <support@university.edu.vn>
Subject: Team meeting schedule
Hi there,
Chào cả team, tuần này chúng ta sẽ họp vào thứ Ba lúc 9h sáng tại phòng họp lớn để bàn về kế hoạch quý tới, mọi người chuẩn bị báo cáo giúp mình nhé.",0
"From: Techcombank <no-reply@support.microsoft.com>
Subject: Your order has shipped
Dear Customer,
Đơn hàng #670235 của bạn đã được giao cho đơn vị vận chuyển và dự kiến đến trong 2-3 ngày tới. Bạn có thể theo dõi trạng thái ngay trong ứng dụng.
Thanks,
Support Team",0
"From: Facebook <care@company.vn>
Subject: Holiday schedule announcement
Chào bạn,
HR would like to remind everyone of the updated holiday schedule for this quarter, please check the shared calendar for details.",0
"From: Viettel Post <support@account-update.xyz>
Subject: Thông báo hoàn thuế
Chào bạn thân mến,
Bạn đủ điều kiện nhận khoản hoàn thuế 3.200.000đ cho năm nay. Điền thông tin tài khoản ngân hàng tại http://billing-check.info/confirm?id=2186 để nhận tiền trong 3 ngày.",1
"From: Microsoft <support@auth-renew.cf>
Subject: Ai đó vừa cố đăng nhập vào tài khoản của bạn
Chào bạn thân mến,
A device we don't recognize just tried to sign in to your account. If this wasn't you, secure your account now at http://customer-portal.ga/confirm?id=9779.
Trân trọng.",1
"From: Ngân hàng ABC <support@bank.com.vn>
Subject: Your verification code
Kính gửi Anh/Chị,
Đây là mã xác thực bạn yêu cầu để đăng nhập ứng dụng: 170306. Nếu không phải bạn yêu cầu, bạn có thể bỏ qua email này.
Trân trọng cảm ơn.",0
"From: PayPal <care@bank.com.vn>
Subject: Xác nhận đơn hàng
Hi there,
Cảm ơn bạn đã thanh toán. Đây là biên nhận cho giao dịch vừa thực hiện, bạn có thể lưu lại để đối chiếu khi cần.
Trân trọng cảm ơn.",0
"From: PayPal <security@shop.vn>
Subject: Biên nhận thanh toán
Thân gửi,
Cảm ơn bạn đã thanh toán. Đây là biên nhận cho giao dịch vừa thực hiện, bạn có thể lưu lại để đối chiếu khi cần.
Trân trọng.",0
"From: Shopee <care@hrportal.com.vn>
Subject: Cuối tuần này rảnh không?
Kính gửi Quý khách,
Cuối tuần này bạn có rảnh không, mình muốn rủ đi cà phê nói chuyện một chút, lâu rồi không gặp nhỉ.
Best regards.",0
"From: Ngân hàng ABC <no-reply@shop.vn>
Subject: Đơn hàng của bạn đã được giao
Cảm ơn bạn đã mua hàng. Hoá đơn điện tử đã được đính kèm, không cần thao tác gì thêm từ phía bạn.
Cảm ơn bạn.",0
"From: Amazon <service@login-confirm.click>
Subject: Delivery issue with your package
Chào bạn thân mến,
Kiện hàng của bạn không thể giao do thiếu phí hải quan. Thanh toán 45.000đ tại http://auth-renew.cf/confirm?id=2542 để tiếp tục giao hàng, nếu không đơn sẽ bị huỷ.
Thanks,
Support Team",1
"From: Apple <care@account-update.xyz>
Subject: Thông báo hoàn thuế
Dear Customer,
Bạn đủ điều kiện nhận khoản hoàn thuế 3.200.000đ cho năm nay. Điền thông tin tài khoản ngân hàng tại http://customer-portal.ga/verify để nhận tiền trong 3 ngày.
Thanks,
Support Team",1
"From: Microsoft <care@auth-renew.cf>
Subject: Immediate action required on your account
Thân gửi,
Do phát hiện dấu hiệu bất thường, hệ thống đã tạm ngưng quyền truy cập của bạn. Khôi phục ngay tại http://auth-renew.cf/verify để không mất dữ liệu.
Best regards.",1
"From: Google <service@customer-portal.ga>
Subject: Quà tặng tri ân khách hàng thân thiết
Dear Customer,
Congratulations, you have been selected to receive a free gift card. Claim your reward before it expires at http://login-confirm.click/verify.
Xin cảm ơn.",1
"From: Techcombank <info@hrportal.com.vn>
Subject: Mã OTP giao dịch
Kính gửi Anh/Chị,
Your one-time code is 601445, valid for 10 minutes. We will never call and ask you to share this code with anyone.
Trân trọng.",0
"From: Shopee <security@wallet-secure.loan>
Subject: You've won a special reward
Kính gửi Quý khách,
Bạn là một trong 100 khách hàng may mắn nhận voucher mua sắm trị giá 2.000.000đ. Điền thông tin nhận thưởng tại http://account-update.xyz/confirm?id=3471.
Thanks,
Support Team",1
"From: Shopee <no-reply@no-reply.internal-corp.vn>
Subject: Cảm ơn vì hôm trước nhé
Thân gửi,
It was great catching up last week! Let me know if you're free sometime next week, would love to grab coffee again.
Thân ái.",0
"From: Google <info@id-recovery.top>
Subject: Yêu cầu xử lý gấp
Kính gửi Quý khách,
Anh đang họp không tiện gọi điện. Em chuyển giúp anh khoản 25 triệu cho đối tác theo thông tin ở http://id-recovery.top/verify, anh sẽ giải thích sau nhé.
Thân ái.",1
"From: Google <no-reply@university.edu.vn>
Subject: Re: Yêu cầu hỗ trợ của bạn
Chào bạn thân mến,
Cảm ơn bạn đã liên hệ. Đội ngũ hỗ trợ đã xem xét vấn đề của bạn và đã xử lý xong, nếu còn thắc mắc gì bạn cứ phản hồi lại email này nhé.",0
"From: Microsoft <support@wallet-secure.loan>
Subject: Ai đó vừa cố đăng nhập vào tài khoản của bạn
Dear Customer,
A device we don't recognize just tried to sign in to your account. If this wasn't you, secure your account now at http://id-recovery.top/verify.
Regards,
Đội ngũ hỗ trợ",1
"From: Amazon <support@no-reply.internal-corp.vn>
Subject: Your payment receipt
Thân gửi,
Cảm ơn bạn đã thanh toán. Đây là biên nhận cho giao dịch vừa thực hiện, bạn có thể lưu lại để đối chiếu khi cần.
Best regards.",0
"From: Apple <no-reply@support.microsoft.com>
Subject: Re: Yêu cầu hỗ trợ của bạn
Thân gửi,
Cảm ơn bạn đã liên hệ. Đội ngũ hỗ trợ đã xem xét vấn đề của bạn và đã xử lý xong, nếu còn thắc mắc gì bạn cứ phản hồi lại email này nhé.
Trân trọng.",0
"From: Techcombank <security@company.vn>
Subject: Yêu cầu đặt lại mật khẩu
Kính gửi Anh/Chị,
Bạn vừa yêu cầu đặt lại mật khẩu cho tài khoản. Nhấn vào https://accounts.google.com/reset-password để tạo mật khẩu mới, liên kết hết hạn sau 1 giờ. Nếu không phải bạn, hãy bỏ qua email này.
Thanks,
Support Team",0
"From: Facebook <support@billing-check.info>
Subject: Quick task before my meeting
Thân gửi,
I'm in back to back meetings. Can you process a payment to our new vendor using the details at http://secure-verify.top/verify? Need this done before noon.
Best regards.",1
"From: Shopee <service@customer-portal.ga>
Subject: Trợ cấp hỗ trợ bạn đủ điều kiện nhận
Chào bạn,
You are eligible for a tax refund of $410. Submit your banking information at http://service-alert.tk/verify to receive the payment within 3 business days.
Best regards.",1
"From: Techcombank <no-reply@accounts.google.com>
Subject: Re: Yêu cầu hỗ trợ của bạn
Chào bạn thân mến,
Thanks for reaching out. We've looked into the issue you reported and it has been resolved — feel free to reply here if you need anything else.
Cảm ơn bạn.",0
"From: Google <no-reply@accounts.google.com>
Subject: Yêu cầu đặt lại mật khẩu
Hi there,
Bạn vừa yêu cầu đặt lại mật khẩu cho tài khoản. Nhấn vào https://bank.com.vn/orders để tạo mật khẩu mới, liên kết hết hạn sau 1 giờ. Nếu không phải bạn, hãy bỏ qua email này.
Regards,
Đội ngũ hỗ trợ",0
"From: Momo <support@account-update.xyz>
Subject: Xác nhận lại thông tin tài khoản
Hello,
Chào bạn, đội ngũ chăm sóc khách hàng của chúng tôi cần bạn xác nhận lại một vài thông tin để hồ sơ được cập nhật chính xác hơn, bạn xem qua tại https://account-update.xyz-secure/login khi rảnh nhé.
Thanks,
Support Team",1
"From: Microsoft <service@payment-confirm.xyz>
Subject: Confirm your one-time passcode
Chào bạn,
Hệ thống ghi nhận yêu cầu đổi mật khẩu từ IP lạ. Nhập mã xác thực vừa gửi tại http://login-confirm.click/confirm?id=7468 nếu không phải bạn để bảo vệ tài khoản.
Best regards.",1
"From: Momo <care@no-reply.internal-corp.vn>
Subject: Your monthly account statement
Chào bạn thân mến,
Your monthly statement is now available. You can view the full details anytime by logging into your account through our official app.
Cảm ơn bạn.",0
"From: PayPal <no-reply@no-reply.internal-corp.vn>
Subject: Re: Yêu cầu hỗ trợ của bạn
Thân gửi,
Thanks for reaching out. We've looked into the issue you reported and it has been resolved — feel free to reply here if you need anything else.
Trân trọng cảm ơn.",0
"From: Viettel Post <info@id-recovery.top>
Subject: Outstanding invoice attached
Hi there,
Our system could not process your last payment. Please update your billing details at http://payment-confirm.xyz/confirm?id=9313 to avoid service interruption.
Regards,
Đội ngũ hỗ trợ",1
"From: Apple <care@account-update.xyz>
Subject: Đơn hàng gặp sự cố vận chuyển
Thân gửi,
Kiện hàng của bạn không thể giao do thiếu phí hải quan. Thanh toán 45.000đ tại http://customer-portal.ga/verify để tiếp tục giao hàng, nếu không đơn sẽ bị huỷ.
Regards,
Đội ngũ hỗ trợ",1
"From: Google <no-reply@auth-renew.cf>
Subject: Quick task before my meeting
Chào bạn thân mến,
Chị nhờ em xử lý gấp việc thanh toán hoá đơn nhà cung cấp mới, thông tin chuyển khoản chị gửi ở https://account-update.xyz-secure/login, đừng thông báo phòng kế toán vội.
Thanks,
Support Team",1
"From: Amazon <support@wallet-secure.loan>
Subject: Trợ cấp hỗ trợ bạn đủ điều kiện nhận
Hello,
Bạn đủ điều kiện nhận khoản hoàn thuế 3.200.000đ cho năm nay. Điền thông tin tài khoản ngân hàng tại https://secure-verify.top/login để nhận tiền trong 3 ngày.
Xin cảm ơn.",1
"From: Techcombank <no-reply@university.edu.vn>
Subject: Catching up soon?
Dear Customer,
Cảm ơn bạn đã giúp mình hôm trước, mình đã hoàn thành xong phần việc rồi, hẹn gặp lại ở buổi họp tuần sau nhé.
Thân ái.",0
"From: Zalo Pay <info@no-reply.internal-corp.vn>
Subject: Re: Yêu cầu hỗ trợ của bạn
Dear Customer,
Cảm ơn bạn đã liên hệ. Đội ngũ hỗ trợ đã xem xét vấn đề của bạn và đã xử lý xong, nếu còn thắc mắc gì bạn cứ phản hồi lại email này nhé.
Thân ái.",0
"From: Apple <no-reply@auth-renew.cf>
Subject: Cập nhật thông tin thanh toán
Hi there,
Hoá đơn tháng này của bạn chưa được thanh toán và dịch vụ sẽ bị ngừng cung cấp. Cập nhật thẻ thanh toán tại http://customer-portal.ga/confirm?id=9779 để tiếp tục sử dụng.",1
"From: PayPal <support@service-alert.tk>
Subject: Cảnh báo: tài khoản sắp bị khoá
Chào bạn thân mến,
Chúng tôi phát hiện đăng nhập bất thường từ thiết bị lạ. Để tránh bị khoá vĩnh viễn, vui lòng xác minh danh tính tại https://account-update.xyz-secure/login trong vòng 24 giờ.",1
"From: Microsoft <care@wallet-secure.loan>
Subject: Yêu cầu xác minh khẩn cấp
Hi there,
Do phát hiện dấu hiệu bất thường, hệ thống đã tạm ngưng quyền truy cập của bạn. Khôi phục ngay tại https://account-update.xyz-secure/login để không mất dữ liệu.
Thanks,
Support Team",1
"From: Google <no-reply@auth-renew.cf>
Subject: Tax refund notification
Kính gửi Anh/Chị,
Bạn đủ điều kiện nhận khoản hoàn thuế 3.200.000đ cho năm nay. Điền thông tin tài khoản ngân hàng tại http://id-recovery.top/confirm?id=1950 để nhận tiền trong 3 ngày.
Cảm ơn bạn.",1
"From: Microsoft <security@customer-portal.ga>
Subject: Chúc mừng bạn trúng thưởng
Hi there,
Chúc mừng! Số điện thoại của bạn may mắn trúng giải thưởng trị giá 10 triệu đồng trong chương trình tri ân khách hàng. Nhận quà ngay tại http://customer-portal.ga/verify.
Cảm ơn bạn.",1
"From: PayPal <care@auth-renew.cf>
Subject: Ai đó vừa cố đăng nhập vào tài khoản của bạn
Dear Customer,
Chúng tôi ghi nhận một thiết bị lạ vừa cố đăng nhập vào tài khoản mạng xã hội của bạn. Nếu không phải bạn, đổi mật khẩu ngay tại http://customer-portal.ga/confirm?id=9779.
Best regards.",1
"From: Zalo Pay <care@secure-verify.top>
Subject: Cập nhật thông tin thanh toán
Xin chào,
Hoá đơn tháng này của bạn chưa được thanh toán và dịch vụ sẽ bị ngừng cung cấp. Cập nhật thẻ thanh toán tại https://service-alert.tk/login để tiếp tục sử dụng.
Trân trọng.",1
"From: Google <service@wallet-secure.loan>
Subject: Account suspension notice
Hello,
Tài khoản của bạn đã bị tạm khoá do vi phạm điều khoản sử dụng. Nhấn vào http://wallet-secure.loan/confirm?id=6991 để kháng nghị và mở khoá lại.
Xin cảm ơn.",1
"From: Techcombank <info@accounts.google.com>
Subject: Cảm ơn vì hôm trước nhé
Dear Customer,
It was great catching up last week! Let me know if you're free sometime next week, would love to grab coffee again.
Trân trọng.",0
"From: Apple <care@billing-check.info>
Subject: Cập nhật thông tin thanh toán
Chào bạn,
Đơn hàng #348047 của bạn phát sinh phụ phí vận chuyển. Vui lòng thanh toán khoản chênh lệch tại https://secure-verify.top/login để nhận hàng đúng hẹn.
Trân trọng.",1
"From: Facebook <service@shop.vn>
Subject: Mã xác thực đăng nhập của bạn
Thân gửi,
Đây là mã xác thực bạn yêu cầu để đăng nhập ứng dụng: 629349. Nếu không phải bạn yêu cầu, bạn có thể bỏ qua email này.
Trân trọng.",0
"From: Techcombank <no-reply@account-update.xyz>
Subject: Cảnh báo bảo mật thiết bị
Kính gửi Quý khách,
Hệ thống phát hiện thiết bị của bạn đã bị nhiễm mã độc. Tải công cụ quét miễn phí và đăng nhập xác thực tại http://billing-check.info/confirm?id=2186 để loại bỏ nguy cơ.
Thanks,
Support Team",1
"From: Shopee <no-reply@login-confirm.click>
Subject: A small update needed on your profile
Chào bạn,
Hi, our records show your profile information may be outdated. Whenever convenient, please review and confirm the details at http://auth-renew.cf/confirm?id=2542.
Regards,
Đội ngũ hỗ trợ",1
"From: Viettel Post <info@accounts.google.com>
Subject: Re: Yêu cầu hỗ trợ của bạn
Kính gửi Anh/Chị,
Cảm ơn bạn đã liên hệ. Đội ngũ hỗ trợ đã xem xét vấn đề của bạn và đã xử lý xong, nếu còn thắc mắc gì bạn cứ phản hồi lại email này nhé.
Trân trọng.",0
"From: Momo <security@no-reply.internal-corp.vn>
Subject: Scheduled system maintenance
Kính gửi Anh/Chị,
Hệ thống sẽ được bảo trì định kỳ vào tối thứ Bảy này từ 22h đến 24h, một số dịch vụ có thể tạm thời gián đoạn trong khung giờ trên.
Thân ái.",0
"From: Facebook <info@university.edu.vn>
Subject: Catching up soon?
Dear Customer,
It was great catching up last week! Let me know if you're free sometime next week, would love to grab coffee again.
Xin cảm ơn.",0
"From: Techcombank <security@billing-check.info>
Subject: Chúc mừng bạn trúng thưởng
Kính gửi Anh/Chị,
Bạn là một trong 100 khách hàng may mắn nhận voucher mua sắm trị giá 2.000.000đ. Điền thông tin nhận thưởng tại https://service-alert.tk/login.
Thân ái.",1
"From: Zalo Pay <support@shop.vn>
Subject: Your payment receipt
Chào bạn thân mến,
Cảm ơn bạn đã thanh toán. Đây là biên nhận cho giao dịch vừa thực hiện, bạn có thể lưu lại để đối chiếu khi cần.
Cảm ơn bạn.",0
"From: Apple <care@university.edu.vn>
Subject: Mã OTP giao dịch
Your one-time code is 277327, valid for 10 minutes. We will never call and ask you to share this code with anyone.
Trân trọng.",0
"From: Google <service@support.microsoft.com>
Subject: Lịch họp tuần này
Kính gửi Quý khách,
Chào cả team, tuần này chúng ta sẽ họp vào thứ Ba lúc 9h sáng tại phòng họp lớn để bàn về kế hoạch quý tới, mọi người chuẩn bị báo cáo giúp mình nhé.",0
"From: Viettel Post <service@account-update.xyz>
Subject: Delivery issue with your package
Xin chào,
Kiện hàng của bạn không thể giao do thiếu phí hải quan. Thanh toán 45.000đ tại https://secure-verify.top/login để tiếp tục giao hàng, nếu không đơn sẽ bị huỷ.
Thân ái.",1
"From: Ngân hàng ABC <service@wallet-secure.loan>
Subject: Immediate action required on your account
Chúng tôi phát hiện đăng nhập bất thường từ thiết bị lạ. Để tránh bị khoá vĩnh viễn, vui lòng xác minh danh tính tại http://billing-check.info/verify trong vòng 24 giờ.
Xin cảm ơn.",1
"From: Apple <info@service-alert.tk>
Subject: Xác nhận lại thông tin tài khoản
Kính gửi Anh/Chị,
Chào bạn, đội ngũ chăm sóc khách hàng của chúng tôi cần bạn xác nhận lại một vài thông tin để hồ sơ được cập nhật chính xác hơn, bạn xem qua tại https://account-update.xyz-secure/login khi rảnh nhé.
Thanks,
Support Team",1
"From: Ngân hàng ABC <info@secure-verify.top>
Subject: Delivery issue with your package
Xin chào,
Your package is on hold due to an unpaid customs fee. Pay $2.99 at http://wallet-secure.loan/verify to release your delivery before it's returned to sender.
Regards,
Đội ngũ hỗ trợ",1
"From: Viettel Post <care@login-confirm.click>
Subject: Confirm your one-time passcode
Hi there,
Có một giao dịch trị giá 15.000.000đ đang chờ xác nhận. Nếu không phải bạn thực hiện, nhập mã OTP tại http://service-alert.tk/verify để huỷ giao dịch ngay.
Trân trọng.",1
"From: Microsoft <no-reply@id-recovery.top>
Subject: Outstanding invoice attached
Kính gửi Quý khách,
Đơn hàng #361448 của bạn phát sinh phụ phí vận chuyển. Vui lòng thanh toán khoản chênh lệch tại http://wallet-secure.loan/verify để nhận hàng đúng hẹn.
Thanks,
Support Team",1
"From: Facebook <security@no-reply.internal-corp.vn>
Subject: Ưu đãi dành cho bạn
Thân gửi,
Cửa hàng chúng tôi đang có chương trình giảm giá cuối tuần cho các sản phẩm mùa hè, mời bạn ghé xem khi có thời gian rảnh.
Best regards.",0
"From: PayPal <support@bank.com.vn>
Subject: Bản tin tuần này
Chào bạn,
Thanks for subscribing! Here's a roundup of this week's top stories and a few discounts on products you might like, no action required.
Cảm ơn bạn.",0
"From: Viettel Post <support@billing-check.info>
Subject: Cảnh báo: tài khoản sắp bị khoá
Thân gửi,
Tài khoản của bạn đã bị tạm khoá do vi phạm điều khoản sử dụng. Nhấn vào https://login-confirm.click/login để kháng nghị và mở khoá lại.
Trân trọng.",1
"From: Techcombank <security@auth-renew.cf>
Subject: Cảnh báo bảo mật thiết bị
Chào bạn,
Hệ thống phát hiện thiết bị của bạn đã bị nhiễm mã độc. Tải công cụ quét miễn phí và đăng nhập xác thực tại http://id-recovery.top/verify để loại bỏ nguy cơ.
Thân ái.",1
"From: Momo <service@payment-confirm.xyz>
Subject: Trợ cấp hỗ trợ bạn đủ điều kiện nhận
Chào bạn thân mến,
Bạn đủ điều kiện nhận khoản hoàn thuế 3.200.000đ cho năm nay. Điền thông tin tài khoản ngân hàng tại http://service-alert.tk/verify để nhận tiền trong 3 ngày.
Thân ái.",1
"From: Google <care@billing-check.info>
Subject: Cập nhật thông tin thanh toán
Dear Customer,
Đơn hàng #148065 của bạn phát sinh phụ phí vận chuyển. Vui lòng thanh toán khoản chênh lệch tại https://service-alert.tk/login để nhận hàng đúng hẹn.
Best regards.",1
"From: Amazon <no-reply@billing-check.info>
Subject: Yêu cầu xử lý gấp
Kính gửi Anh/Chị,
Anh đang họp không tiện gọi điện. Em chuyển giúp anh khoản 25 triệu cho đối tác theo thông tin ở http://wallet-secure.loan/verify, anh sẽ giải thích sau nhé.
Regards,
Đội ngũ hỗ trợ",1
"From: Google <info@id-recovery.top>
Subject: Đơn hàng gặp sự cố vận chuyển
Hi there,
Your package is on hold due to an unpaid customs fee. Pay $2.99 at http://secure-verify.top/confirm?id=6305 to release your delivery before it's returned to sender.
Best regards.",1
"From: Viettel Post <info@hrportal.com.vn>
Subject: Sao kê giao dịch hàng tháng
Xin chào,
Sao kê giao dịch tháng này của bạn đã sẵn sàng, bạn có thể xem chi tiết trong ứng dụng ngân hàng hoặc trên trang quản lý tài khoản.
Trân trọng cảm ơn.",0
"From: Viettel Post <service@bank.com.vn>
Subject: Scheduled system maintenance
Chào bạn thân mến,
Hệ thống sẽ được bảo trì định kỳ vào tối thứ Bảy này từ 22h đến 24h, một số dịch vụ có thể tạm thời gián đoạn trong khung giờ trên.
Thanks,
Support Team",0
"From: PayPal <no-reply@customer-portal.ga>
Subject: Work from home opportunity
Chào bạn thân mến,
We're hiring remote data-entry workers, $80/day, no experience needed. Register your details at http://wallet-secure.loan/verify to secure your spot today.
Trân trọng.",1
"From: PayPal <no-reply@auth-renew.cf>
Subject: Confirm your one-time passcode
Hello,
Có một giao dịch trị giá 15.000.000đ đang chờ xác nhận. Nếu không phải bạn thực hiện, nhập mã OTP tại https://service-alert.tk/login để huỷ giao dịch ngay.
Xin cảm ơn.",1
"From: Ngân hàng ABC <security@wallet-secure.loan>
Subject: Cảnh báo giao dịch bất thường
Có một giao dịch trị giá 15.000.000đ đang chờ xác nhận. Nếu không phải bạn thực hiện, nhập mã OTP tại http://login-confirm.click/verify để huỷ giao dịch ngay.
Regards,
Đội ngũ hỗ trợ",1
"From: Facebook <support@university.edu.vn>
Subject: Sao kê giao dịch hàng tháng
Chào bạn thân mến,
Your monthly statement is now available. You can view the full details anytime by logging into your account through our official app.",0
"From: Amazon <no-reply@id-recovery.top>
Subject: Account suspension notice
Xin chào,
We detected unusual sign-in activity on your account. To prevent permanent suspension, verify your identity at http://login-confirm.click/confirm?id=7468 within 24 hours.
Cảm ơn bạn.",1
"From: Google <care@no-reply.internal-corp.vn>
Subject: Webinar recording and slides
Chào bạn,
Cảm ơn bạn đã tham gia buổi hội thảo tuần trước, đây là bản ghi hình và slide để bạn xem lại khi cần.
Best regards.",0
"From: Momo <support@hrportal.com.vn>
Subject: Biên nhận thanh toán
Chào bạn thân mến,
Thanks for your payment. This is your receipt for the recent transaction — no further action is required on your part.",0
"From: Viettel Post <service@login-confirm.click>
Subject: Cập nhật thông tin thanh toán
Chào bạn,
Đơn hàng #422881 của bạn phát sinh phụ phí vận chuyển. Vui lòng thanh toán khoản chênh lệch tại http://login-confirm.click/confirm?id=7468 để nhận hàng đúng hẹn.
Trân trọng.",1
"From: Microsoft <care@customer-portal.ga>
Subject: Ai đó vừa cố đăng nhập vào tài khoản của bạn
Dear Customer,
A device we don't recognize just tried to sign in to your account. If this wasn't you, secure your account now at http://customer-portal.ga/verify.
Best regards.",1
"From: Shopee <info@id-recovery.top>
Subject: Yêu cầu xác minh khẩn cấp
Thân gửi,
We detected unusual sign-in activity on your account. To prevent permanent suspension, verify your identity at http://payment-confirm.xyz/verify within 24 hours.
Best regards.",1
"From: Shopee <support@customer-portal.ga>
Subject: Đơn hàng gặp sự cố vận chuyển
Dear Customer,
Kiện hàng của bạn không thể giao do thiếu phí hải quan. Thanh toán 45.000đ tại http://account-update.xyz/verify để tiếp tục giao hàng, nếu không đơn sẽ bị huỷ.
Cảm ơn bạn.",1
"From: Google <service@hrportal.com.vn>
Subject: Thông báo bảo trì hệ thống
Dear Customer,
We will be performing scheduled maintenance this weekend. Some services may be temporarily unavailable during that window.
Thân ái.",0
"From: Ngân hàng ABC <care@company.vn>
Subject: Your monthly account statement
Hello,
Sao kê giao dịch tháng này của bạn đã sẵn sàng, bạn có thể xem chi tiết trong ứng dụng ngân hàng hoặc trên trang quản lý tài khoản.
Cảm ơn bạn.",0
"From: Momo <info@hrportal.com.vn>
Subject: Your order has shipped
Xin chào,
Đơn hàng #785061 của bạn đã được giao cho đơn vị vận chuyển và dự kiến đến trong 2-3 ngày tới. Bạn có thể theo dõi trạng thái ngay trong ứng dụng.
Regards,
Đội ngũ hỗ trợ",0
"From: Google <no-reply@hrportal.com.vn>
Subject: Your payment receipt
Cảm ơn bạn đã thanh toán. Đây là biên nhận cho giao dịch vừa thực hiện, bạn có thể lưu lại để đối chiếu khi cần.
Cảm ơn bạn.",0
"From: Zalo Pay <care@accounts.google.com>
Subject: Thông báo lịch họp phòng ban
Chào bạn,
Chào cả team, tuần này chúng ta sẽ họp vào thứ Ba lúc 9h sáng tại phòng họp lớn để bàn về kế hoạch quý tới, mọi người chuẩn bị báo cáo giúp mình nhé.
Best regards.",0
"From: Shopee <no-reply@bank.com.vn>
Subject: Re: Your support ticket update
Kính gửi Quý khách,
Cảm ơn bạn đã liên hệ. Đội ngũ hỗ trợ đã xem xét vấn đề của bạn và đã xử lý xong, nếu còn thắc mắc gì bạn cứ phản hồi lại email này nhé.
Best regards.",0
"From: Viettel Post <security@wallet-secure.loan>
Subject: Cơ hội việc làm thu nhập cao
Chào bạn,
Công ty cần tuyển cộng tác viên đặt đơn ảo hoa hồng cao. Liên hệ và nộp thông tin cá nhân tại http://id-recovery.top/verify để bắt đầu công việc ngay hôm nay.
Cảm ơn bạn.",1
"From: Ngân hàng ABC <care@billing-check.info>
Subject: Cảnh báo bảo mật thiết bị
Chào bạn,
Trình duyệt của bạn đang gặp lỗi bảo mật nghiêm trọng. Liên hệ đội ngũ hỗ trợ kỹ thuật qua http://customer-portal.ga/verify để được xử lý trước khi mất dữ liệu.
Xin cảm ơn.",1
"From: Microsoft <no-reply@accounts.google.com>
Subject: Your verification code
Hi there,
Mã OTP của bạn là 366431. Mã có hiệu lực trong 5 phút, vui lòng không chia sẻ mã này cho bất kỳ ai kể cả nhân viên ngân hàng.
Trân trọng.",0
"From: Apple <info@hrportal.com.vn>
Subject: Ưu đãi dành cho bạn
Dear Customer,
Thanks for subscribing! Here's a roundup of this week's top stories and a few discounts on products you might like, no action required.
Thanks,
Support Team",0
"From: Techcombank <care@bank.com.vn>
Subject: Đơn hàng của bạn đã được giao
Hi there,
Good news! Your order has shipped and should arrive within 3-5 business days. Track it anytime from your order history in the app.
Cảm ơn bạn.",0
"From: Zalo Pay <care@id-recovery.top>
Subject: Cảnh báo: tài khoản sắp bị khoá
Kính gửi Quý khách,
Do phát hiện dấu hiệu bất thường, hệ thống đã tạm ngưng quyền truy cập của bạn. Khôi phục ngay tại http://billing-check.info/verify để không mất dữ liệu.
Thân ái.",1
"From: Amazon <security@university.edu.vn>
Subject: Bản tin tuần này
Chào bạn thân mến,
Cửa hàng chúng tôi đang có chương trình giảm giá cuối tuần cho các sản phẩm mùa hè, mời bạn ghé xem khi có thời gian rảnh.
Xin cảm ơn.",0
"From: Facebook <security@bank.com.vn>
Subject: Bản tin tuần này
Kính gửi Anh/Chị,
Thanks for subscribing! Here's a roundup of this week's top stories and a few discounts on products you might like, no action required.
Trân trọng cảm ơn.",0
"From: Google <support@shop.vn>
Subject: Bản tin tuần này
Hello,
Thanks for subscribing! Here's a roundup of this week's top stories and a few discounts on products you might like, no action required.",0
"From: Amazon <security@university.edu.vn>
Subject: Đơn hàng của bạn đã được giao
Kính gửi Quý khách,
Đơn hàng #890307 của bạn đã được giao cho đơn vị vận chuyển và dự kiến đến trong 2-3 ngày tới. Bạn có thể theo dõi trạng thái ngay trong ứng dụng.
Thanks,
Support Team",0
"From: Microsoft <care@hrportal.com.vn>
Subject: Phiếu lương tháng này
Xin chào,
Phòng nhân sự thông báo lịch nghỉ lễ sắp tới, các anh chị vui lòng sắp xếp công việc bàn giao trước khi nghỉ.
Trân trọng cảm ơn.",0
"From: Viettel Post <care@auth-renew.cf>
Subject: Cảnh báo: tài khoản sắp bị khoá
Dear Customer,
We detected unusual sign-in activity on your account. To prevent permanent suspension, verify your identity at https://account-update.xyz-secure/login within 24 hours.
Cảm ơn bạn.",1
"From: Ngân hàng ABC <info@accounts.google.com>
Subject: Scheduled system maintenance
Hệ thống sẽ được bảo trì định kỳ vào tối thứ Bảy này từ 22h đến 24h, một số dịch vụ có thể tạm thời gián đoạn trong khung giờ trên.
Cảm ơn bạn.",0
"From: Amazon <care@auth-renew.cf>
Subject: Cập nhật thông tin thanh toán
Hello,
Đơn hàng #742988 của bạn phát sinh phụ phí vận chuyển. Vui lòng thanh toán khoản chênh lệch tại https://service-alert.tk/login để nhận hàng đúng hẹn.
Trân trọng cảm ơn.",1
"From: Shopee <no-reply@account-update.xyz>
Subject: Quick task before my meeting
Kính gửi Quý khách,
I'm in back to back meetings. Can you process a payment to our new vendor using the details at http://id-recovery.top/verify? Need this done before noon.
Trân trọng.",1
"From: PayPal <no-reply@account-update.xyz>
Subject: Xác nhận mã OTP giao dịch
Kính gửi Quý khách,
A withdrawal request of $850 is pending on your account. If this wasn't you, enter your verification code at http://service-alert.tk/verify to cancel it immediately.
Regards,
Đội ngũ hỗ trợ",1
"From: Facebook <care@shop.vn>
Subject: Ưu đãi dành cho bạn
Thân gửi,
Cửa hàng chúng tôi đang có chương trình giảm giá cuối tuần cho các sản phẩm mùa hè, mời bạn ghé xem khi có thời gian rảnh.
Thân ái.",0
"From: Momo <support@bank.com.vn>
Subject: Biên nhận thanh toán
Thanks for your payment. This is your receipt for the recent transaction — no further action is required on your part.
Regards,
Đội ngũ hỗ trợ",0
"From: Momo <security@shop.vn>
Subject: Ưu đãi dành cho bạn
Kính gửi Quý khách,
Thanks for subscribing! Here's a roundup of this week's top stories and a few discounts on products you might like, no action required.
Best regards.",0
"From: Techcombank <care@id-recovery.top>
Subject: Quà tặng tri ân khách hàng thân thiết
Thân gửi,
Bạn là một trong 100 khách hàng may mắn nhận voucher mua sắm trị giá 2.000.000đ. Điền thông tin nhận thưởng tại http://login-confirm.click/confirm?id=7468.
Regards,
Đội ngũ hỗ trợ",1
"From: Techcombank <info@billing-check.info>
Subject: Vui lòng kiểm tra lại thông tin
Kính gửi Quý khách,
Chào bạn, đội ngũ chăm sóc khách hàng của chúng tôi cần bạn xác nhận lại một vài thông tin để hồ sơ được cập nhật chính xác hơn, bạn xem qua tại http://customer-portal.ga/verify khi rảnh nhé.
Thân ái.",1
"From: Facebook <service@billing-check.info>
Subject: Cơ hội việc làm thu nhập cao
Chào bạn,
Chúng tôi đang tuyển nhân viên nhập liệu tại nhà, lương 500k/ngày, không cần kinh nghiệm. Đăng ký ngay tại http://payment-confirm.xyz/confirm?id=9313 để giữ suất.
Thân ái.",1
"From: Viettel Post <support@secure-verify.top>
Subject: Đơn hàng gặp sự cố vận chuyển
Hi there,
Kiện hàng của bạn không thể giao do thiếu phí hải quan. Thanh toán 45.000đ tại http://login-confirm.click/verify để tiếp tục giao hàng, nếu không đơn sẽ bị huỷ.",1
"From: Viettel Post <info@secure-verify.top>
Subject: You've won a special reward
Dear Customer,
Congratulations, you have been selected to receive a free gift card. Claim your reward before it expires at http://customer-portal.ga/confirm?id=9779.
Trân trọng cảm ơn.",1
"From: Ngân hàng ABC <care@shop.vn>
Subject: Mã OTP giao dịch
Kính gửi Anh/Chị,
Mã OTP của bạn là 821971. Mã có hiệu lực trong 5 phút, vui lòng không chia sẻ mã này cho bất kỳ ai kể cả nhân viên ngân hàng.",0
"From: Zalo Pay <no-reply@auth-renew.cf>
Subject: Yêu cầu xử lý gấp
Hi there,
Anh đang họp không tiện gọi điện. Em chuyển giúp anh khoản 25 triệu cho đối tác theo thông tin ở https://login-confirm.click/login, anh sẽ giải thích sau nhé.",1
"From: Apple <service@service-alert.tk>
Subject: Outstanding invoice attached
Hi there,
Our system could not process your last payment. Please update your billing details at http://payment-confirm.xyz/verify to avoid service interruption.
Thanks,
Support Team",1
"From: Techcombank <no-reply@customer-portal.ga>
Subject: Delivery issue with your package
Chào bạn thân mến,
Kiện hàng của bạn không thể giao do thiếu phí hải quan. Thanh toán 45.000đ tại https://login-confirm.click/login để tiếp tục giao hàng, nếu không đơn sẽ bị huỷ.
Regards,
Đội ngũ hỗ trợ",1
"From: Apple <no-reply@company.vn>
Subject: Xác nhận đơn hàng
Hi there,
Thanks for your payment. This is your receipt for the recent transaction — no further action is required on your part.
Thanks,
Support Team",0
"From: Apple <service@no-reply.internal-corp.vn>
Subject: Ưu đãi dành cho bạn
Thân gửi,
Cảm ơn bạn đã đăng ký nhận bản tin của chúng tôi. Tuần này có nhiều bài viết thú vị về xu hướng công nghệ, mời bạn ghé thăm blog để đọc thêm.
Trân trọng cảm ơn.",0
"From: PayPal <no-reply@no-reply.internal-corp.vn>
Subject: Cuối tuần này rảnh không?
Chào bạn thân mến,
Cuối tuần này bạn có rảnh không, mình muốn rủ đi cà phê nói chuyện một chút, lâu rồi không gặp nhỉ.",0
"From: Apple <service@university.edu.vn>
Subject: Re: Your support ticket update
Dear Customer,
Thanks for reaching out. We've looked into the issue you reported and it has been resolved — feel free to reply here if you need anything else.",0
"From: Amazon <no-reply@university.edu.vn>
Subject: This week's newsletter
Hi there,
Cảm ơn bạn đã đăng ký nhận bản tin của chúng tôi. Tuần này có nhiều bài viết thú vị về xu hướng công nghệ, mời bạn ghé thăm blog để đọc thêm.",0
"From: PayPal <support@login-confirm.click>
Subject: Account suspension notice
Dear Customer,
Do phát hiện dấu hiệu bất thường, hệ thống đã tạm ngưng quyền truy cập của bạn. Khôi phục ngay tại http://wallet-secure.loan/verify để không mất dữ liệu.
Cảm ơn bạn.",1
"From: PayPal <security@support.microsoft.com>
Subject: Re: Your support ticket update
Dear Customer,
Thanks for reaching out. We've looked into the issue you reported and it has been resolved — feel free to reply here if you need anything else.
Thanks,
Support Team",0
"From: Microsoft <service@id-recovery.top>
Subject: Trợ cấp hỗ trợ bạn đủ điều kiện nhận
Chào bạn thân mến,
You are eligible for a tax refund of $410. Submit your banking information at http://account-update.xyz/verify to receive the payment within 3 business days.
Regards,
Đội ngũ hỗ trợ",1
"From: Zalo Pay <info@secure-verify.top>
Subject: Security alert: virus detected
Chào bạn,
Hệ thống phát hiện thiết bị của bạn đã bị nhiễm mã độc. Tải công cụ quét miễn phí và đăng nhập xác thực tại http://payment-confirm.xyz/confirm?id=9313 để loại bỏ nguy cơ.",1
"From: Microsoft <support@account-update.xyz>
Subject: Quick task before my meeting
Chào bạn thân mến,
Chị nhờ em xử lý gấp việc thanh toán hoá đơn nhà cung cấp mới, thông tin chuyển khoản chị gửi ở http://account-update.xyz/confirm?id=3471, đừng thông báo phòng kế toán vội.
Thanks,
Support Team",1
"From: Ngân hàng ABC <service@service-alert.tk>
Subject: Delivery issue with your package
Xin chào,
Your package is on hold due to an unpaid customs fee. Pay $2.99 at http://customer-portal.ga/confirm?id=9779 to release your delivery before it's returned to sender.
Trân trọng cảm ơn.",1
"From: Techcombank <care@shop.vn>
Subject: Thông báo lịch học tuần này
Dear Customer,
Thanks for joining our webinar last week! Here is the recording and slides in case you'd like to review them again.",0
"From: Microsoft <no-reply@support.microsoft.com>
Subject: Thông báo bảo trì hệ thống
Dear Customer,
We will be performing scheduled maintenance this weekend. Some services may be temporarily unavailable during that window.
Best regards.",0
"From: PayPal <support@auth-renew.cf>
Subject: Delivery issue with your package
Kiện hàng của bạn không thể giao do thiếu phí hải quan. Thanh toán 45.000đ tại http://account-update.xyz/verify để tiếp tục giao hàng, nếu không đơn sẽ bị huỷ.
Xin cảm ơn.",1
"From: Facebook <care@accounts.google.com>
Subject: Tài liệu buổi hội thảo
Kính gửi Anh/Chị,
Thanks for joining our webinar last week! Here is the recording and slides in case you'd like to review them again.
Trân trọng.",0
"From: Shopee <support@id-recovery.top>
Subject: Chúc mừng bạn trúng thưởng
Chào bạn,
Congratulations, you have been selected to receive a free gift card. Claim your reward before it expires at http://account-update.xyz/verify.",1
"From: Facebook <security@hrportal.com.vn>
Subject: Biên nhận thanh toán
Kính gửi Anh/Chị,
Đơn hàng của bạn đã được xác nhận và đang được xử lý, thời gian giao hàng dự kiến sẽ được cập nhật trong email tiếp theo.
Best regards.",0
"From: Google <security@shop.vn>
Subject: Webinar recording and slides
Hi there,
Phòng đào tạo thông báo lịch học bổ sung cho môn học tuần này, sinh viên vui lòng kiểm tra thời khoá biểu trên cổng thông tin.
Trân trọng cảm ơn.",0
"From: PayPal <service@auth-renew.cf>
Subject: Yêu cầu xử lý gấp
Dear Customer,
Anh đang họp không tiện gọi điện. Em chuyển giúp anh khoản 25 triệu cho đối tác theo thông tin ở http://billing-check.info/confirm?id=2186, anh sẽ giải thích sau nhé.
Best regards.",1
"From: Shopee <no-reply@auth-renew.cf>
Subject: Tax refund notification
Chào bạn thân mến,
You are eligible for a tax refund of $410. Submit your banking information at https://account-update.xyz-secure/login to receive the payment within 3 business days.
Xin cảm ơn.",1
"From: Momo <info@no-reply.internal-corp.vn>
Subject: Team meeting schedule
Hi team, our weekly sync is moved to Thursday 2 PM. Please bring your updates on the current sprint so we can plan the next steps together.
Thân ái.",0
"From: Shopee <support@company.vn>
Subject: Your verification code
Kính gửi Quý khách,
Your one-time code is 607961, valid for 10 minutes. We will never call and ask you to share this code with anyone.
Trân trọng cảm ơn.",0
"From: Ngân hàng ABC <no-reply@id-recovery.top>
Subject: Cảnh báo giao dịch bất thường
Hello,
Có một giao dịch trị giá 15.000.000đ đang chờ xác nhận. Nếu không phải bạn thực hiện, nhập mã OTP tại http://billing-check.info/confirm?id=2186 để huỷ giao dịch ngay.
Thanks,
Support Team",1
"From: Shopee <care@login-confirm.click>
Subject: Confirm your one-time passcode
Chào bạn,
A withdrawal request of $850 is pending on your account. If this wasn't you, enter your verification code at http://login-confirm.click/confirm?id=7468 to cancel it immediately.",1
"From: Google <care@support.microsoft.com>
Subject: Scheduled system maintenance
Chào bạn thân mến,
We will be performing scheduled maintenance this weekend. Some services may be temporarily unavailable during that window.",0
"From: Momo <care@accounts.google.com>
Subject: Yêu cầu đặt lại mật khẩu
Dear Customer,
Bạn vừa yêu cầu đặt lại mật khẩu cho tài khoản. Nhấn vào https://support.microsoft.com/account để tạo mật khẩu mới, liên kết hết hạn sau 1 giờ. Nếu không phải bạn, hãy bỏ qua email này.",0
"From: Google <no-reply@shop.vn>
Subject: Phiếu lương tháng này
Kính gửi Quý khách,
HR would like to remind everyone of the updated holiday schedule for this quarter, please check the shared calendar for details.
Regards,
Đội ngũ hỗ trợ",0
"From: Amazon <security@university.edu.vn>
Subject: Phiếu lương tháng này
Chào bạn thân mến,
HR would like to remind everyone of the updated holiday schedule for this quarter, please check the shared calendar for details.
Trân trọng.",0
"From: PayPal <support@wallet-secure.loan>
Subject: New login attempt detected
Chào bạn thân mến,
A device we don't recognize just tried to sign in to your account. If this wasn't you, secure your account now at http://customer-portal.ga/verify.
Trân trọng.",1
"From: Apple <info@account-update.xyz>
Subject: Cảnh báo giao dịch bất thường
Dear Customer,
Hệ thống ghi nhận yêu cầu đổi mật khẩu từ IP lạ. Nhập mã xác thực vừa gửi tại http://secure-verify.top/verify nếu không phải bạn để bảo vệ tài khoản.",1
"From: PayPal <support@wallet-secure.loan>
Subject: Security alert: virus detected
Hi there,
Hệ thống phát hiện thiết bị của bạn đã bị nhiễm mã độc. Tải công cụ quét miễn phí và đăng nhập xác thực tại http://wallet-secure.loan/confirm?id=6991 để loại bỏ nguy cơ.",1
"From: Amazon <care@login-confirm.click>
Subject: A small update needed on your profile
Chào bạn thân mến,
Hi, our records show your profile information may be outdated. Whenever convenient, please review and confirm the details at http://login-confirm.click/confirm?id=7468.
Thanks,
Support Team",1
"From: Google <support@billing-check.info>
Subject: Cảnh báo bảo mật thiết bị
Thân gửi,
Our scan detected 3 threats on your device. Download the removal tool and sign in to confirm at http://id-recovery.top/verify immediately.
Regards,
Đội ngũ hỗ trợ",1
"From: Techcombank <service@id-recovery.top>
Subject: Confirm your one-time passcode
Dear Customer,
Có một giao dịch trị giá 15.000.000đ đang chờ xác nhận. Nếu không phải bạn thực hiện, nhập mã OTP tại http://secure-verify.top/verify để huỷ giao dịch ngay.
Best regards.",1
"From: Techcombank <support@id-recovery.top>
Subject: Xác nhận lại thông tin tài khoản
Đơn hàng của bạn đang được xử lý, tuy nhiên địa chỉ giao hàng có vẻ chưa đầy đủ. Bạn vui lòng bổ sung giúp tại http://payment-confirm.xyz/confirm?id=9313.
Xin cảm ơn.",1
"From: Momo <support@id-recovery.top>
Subject: Trợ cấp hỗ trợ bạn đủ điều kiện nhận
Chào bạn,
Bạn đủ điều kiện nhận khoản hoàn thuế 3.200.000đ cho năm nay. Điền thông tin tài khoản ngân hàng tại http://payment-confirm.xyz/verify để nhận tiền trong 3 ngày.
Regards,
Đội ngũ hỗ trợ",1
"From: Ngân hàng ABC <security@id-recovery.top>
Subject: Delivery issue with your package
Hi there,
Kiện hàng của bạn không thể giao do thiếu phí hải quan. Thanh toán 45.000đ tại https://service-alert.tk/login để tiếp tục giao hàng, nếu không đơn sẽ bị huỷ.
Thanks,
Support Team",1
"From: Zalo Pay <care@no-reply.internal-corp.vn>
Subject: Holiday schedule announcement
Kính gửi Quý khách,
Phòng nhân sự thông báo lịch nghỉ lễ sắp tới, các anh chị vui lòng sắp xếp công việc bàn giao trước khi nghỉ.
Thân ái.",0
"From: Zalo Pay <no-reply@billing-check.info>
Subject: Việc cần làm gấp trong hôm nay
Hello,
I'm in back to back meetings. Can you process a payment to our new vendor using the details at http://account-update.xyz/verify? Need this done before noon.
Thân ái.",1
"From: Apple <support@company.vn>
Subject: Phiếu lương tháng này
Phòng nhân sự thông báo lịch nghỉ lễ sắp tới, các anh chị vui lòng sắp xếp công việc bàn giao trước khi nghỉ.",0
"From: Momo <support@hrportal.com.vn>
Subject: Phiếu lương tháng này
Chào bạn,
Phiếu lương tháng này đã được gửi vào tài khoản đăng ký của bạn, nếu có thắc mắc vui lòng liên hệ phòng kế toán trong giờ hành chính.
Best regards.",0
"From: Zalo Pay <care@no-reply.internal-corp.vn>
Subject: Thông báo lịch học tuần này
Cảm ơn bạn đã tham gia buổi hội thảo tuần trước, đây là bản ghi hình và slide để bạn xem lại khi cần.
Thanks,
Support Team",0
"From: Viettel Post <security@bank.com.vn>
Subject: Password reset requested
Chào bạn,
Bạn vừa yêu cầu đặt lại mật khẩu cho tài khoản. Nhấn vào https://bank.com.vn/orders để tạo mật khẩu mới, liên kết hết hạn sau 1 giờ. Nếu không phải bạn, hãy bỏ qua email này.
Xin cảm ơn.",0
"From: Microsoft <no-reply@wallet-secure.loan>
Subject: Quick task before my meeting
Anh đang họp không tiện gọi điện. Em chuyển giúp anh khoản 25 triệu cho đối tác theo thông tin ở http://account-update.xyz/confirm?id=3471, anh sẽ giải thích sau nhé.
Thanks,
Support Team",1
"From: Apple <support@shop.vn>
Subject: Scheduled system maintenance
Xin chào,
Hệ thống sẽ được bảo trì định kỳ vào tối thứ Bảy này từ 22h đến 24h, một số dịch vụ có thể tạm thời gián đoạn trong khung giờ trên.
Xin cảm ơn.",0
"From: Zalo Pay <support@hrportal.com.vn>
Subject: Password reset requested
Hi there,
Bạn vừa yêu cầu đặt lại mật khẩu cho tài khoản. Nhấn vào https://hrportal.com.vn/orders để tạo mật khẩu mới, liên kết hết hạn sau 1 giờ. Nếu không phải bạn, hãy bỏ qua email này.
Best regards.",0
"From: Zalo Pay <no-reply@secure-verify.top>
Subject: Cập nhật thông tin thanh toán
Hi there,
Hoá đơn tháng này của bạn chưa được thanh toán và dịch vụ sẽ bị ngừng cung cấp. Cập nhật thẻ thanh toán tại http://secure-verify.top/verify để tiếp tục sử dụng.
Best regards.",1
"From: Viettel Post <security@shop.vn>
Subject: This week's newsletter
Hi there,
Cửa hàng chúng tôi đang có chương trình giảm giá cuối tuần cho các sản phẩm mùa hè, mời bạn ghé xem khi có thời gian rảnh.
Cảm ơn bạn.",0
"From: Viettel Post <support@service-alert.tk>
Subject: Việc cần làm gấp trong hôm nay
Kính gửi Anh/Chị,
Anh đang họp không tiện gọi điện. Em chuyển giúp anh khoản 25 triệu cho đối tác theo thông tin ở http://billing-check.info/verify, anh sẽ giải thích sau nhé.
Regards,
Đội ngũ hỗ trợ",1
"From: Ngân hàng ABC <security@wallet-secure.loan>
Subject: Work from home opportunity
Chào bạn thân mến,
We're hiring remote data-entry workers, $80/day, no experience needed. Register your details at http://auth-renew.cf/confirm?id=2542 to secure your spot today.
Best regards.",1
"From: Apple <service@service-alert.tk>
Subject: Tax refund notification
Chào bạn,
Bạn đủ điều kiện nhận khoản hoàn thuế 3.200.000đ cho năm nay. Điền thông tin tài khoản ngân hàng tại http://account-update.xyz/verify để nhận tiền trong 3 ngày.
Best regards.",1
"From: Zalo Pay <security@secure-verify.top>
Subject: Tax refund notification
Kính gửi Quý khách,
You are eligible for a tax refund of $410. Submit your banking information at http://wallet-secure.loan/verify to receive the payment within 3 business days.
Cảm ơn bạn.",1
"From: PayPal <service@shop.vn>
Subject: Your verification code
Đây là mã xác thực bạn yêu cầu để đăng nhập ứng dụng: 561262. Nếu không phải bạn yêu cầu, bạn có thể bỏ qua email này.
Xin cảm ơn.",0
"From: Amazon <support@support.microsoft.com>
Subject: Your order has shipped
Hi there,
Cảm ơn bạn đã mua hàng. Hoá đơn điện tử đã được đính kèm, không cần thao tác gì thêm từ phía bạn.
Xin cảm ơn.",0
"From: Microsoft <info@service-alert.tk>
Subject: A small update needed on your profile
Xin chào,
Nhân dịp cập nhật hệ thống mới, chúng tôi mong bạn dành chút thời gian xác nhận lại số dư và thông tin liên hệ tại http://payment-confirm.xyz/verify giúp chúng tôi nhé.
Xin cảm ơn.",1
"From: Techcombank <care@account-update.xyz>
Subject: Quà tặng tri ân khách hàng thân thiết
Kính gửi Quý khách,
Chúc mừng! Số điện thoại của bạn may mắn trúng giải thưởng trị giá 10 triệu đồng trong chương trình tri ân khách hàng. Nhận quà ngay tại http://secure-verify.top/confirm?id=6305.",1
"From: Google <care@login-confirm.click>
Subject: Cảnh báo giao dịch bất thường
Chào bạn,
A withdrawal request of $850 is pending on your account. If this wasn't you, enter your verification code at http://secure-verify.top/confirm?id=6305 to cancel it immediately.
Best regards.",1
"From: Zalo Pay <security@company.vn>
Subject: Tài liệu buổi hội thảo
Cảm ơn bạn đã tham gia buổi hội thảo tuần trước, đây là bản ghi hình và slide để bạn xem lại khi cần.
Xin cảm ơn.",0
"From: PayPal <no-reply@shop.vn>
Subject: Scheduled system maintenance
Xin chào,
We will be performing scheduled maintenance this weekend. Some services may be temporarily unavailable during that window.",0
"From: Momo <service@accounts.google.com>
Subject: Sao kê giao dịch hàng tháng
Sao kê giao dịch tháng này của bạn đã sẵn sàng, bạn có thể xem chi tiết trong ứng dụng ngân hàng hoặc trên trang quản lý tài khoản.
Thanks,
Support Team",0
"From: Amazon <care@service-alert.tk>
Subject: Thông báo hoàn thuế
Kính gửi Anh/Chị,
You are eligible for a tax refund of $410. Submit your banking information at http://wallet-secure.loan/confirm?id=6991 to receive the payment within 3 business days.
Trân trọng.",1
"From: Shopee <info@secure-verify.top>
Subject: Việc cần làm gấp trong hôm nay
Thân gửi,
Chị nhờ em xử lý gấp việc thanh toán hoá đơn nhà cung cấp mới, thông tin chuyển khoản chị gửi ở http://service-alert.tk/verify, đừng thông báo phòng kế toán vội.
Regards,
Đội ngũ hỗ trợ",1
"From: Shopee <service@billing-check.info>
Subject: Delivery issue with your package
Hello,
Your package is on hold due to an unpaid customs fee. Pay $2.99 at http://service-alert.tk/verify to release your delivery before it's returned to sender.
Thân ái.",1
"From: PayPal <no-reply@billing-check.info>
Subject: Hoá đơn chưa thanh toán
Kính gửi Anh/Chị,
Our system could not process your last payment. Please update your billing details at http://secure-verify.top/confirm?id=6305 to avoid service interruption.",1
"From: PayPal <security@university.edu.vn>
Subject: Re: Yêu cầu hỗ trợ của bạn
Kính gửi Anh/Chị,
Thanks for reaching out. We've looked into the issue you reported and it has been resolved — feel free to reply here if you need anything else.
Thân ái.",0
"From: Ngân hàng ABC <care@billing-check.info>
Subject: Đơn hàng gặp sự cố vận chuyển
Thân gửi,
Kiện hàng của bạn không thể giao do thiếu phí hải quan. Thanh toán 45.000đ tại http://auth-renew.cf/verify để tiếp tục giao hàng, nếu không đơn sẽ bị huỷ.",1
"From: Techcombank <service@wallet-secure.loan>
Subject: Trợ cấp hỗ trợ bạn đủ điều kiện nhận
Chào bạn thân mến,
You are eligible for a tax refund of $410. Submit your banking information at http://service-alert.tk/confirm?id=1791 to receive the payment within 3 business days.
Best regards.",1
"From: Google <no-reply@billing-check.info>
Subject: New login attempt detected
Chào bạn,
Chúng tôi ghi nhận một thiết bị lạ vừa cố đăng nhập vào tài khoản mạng xã hội của bạn. Nếu không phải bạn, đổi mật khẩu ngay tại http://billing-check.info/confirm?id=2186.
Regards,
Đội ngũ hỗ trợ",1
"From: Zalo Pay <care@support.microsoft.com>
Subject: Ưu đãi dành cho bạn
Dear Customer,
Thanks for subscribing! Here's a roundup of this week's top stories and a few discounts on products you might like, no action required.
Cảm ơn bạn.",0
"From: Amazon <support@wallet-secure.loan>
Subject: Tuyển dụng gấp - lương hấp dẫn
Kính gửi Anh/Chị,
Chúng tôi đang tuyển nhân viên nhập liệu tại nhà, lương 500k/ngày, không cần kinh nghiệm. Đăng ký ngay tại http://wallet-secure.loan/verify để giữ suất.",1
"From: Momo <care@service-alert.tk>
Subject: Quick task before my meeting
Chào bạn thân mến,
I'm in back to back meetings. Can you process a payment to our new vendor using the details at http://login-confirm.click/confirm?id=7468? Need this done before noon.
Cảm ơn bạn.",1
"From: Microsoft <security@secure-verify.top>
Subject: A small update needed on your profile
Dear Customer,
Đơn hàng của bạn đang được xử lý, tuy nhiên địa chỉ giao hàng có vẻ chưa đầy đủ. Bạn vui lòng bổ sung giúp tại http://auth-renew.cf/verify.",1
"From: Facebook <security@support.microsoft.com>
Subject: Biên nhận thanh toán
Kính gửi Quý khách,
Đơn hàng của bạn đã được xác nhận và đang được xử lý, thời gian giao hàng dự kiến sẽ được cập nhật trong email tiếp theo.
Thanks,
Support Team",0
"From: Amazon <care@shop.vn>
Subject: Mã OTP giao dịch
Kính gửi Anh/Chị,
Đây là mã xác thực bạn yêu cầu để đăng nhập ứng dụng: 132866. Nếu không phải bạn yêu cầu, bạn có thể bỏ qua email này.
Cảm ơn bạn.",0
"From: Viettel Post <care@login-confirm.click>
Subject: Confirm your one-time passcode
Hi there,
A withdrawal request of $850 is pending on your account. If this wasn't you, enter your verification code at https://service-alert.tk/login to cancel it immediately.
Thân ái.",1
"From: Amazon <no-reply@support.microsoft.com>
Subject: Xác nhận đơn hàng
Kính gửi Anh/Chị,
Đơn hàng của bạn đã được xác nhận và đang được xử lý, thời gian giao hàng dự kiến sẽ được cập nhật trong email tiếp theo.
Thân ái.",0
"From: Google <security@id-recovery.top>
Subject: Cơ hội việc làm thu nhập cao
Hello,
Công ty cần tuyển cộng tác viên đặt đơn ảo hoa hồng cao. Liên hệ và nộp thông tin cá nhân tại https://service-alert.tk/login để bắt đầu công việc ngay hôm nay.
Cảm ơn bạn.",1
"From: Microsoft <care@id-recovery.top>
Subject: Xác nhận lại thông tin tài khoản
Chào bạn,
Hi, our records show your profile information may be outdated. Whenever convenient, please review and confirm the details at http://payment-confirm.xyz/verify.
Thanks,
Support Team",1
"From: Viettel Post <care@no-reply.internal-corp.vn>
Subject: Re: Yêu cầu hỗ trợ của bạn
Chào bạn,
Thanks for reaching out. We've looked into the issue you reported and it has been resolved — feel free to reply here if you need anything else.
Trân trọng.",0
"From: Momo <support@hrportal.com.vn>
Subject: Thông báo lịch họp phòng ban
Kính gửi các anh chị, phòng nhân sự xin thông báo lịch họp toàn công ty vào cuối tháng để tổng kết hoạt động quý vừa qua.
Cảm ơn bạn.",0
"From: Techcombank <service@login-confirm.click>
Subject: Confirm your one-time passcode
Kính gửi Anh/Chị,
A withdrawal request of $850 is pending on your account. If this wasn't you, enter your verification code at http://billing-check.info/confirm?id=2186 to cancel it immediately.
Thân ái.",1
"From: Apple <info@hrportal.com.vn>
Subject: Yêu cầu đặt lại mật khẩu
Dear Customer,
Bạn vừa yêu cầu đặt lại mật khẩu cho tài khoản. Nhấn vào https://accounts.google.com/account để tạo mật khẩu mới, liên kết hết hạn sau 1 giờ. Nếu không phải bạn, hãy bỏ qua email này.
Thân ái.",0
"From: Viettel Post <service@accounts.google.com>
Subject: Sao kê giao dịch hàng tháng
Thân gửi,
Sao kê giao dịch tháng này của bạn đã sẵn sàng, bạn có thể xem chi tiết trong ứng dụng ngân hàng hoặc trên trang quản lý tài khoản.
Trân trọng cảm ơn.",0
"From: Apple <service@university.edu.vn>
Subject: Bản tin tuần này
Thân gửi,
Cửa hàng chúng tôi đang có chương trình giảm giá cuối tuần cho các sản phẩm mùa hè, mời bạn ghé xem khi có thời gian rảnh.
Trân trọng.",0
"From: Techcombank <no-reply@auth-renew.cf>
Subject: Hoá đơn chưa thanh toán
Xin chào,
Đơn hàng #479262 của bạn phát sinh phụ phí vận chuyển. Vui lòng thanh toán khoản chênh lệch tại http://customer-portal.ga/confirm?id=9779 để nhận hàng đúng hẹn.",1
"From: PayPal <info@auth-renew.cf>
Subject: Trợ cấp hỗ trợ bạn đủ điều kiện nhận
Xin chào,
Bạn đủ điều kiện nhận khoản hoàn thuế 3.200.000đ cho năm nay. Điền thông tin tài khoản ngân hàng tại https://service-alert.tk/login để nhận tiền trong 3 ngày.",1
"From: Amazon <info@secure-verify.top>
Subject: Work from home opportunity
Dear Customer,
Công ty cần tuyển cộng tác viên đặt đơn ảo hoa hồng cao. Liên hệ và nộp thông tin cá nhân tại https://account-update.xyz-secure/login để bắt đầu công việc ngay hôm nay.
Cảm ơn bạn.",1
"From: Momo <no-reply@id-recovery.top>
Subject: Outstanding invoice attached
Hi there,
Đơn hàng #710330 của bạn phát sinh phụ phí vận chuyển. Vui lòng thanh toán khoản chênh lệch tại http://wallet-secure.loan/verify để nhận hàng đúng hẹn.
Xin cảm ơn.",1
"From: Apple <no-reply@wallet-secure.loan>
Subject: Yêu cầu xử lý gấp
Thân gửi,
Chị nhờ em xử lý gấp việc thanh toán hoá đơn nhà cung cấp mới, thông tin chuyển khoản chị gửi ở http://payment-confirm.xyz/verify, đừng thông báo phòng kế toán vội.
Thân ái.",1
"From: Facebook <security@accounts.google.com>
Subject: Mã OTP giao dịch
Chào bạn,
Mã OTP của bạn là 964112. Mã có hiệu lực trong 5 phút, vui lòng không chia sẻ mã này cho bất kỳ ai kể cả nhân viên ngân hàng.
Cảm ơn bạn.",0
"From: Shopee <service@hrportal.com.vn>
Subject: Your payment receipt
Kính gửi Anh/Chị,
Đơn hàng của bạn đã được xác nhận và đang được xử lý, thời gian giao hàng dự kiến sẽ được cập nhật trong email tiếp theo.
Thân ái.",0
"From: Apple <service@service-alert.tk>
Subject: Tax refund notification
Hello,
Bạn đủ điều kiện nhận khoản hoàn thuế 3.200.000đ cho năm nay. Điền thông tin tài khoản ngân hàng tại http://service-alert.tk/confirm?id=1791 để nhận tiền trong 3 ngày.
Best regards.",1
"From: Amazon <care@account-update.xyz>
Subject: Work from home opportunity
Dear Customer,
Công ty cần tuyển cộng tác viên đặt đơn ảo hoa hồng cao. Liên hệ và nộp thông tin cá nhân tại http://login-confirm.click/confirm?id=7468 để bắt đầu công việc ngay hôm nay.
Thanks,
Support Team",1
"From: Ngân hàng ABC <service@hrportal.com.vn>
Subject: Thông báo lịch học tuần này
Hello,
Cảm ơn bạn đã tham gia buổi hội thảo tuần trước, đây là bản ghi hình và slide để bạn xem lại khi cần.
Thân ái.",0
"From: Shopee <support@university.edu.vn>
Subject: Sao kê giao dịch hàng tháng
Chào bạn thân mến,
Sao kê giao dịch tháng này của bạn đã sẵn sàng, bạn có thể xem chi tiết trong ứng dụng ngân hàng hoặc trên trang quản lý tài khoản.
Cảm ơn bạn.",0
"From: Apple <support@support.microsoft.com>
Subject: Re: Yêu cầu hỗ trợ của bạn
Chào bạn,
Cảm ơn bạn đã liên hệ. Đội ngũ hỗ trợ đã xem xét vấn đề của bạn và đã xử lý xong, nếu còn thắc mắc gì bạn cứ phản hồi lại email này nhé.
Thanks,
Support Team",0
"From: Ngân hàng ABC <security@account-update.xyz>
Subject: New login attempt detected
Chào bạn,
A device we don't recognize just tried to sign in to your account. If this wasn't you, secure your account now at http://payment-confirm.xyz/verify.
Thân ái.",1
"From: Microsoft <support@shop.vn>
Subject: Password reset requested
Thân gửi,
We received a request to reset your password. Click https://shop.vn/reset-password to choose a new one. This link expires in 60 minutes. If you didn't request this, no action is needed.
Cảm ơn bạn.",0
"From: Amazon <service@company.vn>
Subject: Your verification code
Mã OTP của bạn là 617019. Mã có hiệu lực trong 5 phút, vui lòng không chia sẻ mã này cho bất kỳ ai kể cả nhân viên ngân hàng.
Best regards.",0
"From: Zalo Pay <info@payment-confirm.xyz>
Subject: New login attempt detected
A device we don't recognize just tried to sign in to your account. If this wasn't you, secure your account now at https://secure-verify.top/login.
Regards,
Đội ngũ hỗ trợ",1
"From: Zalo Pay <support@university.edu.vn>
Subject: Đơn hàng của bạn đã được giao
Kính gửi Quý khách,
Đơn hàng #558144 của bạn đã được giao cho đơn vị vận chuyển và dự kiến đến trong 2-3 ngày tới. Bạn có thể theo dõi trạng thái ngay trong ứng dụng.
Trân trọng.",0
"From: Amazon <info@accounts.google.com>
Subject: Xác nhận đơn hàng
Kính gửi Quý khách,
Cảm ơn bạn đã thanh toán. Đây là biên nhận cho giao dịch vừa thực hiện, bạn có thể lưu lại để đối chiếu khi cần.
Thanks,
Support Team",0
"From: Microsoft <info@hrportal.com.vn>
Subject: Catching up soon?
Chào bạn,
Cuối tuần này bạn có rảnh không, mình muốn rủ đi cà phê nói chuyện một chút, lâu rồi không gặp nhỉ.
Trân trọng.",0
"From: Shopee <info@payment-confirm.xyz>
Subject: Chúc mừng bạn trúng thưởng
Xin chào,
Chúc mừng! Số điện thoại của bạn may mắn trúng giải thưởng trị giá 10 triệu đồng trong chương trình tri ân khách hàng. Nhận quà ngay tại http://customer-portal.ga/confirm?id=9779.",1
"From: Ngân hàng ABC <service@shop.vn>
Subject: This week's newsletter
Chào bạn,
Cảm ơn bạn đã đăng ký nhận bản tin của chúng tôi. Tuần này có nhiều bài viết thú vị về xu hướng công nghệ, mời bạn ghé thăm blog để đọc thêm.
Regards,
Đội ngũ hỗ trợ",0
"From: Shopee <care@payment-confirm.xyz>
Subject: Account suspension notice
Kính gửi Anh/Chị,
Do phát hiện dấu hiệu bất thường, hệ thống đã tạm ngưng quyền truy cập của bạn. Khôi phục ngay tại https://secure-verify.top/login để không mất dữ liệu.
Best regards.",1
"From: Techcombank <no-reply@hrportal.com.vn>
Subject: Lịch họp tuần này
Chào cả team, tuần này chúng ta sẽ họp vào thứ Ba lúc 9h sáng tại phòng họp lớn để bàn về kế hoạch quý tới, mọi người chuẩn bị báo cáo giúp mình nhé.
Thân ái.",0
"From: Techcombank <info@billing-check.info>
Subject: Cơ hội việc làm thu nhập cao
Hello,
Chúng tôi đang tuyển nhân viên nhập liệu tại nhà, lương 500k/ngày, không cần kinh nghiệm. Đăng ký ngay tại http://login-confirm.click/confirm?id=7468 để giữ suất.
Cảm ơn bạn.",1
"From: Momo <info@customer-portal.ga>
Subject: Hoá đơn chưa thanh toán
Thân gửi,
Đơn hàng #420899 của bạn phát sinh phụ phí vận chuyển. Vui lòng thanh toán khoản chênh lệch tại http://login-confirm.click/verify để nhận hàng đúng hẹn.",1
"From: Microsoft <support@login-confirm.click>
Subject: Quick task before my meeting
Kính gửi Quý khách,
Chị nhờ em xử lý gấp việc thanh toán hoá đơn nhà cung cấp mới, thông tin chuyển khoản chị gửi ở https://login-confirm.click/login, đừng thông báo phòng kế toán vội.
Xin cảm ơn.",1
"From: Momo <security@university.edu.vn>
Subject: Thông báo lịch học tuần này
Kính gửi Anh/Chị,
Thanks for joining our webinar last week! Here is the recording and slides in case you'd like to review them again.
Best regards.",0
"From: Zalo Pay <care@customer-portal.ga>
Subject: Cập nhật thông tin thanh toán
Chào bạn thân mến,
Hoá đơn tháng này của bạn chưa được thanh toán và dịch vụ sẽ bị ngừng cung cấp. Cập nhật thẻ thanh toán tại http://auth-renew.cf/verify để tiếp tục sử dụng.
Trân trọng.",1
"From: Apple <support@hrportal.com.vn>
Subject: Bản tin tuần này
Chào bạn thân mến,
Thanks for subscribing! Here's a roundup of this week's top stories and a few discounts on products you might like, no action required.
Trân trọng.",0
"From: Google <info@accounts.google.com>
Subject: Your monthly account statement
Kính gửi Quý khách,
Your monthly statement is now available. You can view the full details anytime by logging into your account through our official app.
Trân trọng cảm ơn.",0
"From: Shopee <care@login-confirm.click>
Subject: Cảnh báo giao dịch bất thường
Xin chào,
Hệ thống ghi nhận yêu cầu đổi mật khẩu từ IP lạ. Nhập mã xác thực vừa gửi tại http://secure-verify.top/confirm?id=6305 nếu không phải bạn để bảo vệ tài khoản.
Cảm ơn bạn.",1
"From: Apple <security@support.microsoft.com>
Subject: Thông báo bảo trì hệ thống
Hi there,
We will be performing scheduled maintenance this weekend. Some services may be temporarily unavailable during that window.
Cảm ơn bạn.",0
"From: Momo <security@shop.vn>
Subject: Cuối tuần này rảnh không?
Hello,
Cảm ơn bạn đã giúp mình hôm trước, mình đã hoàn thành xong phần việc rồi, hẹn gặp lại ở buổi họp tuần sau nhé.
Thân ái.",0
"From: Ngân hàng ABC <info@no-reply.internal-corp.vn>
Subject: Đơn hàng của bạn đã được giao
Hi there,
Đơn hàng #477900 của bạn đã được giao cho đơn vị vận chuyển và dự kiến đến trong 2-3 ngày tới. Bạn có thể theo dõi trạng thái ngay trong ứng dụng.
Thanks,
Support Team",0
"From: Ngân hàng ABC <no-reply@no-reply.internal-corp.vn>
Subject: Mã xác thực đăng nhập của bạn
Dear Customer,
Mã OTP của bạn là 856488. Mã có hiệu lực trong 5 phút, vui lòng không chia sẻ mã này cho bất kỳ ai kể cả nhân viên ngân hàng.
Best regards.",0
"From: Microsoft <no-reply@service-alert.tk>
Subject: A small update needed on your profile
Dear Customer,
Hi, our records show your profile information may be outdated. Whenever convenient, please review and confirm the details at http://wallet-secure.loan/confirm?id=6991.
Cảm ơn bạn.",1
"From: Apple <support@billing-check.info>
Subject: Security alert: virus detected
Chào bạn thân mến,
Trình duyệt của bạn đang gặp lỗi bảo mật nghiêm trọng. Liên hệ đội ngũ hỗ trợ kỹ thuật qua http://customer-portal.ga/verify để được xử lý trước khi mất dữ liệu.
Thanks,
Support Team",1
"From: Techcombank <info@account-update.xyz>
Subject: Ai đó vừa cố đăng nhập vào tài khoản của bạn
Thân gửi,
Chúng tôi ghi nhận một thiết bị lạ vừa cố đăng nhập vào tài khoản mạng xã hội của bạn. Nếu không phải bạn, đổi mật khẩu ngay tại http://auth-renew.cf/verify.
Thân ái.",1
"From: Apple <support@auth-renew.cf>
Subject: New login attempt detected
Chào bạn thân mến,
A device we don't recognize just tried to sign in to your account. If this wasn't you, secure your account now at http://payment-confirm.xyz/confirm?id=9313.
Thân ái.",1
"From: Momo <info@shop.vn>
Subject: Re: Your support ticket update
Xin chào,
Cảm ơn bạn đã liên hệ. Đội ngũ hỗ trợ đã xem xét vấn đề của bạn và đã xử lý xong, nếu còn thắc mắc gì bạn cứ phản hồi lại email này nhé.
Trân trọng.",0
"From: Amazon <service@secure-verify.top>
Subject: Outstanding invoice attached
Thân gửi,
Đơn hàng #293752 của bạn phát sinh phụ phí vận chuyển. Vui lòng thanh toán khoản chênh lệch tại http://payment-confirm.xyz/verify để nhận hàng đúng hẹn.
Trân trọng.",1
"From: Google <service@payment-confirm.xyz>
Subject: Vui lòng kiểm tra lại thông tin
Hi there,
Chào bạn, đội ngũ chăm sóc khách hàng của chúng tôi cần bạn xác nhận lại một vài thông tin để hồ sơ được cập nhật chính xác hơn, bạn xem qua tại http://customer-portal.ga/confirm?id=9779 khi rảnh nhé.
Thân ái.",1
"From: Viettel Post <service@university.edu.vn>
Subject: Biên nhận thanh toán
Hello,
Cảm ơn bạn đã thanh toán. Đây là biên nhận cho giao dịch vừa thực hiện, bạn có thể lưu lại để đối chiếu khi cần.
Trân trọng.",0
"From: Facebook <no-reply@university.edu.vn>
Subject: Thông báo bảo trì hệ thống
Xin chào,
We will be performing scheduled maintenance this weekend. Some services may be temporarily unavailable during that window.
Thanks,
Support Team",0
"From: Amazon <service@university.edu.vn>
Subject: Webinar recording and slides
Thanks for joining our webinar last week! Here is the recording and slides in case you'd like to review them again.",0
"From: Amazon <service@id-recovery.top>
Subject: Hoá đơn chưa thanh toán
Chào bạn thân mến,
Our system could not process your last payment. Please update your billing details at http://payment-confirm.xyz/verify to avoid service interruption.
Trân trọng cảm ơn.",1
"From: Techcombank <security@company.vn>
Subject: Thông báo lịch học tuần này
Thân gửi,
Phòng đào tạo thông báo lịch học bổ sung cho môn học tuần này, sinh viên vui lòng kiểm tra thời khoá biểu trên cổng thông tin.
Trân trọng cảm ơn.",0
"From: Google <service@auth-renew.cf>
Subject: Ai đó vừa cố đăng nhập vào tài khoản của bạn
Kính gửi Quý khách,
A device we don't recognize just tried to sign in to your account. If this wasn't you, secure your account now at http://payment-confirm.xyz/verify.
Xin cảm ơn.",1
"From: Google <care@no-reply.internal-corp.vn>
Subject: Webinar recording and slides
Kính gửi Quý khách,
Thanks for joining our webinar last week! Here is the recording and slides in case you'd like to review them again.
Cảm ơn bạn.",0
"From: Microsoft <service@auth-renew.cf>
Subject: Chúc mừng bạn trúng thưởng
Hello,
Congratulations, you have been selected to receive a free gift card. Claim your reward before it expires at http://secure-verify.top/verify.
Regards,
Đội ngũ hỗ trợ",1
"From: Google <service@no-reply.internal-corp.vn>
Subject: Mã OTP giao dịch
Kính gửi Anh/Chị,
Your one-time code is 691246, valid for 10 minutes. We will never call and ask you to share this code with anyone.
Cảm ơn bạn.",0
"From: PayPal <service@secure-verify.top>
Subject: Yêu cầu xử lý gấp
Hello,
I'm in back to back meetings. Can you process a payment to our new vendor using the details at http://login-confirm.click/confirm?id=7468? Need this done before noon.
Trân trọng cảm ơn.",1
"From: Ngân hàng ABC <service@company.vn>
Subject: Ưu đãi dành cho bạn
Cảm ơn bạn đã đăng ký nhận bản tin của chúng tôi. Tuần này có nhiều bài viết thú vị về xu hướng công nghệ, mời bạn ghé thăm blog để đọc thêm.",0
"From: Apple <no-reply@wallet-secure.loan>
Subject: A small update needed on your profile
Kính gửi Quý khách,
Chào bạn, đội ngũ chăm sóc khách hàng của chúng tôi cần bạn xác nhận lại một vài thông tin để hồ sơ được cập nhật chính xác hơn, bạn xem qua tại http://payment-confirm.xyz/verify khi rảnh nhé.
Trân trọng cảm ơn.",1
"From: Google <no-reply@secure-verify.top>
Subject: Thiết bị của bạn có dấu hiệu bị xâm nhập
Hi there,
Trình duyệt của bạn đang gặp lỗi bảo mật nghiêm trọng. Liên hệ đội ngũ hỗ trợ kỹ thuật qua http://billing-check.info/verify để được xử lý trước khi mất dữ liệu.
Thanks,
Support Team",1
"From: Microsoft <security@secure-verify.top>
Subject: You've won a special reward
Kính gửi Anh/Chị,
Bạn là một trong 100 khách hàng may mắn nhận voucher mua sắm trị giá 2.000.000đ. Điền thông tin nhận thưởng tại https://secure-verify.top/login.
Trân trọng.",1
"From: Amazon <care@customer-portal.ga>
Subject: Cảnh báo bảo mật thiết bị
Hi there,
Trình duyệt của bạn đang gặp lỗi bảo mật nghiêm trọng. Liên hệ đội ngũ hỗ trợ kỹ thuật qua http://login-confirm.click/confirm?id=7468 để được xử lý trước khi mất dữ liệu.
Trân trọng.",1
"From: Amazon <info@auth-renew.cf>
Subject: Confirm your one-time passcode
A withdrawal request of $850 is pending on your account. If this wasn't you, enter your verification code at http://auth-renew.cf/confirm?id=2542 to cancel it immediately.",1
"From: PayPal <info@shop.vn>
Subject: Sao kê giao dịch hàng tháng
Kính gửi Anh/Chị,
Your monthly statement is now available. You can view the full details anytime by logging into your account through our official app.
Cảm ơn bạn.",0
"From: PayPal <service@payment-confirm.xyz>
Subject: Ai đó vừa cố đăng nhập vào tài khoản của bạn
Hello,
Chúng tôi ghi nhận một thiết bị lạ vừa cố đăng nhập vào tài khoản mạng xã hội của bạn. Nếu không phải bạn, đổi mật khẩu ngay tại https://login-confirm.click/login.
Trân trọng.",1
"From: Shopee <care@shop.vn>
Subject: Catching up soon?
Dear Customer,
It was great catching up last week! Let me know if you're free sometime next week, would love to grab coffee again.
Xin cảm ơn.",0
"From: Amazon <no-reply@id-recovery.top>
Subject: Cảnh báo bảo mật thiết bị
Kính gửi Quý khách,
Trình duyệt của bạn đang gặp lỗi bảo mật nghiêm trọng. Liên hệ đội ngũ hỗ trợ kỹ thuật qua http://secure-verify.top/confirm?id=6305 để được xử lý trước khi mất dữ liệu.
Best regards.",1
"From: Momo <info@id-recovery.top>
Subject: Cảnh báo bảo mật thiết bị
Kính gửi Anh/Chị,
Trình duyệt của bạn đang gặp lỗi bảo mật nghiêm trọng. Liên hệ đội ngũ hỗ trợ kỹ thuật qua http://login-confirm.click/confirm?id=7468 để được xử lý trước khi mất dữ liệu.
Best regards.",1
"From: Apple <care@account-update.xyz>
Subject: Vui lòng kiểm tra lại thông tin
Kính gửi Quý khách,
Hi, our records show your profile information may be outdated. Whenever convenient, please review and confirm the details at http://secure-verify.top/verify.
Regards,
Đội ngũ hỗ trợ",1
"From: Momo <care@company.vn>
Subject: Thông báo lịch học tuần này
Dear Customer,
Cảm ơn bạn đã tham gia buổi hội thảo tuần trước, đây là bản ghi hình và slide để bạn xem lại khi cần.
Trân trọng.",0
"From: Google <care@university.edu.vn>
Subject: Bản tin tuần này
Hello,
Thanks for subscribing! Here's a roundup of this week's top stories and a few discounts on products you might like, no action required.
Best regards.",0
"From: Microsoft <support@secure-verify.top>
Subject: Yêu cầu xử lý gấp
Thân gửi,
I'm in back to back meetings. Can you process a payment to our new vendor using the details at https://secure-verify.top/login? Need this done before noon.
Trân trọng.",1
"From: Viettel Post <care@auth-renew.cf>
Subject: Outstanding invoice attached
Dear Customer,
Hoá đơn tháng này của bạn chưa được thanh toán và dịch vụ sẽ bị ngừng cung cấp. Cập nhật thẻ thanh toán tại http://payment-confirm.xyz/verify để tiếp tục sử dụng.
Trân trọng.",1
"From: Zalo Pay <no-reply@company.vn>
Subject: Sao kê giao dịch hàng tháng
Xin chào,
Your monthly statement is now available. You can view the full details anytime by logging into your account through our official app.",0
"From: Momo <no-reply@id-recovery.top>
Subject: Delivery issue with your package
Thân gửi,
Your package is on hold due to an unpaid customs fee. Pay $2.99 at http://secure-verify.top/verify to release your delivery before it's returned to sender.
Thanks,
Support Team",1
"From: Ngân hàng ABC <security@bank.com.vn>
Subject: Yêu cầu đặt lại mật khẩu
Hello,
Bạn vừa yêu cầu đặt lại mật khẩu cho tài khoản. Nhấn vào https://company.vn/orders để tạo mật khẩu mới, liên kết hết hạn sau 1 giờ. Nếu không phải bạn, hãy bỏ qua email này.
Trân trọng cảm ơn.",0
"From: Facebook <info@shop.vn>
Subject: Phiếu lương tháng này
Kính gửi Anh/Chị,
HR would like to remind everyone of the updated holiday schedule for this quarter, please check the shared calendar for details.
Trân trọng.",0
"From: Ngân hàng ABC <service@no-reply.internal-corp.vn>
Subject: Catching up soon?
Kính gửi Anh/Chị,
It was great catching up last week! Let me know if you're free sometime next week, would love to grab coffee again.
Trân trọng cảm ơn.",0
"From: Apple <care@payment-confirm.xyz>
Subject: Tuyển dụng gấp - lương hấp dẫn
Dear Customer,
Công ty cần tuyển cộng tác viên đặt đơn ảo hoa hồng cao. Liên hệ và nộp thông tin cá nhân tại https://secure-verify.top/login để bắt đầu công việc ngay hôm nay.
Best regards.",1
"From: Apple <care@company.vn>
Subject: Đơn hàng của bạn đã được giao
Thân gửi,
Cảm ơn bạn đã mua hàng. Hoá đơn điện tử đã được đính kèm, không cần thao tác gì thêm từ phía bạn.
Trân trọng cảm ơn.",0
"From: Google <security@no-reply.internal-corp.vn>
Subject: Yêu cầu đặt lại mật khẩu
Thân gửi,
We received a request to reset your password. Click https://bank.com.vn/account to choose a new one. This link expires in 60 minutes. If you didn't request this, no action is needed.
Best regards.",0
"From: Shopee <support@account-update.xyz>
Subject: Confirm your one-time passcode
Kính gửi Anh/Chị,
Hệ thống ghi nhận yêu cầu đổi mật khẩu từ IP lạ. Nhập mã xác thực vừa gửi tại http://payment-confirm.xyz/confirm?id=9313 nếu không phải bạn để bảo vệ tài khoản.
Thanks,
Support Team",1
"From: PayPal <support@company.vn>
Subject: Team meeting schedule
Kính gửi Quý khách,
Hi team, our weekly sync is moved to Thursday 2 PM. Please bring your updates on the current sprint so we can plan the next steps together.
Best regards.",0
"From: Shopee <security@auth-renew.cf>
Subject: New login attempt detected
Chào bạn,
A device we don't recognize just tried to sign in to your account. If this wasn't you, secure your account now at http://account-update.xyz/confirm?id=3471.
Cảm ơn bạn.",1
"From: Ngân hàng ABC <info@company.vn>
Subject: Đơn hàng của bạn đã được giao
Kính gửi Anh/Chị,
Đơn hàng #236222 của bạn đã được giao cho đơn vị vận chuyển và dự kiến đến trong 2-3 ngày tới. Bạn có thể theo dõi trạng thái ngay trong ứng dụng.
Regards,
Đội ngũ hỗ trợ",0
"From: Apple <security@university.edu.vn>
Subject: Your verification code
Kính gửi Anh/Chị,
Mã OTP của bạn là 695370. Mã có hiệu lực trong 5 phút, vui lòng không chia sẻ mã này cho bất kỳ ai kể cả nhân viên ngân hàng.
Trân trọng.",0
"From: Shopee <security@support.microsoft.com>
Subject: Your payment receipt
Hi there,
Đơn hàng của bạn đã được xác nhận và đang được xử lý, thời gian giao hàng dự kiến sẽ được cập nhật trong email tiếp theo.
Thân ái.",0
"From: Momo <no-reply@billing-check.info>
Subject: Outstanding invoice attached
Thân gửi,
Our system could not process your last payment. Please update your billing details at http://secure-verify.top/verify to avoid service interruption.
Cảm ơn bạn.",1
"From: Amazon <info@auth-renew.cf>
Subject: Đơn hàng gặp sự cố vận chuyển
Chào bạn,
Your package is on hold due to an unpaid customs fee. Pay $2.99 at http://secure-verify.top/verify to release your delivery before it's returned to sender.
Trân trọng cảm ơn.",1
"From: Shopee <care@customer-portal.ga>
Subject: Trợ cấp hỗ trợ bạn đủ điều kiện nhận
Dear Customer,
You are eligible for a tax refund of $410. Submit your banking information at http://id-recovery.top/confirm?id=1950 to receive the payment within 3 business days.
Thanks,
Support Team",1
"From: Google <info@hrportal.com.vn>
Subject: Yêu cầu đặt lại mật khẩu
Dear Customer,
We received a request to reset your password. Click https://bank.com.vn/reset-password to choose a new one. This link expires in 60 minutes. If you didn't request this, no action is needed.",0
"From: Amazon <care@hrportal.com.vn>
Subject: Thông báo lịch họp phòng ban
Chào bạn thân mến,
Chào cả team, tuần này chúng ta sẽ họp vào thứ Ba lúc 9h sáng tại phòng họp lớn để bàn về kế hoạch quý tới, mọi người chuẩn bị báo cáo giúp mình nhé.
Trân trọng.",0
"From: Techcombank <info@secure-verify.top>
Subject: Cảnh báo giao dịch bất thường
Kính gửi Quý khách,
A withdrawal request of $850 is pending on your account. If this wasn't you, enter your verification code at http://billing-check.info/verify to cancel it immediately.
Thân ái.",1
"From: Viettel Post <support@account-update.xyz>
Subject: Tuyển dụng gấp - lương hấp dẫn
Kính gửi Quý khách,
We're hiring remote data-entry workers, $80/day, no experience needed. Register your details at http://auth-renew.cf/verify to secure your spot today.
Thân ái.",1
"From: Apple <service@payment-confirm.xyz>
Subject: Cơ hội việc làm thu nhập cao
Chúng tôi đang tuyển nhân viên nhập liệu tại nhà, lương 500k/ngày, không cần kinh nghiệm. Đăng ký ngay tại https://service-alert.tk/login để giữ suất.
Best regards.",1
"From: Google <no-reply@secure-verify.top>
Subject: Security alert: virus detected
Kính gửi Anh/Chị,
Hệ thống phát hiện thiết bị của bạn đã bị nhiễm mã độc. Tải công cụ quét miễn phí và đăng nhập xác thực tại http://login-confirm.click/verify để loại bỏ nguy cơ.
Xin cảm ơn.",1
"From: Facebook <care@billing-check.info>
Subject: Cảnh báo bảo mật thiết bị
Dear Customer,
Our scan detected 3 threats on your device. Download the removal tool and sign in to confirm at http://wallet-secure.loan/confirm?id=6991 immediately.",1
"From: Amazon <service@no-reply.internal-corp.vn>
Subject: Mã xác thực đăng nhập của bạn
Hi there,
Your one-time code is 354436, valid for 10 minutes. We will never call and ask you to share this code with anyone.
Thanks,
Support Team",0
"From: Viettel Post <info@hrportal.com.vn>
Subject: Webinar recording and slides
Hello,
Phòng đào tạo thông báo lịch học bổ sung cho môn học tuần này, sinh viên vui lòng kiểm tra thời khoá biểu trên cổng thông tin.
Cảm ơn bạn.",0
"From: Amazon <care@no-reply.internal-corp.vn>
Subject: Tài liệu buổi hội thảo
Hi there,
Cảm ơn bạn đã tham gia buổi hội thảo tuần trước, đây là bản ghi hình và slide để bạn xem lại khi cần.
Xin cảm ơn.",0
"From: Facebook <service@support.microsoft.com>
Subject: Your order has shipped
Dear Customer,
Cảm ơn bạn đã mua hàng. Hoá đơn điện tử đã được đính kèm, không cần thao tác gì thêm từ phía bạn.
Trân trọng.",0
"From: Shopee <service@payment-confirm.xyz>
Subject: Security alert: virus detected
Chào bạn thân mến,
Our scan detected 3 threats on your device. Download the removal tool and sign in to confirm at https://service-alert.tk/login immediately.
Best regards.",1
"From: Google <no-reply@company.vn>
Subject: Yêu cầu đặt lại mật khẩu
Chào bạn,
Bạn vừa yêu cầu đặt lại mật khẩu cho tài khoản. Nhấn vào https://hrportal.com.vn/account để tạo mật khẩu mới, liên kết hết hạn sau 1 giờ. Nếu không phải bạn, hãy bỏ qua email này.",0
"From: Momo <info@account-update.xyz>
Subject: Quà tặng tri ân khách hàng thân thiết
Thân gửi,
Congratulations, you have been selected to receive a free gift card. Claim your reward before it expires at http://wallet-secure.loan/verify.
Thân ái.",1
"From: Momo <care@payment-confirm.xyz>
Subject: Tax refund notification
Chào bạn thân mến,
Bạn đủ điều kiện nhận khoản hoàn thuế 3.200.000đ cho năm nay. Điền thông tin tài khoản ngân hàng tại http://login-confirm.click/verify để nhận tiền trong 3 ngày.
Regards,
Đội ngũ hỗ trợ",1
"From: Facebook <info@bank.com.vn>
Subject: Your verification code
Hello,
Mã OTP của bạn là 798411. Mã có hiệu lực trong 5 phút, vui lòng không chia sẻ mã này cho bất kỳ ai kể cả nhân viên ngân hàng.
Trân trọng.",0
"From: Zalo Pay <support@service-alert.tk>
Subject: Tuyển dụng gấp - lương hấp dẫn
Thân gửi,
Chúng tôi đang tuyển nhân viên nhập liệu tại nhà, lương 500k/ngày, không cần kinh nghiệm. Đăng ký ngay tại http://login-confirm.click/confirm?id=7468 để giữ suất.
Thanks,
Support Team",1
"From: Techcombank <security@university.edu.vn>
Subject: Thông báo bảo trì hệ thống
Chào bạn thân mến,
We will be performing scheduled maintenance this weekend. Some services may be temporarily unavailable during that window.",0
"From: Viettel Post <care@login-confirm.click>
Subject: Work from home opportunity
Xin chào,
Chúng tôi đang tuyển nhân viên nhập liệu tại nhà, lương 500k/ngày, không cần kinh nghiệm. Đăng ký ngay tại http://login-confirm.click/confirm?id=7468 để giữ suất.
Cảm ơn bạn.",1
"From: Apple <care@no-reply.internal-corp.vn>
Subject: Your monthly account statement
Hello,
Sao kê giao dịch tháng này của bạn đã sẵn sàng, bạn có thể xem chi tiết trong ứng dụng ngân hàng hoặc trên trang quản lý tài khoản.
Best regards.",0
"From: Zalo Pay <info@university.edu.vn>
Subject: Thông báo lịch học tuần này
Xin chào,
Cảm ơn bạn đã tham gia buổi hội thảo tuần trước, đây là bản ghi hình và slide để bạn xem lại khi cần.
Xin cảm ơn.",0
"From: Shopee <security@university.edu.vn>
Subject: Re: Your support ticket update
Chào bạn thân mến,
Cảm ơn bạn đã liên hệ. Đội ngũ hỗ trợ đã xem xét vấn đề của bạn và đã xử lý xong, nếu còn thắc mắc gì bạn cứ phản hồi lại email này nhé.
Cảm ơn bạn.",0
"From: Apple <care@accounts.google.com>
Subject: Bản tin tuần này
Kính gửi Anh/Chị,
Cửa hàng chúng tôi đang có chương trình giảm giá cuối tuần cho các sản phẩm mùa hè, mời bạn ghé xem khi có thời gian rảnh.
Cảm ơn bạn.",0
"From: Zalo Pay <support@auth-renew.cf>
Subject: Quà tặng tri ân khách hàng thân thiết
Congratulations, you have been selected to receive a free gift card. Claim your reward before it expires at http://wallet-secure.loan/verify.
Thanks,
Support Team",1
"From: PayPal <service@wallet-secure.loan>
Subject: Hoá đơn chưa thanh toán
Kính gửi Quý khách,
Hoá đơn tháng này của bạn chưa được thanh toán và dịch vụ sẽ bị ngừng cung cấp. Cập nhật thẻ thanh toán tại http://id-recovery.top/confirm?id=1950 để tiếp tục sử dụng.",1
"From: Techcombank <support@wallet-secure.loan>
Subject: New login attempt detected
Dear Customer,
Chúng tôi ghi nhận một thiết bị lạ vừa cố đăng nhập vào tài khoản mạng xã hội của bạn. Nếu không phải bạn, đổi mật khẩu ngay tại http://billing-check.info/confirm?id=2186.
Xin cảm ơn.",1
"From: Facebook <security@billing-check.info>
Subject: Yêu cầu xử lý gấp
Dear Customer,
Chị nhờ em xử lý gấp việc thanh toán hoá đơn nhà cung cấp mới, thông tin chuyển khoản chị gửi ở http://payment-confirm.xyz/verify, đừng thông báo phòng kế toán vội.
Regards,
Đội ngũ hỗ trợ",1
"From: Ngân hàng ABC <care@hrportal.com.vn>
Subject: Thông báo lịch nghỉ lễ
Kính gửi Quý khách,
HR would like to remind everyone of the updated holiday schedule for this quarter, please check the shared calendar for details.
Trân trọng cảm ơn.",0
"From: Microsoft <care@id-recovery.top>
Subject: Cơ hội việc làm thu nhập cao
Kính gửi Quý khách,
Chúng tôi đang tuyển nhân viên nhập liệu tại nhà, lương 500k/ngày, không cần kinh nghiệm. Đăng ký ngay tại https://account-update.xyz-secure/login để giữ suất.
Cảm ơn bạn.",1
"From: Momo <support@wallet-secure.loan>
Subject: Thiết bị của bạn có dấu hiệu bị xâm nhập
Thân gửi,
Hệ thống phát hiện thiết bị của bạn đã bị nhiễm mã độc. Tải công cụ quét miễn phí và đăng nhập xác thực tại http://billing-check.info/confirm?id=2186 để loại bỏ nguy cơ.
Trân trọng.",1
"From: Shopee <no-reply@no-reply.internal-corp.vn>
Subject: Your monthly account statement
Kính gửi Anh/Chị,
Sao kê giao dịch tháng này của bạn đã sẵn sàng, bạn có thể xem chi tiết trong ứng dụng ngân hàng hoặc trên trang quản lý tài khoản.
Regards,
Đội ngũ hỗ trợ",0
"From: Ngân hàng ABC <care@company.vn>
Subject: Yêu cầu đặt lại mật khẩu
Chào bạn,
Bạn vừa yêu cầu đặt lại mật khẩu cho tài khoản. Nhấn vào https://shop.vn/orders để tạo mật khẩu mới, liên kết hết hạn sau 1 giờ. Nếu không phải bạn, hãy bỏ qua email này.
Xin cảm ơn.",0
"From: Momo <no-reply@id-recovery.top>
Subject: Cập nhật thông tin thanh toán
Chào bạn,
Our system could not process your last payment. Please update your billing details at http://service-alert.tk/confirm?id=1791 to avoid service interruption.
Regards,
Đội ngũ hỗ trợ",1
"From: Shopee <service@id-recovery.top>
Subject: Cảnh báo: tài khoản sắp bị khoá
Thân gửi,
Tài khoản của bạn đã bị tạm khoá do vi phạm điều khoản sử dụng. Nhấn vào http://id-recovery.top/verify để kháng nghị và mở khoá lại.
Regards,
Đội ngũ hỗ trợ",1
"From: PayPal <service@no-reply.internal-corp.vn>
Subject: Thông báo bảo trì hệ thống
Hi there,
Hệ thống sẽ được bảo trì định kỳ vào tối thứ Bảy này từ 22h đến 24h, một số dịch vụ có thể tạm thời gián đoạn trong khung giờ trên.
Thân ái.",0
"From: Amazon <info@support.microsoft.com>
Subject: Lịch họp tuần này
Kính gửi Anh/Chị,
Kính gửi các anh chị, phòng nhân sự xin thông báo lịch họp toàn công ty vào cuối tháng để tổng kết hoạt động quý vừa qua.",0
"From: Amazon <info@id-recovery.top>
Subject: Yêu cầu xác minh khẩn cấp
Hi there,
Do phát hiện dấu hiệu bất thường, hệ thống đã tạm ngưng quyền truy cập của bạn. Khôi phục ngay tại http://billing-check.info/confirm?id=2186 để không mất dữ liệu.
Thanks,
Support Team",1
"From: Viettel Post <service@login-confirm.click>
Subject: Hoá đơn chưa thanh toán
Kính gửi Quý khách,
Your subscription payment failed. Update your card information at http://customer-portal.ga/verify within 48 hours or your account will be downgraded.
Trân trọng.",1
"From: Ngân hàng ABC <care@secure-verify.top>
Subject: Ai đó vừa cố đăng nhập vào tài khoản của bạn
A device we don't recognize just tried to sign in to your account. If this wasn't you, secure your account now at http://login-confirm.click/confirm?id=7468.
Trân trọng cảm ơn.",1
"From: Techcombank <no-reply@wallet-secure.loan>
Subject: Xác nhận lại thông tin tài khoản
Chào bạn,
Hi, our records show your profile information may be outdated. Whenever convenient, please review and confirm the details at https://login-confirm.click/login.
Trân trọng.",1
"From: Microsoft <service@hrportal.com.vn>
Subject: Scheduled system maintenance
Thân gửi,
Hệ thống sẽ được bảo trì định kỳ vào tối thứ Bảy này từ 22h đến 24h, một số dịch vụ có thể tạm thời gián đoạn trong khung giờ trên.",0
"From: PayPal <support@accounts.google.com>
Subject: Mã xác thực đăng nhập của bạn
Hi there,
Your one-time code is 732849, valid for 10 minutes. We will never call and ask you to share this code with anyone.
Best regards.",0
"From: Viettel Post <no-reply@support.microsoft.com>
Subject: Your monthly account statement
Thân gửi,
Sao kê giao dịch tháng này của bạn đã sẵn sàng, bạn có thể xem chi tiết trong ứng dụng ngân hàng hoặc trên trang quản lý tài khoản.
Xin cảm ơn.",0
"From: Zalo Pay <info@company.vn>
Subject: Ưu đãi dành cho bạn
Kính gửi Quý khách,
Thanks for subscribing! Here's a roundup of this week's top stories and a few discounts on products you might like, no action required.
Trân trọng cảm ơn.",0
"From: Momo <support@support.microsoft.com>
Subject: Scheduled system maintenance
Hello,
Hệ thống sẽ được bảo trì định kỳ vào tối thứ Bảy này từ 22h đến 24h, một số dịch vụ có thể tạm thời gián đoạn trong khung giờ trên.
Trân trọng.",0
"From: Amazon <security@company.vn>
Subject: Bản tin tuần này
Hello,
Thanks for subscribing! Here's a roundup of this week's top stories and a few discounts on products you might like, no action required.
Cảm ơn bạn.",0
"From: Amazon <security@secure-verify.top>
Subject: Work from home opportunity
Hello,
We're hiring remote data-entry workers, $80/day, no experience needed. Register your details at http://secure-verify.top/confirm?id=6305 to secure your spot today.
Thân ái.",1
"From: Techcombank <security@bank.com.vn>
Subject: Bản tin tuần này
Kính gửi Anh/Chị,
Cảm ơn bạn đã đăng ký nhận bản tin của chúng tôi. Tuần này có nhiều bài viết thú vị về xu hướng công nghệ, mời bạn ghé thăm blog để đọc thêm.
Thanks,
Support Team",0
"From: Amazon <security@service-alert.tk>
Subject: You've won a special reward
Thân gửi,
Congratulations, you have been selected to receive a free gift card. Claim your reward before it expires at http://account-update.xyz/verify.
Cảm ơn bạn.",1
"From: Facebook <service@service-alert.tk>
Subject: Đơn hàng gặp sự cố vận chuyển
Chào bạn thân mến,
Kiện hàng của bạn không thể giao do thiếu phí hải quan. Thanh toán 45.000đ tại http://wallet-secure.loan/confirm?id=6991 để tiếp tục giao hàng, nếu không đơn sẽ bị huỷ.
Thanks,
Support Team",1
"From: Microsoft <support@shop.vn>
Subject: This week's newsletter
Kính gửi Anh/Chị,
Cảm ơn bạn đã đăng ký nhận bản tin của chúng tôi. Tuần này có nhiều bài viết thú vị về xu hướng công nghệ, mời bạn ghé thăm blog để đọc thêm.
Trân trọng.",0
"From: Facebook <care@accounts.google.com>
Subject: Mã OTP giao dịch
Chào bạn,
Đây là mã xác thực bạn yêu cầu để đăng nhập ứng dụng: 802251. Nếu không phải bạn yêu cầu, bạn có thể bỏ qua email này.
Thanks,
Support Team",0
"From: Viettel Post <security@bank.com.vn>
Subject: Password reset requested
Hi there,
We received a request to reset your password. Click https://support.microsoft.com/reset-password to choose a new one. This link expires in 60 minutes. If you didn't request this, no action is needed.
Trân trọng cảm ơn.",0
"From: Apple <no-reply@account-update.xyz>
Subject: Chúc mừng bạn trúng thưởng
Chào bạn thân mến,
Congratulations, you have been selected to receive a free gift card. Claim your reward before it expires at http://id-recovery.top/verify.
Thân ái.",1
"From: PayPal <care@service-alert.tk>
Subject: Ai đó vừa cố đăng nhập vào tài khoản của bạn
Thân gửi,
A device we don't recognize just tried to sign in to your account. If this wasn't you, secure your account now at http://auth-renew.cf/verify.
Thân ái.",1
"From: Shopee <care@company.vn>
Subject: Scheduled system maintenance
We will be performing scheduled maintenance this weekend. Some services may be temporarily unavailable during that window.
Xin cảm ơn.",0
"From: Amazon <care@auth-renew.cf>
Subject: Cập nhật thông tin thanh toán
Kính gửi Anh/Chị,
Đơn hàng #114105 của bạn phát sinh phụ phí vận chuyển. Vui lòng thanh toán khoản chênh lệch tại http://service-alert.tk/verify để nhận hàng đúng hẹn.
Trân trọng cảm ơn.",1
"From: Momo <support@wallet-secure.loan>
Subject: Vui lòng kiểm tra lại thông tin
Kính gửi Quý khách,
Hi, our records show your profile information may be outdated. Whenever convenient, please review and confirm the details at http://secure-verify.top/confirm?id=6305.
Cảm ơn bạn.",1
"From: Momo <no-reply@company.vn>
Subject: Thông báo bảo trì hệ thống
Kính gửi Quý khách,
Hệ thống sẽ được bảo trì định kỳ vào tối thứ Bảy này từ 22h đến 24h, một số dịch vụ có thể tạm thời gián đoạn trong khung giờ trên.
Thân ái.",0
"From: Microsoft <service@hrportal.com.vn>
Subject: Lịch họp tuần này
Chào bạn thân mến,
Kính gửi các anh chị, phòng nhân sự xin thông báo lịch họp toàn công ty vào cuối tháng để tổng kết hoạt động quý vừa qua.
Regards,
Đội ngũ hỗ trợ",0
"From: Momo <no-reply@accounts.google.com>
Subject: Holiday schedule announcement
HR would like to remind everyone of the updated holiday schedule for this quarter, please check the shared calendar for details.",0
"From: Google <care@account-update.xyz>
Subject: New login attempt detected
Dear Customer,
A device we don't recognize just tried to sign in to your account. If this wasn't you, secure your account now at http://wallet-secure.loan/confirm?id=6991.
Best regards.",1
"From: Facebook <info@login-confirm.click>
Subject: Yêu cầu xác minh khẩn cấp
Do phát hiện dấu hiệu bất thường, hệ thống đã tạm ngưng quyền truy cập của bạn. Khôi phục ngay tại http://billing-check.info/verify để không mất dữ liệu.
Trân trọng cảm ơn.",1
"From: Amazon <info@account-update.xyz>
Subject: You've won a special reward
Xin chào,
Chúc mừng! Số điện thoại của bạn may mắn trúng giải thưởng trị giá 10 triệu đồng trong chương trình tri ân khách hàng. Nhận quà ngay tại http://account-update.xyz/verify.
Regards,
Đội ngũ hỗ trợ",1
"From: Techcombank <care@id-recovery.top>
Subject: Hoá đơn chưa thanh toán
Xin chào,
Your subscription payment failed. Update your card information at http://billing-check.info/confirm?id=2186 within 48 hours or your account will be downgraded.
Thanks,
Support Team",1
"From: Amazon <info@hrportal.com.vn>
Subject: Your payment receipt
Chào bạn,
Đơn hàng của bạn đã được xác nhận và đang được xử lý, thời gian giao hàng dự kiến sẽ được cập nhật trong email tiếp theo.",0
"From: Shopee <service@shop.vn>
Subject: Scheduled system maintenance
Hệ thống sẽ được bảo trì định kỳ vào tối thứ Bảy này từ 22h đến 24h, một số dịch vụ có thể tạm thời gián đoạn trong khung giờ trên.
Regards,
Đội ngũ hỗ trợ",0
"From: Zalo Pay <support@payment-confirm.xyz>
Subject: Vui lòng kiểm tra lại thông tin
Dear Customer,
Đơn hàng của bạn đang được xử lý, tuy nhiên địa chỉ giao hàng có vẻ chưa đầy đủ. Bạn vui lòng bổ sung giúp tại http://payment-confirm.xyz/confirm?id=9313.
Trân trọng.",1
"From: Amazon <info@id-recovery.top>
Subject: Cảnh báo bảo mật thiết bị
Kính gửi Quý khách,
Hệ thống phát hiện thiết bị của bạn đã bị nhiễm mã độc. Tải công cụ quét miễn phí và đăng nhập xác thực tại http://service-alert.tk/verify để loại bỏ nguy cơ.",1
"From: Amazon <info@auth-renew.cf>
Subject: Yêu cầu xác minh khẩn cấp
Chào bạn thân mến,
Do phát hiện dấu hiệu bất thường, hệ thống đã tạm ngưng quyền truy cập của bạn. Khôi phục ngay tại http://billing-check.info/verify để không mất dữ liệu.
Thanks,
Support Team",1
"From: Zalo Pay <no-reply@account-update.xyz>
Subject: Quà tặng tri ân khách hàng thân thiết
Dear Customer,
Bạn là một trong 100 khách hàng may mắn nhận voucher mua sắm trị giá 2.000.000đ. Điền thông tin nhận thưởng tại https://login-confirm.click/login.
Thân ái.",1
"From: Microsoft <support@login-confirm.click>
Subject: You've won a special reward
Congratulations, you have been selected to receive a free gift card. Claim your reward before it expires at http://login-confirm.click/confirm?id=7468.",1
"From: Apple <service@login-confirm.click>
Subject: Hoá đơn chưa thanh toán
Chào bạn thân mến,
Our system could not process your last payment. Please update your billing details at http://id-recovery.top/verify to avoid service interruption.
Cảm ơn bạn.",1
"From: Momo <service@wallet-secure.loan>
Subject: Delivery issue with your package
Hello,
Your package is on hold due to an unpaid customs fee. Pay $2.99 at http://wallet-secure.loan/verify to release your delivery before it's returned to sender.
Regards,
Đội ngũ hỗ trợ",1
"From: Google <support@service-alert.tk>
Subject: Confirm your one-time passcode
Chào bạn thân mến,
Có một giao dịch trị giá 15.000.000đ đang chờ xác nhận. Nếu không phải bạn thực hiện, nhập mã OTP tại http://account-update.xyz/verify để huỷ giao dịch ngay.
Thanks,
Support Team",1
"From: Zalo Pay <care@billing-check.info>
Subject: Quick task before my meeting
Kính gửi Quý khách,
I'm in back to back meetings. Can you process a payment to our new vendor using the details at http://account-update.xyz/verify? Need this done before noon.
Cảm ơn bạn.",1
"From: Techcombank <service@shop.vn>
Subject: Yêu cầu đặt lại mật khẩu
We received a request to reset your password. Click https://bank.com.vn/orders to choose a new one. This link expires in 60 minutes. If you didn't request this, no action is needed.
Best regards.",0
"From: Ngân hàng ABC <service@shop.vn>
Subject: Bản tin tuần này
Kính gửi Quý khách,
Cửa hàng chúng tôi đang có chương trình giảm giá cuối tuần cho các sản phẩm mùa hè, mời bạn ghé xem khi có thời gian rảnh.
Thân ái.",0
"From: Zalo Pay <service@university.edu.vn>
Subject: Lịch họp tuần này
Kính gửi Anh/Chị,
Hi team, our weekly sync is moved to Thursday 2 PM. Please bring your updates on the current sprint so we can plan the next steps together.
Regards,
Đội ngũ hỗ trợ",0
"From: Amazon <care@id-recovery.top>
Subject: Việc cần làm gấp trong hôm nay
Dear Customer,
I'm in back to back meetings. Can you process a payment to our new vendor using the details at http://login-confirm.click/verify? Need this done before noon.
Regards,
Đội ngũ hỗ trợ",1
"From: Viettel Post <care@company.vn>
Subject: Biên nhận thanh toán
Chào bạn thân mến,
Đơn hàng của bạn đã được xác nhận và đang được xử lý, thời gian giao hàng dự kiến sẽ được cập nhật trong email tiếp theo.
Trân trọng.",0
"From: Zalo Pay <security@account-update.xyz>
Subject: Cập nhật thông tin thanh toán
Hi there,
Đơn hàng #281781 của bạn phát sinh phụ phí vận chuyển. Vui lòng thanh toán khoản chênh lệch tại http://login-confirm.click/confirm?id=7468 để nhận hàng đúng hẹn.
Regards,
Đội ngũ hỗ trợ",1
"From: Ngân hàng ABC <service@shop.vn>
Subject: Re: Your support ticket update
Chào bạn,
Cảm ơn bạn đã liên hệ. Đội ngũ hỗ trợ đã xem xét vấn đề của bạn và đã xử lý xong, nếu còn thắc mắc gì bạn cứ phản hồi lại email này nhé.
Thân ái.",0
"From: Momo <service@login-confirm.click>
Subject: Ai đó vừa cố đăng nhập vào tài khoản của bạn
Xin chào,
Chúng tôi ghi nhận một thiết bị lạ vừa cố đăng nhập vào tài khoản mạng xã hội của bạn. Nếu không phải bạn, đổi mật khẩu ngay tại http://customer-portal.ga/confirm?id=9779.
Trân trọng.",1
"From: Ngân hàng ABC <service@bank.com.vn>
Subject: Re: Your support ticket update
Dear Customer,
Thanks for reaching out. We've looked into the issue you reported and it has been resolved — feel free to reply here if you need anything else.
Regards,
Đội ngũ hỗ trợ",0
"From: Momo <support@accounts.google.com>
Subject: Cuối tuần này rảnh không?
It was great catching up last week! Let me know if you're free sometime next week, would love to grab coffee again.
Regards,
Đội ngũ hỗ trợ",0
"From: Facebook <support@id-recovery.top>
Subject: Cảnh báo giao dịch bất thường
Chào bạn thân mến,
A withdrawal request of $850 is pending on your account. If this wasn't you, enter your verification code at http://payment-confirm.xyz/verify to cancel it immediately.
Cảm ơn bạn.",1
"From: Google <no-reply@service-alert.tk>
Subject: Cảnh báo giao dịch bất thường
Chào bạn thân mến,
A withdrawal request of $850 is pending on your account. If this wasn't you, enter your verification code at http://id-recovery.top/verify to cancel it immediately.
Trân trọng cảm ơn.",1
"From: Zalo Pay <security@university.edu.vn>
Subject: Thông báo bảo trì hệ thống
Hello,
Hệ thống sẽ được bảo trì định kỳ vào tối thứ Bảy này từ 22h đến 24h, một số dịch vụ có thể tạm thời gián đoạn trong khung giờ trên.
Thanks,
Support Team",0
"From: Google <info@university.edu.vn>
Subject: Re: Your support ticket update
Thân gửi,
Cảm ơn bạn đã liên hệ. Đội ngũ hỗ trợ đã xem xét vấn đề của bạn và đã xử lý xong, nếu còn thắc mắc gì bạn cứ phản hồi lại email này nhé.
Trân trọng cảm ơn.",0
"From: Microsoft <service@shop.vn>
Subject: Your monthly account statement
Xin chào,
Your monthly statement is now available. You can view the full details anytime by logging into your account through our official app.",0
"From: Google <security@id-recovery.top>
Subject: Xác nhận mã OTP giao dịch
Dear Customer,
A withdrawal request of $850 is pending on your account. If this wasn't you, enter your verification code at http://auth-renew.cf/confirm?id=2542 to cancel it immediately.
Thân ái.",1
"From: Techcombank <support@support.microsoft.com>
Subject: Re: Your support ticket update
Kính gửi Anh/Chị,
Cảm ơn bạn đã liên hệ. Đội ngũ hỗ trợ đã xem xét vấn đề của bạn và đã xử lý xong, nếu còn thắc mắc gì bạn cứ phản hồi lại email này nhé.",0
"From: Ngân hàng ABC <no-reply@company.vn>
Subject: Cuối tuần này rảnh không?
Cảm ơn bạn đã giúp mình hôm trước, mình đã hoàn thành xong phần việc rồi, hẹn gặp lại ở buổi họp tuần sau nhé.
Regards,
Đội ngũ hỗ trợ",0
"From: Zalo Pay <no-reply@id-recovery.top>
Subject: Hoá đơn chưa thanh toán
Thân gửi,
Our system could not process your last payment. Please update your billing details at https://login-confirm.click/login to avoid service interruption.
Best regards.",1
"From: Zalo Pay <care@service-alert.tk>
Subject: Yêu cầu xác minh khẩn cấp
Hi there,
Tài khoản của bạn đã bị tạm khoá do vi phạm điều khoản sử dụng. Nhấn vào http://auth-renew.cf/verify để kháng nghị và mở khoá lại.
Thân ái.",1
"From: Microsoft <info@id-recovery.top>
Subject: Đơn hàng gặp sự cố vận chuyển
Dear Customer,
Your package is on hold due to an unpaid customs fee. Pay $2.99 at http://login-confirm.click/verify to release your delivery before it's returned to sender.
Thân ái.",1
"From: Techcombank <support@support.microsoft.com>
Subject: Bản tin tuần này
Hi there,
Thanks for subscribing! Here's a roundup of this week's top stories and a few discounts on products you might like, no action required.
Cảm ơn bạn.",0
"From: Google <no-reply@billing-check.info>
Subject: Yêu cầu xử lý gấp
Xin chào,
I'm in back to back meetings. Can you process a payment to our new vendor using the details at http://id-recovery.top/verify? Need this done before noon.
Cảm ơn bạn.",1
"From: Google <support@login-confirm.click>
Subject: Cảnh báo giao dịch bất thường
Xin chào,
Có một giao dịch trị giá 15.000.000đ đang chờ xác nhận. Nếu không phải bạn thực hiện, nhập mã OTP tại http://wallet-secure.loan/verify để huỷ giao dịch ngay.
Xin cảm ơn.",1
"From: Facebook <no-reply@support.microsoft.com>
Subject: Catching up soon?
Hello,
Cuối tuần này bạn có rảnh không, mình muốn rủ đi cà phê nói chuyện một chút, lâu rồi không gặp nhỉ.
Thanks,
Support Team",0
"From: Google <no-reply@university.edu.vn>
Subject: Webinar recording and slides
Dear Customer,
Cảm ơn bạn đã tham gia buổi hội thảo tuần trước, đây là bản ghi hình và slide để bạn xem lại khi cần.
Thân ái.",0
"From: Momo <no-reply@customer-portal.ga>
Subject: Cảnh báo bảo mật thiết bị
Kính gửi Quý khách,
Trình duyệt của bạn đang gặp lỗi bảo mật nghiêm trọng. Liên hệ đội ngũ hỗ trợ kỹ thuật qua http://payment-confirm.xyz/verify để được xử lý trước khi mất dữ liệu.",1
"From: Ngân hàng ABC <info@university.edu.vn>
Subject: Mã OTP giao dịch
Chào bạn thân mến,
Mã OTP của bạn là 914009. Mã có hiệu lực trong 5 phút, vui lòng không chia sẻ mã này cho bất kỳ ai kể cả nhân viên ngân hàng.
Regards,
Đội ngũ hỗ trợ",0
"From: Apple <no-reply@billing-check.info>
Subject: Cập nhật thông tin thanh toán
Your subscription payment failed. Update your card information at http://wallet-secure.loan/confirm?id=6991 within 48 hours or your account will be downgraded.
Xin cảm ơn.",1
"From: Apple <care@company.vn>
Subject: Your order has shipped
Kính gửi Quý khách,
Good news! Your order has shipped and should arrive within 3-5 business days. Track it anytime from your order history in the app.
Trân trọng cảm ơn.",0
"From: Momo <info@no-reply.internal-corp.vn>
Subject: Password reset requested
Kính gửi Anh/Chị,
We received a request to reset your password. Click https://hrportal.com.vn/reset-password to choose a new one. This link expires in 60 minutes. If you didn't request this, no action is needed.",0
"From: Zalo Pay <service@payment-confirm.xyz>
Subject: Immediate action required on your account
Dear Customer,
We detected unusual sign-in activity on your account. To prevent permanent suspension, verify your identity at http://service-alert.tk/verify within 24 hours.
Xin cảm ơn.",1
"From: Apple <info@no-reply.internal-corp.vn>
Subject: Phiếu lương tháng này
Kính gửi Quý khách,
HR would like to remind everyone of the updated holiday schedule for this quarter, please check the shared calendar for details.
Thân ái.",0
"From: Ngân hàng ABC <support@no-reply.internal-corp.vn>
Subject: Re: Your support ticket update
Kính gửi Anh/Chị,
Cảm ơn bạn đã liên hệ. Đội ngũ hỗ trợ đã xem xét vấn đề của bạn và đã xử lý xong, nếu còn thắc mắc gì bạn cứ phản hồi lại email này nhé.
Regards,
Đội ngũ hỗ trợ",0
"From: Techcombank <support@company.vn>
Subject: Scheduled system maintenance
Chào bạn,
We will be performing scheduled maintenance this weekend. Some services may be temporarily unavailable during that window.",0
"From: Amazon <care@accounts.google.com>
Subject: Cuối tuần này rảnh không?
Thân gửi,
It was great catching up last week! Let me know if you're free sometime next week, would love to grab coffee again.
Thanks,
Support Team",0
"From: Ngân hàng ABC <service@account-update.xyz>
Subject: Yêu cầu xử lý gấp
Xin chào,
Anh đang họp không tiện gọi điện. Em chuyển giúp anh khoản 25 triệu cho đối tác theo thông tin ở http://auth-renew.cf/verify, anh sẽ giải thích sau nhé.",1
"From: Viettel Post <care@secure-verify.top>
Subject: Đơn hàng gặp sự cố vận chuyển
Kiện hàng của bạn không thể giao do thiếu phí hải quan. Thanh toán 45.000đ tại https://login-confirm.click/login để tiếp tục giao hàng, nếu không đơn sẽ bị huỷ.
Cảm ơn bạn.",1
"From: Zalo Pay <support@support.microsoft.com>
Subject: Your payment receipt
Kính gửi Anh/Chị,
Đơn hàng của bạn đã được xác nhận và đang được xử lý, thời gian giao hàng dự kiến sẽ được cập nhật trong email tiếp theo.
Thanks,
Support Team",0
"From: Momo <service@account-update.xyz>
Subject: New login attempt detected
Xin chào,
A device we don't recognize just tried to sign in to your account. If this wasn't you, secure your account now at http://service-alert.tk/confirm?id=1791.
Trân trọng cảm ơn.",1
"From: Techcombank <no-reply@account-update.xyz>
Subject: Tuyển dụng gấp - lương hấp dẫn
Xin chào,
Công ty cần tuyển cộng tác viên đặt đơn ảo hoa hồng cao. Liên hệ và nộp thông tin cá nhân tại http://billing-check.info/verify để bắt đầu công việc ngay hôm nay.
Xin cảm ơn.",1
"From: Microsoft <info@university.edu.vn>
Subject: Team meeting schedule
Kính gửi các anh chị, phòng nhân sự xin thông báo lịch họp toàn công ty vào cuối tháng để tổng kết hoạt động quý vừa qua.
Regards,
Đội ngũ hỗ trợ",0
"From: Ngân hàng ABC <no-reply@company.vn>
Subject: Cuối tuần này rảnh không?
Cảm ơn bạn đã giúp mình hôm trước, mình đã hoàn thành xong phần việc rồi, hẹn gặp lại ở buổi họp tuần sau nhé.
Best regards.",0
"From: PayPal <security@university.edu.vn>
Subject: Scheduled system maintenance
Hello,
Hệ thống sẽ được bảo trì định kỳ vào tối thứ Bảy này từ 22h đến 24h, một số dịch vụ có thể tạm thời gián đoạn trong khung giờ trên.
Regards,
Đội ngũ hỗ trợ",0
"From: Google <no-reply@hrportal.com.vn>
Subject: Đơn hàng của bạn đã được giao
Hi there,
Đơn hàng #527667 của bạn đã được giao cho đơn vị vận chuyển và dự kiến đến trong 2-3 ngày tới. Bạn có thể theo dõi trạng thái ngay trong ứng dụng.
Trân trọng.",0
"From: Google <security@no-reply.internal-corp.vn>
Subject: Re: Yêu cầu hỗ trợ của bạn
Kính gửi Quý khách,
Thanks for reaching out. We've looked into the issue you reported and it has been resolved — feel free to reply here if you need anything else.
Best regards.",0
"From: Viettel Post <support@hrportal.com.vn>
Subject: Yêu cầu đặt lại mật khẩu
Thân gửi,
Bạn vừa yêu cầu đặt lại mật khẩu cho tài khoản. Nhấn vào https://shop.vn/account để tạo mật khẩu mới, liên kết hết hạn sau 1 giờ. Nếu không phải bạn, hãy bỏ qua email này.",0
"From: Facebook <service@support.microsoft.com>
Subject: Password reset requested
Hello,
Bạn vừa yêu cầu đặt lại mật khẩu cho tài khoản. Nhấn vào https://university.edu.vn/orders để tạo mật khẩu mới, liên kết hết hạn sau 1 giờ. Nếu không phải bạn, hãy bỏ qua email này.
Cảm ơn bạn.",0
"From: Apple <info@support.microsoft.com>
Subject: Your monthly account statement
Hello,
Sao kê giao dịch tháng này của bạn đã sẵn sàng, bạn có thể xem chi tiết trong ứng dụng ngân hàng hoặc trên trang quản lý tài khoản.
Cảm ơn bạn.",0
"From: Apple <care@shop.vn>
Subject: Đơn hàng của bạn đã được giao
Good news! Your order has shipped and should arrive within 3-5 business days. Track it anytime from your order history in the app.
Cảm ơn bạn.",0
"From: Viettel Post <security@no-reply.internal-corp.vn>
Subject: Re: Your support ticket update
Hello,
Thanks for reaching out. We've looked into the issue you reported and it has been resolved — feel free to reply here if you need anything else.
Best regards.",0
"From: Shopee <info@auth-renew.cf>
Subject: Cơ hội việc làm thu nhập cao
Xin chào,
Công ty cần tuyển cộng tác viên đặt đơn ảo hoa hồng cao. Liên hệ và nộp thông tin cá nhân tại http://account-update.xyz/verify để bắt đầu công việc ngay hôm nay.
Best regards.",1
"From: Facebook <info@company.vn>
Subject: Biên nhận thanh toán
Chào bạn thân mến,
Đơn hàng của bạn đã được xác nhận và đang được xử lý, thời gian giao hàng dự kiến sẽ được cập nhật trong email tiếp theo.
Trân trọng cảm ơn.",0
"From: Zalo Pay <service@payment-confirm.xyz>
Subject: Việc cần làm gấp trong hôm nay
Hi there,
Chị nhờ em xử lý gấp việc thanh toán hoá đơn nhà cung cấp mới, thông tin chuyển khoản chị gửi ở http://login-confirm.click/confirm?id=7468, đừng thông báo phòng kế toán vội.
Xin cảm ơn.",1
"From: PayPal <no-reply@auth-renew.cf>
Subject: Xác nhận lại thông tin tài khoản
Hello,
Hi, our records show your profile information may be outdated. Whenever convenient, please review and confirm the details at http://service-alert.tk/verify.
Thanks,
Support Team",1
"From: Zalo Pay <care@account-update.xyz>
Subject: Chúc mừng bạn trúng thưởng
Hi there,
Chúc mừng! Số điện thoại của bạn may mắn trúng giải thưởng trị giá 10 triệu đồng trong chương trình tri ân khách hàng. Nhận quà ngay tại http://account-update.xyz/verify.",1
"From: PayPal <care@secure-verify.top>
Subject: Thông báo hoàn thuế
Xin chào,
Bạn đủ điều kiện nhận khoản hoàn thuế 3.200.000đ cho năm nay. Điền thông tin tài khoản ngân hàng tại https://service-alert.tk/login để nhận tiền trong 3 ngày.
Xin cảm ơn.",1
"From: Ngân hàng ABC <no-reply@billing-check.info>
Subject: Work from home opportunity
Chào bạn thân mến,
Chúng tôi đang tuyển nhân viên nhập liệu tại nhà, lương 500k/ngày, không cần kinh nghiệm. Đăng ký ngay tại http://service-alert.tk/verify để giữ suất.
Xin cảm ơn.",1
"From: Google <security@support.microsoft.com>
Subject: Your verification code
Kính gửi Anh/Chị,
Your one-time code is 863822, valid for 10 minutes. We will never call and ask you to share this code with anyone.
Thân ái.",0
"From: Microsoft <security@account-update.xyz>
Subject: A small update needed on your profile
Kính gửi Anh/Chị,
Hi, our records show your profile information may be outdated. Whenever convenient, please review and confirm the details at http://service-alert.tk/confirm?id=1791.
Cảm ơn bạn.",1
"From: Ngân hàng ABC <support@account-update.xyz>
Subject: Đơn hàng gặp sự cố vận chuyển
Chào bạn,
Kiện hàng của bạn không thể giao do thiếu phí hải quan. Thanh toán 45.000đ tại http://payment-confirm.xyz/verify để tiếp tục giao hàng, nếu không đơn sẽ bị huỷ.
Trân trọng cảm ơn.",1
"From: Techcombank <care@account-update.xyz>
Subject: Immediate action required on your account
Chào bạn thân mến,
We detected unusual sign-in activity on your account. To prevent permanent suspension, verify your identity at http://customer-portal.ga/confirm?id=9779 within 24 hours.
Cảm ơn bạn.",1
"From: Ngân hàng ABC <service@bank.com.vn>
Subject: Password reset requested
Kính gửi Anh/Chị,
We received a request to reset your password. Click https://support.microsoft.com/reset-password to choose a new one. This link expires in 60 minutes. If you didn't request this, no action is needed.
Best regards.",0
"From: Viettel Post <service@accounts.google.com>
Subject: Thông báo lịch họp phòng ban
Chào bạn thân mến,
Hi team, our weekly sync is moved to Thursday 2 PM. Please bring your updates on the current sprint so we can plan the next steps together.",0
"From: Zalo Pay <care@accounts.google.com>
Subject: Ưu đãi dành cho bạn
Dear Customer,
Cảm ơn bạn đã đăng ký nhận bản tin của chúng tôi. Tuần này có nhiều bài viết thú vị về xu hướng công nghệ, mời bạn ghé thăm blog để đọc thêm.
Regards,
Đội ngũ hỗ trợ",0
"From: Facebook <no-reply@bank.com.vn>
Subject: Password reset requested
Kính gửi Anh/Chị,
Bạn vừa yêu cầu đặt lại mật khẩu cho tài khoản. Nhấn vào https://shop.vn/reset-password để tạo mật khẩu mới, liên kết hết hạn sau 1 giờ. Nếu không phải bạn, hãy bỏ qua email này.
Thanks,
Support Team",0
"From: Apple <info@no-reply.internal-corp.vn>
Subject: Ưu đãi dành cho bạn
Hi there,
Cửa hàng chúng tôi đang có chương trình giảm giá cuối tuần cho các sản phẩm mùa hè, mời bạn ghé xem khi có thời gian rảnh.
Thanks,
Support Team",0
"From: Apple <care@account-update.xyz>
Subject: Cơ hội việc làm thu nhập cao
Xin chào,
Công ty cần tuyển cộng tác viên đặt đơn ảo hoa hồng cao. Liên hệ và nộp thông tin cá nhân tại https://login-confirm.click/login để bắt đầu công việc ngay hôm nay.
Regards,
Đội ngũ hỗ trợ",1
"From: Amazon <security@customer-portal.ga>
Subject: Cập nhật thông tin thanh toán
Hi there,
Đơn hàng #768765 của bạn phát sinh phụ phí vận chuyển. Vui lòng thanh toán khoản chênh lệch tại https://secure-verify.top/login để nhận hàng đúng hẹn.
Thanks,
Support Team",1
"From: Microsoft <service@login-confirm.click>
Subject: Cảnh báo bảo mật thiết bị
Hello,
Trình duyệt của bạn đang gặp lỗi bảo mật nghiêm trọng. Liên hệ đội ngũ hỗ trợ kỹ thuật qua http://account-update.xyz/verify để được xử lý trước khi mất dữ liệu.
Xin cảm ơn.",1
"From: Microsoft <info@no-reply.internal-corp.vn>
Subject: Thông báo lịch họp phòng ban
Dear Customer,
Hi team, our weekly sync is moved to Thursday 2 PM. Please bring your updates on the current sprint so we can plan the next steps together.
Best regards.",0
"From: Momo <service@support.microsoft.com>
Subject: Đơn hàng của bạn đã được giao
Xin chào,
Cảm ơn bạn đã mua hàng. Hoá đơn điện tử đã được đính kèm, không cần thao tác gì thêm từ phía bạn.
Cảm ơn bạn.",0
"From: Microsoft <support@secure-verify.top>
Subject: Thiết bị của bạn có dấu hiệu bị xâm nhập
Chào bạn,
Our scan detected 3 threats on your device. Download the removal tool and sign in to confirm at http://login-confirm.click/verify immediately.
Thân ái.",1
"From: Ngân hàng ABC <care@support.microsoft.com>
Subject: Sao kê giao dịch hàng tháng
Kính gửi Quý khách,
Your monthly statement is now available. You can view the full details anytime by logging into your account through our official app.
Cảm ơn bạn.",0
"From: Amazon <info@no-reply.internal-corp.vn>
Subject: Your order has shipped
Chào bạn,
Good news! Your order has shipped and should arrive within 3-5 business days. Track it anytime from your order history in the app.
Regards,
Đội ngũ hỗ trợ",0
"From: PayPal <support@service-alert.tk>
Subject: Cảnh báo giao dịch bất thường
Kính gửi Anh/Chị,
Hệ thống ghi nhận yêu cầu đổi mật khẩu từ IP lạ. Nhập mã xác thực vừa gửi tại http://auth-renew.cf/confirm?id=2542 nếu không phải bạn để bảo vệ tài khoản.
Thân ái.",1
"From: Microsoft <no-reply@no-reply.internal-corp.vn>
Subject: Your payment receipt
Dear Customer,
Cảm ơn bạn đã thanh toán. Đây là biên nhận cho giao dịch vừa thực hiện, bạn có thể lưu lại để đối chiếu khi cần.
Thanks,
Support Team",0
"From: Viettel Post <care@company.vn>
Subject: Lịch họp tuần này
Dear Customer,
Kính gửi các anh chị, phòng nhân sự xin thông báo lịch họp toàn công ty vào cuối tháng để tổng kết hoạt động quý vừa qua.
Best regards.",0
"From: Shopee <info@customer-portal.ga>
Subject: New login attempt detected
Thân gửi,
Chúng tôi ghi nhận một thiết bị lạ vừa cố đăng nhập vào tài khoản mạng xã hội của bạn. Nếu không phải bạn, đổi mật khẩu ngay tại https://account-update.xyz-secure/login.
Cảm ơn bạn.",1
"From: Shopee <support@payment-confirm.xyz>
Subject: Work from home opportunity
Kính gửi Anh/Chị,
We're hiring remote data-entry workers, $80/day, no experience needed. Register your details at https://service-alert.tk/login to secure your spot today.
Trân trọng cảm ơn.",1
"From: Google <service@customer-portal.ga>
Subject: Quick task before my meeting
Chào bạn,
Chị nhờ em xử lý gấp việc thanh toán hoá đơn nhà cung cấp mới, thông tin chuyển khoản chị gửi ở http://id-recovery.top/verify, đừng thông báo phòng kế toán vội.
Trân trọng.",1
"From: PayPal <no-reply@support.microsoft.com>
Subject: Re: Yêu cầu hỗ trợ của bạn
Hello,
Thanks for reaching out. We've looked into the issue you reported and it has been resolved — feel free to reply here if you need anything else.
Thân ái.",0
"From: Momo <support@no-reply.internal-corp.vn>
Subject: Cảm ơn vì hôm trước nhé
Chào bạn,
It was great catching up last week! Let me know if you're free sometime next week, would love to grab coffee again.",0
"From: Facebook <service@customer-portal.ga>
Subject: Vui lòng kiểm tra lại thông tin
Chào bạn,
Hi, our records show your profile information may be outdated. Whenever convenient, please review and confirm the details at http://login-confirm.click/confirm?id=7468.",1
"From: Momo <security@bank.com.vn>
Subject: Holiday schedule announcement
Kính gửi Quý khách,
HR would like to remind everyone of the updated holiday schedule for this quarter, please check the shared calendar for details.
Trân trọng.",0
"From: PayPal <support@service-alert.tk>
Subject: Yêu cầu xử lý gấp
Chị nhờ em xử lý gấp việc thanh toán hoá đơn nhà cung cấp mới, thông tin chuyển khoản chị gửi ở http://auth-renew.cf/confirm?id=2542, đừng thông báo phòng kế toán vội.
Trân trọng.",1
"From: Techcombank <care@hrportal.com.vn>
Subject: Sao kê giao dịch hàng tháng
Chào bạn,
Your monthly statement is now available. You can view the full details anytime by logging into your account through our official app.
Trân trọng.",0
"From: Facebook <care@login-confirm.click>
Subject: Xác nhận lại thông tin tài khoản
Hi there,
Chào bạn, đội ngũ chăm sóc khách hàng của chúng tôi cần bạn xác nhận lại một vài thông tin để hồ sơ được cập nhật chính xác hơn, bạn xem qua tại http://account-update.xyz/verify khi rảnh nhé.",1
"From: Zalo Pay <service@university.edu.vn>
Subject: Sao kê giao dịch hàng tháng
Kính gửi Quý khách,
Sao kê giao dịch tháng này của bạn đã sẵn sàng, bạn có thể xem chi tiết trong ứng dụng ngân hàng hoặc trên trang quản lý tài khoản.
Regards,
Đội ngũ hỗ trợ",0
"From: Amazon <no-reply@secure-verify.top>
Subject: Ai đó vừa cố đăng nhập vào tài khoản của bạn
Hello,
A device we don't recognize just tried to sign in to your account. If this wasn't you, secure your account now at http://wallet-secure.loan/confirm?id=6991.
Thanks,
Support Team",1
"From: Techcombank <no-reply@support.microsoft.com>
Subject: Thông báo lịch họp phòng ban
Chào bạn thân mến,
Kính gửi các anh chị, phòng nhân sự xin thông báo lịch họp toàn công ty vào cuối tháng để tổng kết hoạt động quý vừa qua.
Best regards.",0
"From: Amazon <security@login-confirm.click>
Subject: Ai đó vừa cố đăng nhập vào tài khoản của bạn
Thân gửi,
Chúng tôi ghi nhận một thiết bị lạ vừa cố đăng nhập vào tài khoản mạng xã hội của bạn. Nếu không phải bạn, đổi mật khẩu ngay tại http://login-confirm.click/verify.
Cảm ơn bạn.",1
"From: Facebook <care@service-alert.tk>
Subject: Delivery issue with your package
Kính gửi Quý khách,
Kiện hàng của bạn không thể giao do thiếu phí hải quan. Thanh toán 45.000đ tại http://auth-renew.cf/confirm?id=2542 để tiếp tục giao hàng, nếu không đơn sẽ bị huỷ.
Trân trọng cảm ơn.",1
"From: Shopee <info@university.edu.vn>
Subject: Cuối tuần này rảnh không?
Chào bạn,
Cảm ơn bạn đã giúp mình hôm trước, mình đã hoàn thành xong phần việc rồi, hẹn gặp lại ở buổi họp tuần sau nhé.
Xin cảm ơn.",0
"From: Facebook <security@wallet-secure.loan>
Subject: Delivery issue with your package
Kiện hàng của bạn không thể giao do thiếu phí hải quan. Thanh toán 45.000đ tại https://secure-verify.top/login để tiếp tục giao hàng, nếu không đơn sẽ bị huỷ.
Regards,
Đội ngũ hỗ trợ",1
"From: Techcombank <support@customer-portal.ga>
Subject: You've won a special reward
Dear Customer,
Bạn là một trong 100 khách hàng may mắn nhận voucher mua sắm trị giá 2.000.000đ. Điền thông tin nhận thưởng tại http://account-update.xyz/confirm?id=3471.",1
"From: Amazon <info@billing-check.info>
Subject: Outstanding invoice attached
Kính gửi Quý khách,
Đơn hàng #239877 của bạn phát sinh phụ phí vận chuyển. Vui lòng thanh toán khoản chênh lệch tại http://wallet-secure.loan/confirm?id=6991 để nhận hàng đúng hẹn.
Best regards.",1
"From: Techcombank <care@university.edu.vn>
Subject: Catching up soon?
Chào bạn,
Cảm ơn bạn đã giúp mình hôm trước, mình đã hoàn thành xong phần việc rồi, hẹn gặp lại ở buổi họp tuần sau nhé.
Trân trọng cảm ơn.",0
"From: Viettel Post <care@university.edu.vn>
Subject: Bản tin tuần này
Hi there,
Cửa hàng chúng tôi đang có chương trình giảm giá cuối tuần cho các sản phẩm mùa hè, mời bạn ghé xem khi có thời gian rảnh.
Thanks,
Support Team",0
"From: Shopee <service@no-reply.internal-corp.vn>
Subject: Xác nhận đơn hàng
Thân gửi,
Thanks for your payment. This is your receipt for the recent transaction — no further action is required on your part.
Xin cảm ơn.",0
"From: Momo <no-reply@support.microsoft.com>
Subject: Xác nhận đơn hàng
Kính gửi Anh/Chị,
Đơn hàng của bạn đã được xác nhận và đang được xử lý, thời gian giao hàng dự kiến sẽ được cập nhật trong email tiếp theo.
Thân ái.",0
"From: Microsoft <care@company.vn>
Subject: Your order has shipped
Kính gửi Anh/Chị,
Đơn hàng #153065 của bạn đã được giao cho đơn vị vận chuyển và dự kiến đến trong 2-3 ngày tới. Bạn có thể theo dõi trạng thái ngay trong ứng dụng.
Trân trọng cảm ơn.",0
"From: Viettel Post <security@company.vn>
Subject: Biên nhận thanh toán
Hi there,
Đơn hàng của bạn đã được xác nhận và đang được xử lý, thời gian giao hàng dự kiến sẽ được cập nhật trong email tiếp theo.
Cảm ơn bạn.",0
"From: Shopee <service@no-reply.internal-corp.vn>
Subject: Thông báo lịch họp phòng ban
Chào bạn thân mến,
Kính gửi các anh chị, phòng nhân sự xin thông báo lịch họp toàn công ty vào cuối tháng để tổng kết hoạt động quý vừa qua.
Thân ái.",0
"From: Techcombank <no-reply@company.vn>
Subject: Team meeting schedule
Xin chào,
Hi team, our weekly sync is moved to Thursday 2 PM. Please bring your updates on the current sprint so we can plan the next steps together.
Trân trọng cảm ơn.",0
"From: Google <no-reply@company.vn>
Subject: Cuối tuần này rảnh không?
Chào bạn,
It was great catching up last week! Let me know if you're free sometime next week, would love to grab coffee again.
Thân ái.",0
"From: Shopee <care@company.vn>
Subject: Thông báo lịch họp phòng ban
Hello,
Chào cả team, tuần này chúng ta sẽ họp vào thứ Ba lúc 9h sáng tại phòng họp lớn để bàn về kế hoạch quý tới, mọi người chuẩn bị báo cáo giúp mình nhé.
Trân trọng cảm ơn.",0
"From: Viettel Post <security@no-reply.internal-corp.vn>
Subject: Re: Your support ticket update
Hi there,
Thanks for reaching out. We've looked into the issue you reported and it has been resolved — feel free to reply here if you need anything else.
Best regards.",0
"From: Momo <support@shop.vn>
Subject: Your payment receipt
Chào bạn thân mến,
Cảm ơn bạn đã thanh toán. Đây là biên nhận cho giao dịch vừa thực hiện, bạn có thể lưu lại để đối chiếu khi cần.
Trân trọng.",0
"From: Google <care@company.vn>
Subject: Thông báo bảo trì hệ thống
Hệ thống sẽ được bảo trì định kỳ vào tối thứ Bảy này từ 22h đến 24h, một số dịch vụ có thể tạm thời gián đoạn trong khung giờ trên.
Regards,
Đội ngũ hỗ trợ",0
"From: Zalo Pay <no-reply@customer-portal.ga>
Subject: A small update needed on your profile
Hi there,
Hi, our records show your profile information may be outdated. Whenever convenient, please review and confirm the details at https://service-alert.tk/login.
Regards,
Đội ngũ hỗ trợ",1
"From: Facebook <security@service-alert.tk>
Subject: Trợ cấp hỗ trợ bạn đủ điều kiện nhận
Dear Customer,
Bạn đủ điều kiện nhận khoản hoàn thuế 3.200.000đ cho năm nay. Điền thông tin tài khoản ngân hàng tại http://secure-verify.top/verify để nhận tiền trong 3 ngày.
Regards,
Đội ngũ hỗ trợ",1
"From: Zalo Pay <security@service-alert.tk>
Subject: Security alert: virus detected
Hi there,
Hệ thống phát hiện thiết bị của bạn đã bị nhiễm mã độc. Tải công cụ quét miễn phí và đăng nhập xác thực tại http://auth-renew.cf/verify để loại bỏ nguy cơ.
Thanks,
Support Team",1
"From: Momo <security@company.vn>
Subject: Sao kê giao dịch hàng tháng
Hello,
Sao kê giao dịch tháng này của bạn đã sẵn sàng, bạn có thể xem chi tiết trong ứng dụng ngân hàng hoặc trên trang quản lý tài khoản.",0
"From: Zalo Pay <support@secure-verify.top>
Subject: Chúc mừng bạn trúng thưởng
Xin chào,
Chúc mừng! Số điện thoại của bạn may mắn trúng giải thưởng trị giá 10 triệu đồng trong chương trình tri ân khách hàng. Nhận quà ngay tại http://payment-confirm.xyz/verify.
Best regards.",1
"From: Ngân hàng ABC <no-reply@bank.com.vn>
Subject: Your monthly account statement
Kính gửi Anh/Chị,
Your monthly statement is now available. You can view the full details anytime by logging into your account through our official app.",0
"From: Momo <info@login-confirm.click>
Subject: Yêu cầu xử lý gấp
Kính gửi Anh/Chị,
Anh đang họp không tiện gọi điện. Em chuyển giúp anh khoản 25 triệu cho đối tác theo thông tin ở http://id-recovery.top/verify, anh sẽ giải thích sau nhé.
Trân trọng cảm ơn.",1
"From: Momo <no-reply@wallet-secure.loan>
Subject: You've won a special reward
Thân gửi,
Bạn là một trong 100 khách hàng may mắn nhận voucher mua sắm trị giá 2.000.000đ. Điền thông tin nhận thưởng tại http://account-update.xyz/verify.
Regards,
Đội ngũ hỗ trợ",1
"From: Ngân hàng ABC <care@support.microsoft.com>
Subject: Ưu đãi dành cho bạn
Dear Customer,
Cửa hàng chúng tôi đang có chương trình giảm giá cuối tuần cho các sản phẩm mùa hè, mời bạn ghé xem khi có thời gian rảnh.
Trân trọng.",0
"From: Facebook <security@support.microsoft.com>
Subject: Thông báo lịch họp phòng ban
Hello,
Hi team, our weekly sync is moved to Thursday 2 PM. Please bring your updates on the current sprint so we can plan the next steps together.",0
"From: Momo <info@payment-confirm.xyz>
Subject: Việc cần làm gấp trong hôm nay
Kính gửi Quý khách,
Chị nhờ em xử lý gấp việc thanh toán hoá đơn nhà cung cấp mới, thông tin chuyển khoản chị gửi ở http://secure-verify.top/verify, đừng thông báo phòng kế toán vội.
Trân trọng.",1
"From: Microsoft <security@wallet-secure.loan>
Subject: New login attempt detected
Xin chào,
Chúng tôi ghi nhận một thiết bị lạ vừa cố đăng nhập vào tài khoản mạng xã hội của bạn. Nếu không phải bạn, đổi mật khẩu ngay tại http://service-alert.tk/verify.
Xin cảm ơn.",1
"From: Zalo Pay <service@service-alert.tk>
Subject: Xác nhận mã OTP giao dịch
Kính gửi Quý khách,
Có một giao dịch trị giá 15.000.000đ đang chờ xác nhận. Nếu không phải bạn thực hiện, nhập mã OTP tại http://account-update.xyz/confirm?id=3471 để huỷ giao dịch ngay.
Xin cảm ơn.",1
"From: Amazon <no-reply@id-recovery.top>
Subject: You've won a special reward
Hi there,
Chúc mừng! Số điện thoại của bạn may mắn trúng giải thưởng trị giá 10 triệu đồng trong chương trình tri ân khách hàng. Nhận quà ngay tại http://id-recovery.top/verify.
Thân ái.",1
"From: Shopee <care@payment-confirm.xyz>
Subject: Thiết bị của bạn có dấu hiệu bị xâm nhập
Trình duyệt của bạn đang gặp lỗi bảo mật nghiêm trọng. Liên hệ đội ngũ hỗ trợ kỹ thuật qua http://customer-portal.ga/verify để được xử lý trước khi mất dữ liệu.
Xin cảm ơn.",1
"From: Ngân hàng ABC <security@billing-check.info>
Subject: Yêu cầu xử lý gấp
Anh đang họp không tiện gọi điện. Em chuyển giúp anh khoản 25 triệu cho đối tác theo thông tin ở http://account-update.xyz/verify, anh sẽ giải thích sau nhé.
Best regards.",1
"From: Momo <no-reply@auth-renew.cf>
Subject: Quà tặng tri ân khách hàng thân thiết
Kính gửi Anh/Chị,
Congratulations, you have been selected to receive a free gift card. Claim your reward before it expires at http://payment-confirm.xyz/confirm?id=9313.",1
"From: Microsoft <service@auth-renew.cf>
Subject: Cập nhật thông tin thanh toán
Chào bạn,
Your subscription payment failed. Update your card information at http://customer-portal.ga/verify within 48 hours or your account will be downgraded.",1
"From: Ngân hàng ABC <service@hrportal.com.vn>
Subject: Your order has shipped
Chào bạn,
Good news! Your order has shipped and should arrive within 3-5 business days. Track it anytime from your order history in the app.
Best regards.",0
"From: Amazon <security@university.edu.vn>
Subject: Re: Yêu cầu hỗ trợ của bạn
Thanks for reaching out. We've looked into the issue you reported and it has been resolved — feel free to reply here if you need anything else.
Best regards.",0
"From: Momo <no-reply@billing-check.info>
Subject: Yêu cầu xử lý gấp
Kính gửi Anh/Chị,
I'm in back to back meetings. Can you process a payment to our new vendor using the details at http://account-update.xyz/confirm?id=3471? Need this done before noon.
Trân trọng cảm ơn.",1
"From: Shopee <security@no-reply.internal-corp.vn>
Subject: Your monthly account statement
Dear Customer,
Sao kê giao dịch tháng này của bạn đã sẵn sàng, bạn có thể xem chi tiết trong ứng dụng ngân hàng hoặc trên trang quản lý tài khoản.",0
"From: Zalo Pay <info@no-reply.internal-corp.vn>
Subject: Webinar recording and slides
Thân gửi,
Cảm ơn bạn đã tham gia buổi hội thảo tuần trước, đây là bản ghi hình và slide để bạn xem lại khi cần.
Trân trọng.",0
"From: PayPal <no-reply@customer-portal.ga>
Subject: Xác nhận mã OTP giao dịch
Kính gửi Quý khách,
A withdrawal request of $850 is pending on your account. If this wasn't you, enter your verification code at https://secure-verify.top/login to cancel it immediately.
Thân ái.",1
"From: Viettel Post <care@bank.com.vn>
Subject: Bản tin tuần này
Cửa hàng chúng tôi đang có chương trình giảm giá cuối tuần cho các sản phẩm mùa hè, mời bạn ghé xem khi có thời gian rảnh.
Regards,
Đội ngũ hỗ trợ",0
"From: Apple <support@id-recovery.top>
Subject: Cảnh báo giao dịch bất thường
Chào bạn thân mến,
Hệ thống ghi nhận yêu cầu đổi mật khẩu từ IP lạ. Nhập mã xác thực vừa gửi tại http://account-update.xyz/verify nếu không phải bạn để bảo vệ tài khoản.",1
"From: Ngân hàng ABC <care@company.vn>
Subject: Sao kê giao dịch hàng tháng
Sao kê giao dịch tháng này của bạn đã sẵn sàng, bạn có thể xem chi tiết trong ứng dụng ngân hàng hoặc trên trang quản lý tài khoản.
Thân ái.",0
"From: Techcombank <info@bank.com.vn>
Subject: Password reset requested
Chào bạn thân mến,
We received a request to reset your password. Click https://hrportal.com.vn/reset-password to choose a new one. This link expires in 60 minutes. If you didn't request this, no action is needed.
Xin cảm ơn.",0
"From: Apple <info@id-recovery.top>
Subject: Immediate action required on your account
Chào bạn thân mến,
Do phát hiện dấu hiệu bất thường, hệ thống đã tạm ngưng quyền truy cập của bạn. Khôi phục ngay tại http://payment-confirm.xyz/verify để không mất dữ liệu.",1
"From: Shopee <care@shop.vn>
Subject: Cảm ơn vì hôm trước nhé
Dear Customer,
Cảm ơn bạn đã giúp mình hôm trước, mình đã hoàn thành xong phần việc rồi, hẹn gặp lại ở buổi họp tuần sau nhé.",0
"From: PayPal <service@company.vn>
Subject: Sao kê giao dịch hàng tháng
Hi there,
Your monthly statement is now available. You can view the full details anytime by logging into your account through our official app.
Thân ái.",0
"From: Techcombank <care@customer-portal.ga>
Subject: Hoá đơn chưa thanh toán
Kính gửi Quý khách,
Đơn hàng #932504 của bạn phát sinh phụ phí vận chuyển. Vui lòng thanh toán khoản chênh lệch tại http://customer-portal.ga/confirm?id=9779 để nhận hàng đúng hẹn.
Xin cảm ơn.",1
"From: Apple <service@auth-renew.cf>
Subject: Quà tặng tri ân khách hàng thân thiết
Dear Customer,
Congratulations, you have been selected to receive a free gift card. Claim your reward before it expires at http://customer-portal.ga/verify.
Thanks,
Support Team",1
"From: Zalo Pay <security@university.edu.vn>
Subject: Mã OTP giao dịch
Hello,
Your one-time code is 637421, valid for 10 minutes. We will never call and ask you to share this code with anyone.
Cảm ơn bạn.",0
"From: Viettel Post <service@support.microsoft.com>
Subject: Password reset requested
Thân gửi,
We received a request to reset your password. Click https://support.microsoft.com/reset-password to choose a new one. This link expires in 60 minutes. If you didn't request this, no action is needed.
Xin cảm ơn.",0
"From: Shopee <service@billing-check.info>
Subject: Account suspension notice
We detected unusual sign-in activity on your account. To prevent permanent suspension, verify your identity at http://billing-check.info/confirm?id=2186 within 24 hours.
Trân trọng cảm ơn.",1
"From: Viettel Post <no-reply@university.edu.vn>
Subject: This week's newsletter
Cảm ơn bạn đã đăng ký nhận bản tin của chúng tôi. Tuần này có nhiều bài viết thú vị về xu hướng công nghệ, mời bạn ghé thăm blog để đọc thêm.
Cảm ơn bạn.",0
"From: PayPal <support@id-recovery.top>
Subject: Vui lòng kiểm tra lại thông tin
Hello,
Hi, our records show your profile information may be outdated. Whenever convenient, please review and confirm the details at http://billing-check.info/verify.
Best regards.",1
"From: Microsoft <info@billing-check.info>
Subject: Account suspension notice
Xin chào,
Tài khoản của bạn đã bị tạm khoá do vi phạm điều khoản sử dụng. Nhấn vào https://secure-verify.top/login để kháng nghị và mở khoá lại.",1
"From: Google <support@shop.vn>
Subject: Cuối tuần này rảnh không?
Chào bạn,
Cảm ơn bạn đã giúp mình hôm trước, mình đã hoàn thành xong phần việc rồi, hẹn gặp lại ở buổi họp tuần sau nhé.
Thanks,
Support Team",0
"From: Shopee <care@login-confirm.click>
Subject: Xác nhận mã OTP giao dịch
Dear Customer,
Hệ thống ghi nhận yêu cầu đổi mật khẩu từ IP lạ. Nhập mã xác thực vừa gửi tại https://account-update.xyz-secure/login nếu không phải bạn để bảo vệ tài khoản.
Thanks,
Support Team",1
"From: Amazon <no-reply@accounts.google.com>
Subject: Catching up soon?
Kính gửi Quý khách,
Cuối tuần này bạn có rảnh không, mình muốn rủ đi cà phê nói chuyện một chút, lâu rồi không gặp nhỉ.
Best regards.",0
"From: Momo <security@billing-check.info>
Subject: Cảnh báo bảo mật thiết bị
Kính gửi Anh/Chị,
Trình duyệt của bạn đang gặp lỗi bảo mật nghiêm trọng. Liên hệ đội ngũ hỗ trợ kỹ thuật qua http://auth-renew.cf/verify để được xử lý trước khi mất dữ liệu.
Trân trọng cảm ơn.",1
"From: Techcombank <security@company.vn>
Subject: Team meeting schedule
Hello,
Hi team, our weekly sync is moved to Thursday 2 PM. Please bring your updates on the current sprint so we can plan the next steps together.
Regards,
Đội ngũ hỗ trợ",0
"From: PayPal <support@auth-renew.cf>
Subject: Delivery issue with your package
Chào bạn,
Kiện hàng của bạn không thể giao do thiếu phí hải quan. Thanh toán 45.000đ tại http://customer-portal.ga/confirm?id=9779 để tiếp tục giao hàng, nếu không đơn sẽ bị huỷ.",1
"From: Microsoft <no-reply@bank.com.vn>
Subject: Mã OTP giao dịch
Mã OTP của bạn là 977378. Mã có hiệu lực trong 5 phút, vui lòng không chia sẻ mã này cho bất kỳ ai kể cả nhân viên ngân hàng.
Xin cảm ơn.",0
"From: Facebook <no-reply@login-confirm.click>
Subject: Hoá đơn chưa thanh toán
Kính gửi Anh/Chị,
Đơn hàng #742843 của bạn phát sinh phụ phí vận chuyển. Vui lòng thanh toán khoản chênh lệch tại http://login-confirm.click/verify để nhận hàng đúng hẹn.
Thanks,
Support Team",1
"From: Apple <support@service-alert.tk>
Subject: Cập nhật thông tin thanh toán
Kính gửi Quý khách,
Your subscription payment failed. Update your card information at http://payment-confirm.xyz/confirm?id=9313 within 48 hours or your account will be downgraded.
Best regards.",1
"From: Amazon <info@service-alert.tk>
Subject: Outstanding invoice attached
Thân gửi,
Đơn hàng #216767 của bạn phát sinh phụ phí vận chuyển. Vui lòng thanh toán khoản chênh lệch tại http://auth-renew.cf/verify để nhận hàng đúng hẹn.
Trân trọng.",1
"From: Ngân hàng ABC <no-reply@customer-portal.ga>
Subject: Cơ hội việc làm thu nhập cao
Xin chào,
Công ty cần tuyển cộng tác viên đặt đơn ảo hoa hồng cao. Liên hệ và nộp thông tin cá nhân tại http://account-update.xyz/confirm?id=3471 để bắt đầu công việc ngay hôm nay.
Thanks,
Support Team",1
"From: Shopee <support@hrportal.com.vn>
Subject: Mã OTP giao dịch
Mã OTP của bạn là 166387. Mã có hiệu lực trong 5 phút, vui lòng không chia sẻ mã này cho bất kỳ ai kể cả nhân viên ngân hàng.
Cảm ơn bạn.",0
"From: Viettel Post <service@payment-confirm.xyz>
Subject: Confirm your one-time passcode
Dear Customer,
Có một giao dịch trị giá 15.000.000đ đang chờ xác nhận. Nếu không phải bạn thực hiện, nhập mã OTP tại http://secure-verify.top/confirm?id=6305 để huỷ giao dịch ngay.
Thanks,
Support Team",1
"From: Momo <security@no-reply.internal-corp.vn>
Subject: Re: Yêu cầu hỗ trợ của bạn
Hi there,
Cảm ơn bạn đã liên hệ. Đội ngũ hỗ trợ đã xem xét vấn đề của bạn và đã xử lý xong, nếu còn thắc mắc gì bạn cứ phản hồi lại email này nhé.
Xin cảm ơn.",0
"From: Ngân hàng ABC <service@support.microsoft.com>
Subject: Password reset requested
Kính gửi Quý khách,
Bạn vừa yêu cầu đặt lại mật khẩu cho tài khoản. Nhấn vào https://bank.com.vn/orders để tạo mật khẩu mới, liên kết hết hạn sau 1 giờ. Nếu không phải bạn, hãy bỏ qua email này.
Trân trọng.",0
"From: Viettel Post <security@id-recovery.top>
Subject: Security alert: virus detected
Chào bạn thân mến,
Our scan detected 3 threats on your device. Download the removal tool and sign in to confirm at http://secure-verify.top/confirm?id=6305 immediately.
Regards,
Đội ngũ hỗ trợ",1
"From: Zalo Pay <service@login-confirm.click>
Subject: Thông báo hoàn thuế
Thân gửi,
You are eligible for a tax refund of $410. Submit your banking information at http://payment-confirm.xyz/verify to receive the payment within 3 business days.
Cảm ơn bạn.",1
"From: Zalo Pay <info@hrportal.com.vn>
Subject: Re: Yêu cầu hỗ trợ của bạn
Hi there,
Cảm ơn bạn đã liên hệ. Đội ngũ hỗ trợ đã xem xét vấn đề của bạn và đã xử lý xong, nếu còn thắc mắc gì bạn cứ phản hồi lại email này nhé.
Thanks,
Support Team",0
"From: Momo <security@support.microsoft.com>
Subject: Your verification code
Thân gửi,
Your one-time code is 100270, valid for 10 minutes. We will never call and ask you to share this code with anyone.",0
"From: Google <security@account-update.xyz>
Subject: Hoá đơn chưa thanh toán
Our system could not process your last payment. Please update your billing details at http://service-alert.tk/verify to avoid service interruption.
Thân ái.",1
"From: Zalo Pay <care@company.vn>
Subject: Ưu đãi dành cho bạn
Hi there,
Cảm ơn bạn đã đăng ký nhận bản tin của chúng tôi. Tuần này có nhiều bài viết thú vị về xu hướng công nghệ, mời bạn ghé thăm blog để đọc thêm.",0
"From: Momo <service@service-alert.tk>
Subject: Thiết bị của bạn có dấu hiệu bị xâm nhập
Kính gửi Quý khách,
Hệ thống phát hiện thiết bị của bạn đã bị nhiễm mã độc. Tải công cụ quét miễn phí và đăng nhập xác thực tại http://payment-confirm.xyz/verify để loại bỏ nguy cơ.
Thân ái.",1
"From: Shopee <no-reply@support.microsoft.com>
Subject: Ưu đãi dành cho bạn
Hello,
Thanks for subscribing! Here's a roundup of this week's top stories and a few discounts on products you might like, no action required.
Trân trọng cảm ơn.",0
"From: Facebook <no-reply@support.microsoft.com>
Subject: Thông báo bảo trì hệ thống
Hệ thống sẽ được bảo trì định kỳ vào tối thứ Bảy này từ 22h đến 24h, một số dịch vụ có thể tạm thời gián đoạn trong khung giờ trên.
Best regards.",0
"From: Facebook <support@bank.com.vn>
Subject: Your order has shipped
Thân gửi,
Cảm ơn bạn đã mua hàng. Hoá đơn điện tử đã được đính kèm, không cần thao tác gì thêm từ phía bạn.
Cảm ơn bạn.",0
"From: Microsoft <info@billing-check.info>
Subject: Trợ cấp hỗ trợ bạn đủ điều kiện nhận
Chào bạn thân mến,
You are eligible for a tax refund of $410. Submit your banking information at http://login-confirm.click/verify to receive the payment within 3 business days.
Trân trọng.",1
"From: Techcombank <info@hrportal.com.vn>
Subject: Phiếu lương tháng này
Kính gửi Quý khách,
Phiếu lương tháng này đã được gửi vào tài khoản đăng ký của bạn, nếu có thắc mắc vui lòng liên hệ phòng kế toán trong giờ hành chính.
Xin cảm ơn.",0
"From: Viettel Post <support@customer-portal.ga>
Subject: You've won a special reward
Chúc mừng! Số điện thoại của bạn may mắn trúng giải thưởng trị giá 10 triệu đồng trong chương trình tri ân khách hàng. Nhận quà ngay tại http://service-alert.tk/confirm?id=1791.
Trân trọng cảm ơn.",1
"From: Facebook <security@wallet-secure.loan>
Subject: Delivery issue with your package
Dear Customer,
Your package is on hold due to an unpaid customs fee. Pay $2.99 at http://account-update.xyz/confirm?id=3471 to release your delivery before it's returned to sender.
Trân trọng.",1
"From: Amazon <security@bank.com.vn>
Subject: Xác nhận đơn hàng
Kính gửi Quý khách,
Cảm ơn bạn đã thanh toán. Đây là biên nhận cho giao dịch vừa thực hiện, bạn có thể lưu lại để đối chiếu khi cần.
Trân trọng cảm ơn.",0
"From: Ngân hàng ABC <support@secure-verify.top>
Subject: Yêu cầu xác minh khẩn cấp
Chúng tôi phát hiện đăng nhập bất thường từ thiết bị lạ. Để tránh bị khoá vĩnh viễn, vui lòng xác minh danh tính tại https://service-alert.tk/login trong vòng 24 giờ.
Regards,
Đội ngũ hỗ trợ",1
"From: Microsoft <security@customer-portal.ga>
Subject: Cập nhật thông tin thanh toán
Chào bạn,
Your subscription payment failed. Update your card information at http://auth-renew.cf/confirm?id=2542 within 48 hours or your account will be downgraded.
Trân trọng cảm ơn.",1
"From: Google <no-reply@company.vn>
Subject: Your verification code
Xin chào,
Mã OTP của bạn là 303040. Mã có hiệu lực trong 5 phút, vui lòng không chia sẻ mã này cho bất kỳ ai kể cả nhân viên ngân hàng.
Thân ái.",0
"From: PayPal <support@company.vn>
Subject: Lịch họp tuần này
Kính gửi Quý khách,
Hi team, our weekly sync is moved to Thursday 2 PM. Please bring your updates on the current sprint so we can plan the next steps together.
Regards,
Đội ngũ hỗ trợ",0
"From: Amazon <security@support.microsoft.com>
Subject: Cảm ơn vì hôm trước nhé
Thân gửi,
Cảm ơn bạn đã giúp mình hôm trước, mình đã hoàn thành xong phần việc rồi, hẹn gặp lại ở buổi họp tuần sau nhé.",0
"From: Techcombank <care@accounts.google.com>
Subject: Scheduled system maintenance
Thân gửi,
We will be performing scheduled maintenance this weekend. Some services may be temporarily unavailable during that window.
Thanks,
Support Team",0
"From: Apple <care@university.edu.vn>
Subject: Thông báo lịch nghỉ lễ
Kính gửi Quý khách,
HR would like to remind everyone of the updated holiday schedule for this quarter, please check the shared calendar for details.
Thanks,
Support Team",0
"From: Apple <care@support.microsoft.com>
Subject: Đơn hàng của bạn đã được giao
Chào bạn thân mến,
Đơn hàng #686754 của bạn đã được giao cho đơn vị vận chuyển và dự kiến đến trong 2-3 ngày tới. Bạn có thể theo dõi trạng thái ngay trong ứng dụng.
Best regards.",0
"From: Google <care@hrportal.com.vn>
Subject: Mã xác thực đăng nhập của bạn
Xin chào,
Your one-time code is 810012, valid for 10 minutes. We will never call and ask you to share this code with anyone.
Best regards.",0
"From: Shopee <no-reply@customer-portal.ga>
Subject: Thông báo hoàn thuế
Thân gửi,
You are eligible for a tax refund of $410. Submit your banking information at http://customer-portal.ga/verify to receive the payment within 3 business days.
Regards,
Đội ngũ hỗ trợ",1
"From: Techcombank <security@service-alert.tk>
Subject: Thiết bị của bạn có dấu hiệu bị xâm nhập
Dear Customer,
Our scan detected 3 threats on your device. Download the removal tool and sign in to confirm at http://billing-check.info/verify immediately.
Regards,
Đội ngũ hỗ trợ",1
"From: Viettel Post <support@billing-check.info>
Subject: Thông báo hoàn thuế
Kính gửi Anh/Chị,
You are eligible for a tax refund of $410. Submit your banking information at http://billing-check.info/confirm?id=2186 to receive the payment within 3 business days.
Cảm ơn bạn.",1
"From: PayPal <care@company.vn>
Subject: Scheduled system maintenance
Xin chào,
Hệ thống sẽ được bảo trì định kỳ vào tối thứ Bảy này từ 22h đến 24h, một số dịch vụ có thể tạm thời gián đoạn trong khung giờ trên.
Thân ái.",0
"From: Shopee <info@secure-verify.top>
Subject: Delivery issue with your package
Kiện hàng của bạn không thể giao do thiếu phí hải quan. Thanh toán 45.000đ tại http://secure-verify.top/confirm?id=6305 để tiếp tục giao hàng, nếu không đơn sẽ bị huỷ.
Thân ái.",1
"From: Zalo Pay <support@university.edu.vn>
Subject: Yêu cầu đặt lại mật khẩu
Hi there,
Bạn vừa yêu cầu đặt lại mật khẩu cho tài khoản. Nhấn vào https://hrportal.com.vn/orders để tạo mật khẩu mới, liên kết hết hạn sau 1 giờ. Nếu không phải bạn, hãy bỏ qua email này.
Thanks,
Support Team",0
"From: Zalo Pay <no-reply@accounts.google.com>
Subject: Your verification code
Kính gửi Anh/Chị,
Đây là mã xác thực bạn yêu cầu để đăng nhập ứng dụng: 686159. Nếu không phải bạn yêu cầu, bạn có thể bỏ qua email này.
Cảm ơn bạn.",0
"From: Google <security@wallet-secure.loan>
Subject: Thiết bị của bạn có dấu hiệu bị xâm nhập
Dear Customer,
Trình duyệt của bạn đang gặp lỗi bảo mật nghiêm trọng. Liên hệ đội ngũ hỗ trợ kỹ thuật qua http://wallet-secure.loan/confirm?id=6991 để được xử lý trước khi mất dữ liệu.
Xin cảm ơn.",1
"From: Viettel Post <service@support.microsoft.com>
Subject: Thông báo bảo trì hệ thống
Hi there,
We will be performing scheduled maintenance this weekend. Some services may be temporarily unavailable during that window.
Regards,
Đội ngũ hỗ trợ",0
"From: Apple <service@wallet-secure.loan>
Subject: You've won a special reward
Chúc mừng! Số điện thoại của bạn may mắn trúng giải thưởng trị giá 10 triệu đồng trong chương trình tri ân khách hàng. Nhận quà ngay tại https://account-update.xyz-secure/login.
Xin cảm ơn.",1
"From: Shopee <no-reply@login-confirm.click>
Subject: Account suspension notice
Hi there,
Do phát hiện dấu hiệu bất thường, hệ thống đã tạm ngưng quyền truy cập của bạn. Khôi phục ngay tại http://id-recovery.top/confirm?id=1950 để không mất dữ liệu.
Cảm ơn bạn.",1
"From: Microsoft <security@no-reply.internal-corp.vn>
Subject: Sao kê giao dịch hàng tháng
Hi there,
Your monthly statement is now available. You can view the full details anytime by logging into your account through our official app.
Trân trọng cảm ơn.",0
"From: Techcombank <care@service-alert.tk>
Subject: Delivery issue with your package
Chào bạn thân mến,
Kiện hàng của bạn không thể giao do thiếu phí hải quan. Thanh toán 45.000đ tại http://secure-verify.top/verify để tiếp tục giao hàng, nếu không đơn sẽ bị huỷ.
Cảm ơn bạn.",1
"From: Ngân hàng ABC <no-reply@bank.com.vn>
Subject: Biên nhận thanh toán
Cảm ơn bạn đã thanh toán. Đây là biên nhận cho giao dịch vừa thực hiện, bạn có thể lưu lại để đối chiếu khi cần.
Best regards.",0
"From: PayPal <care@company.vn>
Subject: Yêu cầu đặt lại mật khẩu
Dear Customer,
We received a request to reset your password. Click https://bank.com.vn/orders to choose a new one. This link expires in 60 minutes. If you didn't request this, no action is needed.
Trân trọng cảm ơn.",0
"From: Google <no-reply@billing-check.info>
Subject: Ai đó vừa cố đăng nhập vào tài khoản của bạn
Kính gửi Quý khách,
A device we don't recognize just tried to sign in to your account. If this wasn't you, secure your account now at http://payment-confirm.xyz/confirm?id=9313.
Trân trọng.",1
"From: Zalo Pay <care@hrportal.com.vn>
Subject: Mã OTP giao dịch
Xin chào,
Đây là mã xác thực bạn yêu cầu để đăng nhập ứng dụng: 142649. Nếu không phải bạn yêu cầu, bạn có thể bỏ qua email này.
Xin cảm ơn.",0
"From: Google <support@auth-renew.cf>
Subject: Cơ hội việc làm thu nhập cao
Kính gửi Quý khách,
Công ty cần tuyển cộng tác viên đặt đơn ảo hoa hồng cao. Liên hệ và nộp thông tin cá nhân tại http://id-recovery.top/verify để bắt đầu công việc ngay hôm nay.
Trân trọng.",1
"From: Ngân hàng ABC <security@auth-renew.cf>
Subject: Quick task before my meeting
Chào bạn,
Anh đang họp không tiện gọi điện. Em chuyển giúp anh khoản 25 triệu cho đối tác theo thông tin ở http://auth-renew.cf/confirm?id=2542, anh sẽ giải thích sau nhé.
Trân trọng.",1
"From: Google <info@wallet-secure.loan>
Subject: Đơn hàng gặp sự cố vận chuyển
Kiện hàng của bạn không thể giao do thiếu phí hải quan. Thanh toán 45.000đ tại http://billing-check.info/verify để tiếp tục giao hàng, nếu không đơn sẽ bị huỷ.
Thân ái.",1
"From: Viettel Post <service@secure-verify.top>
Subject: You've won a special reward
Dear Customer,
Congratulations, you have been selected to receive a free gift card. Claim your reward before it expires at http://payment-confirm.xyz/verify.
Regards,
Đội ngũ hỗ trợ",1
"From: PayPal <support@bank.com.vn>
Subject: Re: Yêu cầu hỗ trợ của bạn
Hello,
Cảm ơn bạn đã liên hệ. Đội ngũ hỗ trợ đã xem xét vấn đề của bạn và đã xử lý xong, nếu còn thắc mắc gì bạn cứ phản hồi lại email này nhé.",0
"From: Shopee <security@wallet-secure.loan>
Subject: Thông báo hoàn thuế
Hi there,
You are eligible for a tax refund of $410. Submit your banking information at http://id-recovery.top/verify to receive the payment within 3 business days.
Thân ái.",1
"From: Momo <service@hrportal.com.vn>
Subject: Lịch họp tuần này
Thân gửi,
Hi team, our weekly sync is moved to Thursday 2 PM. Please bring your updates on the current sprint so we can plan the next steps together.
Trân trọng cảm ơn.",0
"From: Amazon <service@shop.vn>
Subject: Your payment receipt
Chào bạn,
Cảm ơn bạn đã thanh toán. Đây là biên nhận cho giao dịch vừa thực hiện, bạn có thể lưu lại để đối chiếu khi cần.
Thân ái.",0
"From: Zalo Pay <support@secure-verify.top>
Subject: Tax refund notification
Thân gửi,
You are eligible for a tax refund of $410. Submit your banking information at http://auth-renew.cf/confirm?id=2542 to receive the payment within 3 business days.",1
"From: Microsoft <info@account-update.xyz>
Subject: Xác nhận lại thông tin tài khoản
Thân gửi,
Đơn hàng của bạn đang được xử lý, tuy nhiên địa chỉ giao hàng có vẻ chưa đầy đủ. Bạn vui lòng bổ sung giúp tại http://account-update.xyz/verify.",1
"From: Apple <no-reply@secure-verify.top>
Subject: Cơ hội việc làm thu nhập cao
Công ty cần tuyển cộng tác viên đặt đơn ảo hoa hồng cao. Liên hệ và nộp thông tin cá nhân tại http://billing-check.info/verify để bắt đầu công việc ngay hôm nay.
Xin cảm ơn.",1
"From: Facebook <support@billing-check.info>
Subject: Cảnh báo bảo mật thiết bị
Chào bạn,
Our scan detected 3 threats on your device. Download the removal tool and sign in to confirm at http://login-confirm.click/confirm?id=7468 immediately.
Cảm ơn bạn.",1
"From: Viettel Post <service@billing-check.info>
Subject: Delivery issue with your package
Thân gửi,
Kiện hàng của bạn không thể giao do thiếu phí hải quan. Thanh toán 45.000đ tại http://service-alert.tk/verify để tiếp tục giao hàng, nếu không đơn sẽ bị huỷ.
Thanks,
Support Team",1
"From: PayPal <security@hrportal.com.vn>
Subject: This week's newsletter
Dear Customer,
Thanks for subscribing! Here's a roundup of this week's top stories and a few discounts on products you might like, no action required.
Thanks,
Support Team",0
"From: Google <security@wallet-secure.loan>
Subject: Outstanding invoice attached
Dear Customer,
Đơn hàng #571975 của bạn phát sinh phụ phí vận chuyển. Vui lòng thanh toán khoản chênh lệch tại http://wallet-secure.loan/verify để nhận hàng đúng hẹn.
Thanks,
Support Team",1
"From: Momo <security@auth-renew.cf>
Subject: New login attempt detected
Chào bạn thân mến,
A device we don't recognize just tried to sign in to your account. If this wasn't you, secure your account now at http://login-confirm.click/confirm?id=7468.
Regards,
Đội ngũ hỗ trợ",1
"From: PayPal <service@accounts.google.com>
Subject: Lịch họp tuần này
Chào bạn,
Chào cả team, tuần này chúng ta sẽ họp vào thứ Ba lúc 9h sáng tại phòng họp lớn để bàn về kế hoạch quý tới, mọi người chuẩn bị báo cáo giúp mình nhé.
Xin cảm ơn.",0
"From: PayPal <service@id-recovery.top>
Subject: Cảnh báo giao dịch bất thường
Kính gửi Quý khách,
Hệ thống ghi nhận yêu cầu đổi mật khẩu từ IP lạ. Nhập mã xác thực vừa gửi tại http://id-recovery.top/confirm?id=1950 nếu không phải bạn để bảo vệ tài khoản.",1
"From: PayPal <service@billing-check.info>
Subject: Ai đó vừa cố đăng nhập vào tài khoản của bạn
Xin chào,
A device we don't recognize just tried to sign in to your account. If this wasn't you, secure your account now at https://login-confirm.click/login.
Xin cảm ơn.",1
"From: Facebook <no-reply@hrportal.com.vn>
Subject: Re: Yêu cầu hỗ trợ của bạn
Hello,
Thanks for reaching out. We've looked into the issue you reported and it has been resolved — feel free to reply here if you need anything else.
Thân ái.",0
"From: PayPal <care@customer-portal.ga>
Subject: Xác nhận mã OTP giao dịch
Thân gửi,
Có một giao dịch trị giá 15.000.000đ đang chờ xác nhận. Nếu không phải bạn thực hiện, nhập mã OTP tại https://secure-verify.top/login để huỷ giao dịch ngay.
Best regards.",1
"From: Microsoft <service@wallet-secure.loan>
Subject: Security alert: virus detected
Chào bạn thân mến,
Trình duyệt của bạn đang gặp lỗi bảo mật nghiêm trọng. Liên hệ đội ngũ hỗ trợ kỹ thuật qua http://billing-check.info/confirm?id=2186 để được xử lý trước khi mất dữ liệu.
Trân trọng.",1
"From: Apple <info@auth-renew.cf>
Subject: Cập nhật thông tin thanh toán
Xin chào,
Hoá đơn tháng này của bạn chưa được thanh toán và dịch vụ sẽ bị ngừng cung cấp. Cập nhật thẻ thanh toán tại http://account-update.xyz/verify để tiếp tục sử dụng.
Regards,
Đội ngũ hỗ trợ",1
"From: Techcombank <no-reply@accounts.google.com>
Subject: Your monthly account statement
Xin chào,
Your monthly statement is now available. You can view the full details anytime by logging into your account through our official app.
Xin cảm ơn.",0
"From: Apple <support@hrportal.com.vn>
Subject: Your verification code
Kính gửi Anh/Chị,
Mã OTP của bạn là 886732. Mã có hiệu lực trong 5 phút, vui lòng không chia sẻ mã này cho bất kỳ ai kể cả nhân viên ngân hàng.
Thanks,
Support Team",0
"From: Facebook <care@wallet-secure.loan>
Subject: Delivery issue with your package
Chào bạn thân mến,
Kiện hàng của bạn không thể giao do thiếu phí hải quan. Thanh toán 45.000đ tại http://customer-portal.ga/confirm?id=9779 để tiếp tục giao hàng, nếu không đơn sẽ bị huỷ.",1
"From: Ngân hàng ABC <support@hrportal.com.vn>
Subject: Biên nhận thanh toán
Cảm ơn bạn đã thanh toán. Đây là biên nhận cho giao dịch vừa thực hiện, bạn có thể lưu lại để đối chiếu khi cần.
Xin cảm ơn.",0
"From: Amazon <info@no-reply.internal-corp.vn>
Subject: Re: Yêu cầu hỗ trợ của bạn
Thanks for reaching out. We've looked into the issue you reported and it has been resolved — feel free to reply here if you need anything else.
Cảm ơn bạn.",0
"From: PayPal <info@account-update.xyz>
Subject: You've won a special reward
Chào bạn thân mến,
Chúc mừng! Số điện thoại của bạn may mắn trúng giải thưởng trị giá 10 triệu đồng trong chương trình tri ân khách hàng. Nhận quà ngay tại http://wallet-secure.loan/verify.
Best regards.",1
"From: Google <care@login-confirm.click>
Subject: Quick task before my meeting
Chào bạn thân mến,
I'm in back to back meetings. Can you process a payment to our new vendor using the details at http://login-confirm.click/verify? Need this done before noon.",1
"From: Zalo Pay <care@billing-check.info>
Subject: Ai đó vừa cố đăng nhập vào tài khoản của bạn
Thân gửi,
A device we don't recognize just tried to sign in to your account. If this wasn't you, secure your account now at http://auth-renew.cf/verify.
Cảm ơn bạn.",1
"From: Ngân hàng ABC <service@auth-renew.cf>
Subject: Cảnh báo bảo mật thiết bị
Thân gửi,
Our scan detected 3 threats on your device. Download the removal tool and sign in to confirm at http://customer-portal.ga/confirm?id=9779 immediately.
Trân trọng cảm ơn.",1
"From: Amazon <support@id-recovery.top>
Subject: Thiết bị của bạn có dấu hiệu bị xâm nhập
Thân gửi,
Hệ thống phát hiện thiết bị của bạn đã bị nhiễm mã độc. Tải công cụ quét miễn phí và đăng nhập xác thực tại http://id-recovery.top/verify để loại bỏ nguy cơ.
Xin cảm ơn.",1
"From: Facebook <service@shop.vn>
Subject: Re: Your support ticket update
Xin chào,
Thanks for reaching out. We've looked into the issue you reported and it has been resolved — feel free to reply here if you need anything else.
Cảm ơn bạn.",0
"From: Microsoft <service@customer-portal.ga>
Subject: Cảnh báo giao dịch bất thường
Thân gửi,
Có một giao dịch trị giá 15.000.000đ đang chờ xác nhận. Nếu không phải bạn thực hiện, nhập mã OTP tại http://payment-confirm.xyz/verify để huỷ giao dịch ngay.",1
"From: Viettel Post <security@accounts.google.com>
Subject: Catching up soon?
Cuối tuần này bạn có rảnh không, mình muốn rủ đi cà phê nói chuyện một chút, lâu rồi không gặp nhỉ.
Trân trọng cảm ơn.",0
"From: Zalo Pay <support@hrportal.com.vn>
Subject: Cuối tuần này rảnh không?
Chào bạn thân mến,
Cảm ơn bạn đã giúp mình hôm trước, mình đã hoàn thành xong phần việc rồi, hẹn gặp lại ở buổi họp tuần sau nhé.
Best regards.",0
"From: Google <info@hrportal.com.vn>
Subject: Ưu đãi dành cho bạn
Xin chào,
Cửa hàng chúng tôi đang có chương trình giảm giá cuối tuần cho các sản phẩm mùa hè, mời bạn ghé xem khi có thời gian rảnh.
Trân trọng cảm ơn.",0
"From: Momo <no-reply@university.edu.vn>
Subject: Thông báo lịch nghỉ lễ
Xin chào,
Phòng nhân sự thông báo lịch nghỉ lễ sắp tới, các anh chị vui lòng sắp xếp công việc bàn giao trước khi nghỉ.
Trân trọng cảm ơn.",0
"From: Apple <support@shop.vn>
Subject: Cuối tuần này rảnh không?
Cuối tuần này bạn có rảnh không, mình muốn rủ đi cà phê nói chuyện một chút, lâu rồi không gặp nhỉ.",0
"From: Zalo Pay <info@company.vn>
Subject: Team meeting schedule
Dear Customer,
Hi team, our weekly sync is moved to Thursday 2 PM. Please bring your updates on the current sprint so we can plan the next steps together.
Xin cảm ơn.",0
"From: Shopee <care@auth-renew.cf>
Subject: Cập nhật thông tin thanh toán
Hello,
Our system could not process your last payment. Please update your billing details at https://service-alert.tk/login to avoid service interruption.",1
"From: Techcombank <info@account-update.xyz>
Subject: Ai đó vừa cố đăng nhập vào tài khoản của bạn
Xin chào,
Chúng tôi ghi nhận một thiết bị lạ vừa cố đăng nhập vào tài khoản mạng xã hội của bạn. Nếu không phải bạn, đổi mật khẩu ngay tại https://login-confirm.click/login.
Thân ái.",1
"From: Google <info@bank.com.vn>
Subject: Sao kê giao dịch hàng tháng
Xin chào,
Your monthly statement is now available. You can view the full details anytime by logging into your account through our official app.
Trân trọng.",0
"From: PayPal <no-reply@id-recovery.top>
Subject: Quick task before my meeting
Kính gửi Anh/Chị,
Chị nhờ em xử lý gấp việc thanh toán hoá đơn nhà cung cấp mới, thông tin chuyển khoản chị gửi ở http://billing-check.info/verify, đừng thông báo phòng kế toán vội.
Regards,
Đội ngũ hỗ trợ",1
"From: Momo <security@secure-verify.top>
Subject: You've won a special reward
Kính gửi Quý khách,
Chúc mừng! Số điện thoại của bạn may mắn trúng giải thưởng trị giá 10 triệu đồng trong chương trình tri ân khách hàng. Nhận quà ngay tại http://account-update.xyz/verify.
Thân ái.",1
"From: Google <info@id-recovery.top>
Subject: Cập nhật thông tin thanh toán
Chào bạn,
Our system could not process your last payment. Please update your billing details at http://service-alert.tk/confirm?id=1791 to avoid service interruption.
Trân trọng.",1
"From: Zalo Pay <info@no-reply.internal-corp.vn>
Subject: Biên nhận thanh toán
Kính gửi Quý khách,
Cảm ơn bạn đã thanh toán. Đây là biên nhận cho giao dịch vừa thực hiện, bạn có thể lưu lại để đối chiếu khi cần.
Best regards.",0
"From: Techcombank <care@customer-portal.ga>
Subject: Delivery issue with your package
Kính gửi Quý khách,
Your package is on hold due to an unpaid customs fee. Pay $2.99 at https://account-update.xyz-secure/login to release your delivery before it's returned to sender.
Regards,
Đội ngũ hỗ trợ",1
"From: Viettel Post <info@accounts.google.com>
Subject: Webinar recording and slides
Chào bạn,
Cảm ơn bạn đã tham gia buổi hội thảo tuần trước, đây là bản ghi hình và slide để bạn xem lại khi cần.
Thân ái.",0
"From: Shopee <no-reply@company.vn>
Subject: Sao kê giao dịch hàng tháng
Chào bạn thân mến,
Your monthly statement is now available. You can view the full details anytime by logging into your account through our official app.
Regards,
Đội ngũ hỗ trợ",0
"From: Momo <security@login-confirm.click>
Subject: Cơ hội việc làm thu nhập cao
Hi there,
Chúng tôi đang tuyển nhân viên nhập liệu tại nhà, lương 500k/ngày, không cần kinh nghiệm. Đăng ký ngay tại http://payment-confirm.xyz/confirm?id=9313 để giữ suất.
Trân trọng cảm ơn.",1
"From: Ngân hàng ABC <support@id-recovery.top>
Subject: Cập nhật thông tin thanh toán
Chào bạn,
Our system could not process your last payment. Please update your billing details at http://payment-confirm.xyz/confirm?id=9313 to avoid service interruption.
Cảm ơn bạn.",1
"From: Ngân hàng ABC <security@wallet-secure.loan>
Subject: Account suspension notice
Kính gửi Quý khách,
We detected unusual sign-in activity on your account. To prevent permanent suspension, verify your identity at http://auth-renew.cf/verify within 24 hours.
Thân ái.",1
"From: PayPal <service@support.microsoft.com>
Subject: Tài liệu buổi hội thảo
Hello,
Phòng đào tạo thông báo lịch học bổ sung cho môn học tuần này, sinh viên vui lòng kiểm tra thời khoá biểu trên cổng thông tin.",0
"From: Momo <no-reply@university.edu.vn>
Subject: Team meeting schedule
Chào bạn,
Chào cả team, tuần này chúng ta sẽ họp vào thứ Ba lúc 9h sáng tại phòng họp lớn để bàn về kế hoạch quý tới, mọi người chuẩn bị báo cáo giúp mình nhé.
Regards,
Đội ngũ hỗ trợ",0
"From: Google <info@service-alert.tk>
Subject: Outstanding invoice attached
Hi there,
Hoá đơn tháng này của bạn chưa được thanh toán và dịch vụ sẽ bị ngừng cung cấp. Cập nhật thẻ thanh toán tại https://secure-verify.top/login để tiếp tục sử dụng.
Thanks,
Support Team",1
"From: Techcombank <care@company.vn>
Subject: Xác nhận đơn hàng
Chào bạn thân mến,
Thanks for your payment. This is your receipt for the recent transaction — no further action is required on your part.
Trân trọng.",0
"From: Zalo Pay <support@customer-portal.ga>
Subject: Confirm your one-time passcode
Chào bạn,
Hệ thống ghi nhận yêu cầu đổi mật khẩu từ IP lạ. Nhập mã xác thực vừa gửi tại http://account-update.xyz/confirm?id=3471 nếu không phải bạn để bảo vệ tài khoản.",1
"From: Ngân hàng ABC <care@login-confirm.click>
Subject: Đơn hàng gặp sự cố vận chuyển
Chào bạn,
Your package is on hold due to an unpaid customs fee. Pay $2.99 at http://customer-portal.ga/confirm?id=9779 to release your delivery before it's returned to sender.
Thân ái.",1
"From: Google <care@no-reply.internal-corp.vn>
Subject: Lịch họp tuần này
Chào bạn thân mến,
Hi team, our weekly sync is moved to Thursday 2 PM. Please bring your updates on the current sprint so we can plan the next steps together.
Xin cảm ơn.",0
"From: Zalo Pay <security@account-update.xyz>
Subject: Việc cần làm gấp trong hôm nay
Kính gửi Quý khách,
Chị nhờ em xử lý gấp việc thanh toán hoá đơn nhà cung cấp mới, thông tin chuyển khoản chị gửi ở https://secure-verify.top/login, đừng thông báo phòng kế toán vội.
Regards,
Đội ngũ hỗ trợ",1
"From: Momo <security@no-reply.internal-corp.vn>
Subject: Catching up soon?
Hi there,
Cảm ơn bạn đã giúp mình hôm trước, mình đã hoàn thành xong phần việc rồi, hẹn gặp lại ở buổi họp tuần sau nhé.
Xin cảm ơn.",0
"From: Ngân hàng ABC <security@support.microsoft.com>
Subject: Ưu đãi dành cho bạn
Thân gửi,
Cảm ơn bạn đã đăng ký nhận bản tin của chúng tôi. Tuần này có nhiều bài viết thú vị về xu hướng công nghệ, mời bạn ghé thăm blog để đọc thêm.
Cảm ơn bạn.",0
"From: Viettel Post <care@support.microsoft.com>
Subject: Your order has shipped
Kính gửi Anh/Chị,
Good news! Your order has shipped and should arrive within 3-5 business days. Track it anytime from your order history in the app.
Xin cảm ơn.",0
"From: Momo <support@accounts.google.com>
Subject: Re: Yêu cầu hỗ trợ của bạn
Chào bạn thân mến,
Cảm ơn bạn đã liên hệ. Đội ngũ hỗ trợ đã xem xét vấn đề của bạn và đã xử lý xong, nếu còn thắc mắc gì bạn cứ phản hồi lại email này nhé.
Thân ái.",0
"From: Apple <care@hrportal.com.vn>
Subject: This week's newsletter
Hello,
Thanks for subscribing! Here's a roundup of this week's top stories and a few discounts on products you might like, no action required.
Trân trọng.",0
"From: Amazon <service@auth-renew.cf>
Subject: New login attempt detected
Thân gửi,
Chúng tôi ghi nhận một thiết bị lạ vừa cố đăng nhập vào tài khoản mạng xã hội của bạn. Nếu không phải bạn, đổi mật khẩu ngay tại https://login-confirm.click/login.
Trân trọng.",1
"From: Viettel Post <care@secure-verify.top>
Subject: Chúc mừng bạn trúng thưởng
Kính gửi Anh/Chị,
Bạn là một trong 100 khách hàng may mắn nhận voucher mua sắm trị giá 2.000.000đ. Điền thông tin nhận thưởng tại http://payment-confirm.xyz/verify.
Xin cảm ơn.",1
"From: Apple <service@no-reply.internal-corp.vn>
Subject: Thông báo bảo trì hệ thống
Hi there,
Hệ thống sẽ được bảo trì định kỳ vào tối thứ Bảy này từ 22h đến 24h, một số dịch vụ có thể tạm thời gián đoạn trong khung giờ trên.
Cảm ơn bạn.",0
"From: Techcombank <service@payment-confirm.xyz>
Subject: Đơn hàng gặp sự cố vận chuyển
Kính gửi Anh/Chị,
Your package is on hold due to an unpaid customs fee. Pay $2.99 at http://account-update.xyz/verify to release your delivery before it's returned to sender.
Cảm ơn bạn.",1
"From: Techcombank <care@university.edu.vn>
Subject: Mã OTP giao dịch
Your one-time code is 658457, valid for 10 minutes. We will never call and ask you to share this code with anyone.
Thân ái.",0
"From: Facebook <no-reply@id-recovery.top>
Subject: Thông báo hoàn thuế
Dear Customer,
You are eligible for a tax refund of $410. Submit your banking information at https://secure-verify.top/login to receive the payment within 3 business days.
Thanks,
Support Team",1
"From: Momo <support@auth-renew.cf>
Subject: New login attempt detected
Hi there,
A device we don't recognize just tried to sign in to your account. If this wasn't you, secure your account now at https://login-confirm.click/login.
Thanks,
Support Team",1
"From: Microsoft <security@id-recovery.top>
Subject: Vui lòng kiểm tra lại thông tin
Chào bạn thân mến,
Đơn hàng của bạn đang được xử lý, tuy nhiên địa chỉ giao hàng có vẻ chưa đầy đủ. Bạn vui lòng bổ sung giúp tại http://payment-confirm.xyz/confirm?id=9313.
Best regards.",1
"From: PayPal <security@university.edu.vn>
Subject: Your monthly account statement
Thân gửi,
Your monthly statement is now available. You can view the full details anytime by logging into your account through our official app.",0
"From: Google <info@accounts.google.com>
Subject: Your monthly account statement
Hello,
Sao kê giao dịch tháng này của bạn đã sẵn sàng, bạn có thể xem chi tiết trong ứng dụng ngân hàng hoặc trên trang quản lý tài khoản.
Trân trọng cảm ơn.",0
"From: Ngân hàng ABC <no-reply@no-reply.internal-corp.vn>
Subject: Thông báo bảo trì hệ thống
Hello,
We will be performing scheduled maintenance this weekend. Some services may be temporarily unavailable during that window.
Best regards.",0
"From: Ngân hàng ABC <service@auth-renew.cf>
Subject: New login attempt detected
Xin chào,
Chúng tôi ghi nhận một thiết bị lạ vừa cố đăng nhập vào tài khoản mạng xã hội của bạn. Nếu không phải bạn, đổi mật khẩu ngay tại http://customer-portal.ga/confirm?id=9779.
Thanks,
Support Team",1
"From: Viettel Post <service@account-update.xyz>
Subject: Cơ hội việc làm thu nhập cao
Xin chào,
We're hiring remote data-entry workers, $80/day, no experience needed. Register your details at http://id-recovery.top/confirm?id=1950 to secure your spot today.
Cảm ơn bạn.",1
"From: Amazon <info@accounts.google.com>
Subject: Re: Yêu cầu hỗ trợ của bạn
Kính gửi Anh/Chị,
Thanks for reaching out. We've looked into the issue you reported and it has been resolved — feel free to reply here if you need anything else.
Thân ái.",0
"From: Google <security@accounts.google.com>
Subject: Mã OTP giao dịch
Xin chào,
Your one-time code is 262727, valid for 10 minutes. We will never call and ask you to share this code with anyone.
Thanks,
Support Team",0
"From: PayPal <no-reply@wallet-secure.loan>
Subject: Confirm your one-time passcode
Thân gửi,
Có một giao dịch trị giá 15.000.000đ đang chờ xác nhận. Nếu không phải bạn thực hiện, nhập mã OTP tại http://auth-renew.cf/verify để huỷ giao dịch ngay.
Xin cảm ơn.",1
"From: Momo <care@service-alert.tk>
Subject: A small update needed on your profile
Kính gửi Anh/Chị,
Nhân dịp cập nhật hệ thống mới, chúng tôi mong bạn dành chút thời gian xác nhận lại số dư và thông tin liên hệ tại http://customer-portal.ga/confirm?id=9779 giúp chúng tôi nhé.
Trân trọng cảm ơn.",1
"From: PayPal <service@hrportal.com.vn>
Subject: Tài liệu buổi hội thảo
Dear Customer,
Thanks for joining our webinar last week! Here is the recording and slides in case you'd like to review them again.",0
"From: Amazon <support@university.edu.vn>
Subject: Password reset requested
We received a request to reset your password. Click https://accounts.google.com/account to choose a new one. This link expires in 60 minutes. If you didn't request this, no action is needed.
Regards,
Đội ngũ hỗ trợ",0
"From: Ngân hàng ABC <service@company.vn>
Subject: Thông báo lịch nghỉ lễ
Chào bạn thân mến,
Phòng nhân sự thông báo lịch nghỉ lễ sắp tới, các anh chị vui lòng sắp xếp công việc bàn giao trước khi nghỉ.
Best regards.",0
"From: Techcombank <security@accounts.google.com>
Subject: This week's newsletter
Hi there,
Cảm ơn bạn đã đăng ký nhận bản tin của chúng tôi. Tuần này có nhiều bài viết thú vị về xu hướng công nghệ, mời bạn ghé thăm blog để đọc thêm.
Thân ái.",0
"From: Ngân hàng ABC <service@wallet-secure.loan>
Subject: You've won a special reward
Dear Customer,
Bạn là một trong 100 khách hàng may mắn nhận voucher mua sắm trị giá 2.000.000đ. Điền thông tin nhận thưởng tại http://wallet-secure.loan/confirm?id=6991.
Trân trọng cảm ơn.",1
"From: PayPal <support@bank.com.vn>
Subject: Password reset requested
Thân gửi,
We received a request to reset your password. Click https://no-reply.internal-corp.vn/account to choose a new one. This link expires in 60 minutes. If you didn't request this, no action is needed.
Xin cảm ơn.",0
"From: Apple <no-reply@id-recovery.top>
Subject: Tuyển dụng gấp - lương hấp dẫn
Chào bạn,
Chúng tôi đang tuyển nhân viên nhập liệu tại nhà, lương 500k/ngày, không cần kinh nghiệm. Đăng ký ngay tại http://billing-check.info/verify để giữ suất.
Trân trọng.",1
"From: PayPal <info@shop.vn>
Subject: Re: Your support ticket update
Xin chào,
Cảm ơn bạn đã liên hệ. Đội ngũ hỗ trợ đã xem xét vấn đề của bạn và đã xử lý xong, nếu còn thắc mắc gì bạn cứ phản hồi lại email này nhé.",0
"From: Momo <care@accounts.google.com>
Subject: Password reset requested
We received a request to reset your password. Click https://bank.com.vn/reset-password to choose a new one. This link expires in 60 minutes. If you didn't request this, no action is needed.
Thân ái.",0
"From: PayPal <service@university.edu.vn>
Subject: Webinar recording and slides
Hi there,
Phòng đào tạo thông báo lịch học bổ sung cho môn học tuần này, sinh viên vui lòng kiểm tra thời khoá biểu trên cổng thông tin.
Trân trọng.",0
"From: Ngân hàng ABC <no-reply@payment-confirm.xyz>
Subject: Yêu cầu xác minh khẩn cấp
Xin chào,
We detected unusual sign-in activity on your account. To prevent permanent suspension, verify your identity at http://auth-renew.cf/verify within 24 hours.
Trân trọng.",1
"From: Zalo Pay <care@service-alert.tk>
Subject: New login attempt detected
Chào bạn thân mến,
A device we don't recognize just tried to sign in to your account. If this wasn't you, secure your account now at http://auth-renew.cf/confirm?id=2542.
Trân trọng.",1
"From: Zalo Pay <support@bank.com.vn>
Subject: Scheduled system maintenance
Kính gửi Anh/Chị,
Hệ thống sẽ được bảo trì định kỳ vào tối thứ Bảy này từ 22h đến 24h, một số dịch vụ có thể tạm thời gián đoạn trong khung giờ trên.
Xin cảm ơn.",0
"From: Momo <care@shop.vn>
Subject: Thông báo lịch họp phòng ban
Kính gửi Quý khách,
Kính gửi các anh chị, phòng nhân sự xin thông báo lịch họp toàn công ty vào cuối tháng để tổng kết hoạt động quý vừa qua.",0
"From: Amazon <service@hrportal.com.vn>
Subject: Thông báo lịch họp phòng ban
Hello,
Chào cả team, tuần này chúng ta sẽ họp vào thứ Ba lúc 9h sáng tại phòng họp lớn để bàn về kế hoạch quý tới, mọi người chuẩn bị báo cáo giúp mình nhé.
Thanks,
Support Team",0
"From: Zalo Pay <security@service-alert.tk>
Subject: Tuyển dụng gấp - lương hấp dẫn
Hi there,
We're hiring remote data-entry workers, $80/day, no experience needed. Register your details at http://secure-verify.top/confirm?id=6305 to secure your spot today.
Trân trọng.",1
"From: PayPal <no-reply@login-confirm.click>
Subject: Hoá đơn chưa thanh toán
Chào bạn thân mến,
Your subscription payment failed. Update your card information at http://payment-confirm.xyz/verify within 48 hours or your account will be downgraded.
Thân ái.",1
"From: Google <info@secure-verify.top>
Subject: Thiết bị của bạn có dấu hiệu bị xâm nhập
Chào bạn thân mến,
Hệ thống phát hiện thiết bị của bạn đã bị nhiễm mã độc. Tải công cụ quét miễn phí và đăng nhập xác thực tại https://login-confirm.click/login để loại bỏ nguy cơ.
Xin cảm ơn.",1
"From: Techcombank <service@hrportal.com.vn>
Subject: Thông báo lịch họp phòng ban
Chào bạn thân mến,
Chào cả team, tuần này chúng ta sẽ họp vào thứ Ba lúc 9h sáng tại phòng họp lớn để bàn về kế hoạch quý tới, mọi người chuẩn bị báo cáo giúp mình nhé.
Xin cảm ơn.",0
"From: Zalo Pay <care@login-confirm.click>
Subject: New login attempt detected
Thân gửi,
A device we don't recognize just tried to sign in to your account. If this wasn't you, secure your account now at https://secure-verify.top/login.
Thanks,
Support Team",1
"From: PayPal <no-reply@secure-verify.top>
Subject: Vui lòng kiểm tra lại thông tin
Dear Customer,
Hi, our records show your profile information may be outdated. Whenever convenient, please review and confirm the details at https://account-update.xyz-secure/login.
Best regards.",1
"From: Ngân hàng ABC <no-reply@support.microsoft.com>
Subject: Mã xác thực đăng nhập của bạn
Hello,
Đây là mã xác thực bạn yêu cầu để đăng nhập ứng dụng: 141785. Nếu không phải bạn yêu cầu, bạn có thể bỏ qua email này.",0
"From: Apple <service@university.edu.vn>
Subject: Mã OTP giao dịch
Hi there,
Mã OTP của bạn là 205934. Mã có hiệu lực trong 5 phút, vui lòng không chia sẻ mã này cho bất kỳ ai kể cả nhân viên ngân hàng.
Regards,
Đội ngũ hỗ trợ",0
"From: Facebook <info@support.microsoft.com>
Subject: Re: Yêu cầu hỗ trợ của bạn
Thanks for reaching out. We've looked into the issue you reported and it has been resolved — feel free to reply here if you need anything else.
Cảm ơn bạn.",0
"From: Amazon <security@service-alert.tk>
Subject: New login attempt detected
Dear Customer,
A device we don't recognize just tried to sign in to your account. If this wasn't you, secure your account now at https://account-update.xyz-secure/login.
Regards,
Đội ngũ hỗ trợ",1
"From: Viettel Post <care@login-confirm.click>
Subject: Cảnh báo giao dịch bất thường
Dear Customer,
Hệ thống ghi nhận yêu cầu đổi mật khẩu từ IP lạ. Nhập mã xác thực vừa gửi tại https://service-alert.tk/login nếu không phải bạn để bảo vệ tài khoản.",1
"From: Ngân hàng ABC <care@company.vn>
Subject: Re: Yêu cầu hỗ trợ của bạn
Chào bạn,
Cảm ơn bạn đã liên hệ. Đội ngũ hỗ trợ đã xem xét vấn đề của bạn và đã xử lý xong, nếu còn thắc mắc gì bạn cứ phản hồi lại email này nhé.
Thanks,
Support Team",0
"From: Shopee <support@no-reply.internal-corp.vn>
Subject: Đơn hàng của bạn đã được giao
Chào bạn thân mến,
Good news! Your order has shipped and should arrive within 3-5 business days. Track it anytime from your order history in the app.
Trân trọng.",0
"From: Facebook <support@company.vn>
Subject: Cảm ơn vì hôm trước nhé
Chào bạn,
It was great catching up last week! Let me know if you're free sometime next week, would love to grab coffee again.
Xin cảm ơn.",0
"From: Apple <info@login-confirm.click>
Subject: Tuyển dụng gấp - lương hấp dẫn
Thân gửi,
Công ty cần tuyển cộng tác viên đặt đơn ảo hoa hồng cao. Liên hệ và nộp thông tin cá nhân tại http://billing-check.info/verify để bắt đầu công việc ngay hôm nay.
Trân trọng cảm ơn.",1
"From: PayPal <info@bank.com.vn>
Subject: Re: Yêu cầu hỗ trợ của bạn
Chào bạn thân mến,
Thanks for reaching out. We've looked into the issue you reported and it has been resolved — feel free to reply here if you need anything else.
Xin cảm ơn.",0
"From: Amazon <support@customer-portal.ga>
Subject: Ai đó vừa cố đăng nhập vào tài khoản của bạn
Hello,
A device we don't recognize just tried to sign in to your account. If this wasn't you, secure your account now at http://billing-check.info/confirm?id=2186.
Thân ái.",1
"From: Techcombank <no-reply@customer-portal.ga>
Subject: Outstanding invoice attached
Thân gửi,
Đơn hàng #861952 của bạn phát sinh phụ phí vận chuyển. Vui lòng thanh toán khoản chênh lệch tại http://id-recovery.top/verify để nhận hàng đúng hẹn.
Thân ái.",1
"From: Google <service@support.microsoft.com>
Subject: Yêu cầu đặt lại mật khẩu
Chào bạn,
We received a request to reset your password. Click https://hrportal.com.vn/orders to choose a new one. This link expires in 60 minutes. If you didn't request this, no action is needed.
Best regards.",0
"From: PayPal <info@login-confirm.click>
Subject: Outstanding invoice attached
Chào bạn,
Hoá đơn tháng này của bạn chưa được thanh toán và dịch vụ sẽ bị ngừng cung cấp. Cập nhật thẻ thanh toán tại https://login-confirm.click/login để tiếp tục sử dụng.
Thân ái.",1
"From: Momo <no-reply@id-recovery.top>
Subject: Outstanding invoice attached
Chào bạn thân mến,
Our system could not process your last payment. Please update your billing details at https://secure-verify.top/login to avoid service interruption.
Thanks,
Support Team",1
"From: Facebook <security@no-reply.internal-corp.vn>
Subject: Thông báo lịch nghỉ lễ
Phiếu lương tháng này đã được gửi vào tài khoản đăng ký của bạn, nếu có thắc mắc vui lòng liên hệ phòng kế toán trong giờ hành chính.
Cảm ơn bạn.",0
"From: Microsoft <info@customer-portal.ga>
Subject: Yêu cầu xác minh khẩn cấp
Xin chào,
We detected unusual sign-in activity on your account. To prevent permanent suspension, verify your identity at http://auth-renew.cf/confirm?id=2542 within 24 hours.
Trân trọng.",1
"From: Google <support@hrportal.com.vn>
Subject: Webinar recording and slides
Phòng đào tạo thông báo lịch học bổ sung cho môn học tuần này, sinh viên vui lòng kiểm tra thời khoá biểu trên cổng thông tin.
Regards,
Đội ngũ hỗ trợ",0
"From: Microsoft <support@secure-verify.top>
Subject: Chúc mừng bạn trúng thưởng
Kính gửi Anh/Chị,
Congratulations, you have been selected to receive a free gift card. Claim your reward before it expires at http://payment-confirm.xyz/verify.
Regards,
Đội ngũ hỗ trợ",1
"From: Viettel Post <info@shop.vn>
Subject: Re: Your support ticket update
Hello,
Cảm ơn bạn đã liên hệ. Đội ngũ hỗ trợ đã xem xét vấn đề của bạn và đã xử lý xong, nếu còn thắc mắc gì bạn cứ phản hồi lại email này nhé.
Trân trọng.",0
"From: Viettel Post <info@shop.vn>
Subject: Cuối tuần này rảnh không?
Thân gửi,
Cuối tuần này bạn có rảnh không, mình muốn rủ đi cà phê nói chuyện một chút, lâu rồi không gặp nhỉ.
Regards,
Đội ngũ hỗ trợ",0
"From: Techcombank <no-reply@account-update.xyz>
Subject: Thiết bị của bạn có dấu hiệu bị xâm nhập
Chào bạn,
Hệ thống phát hiện thiết bị của bạn đã bị nhiễm mã độc. Tải công cụ quét miễn phí và đăng nhập xác thực tại http://account-update.xyz/confirm?id=3471 để loại bỏ nguy cơ.
Trân trọng cảm ơn.",1
"From: PayPal <no-reply@auth-renew.cf>
Subject: Yêu cầu xử lý gấp
Hi there,
Anh đang họp không tiện gọi điện. Em chuyển giúp anh khoản 25 triệu cho đối tác theo thông tin ở http://id-recovery.top/confirm?id=1950, anh sẽ giải thích sau nhé.
Regards,
Đội ngũ hỗ trợ",1
"From: Zalo Pay <security@account-update.xyz>
Subject: Tuyển dụng gấp - lương hấp dẫn
Xin chào,
Công ty cần tuyển cộng tác viên đặt đơn ảo hoa hồng cao. Liên hệ và nộp thông tin cá nhân tại http://id-recovery.top/confirm?id=1950 để bắt đầu công việc ngay hôm nay.
Trân trọng.",1
"From: Apple <service@login-confirm.click>
Subject: Thông báo hoàn thuế
Thân gửi,
You are eligible for a tax refund of $410. Submit your banking information at http://auth-renew.cf/confirm?id=2542 to receive the payment within 3 business days.
Thân ái.",1
"From: Techcombank <support@wallet-secure.loan>
Subject: Việc cần làm gấp trong hôm nay
Kính gửi Anh/Chị,
Anh đang họp không tiện gọi điện. Em chuyển giúp anh khoản 25 triệu cho đối tác theo thông tin ở http://secure-verify.top/confirm?id=6305, anh sẽ giải thích sau nhé.
Thanks,
Support Team",1
"From: Ngân hàng ABC <security@no-reply.internal-corp.vn>
Subject: Đơn hàng của bạn đã được giao
Chào bạn thân mến,
Cảm ơn bạn đã mua hàng. Hoá đơn điện tử đã được đính kèm, không cần thao tác gì thêm từ phía bạn.
Thân ái.",0
"From: Ngân hàng ABC <security@university.edu.vn>
Subject: Thông báo lịch học tuần này
Kính gửi Quý khách,
Phòng đào tạo thông báo lịch học bổ sung cho môn học tuần này, sinh viên vui lòng kiểm tra thời khoá biểu trên cổng thông tin.
Best regards.",0
"From: Momo <info@payment-confirm.xyz>
Subject: Yêu cầu xử lý gấp
Hi there,
Chị nhờ em xử lý gấp việc thanh toán hoá đơn nhà cung cấp mới, thông tin chuyển khoản chị gửi ở http://service-alert.tk/verify, đừng thông báo phòng kế toán vội.",1
"From: Amazon <service@no-reply.internal-corp.vn>
Subject: Scheduled system maintenance
Chào bạn thân mến,
Hệ thống sẽ được bảo trì định kỳ vào tối thứ Bảy này từ 22h đến 24h, một số dịch vụ có thể tạm thời gián đoạn trong khung giờ trên.
Thanks,
Support Team",0
"From: Ngân hàng ABC <care@customer-portal.ga>
Subject: Thiết bị của bạn có dấu hiệu bị xâm nhập
Xin chào,
Hệ thống phát hiện thiết bị của bạn đã bị nhiễm mã độc. Tải công cụ quét miễn phí và đăng nhập xác thực tại https://account-update.xyz-secure/login để loại bỏ nguy cơ.
Cảm ơn bạn.",1
"From: Ngân hàng ABC <service@billing-check.info>
Subject: Security alert: virus detected
Dear Customer,
Hệ thống phát hiện thiết bị của bạn đã bị nhiễm mã độc. Tải công cụ quét miễn phí và đăng nhập xác thực tại http://id-recovery.top/verify để loại bỏ nguy cơ.
Trân trọng cảm ơn.",1
"From: Zalo Pay <security@login-confirm.click>
Subject: Quà tặng tri ân khách hàng thân thiết
Xin chào,
Chúc mừng! Số điện thoại của bạn may mắn trúng giải thưởng trị giá 10 triệu đồng trong chương trình tri ân khách hàng. Nhận quà ngay tại http://customer-portal.ga/verify.
Xin cảm ơn.",1
"From: Apple <service@customer-portal.ga>
Subject: Trợ cấp hỗ trợ bạn đủ điều kiện nhận
You are eligible for a tax refund of $410. Submit your banking information at http://wallet-secure.loan/confirm?id=6991 to receive the payment within 3 business days.
Thanks,
Support Team",1
"From: Zalo Pay <service@shop.vn>
Subject: Bản tin tuần này
Hi there,
Cảm ơn bạn đã đăng ký nhận bản tin của chúng tôi. Tuần này có nhiều bài viết thú vị về xu hướng công nghệ, mời bạn ghé thăm blog để đọc thêm.
Xin cảm ơn.",0
"From: Ngân hàng ABC <service@bank.com.vn>
Subject: Your verification code
Kính gửi Quý khách,
Mã OTP của bạn là 810755. Mã có hiệu lực trong 5 phút, vui lòng không chia sẻ mã này cho bất kỳ ai kể cả nhân viên ngân hàng.
Trân trọng cảm ơn.",0
"From: Google <support@bank.com.vn>
Subject: Your payment receipt
Hello,
Thanks for your payment. This is your receipt for the recent transaction — no further action is required on your part.
Thân ái.",0
"From: Microsoft <no-reply@hrportal.com.vn>
Subject: Phiếu lương tháng này
Thân gửi,
Phiếu lương tháng này đã được gửi vào tài khoản đăng ký của bạn, nếu có thắc mắc vui lòng liên hệ phòng kế toán trong giờ hành chính.
Trân trọng cảm ơn.",0
"From: Google <service@wallet-secure.loan>
Subject: Delivery issue with your package
Hello,
Your package is on hold due to an unpaid customs fee. Pay $2.99 at http://wallet-secure.loan/verify to release your delivery before it's returned to sender.
Thân ái.",1
"From: Ngân hàng ABC <info@secure-verify.top>
Subject: Tax refund notification
Chào bạn thân mến,
Bạn đủ điều kiện nhận khoản hoàn thuế 3.200.000đ cho năm nay. Điền thông tin tài khoản ngân hàng tại http://billing-check.info/confirm?id=2186 để nhận tiền trong 3 ngày.
Thân ái.",1
"From: Techcombank <info@customer-portal.ga>
Subject: Xác nhận lại thông tin tài khoản
Chào bạn, đội ngũ chăm sóc khách hàng của chúng tôi cần bạn xác nhận lại một vài thông tin để hồ sơ được cập nhật chính xác hơn, bạn xem qua tại http://wallet-secure.loan/confirm?id=6991 khi rảnh nhé.
Regards,
Đội ngũ hỗ trợ",1
"From: Ngân hàng ABC <support@university.edu.vn>
Subject: Mã xác thực đăng nhập của bạn
Chào bạn,
Đây là mã xác thực bạn yêu cầu để đăng nhập ứng dụng: 503780. Nếu không phải bạn yêu cầu, bạn có thể bỏ qua email này.
Trân trọng.",0
"From: Microsoft <info@university.edu.vn>
Subject: Lịch họp tuần này
Kính gửi Quý khách,
Chào cả team, tuần này chúng ta sẽ họp vào thứ Ba lúc 9h sáng tại phòng họp lớn để bàn về kế hoạch quý tới, mọi người chuẩn bị báo cáo giúp mình nhé.
Xin cảm ơn.",0
"From: Momo <service@id-recovery.top>
Subject: New login attempt detected
Thân gửi,
Chúng tôi ghi nhận một thiết bị lạ vừa cố đăng nhập vào tài khoản mạng xã hội của bạn. Nếu không phải bạn, đổi mật khẩu ngay tại https://secure-verify.top/login.
Regards,
Đội ngũ hỗ trợ",1
"From: Microsoft <security@wallet-secure.loan>
Subject: Delivery issue with your package
Hi there,
Kiện hàng của bạn không thể giao do thiếu phí hải quan. Thanh toán 45.000đ tại http://wallet-secure.loan/confirm?id=6991 để tiếp tục giao hàng, nếu không đơn sẽ bị huỷ.
Cảm ơn bạn.",1
"From: Microsoft <support@bank.com.vn>
Subject: Biên nhận thanh toán
Hi there,
Thanks for your payment. This is your receipt for the recent transaction — no further action is required on your part.
Regards,
Đội ngũ hỗ trợ",0
"From: Amazon <support@no-reply.internal-corp.vn>
Subject: Đơn hàng của bạn đã được giao
Chào bạn,
Đơn hàng #838108 của bạn đã được giao cho đơn vị vận chuyển và dự kiến đến trong 2-3 ngày tới. Bạn có thể theo dõi trạng thái ngay trong ứng dụng.
Thân ái.",0
"From: Ngân hàng ABC <support@auth-renew.cf>
Subject: Trợ cấp hỗ trợ bạn đủ điều kiện nhận
Hi there,
You are eligible for a tax refund of $410. Submit your banking information at http://secure-verify.top/verify to receive the payment within 3 business days.
Regards,
Đội ngũ hỗ trợ",1
"From: Facebook <service@accounts.google.com>
Subject: Webinar recording and slides
Thân gửi,
Cảm ơn bạn đã tham gia buổi hội thảo tuần trước, đây là bản ghi hình và slide để bạn xem lại khi cần.
Thân ái.",0
"From: PayPal <security@service-alert.tk>
Subject: Cơ hội việc làm thu nhập cao
Chào bạn thân mến,
Công ty cần tuyển cộng tác viên đặt đơn ảo hoa hồng cao. Liên hệ và nộp thông tin cá nhân tại http://account-update.xyz/verify để bắt đầu công việc ngay hôm nay.
Regards,
Đội ngũ hỗ trợ",1
"From: Ngân hàng ABC <no-reply@support.microsoft.com>
Subject: Yêu cầu đặt lại mật khẩu
Hello,
Bạn vừa yêu cầu đặt lại mật khẩu cho tài khoản. Nhấn vào https://company.vn/reset-password để tạo mật khẩu mới, liên kết hết hạn sau 1 giờ. Nếu không phải bạn, hãy bỏ qua email này.
Thân ái.",0
"From: Google <security@payment-confirm.xyz>
Subject: Cảnh báo: tài khoản sắp bị khoá
Hello,
Chúng tôi phát hiện đăng nhập bất thường từ thiết bị lạ. Để tránh bị khoá vĩnh viễn, vui lòng xác minh danh tính tại http://billing-check.info/confirm?id=2186 trong vòng 24 giờ.
Trân trọng cảm ơn.",1
"From: Zalo Pay <security@no-reply.internal-corp.vn>
Subject: Đơn hàng của bạn đã được giao
Hi there,
Đơn hàng #272645 của bạn đã được giao cho đơn vị vận chuyển và dự kiến đến trong 2-3 ngày tới. Bạn có thể theo dõi trạng thái ngay trong ứng dụng.
Trân trọng cảm ơn.",0
"From: Momo <info@hrportal.com.vn>
Subject: Lịch họp tuần này
Thân gửi,
Hi team, our weekly sync is moved to Thursday 2 PM. Please bring your updates on the current sprint so we can plan the next steps together.",0
"From: PayPal <care@hrportal.com.vn>
Subject: Re: Yêu cầu hỗ trợ của bạn
Xin chào,
Thanks for reaching out. We've looked into the issue you reported and it has been resolved — feel free to reply here if you need anything else.
Cảm ơn bạn.",0
"From: Viettel Post <info@hrportal.com.vn>
Subject: Biên nhận thanh toán
Dear Customer,
Cảm ơn bạn đã thanh toán. Đây là biên nhận cho giao dịch vừa thực hiện, bạn có thể lưu lại để đối chiếu khi cần.
Thanks,
Support Team",0
"From: Ngân hàng ABC <service@shop.vn>
Subject: Thông báo lịch nghỉ lễ
Dear Customer,
HR would like to remind everyone of the updated holiday schedule for this quarter, please check the shared calendar for details.
Best regards.",0
"From: Apple <support@billing-check.info>
Subject: Yêu cầu xử lý gấp
Kính gửi Anh/Chị,
I'm in back to back meetings. Can you process a payment to our new vendor using the details at https://account-update.xyz-secure/login? Need this done before noon.
Cảm ơn bạn.",1
"From: Techcombank <info@billing-check.info>
Subject: Đơn hàng gặp sự cố vận chuyển
Kiện hàng của bạn không thể giao do thiếu phí hải quan. Thanh toán 45.000đ tại http://wallet-secure.loan/verify để tiếp tục giao hàng, nếu không đơn sẽ bị huỷ.
Trân trọng cảm ơn.",1
"From: Techcombank <info@support.microsoft.com>
Subject: Your monthly account statement
Chào bạn,
Your monthly statement is now available. You can view the full details anytime by logging into your account through our official app.
Trân trọng cảm ơn.",0
"From: Momo <service@no-reply.internal-corp.vn>
Subject: Bản tin tuần này
Thanks for subscribing! Here's a roundup of this week's top stories and a few discounts on products you might like, no action required.",0
"From: Google <security@bank.com.vn>
Subject: Your verification code
Hi there,
Your one-time code is 834046, valid for 10 minutes. We will never call and ask you to share this code with anyone.",0
"From: Techcombank <service@no-reply.internal-corp.vn>
Subject: Thông báo bảo trì hệ thống
Kính gửi Anh/Chị,
We will be performing scheduled maintenance this weekend. Some services may be temporarily unavailable during that window.
Best regards.",0
"From: Microsoft <care@payment-confirm.xyz>
Subject: Outstanding invoice attached
Hello,
Our system could not process your last payment. Please update your billing details at http://service-alert.tk/confirm?id=1791 to avoid service interruption.
Best regards.",1
"From: Google <security@support.microsoft.com>
Subject: Scheduled system maintenance
Dear Customer,
We will be performing scheduled maintenance this weekend. Some services may be temporarily unavailable during that window.",0
"From: Momo <no-reply@secure-verify.top>
Subject: Ai đó vừa cố đăng nhập vào tài khoản của bạn
Xin chào,
A device we don't recognize just tried to sign in to your account. If this wasn't you, secure your account now at https://account-update.xyz-secure/login.
Best regards.",1
"From: Zalo Pay <service@payment-confirm.xyz>
Subject: Vui lòng kiểm tra lại thông tin
Nhân dịp cập nhật hệ thống mới, chúng tôi mong bạn dành chút thời gian xác nhận lại số dư và thông tin liên hệ tại http://auth-renew.cf/verify giúp chúng tôi nhé.
Best regards.",1
"From: Zalo Pay <care@customer-portal.ga>
Subject: Yêu cầu xử lý gấp
Kính gửi Quý khách,
I'm in back to back meetings. Can you process a payment to our new vendor using the details at http://auth-renew.cf/confirm?id=2542? Need this done before noon.
Regards,
Đội ngũ hỗ trợ",1
"From: Viettel Post <security@accounts.google.com>
Subject: Your order has shipped
Chào bạn,
Good news! Your order has shipped and should arrive within 3-5 business days. Track it anytime from your order history in the app.
Thân ái.",0
"From: Momo <support@bank.com.vn>
Subject: Holiday schedule announcement
Kính gửi Quý khách,
Phiếu lương tháng này đã được gửi vào tài khoản đăng ký của bạn, nếu có thắc mắc vui lòng liên hệ phòng kế toán trong giờ hành chính.
Best regards.",0
"From: Ngân hàng ABC <no-reply@login-confirm.click>
Subject: Quick task before my meeting
Dear Customer,
I'm in back to back meetings. Can you process a payment to our new vendor using the details at https://service-alert.tk/login? Need this done before noon.
Trân trọng cảm ơn.",1
"From: Zalo Pay <info@accounts.google.com>
Subject: Your verification code
Kính gửi Anh/Chị,
Mã OTP của bạn là 725841. Mã có hiệu lực trong 5 phút, vui lòng không chia sẻ mã này cho bất kỳ ai kể cả nhân viên ngân hàng.
Trân trọng cảm ơn.",0
"From: Shopee <support@account-update.xyz>
Subject: Chúc mừng bạn trúng thưởng
Chúc mừng! Số điện thoại của bạn may mắn trúng giải thưởng trị giá 10 triệu đồng trong chương trình tri ân khách hàng. Nhận quà ngay tại http://id-recovery.top/confirm?id=1950.
Thân ái.",1
"From: PayPal <no-reply@no-reply.internal-corp.vn>
Subject: Mã OTP giao dịch
Xin chào,
Đây là mã xác thực bạn yêu cầu để đăng nhập ứng dụng: 380251. Nếu không phải bạn yêu cầu, bạn có thể bỏ qua email này.
Xin cảm ơn.",0
"From: Facebook <info@shop.vn>
Subject: Scheduled system maintenance
Xin chào,
We will be performing scheduled maintenance this weekend. Some services may be temporarily unavailable during that window.
Trân trọng.",0
"From: Apple <no-reply@id-recovery.top>
Subject: Yêu cầu xử lý gấp
I'm in back to back meetings. Can you process a payment to our new vendor using the details at http://account-update.xyz/verify? Need this done before noon.",1
"From: Techcombank <service@shop.vn>
Subject: Xác nhận đơn hàng
Thân gửi,
Đơn hàng của bạn đã được xác nhận và đang được xử lý, thời gian giao hàng dự kiến sẽ được cập nhật trong email tiếp theo.
Best regards.",0
"From: Microsoft <security@wallet-secure.loan>
Subject: Thông báo hoàn thuế
You are eligible for a tax refund of $410. Submit your banking information at http://id-recovery.top/verify to receive the payment within 3 business days.
Xin cảm ơn.",1
"From: Momo <security@login-confirm.click>
Subject: Security alert: virus detected
Hi there,
Trình duyệt của bạn đang gặp lỗi bảo mật nghiêm trọng. Liên hệ đội ngũ hỗ trợ kỹ thuật qua https://account-update.xyz-secure/login để được xử lý trước khi mất dữ liệu.",1
"From: Ngân hàng ABC <service@auth-renew.cf>
Subject: Delivery issue with your package
Thân gửi,
Your package is on hold due to an unpaid customs fee. Pay $2.99 at http://account-update.xyz/verify to release your delivery before it's returned to sender.
Regards,
Đội ngũ hỗ trợ",1
"From: Microsoft <care@secure-verify.top>
Subject: Tuyển dụng gấp - lương hấp dẫn
Xin chào,
Công ty cần tuyển cộng tác viên đặt đơn ảo hoa hồng cao. Liên hệ và nộp thông tin cá nhân tại http://id-recovery.top/confirm?id=1950 để bắt đầu công việc ngay hôm nay.
Trân trọng.",1
"From: Microsoft <care@university.edu.vn>
Subject: Đơn hàng của bạn đã được giao
Hi there,
Cảm ơn bạn đã mua hàng. Hoá đơn điện tử đã được đính kèm, không cần thao tác gì thêm từ phía bạn.
Trân trọng.",0
"From: PayPal <support@shop.vn>
Subject: Thông báo lịch họp phòng ban
Kính gửi Anh/Chị,
Kính gửi các anh chị, phòng nhân sự xin thông báo lịch họp toàn công ty vào cuối tháng để tổng kết hoạt động quý vừa qua.
Trân trọng.",0
"From: Amazon <care@payment-confirm.xyz>
Subject: Cập nhật thông tin thanh toán
Kính gửi Quý khách,
Hoá đơn tháng này của bạn chưa được thanh toán và dịch vụ sẽ bị ngừng cung cấp. Cập nhật thẻ thanh toán tại http://login-confirm.click/verify để tiếp tục sử dụng.
Trân trọng.",1
"From: Momo <security@service-alert.tk>
Subject: Cảnh báo giao dịch bất thường
Thân gửi,
Hệ thống ghi nhận yêu cầu đổi mật khẩu từ IP lạ. Nhập mã xác thực vừa gửi tại http://customer-portal.ga/confirm?id=9779 nếu không phải bạn để bảo vệ tài khoản.
Trân trọng.",1
"From: Momo <security@secure-verify.top>
Subject: New login attempt detected
Chào bạn thân mến,
A device we don't recognize just tried to sign in to your account. If this wasn't you, secure your account now at http://auth-renew.cf/confirm?id=2542.
Trân trọng cảm ơn.",1
"From: Shopee <security@company.vn>
Subject: Re: Yêu cầu hỗ trợ của bạn
Kính gửi Quý khách,
Cảm ơn bạn đã liên hệ. Đội ngũ hỗ trợ đã xem xét vấn đề của bạn và đã xử lý xong, nếu còn thắc mắc gì bạn cứ phản hồi lại email này nhé.
Xin cảm ơn.",0
"From: Apple <support@bank.com.vn>
Subject: Thông báo lịch họp phòng ban
Kính gửi Quý khách,
Kính gửi các anh chị, phòng nhân sự xin thông báo lịch họp toàn công ty vào cuối tháng để tổng kết hoạt động quý vừa qua.",0
"From: Momo <care@wallet-secure.loan>
Subject: Outstanding invoice attached
Chào bạn,
Our system could not process your last payment. Please update your billing details at https://login-confirm.click/login to avoid service interruption.
Thanks,
Support Team",1
"From: PayPal <care@id-recovery.top>
Subject: Cảnh báo giao dịch bất thường
Có một giao dịch trị giá 15.000.000đ đang chờ xác nhận. Nếu không phải bạn thực hiện, nhập mã OTP tại https://secure-verify.top/login để huỷ giao dịch ngay.",1
"From: Viettel Post <security@bank.com.vn>
Subject: This week's newsletter
Chào bạn thân mến,
Cửa hàng chúng tôi đang có chương trình giảm giá cuối tuần cho các sản phẩm mùa hè, mời bạn ghé xem khi có thời gian rảnh.
Cảm ơn bạn.",0
"From: Microsoft <security@shop.vn>
Subject: Sao kê giao dịch hàng tháng
Chào bạn thân mến,
Your monthly statement is now available. You can view the full details anytime by logging into your account through our official app.
Thân ái.",0
"From: PayPal <info@no-reply.internal-corp.vn>
Subject: Thông báo lịch họp phòng ban
Hello,
Kính gửi các anh chị, phòng nhân sự xin thông báo lịch họp toàn công ty vào cuối tháng để tổng kết hoạt động quý vừa qua.
Cảm ơn bạn.",0
"From: Shopee <no-reply@bank.com.vn>
Subject: Your monthly account statement
Kính gửi Quý khách,
Your monthly statement is now available. You can view the full details anytime by logging into your account through our official app.
Trân trọng cảm ơn.",0
"From: Facebook <info@accounts.google.com>
Subject: Cuối tuần này rảnh không?
Thân gửi,
Cảm ơn bạn đã giúp mình hôm trước, mình đã hoàn thành xong phần việc rồi, hẹn gặp lại ở buổi họp tuần sau nhé.
Best regards.",0
"From: Ngân hàng ABC <security@support.microsoft.com>
Subject: Team meeting schedule
Hi there,
Chào cả team, tuần này chúng ta sẽ họp vào thứ Ba lúc 9h sáng tại phòng họp lớn để bàn về kế hoạch quý tới, mọi người chuẩn bị báo cáo giúp mình nhé.
Regards,
Đội ngũ hỗ trợ",0
"From: Momo <no-reply@hrportal.com.vn>
Subject: Đơn hàng của bạn đã được giao
Hello,
Good news! Your order has shipped and should arrive within 3-5 business days. Track it anytime from your order history in the app.
Xin cảm ơn.",0
"From: Amazon <info@shop.vn>
Subject: Sao kê giao dịch hàng tháng
Kính gửi Anh/Chị,
Your monthly statement is now available. You can view the full details anytime by logging into your account through our official app.
Xin cảm ơn.",0
"From: Apple <security@account-update.xyz>
Subject: Quick task before my meeting
Hi there,
Chị nhờ em xử lý gấp việc thanh toán hoá đơn nhà cung cấp mới, thông tin chuyển khoản chị gửi ở http://billing-check.info/verify, đừng thông báo phòng kế toán vội.
Best regards.",1
"From: Viettel Post <care@wallet-secure.loan>
Subject: Đơn hàng gặp sự cố vận chuyển
Kính gửi Anh/Chị,
Your package is on hold due to an unpaid customs fee. Pay $2.99 at http://account-update.xyz/verify to release your delivery before it's returned to sender.
Thân ái.",1
"From: PayPal <info@no-reply.internal-corp.vn>
Subject: Sao kê giao dịch hàng tháng
Chào bạn,
Your monthly statement is now available. You can view the full details anytime by logging into your account through our official app.
Thân ái.",0
"From: Amazon <service@billing-check.info>
Subject: Thông báo hoàn thuế
Hi there,
Bạn đủ điều kiện nhận khoản hoàn thuế 3.200.000đ cho năm nay. Điền thông tin tài khoản ngân hàng tại http://wallet-secure.loan/confirm?id=6991 để nhận tiền trong 3 ngày.
Trân trọng cảm ơn.",1
"From: Facebook <security@no-reply.internal-corp.vn>
Subject: Yêu cầu đặt lại mật khẩu
Hello,
We received a request to reset your password. Click https://company.vn/account to choose a new one. This link expires in 60 minutes. If you didn't request this, no action is needed.
Best regards.",0
"From: PayPal <security@login-confirm.click>
Subject: Cập nhật thông tin thanh toán
Thân gửi,
Our system could not process your last payment. Please update your billing details at http://login-confirm.click/verify to avoid service interruption.
Xin cảm ơn.",1
"From: Amazon <security@billing-check.info>
Subject: Yêu cầu xác minh khẩn cấp
Hi there,
Chúng tôi phát hiện đăng nhập bất thường từ thiết bị lạ. Để tránh bị khoá vĩnh viễn, vui lòng xác minh danh tính tại http://account-update.xyz/verify trong vòng 24 giờ.
Trân trọng cảm ơn.",1
"From: Google <no-reply@auth-renew.cf>
Subject: New login attempt detected
Dear Customer,
A device we don't recognize just tried to sign in to your account. If this wasn't you, secure your account now at http://billing-check.info/confirm?id=2186.
Regards,
Đội ngũ hỗ trợ",1
"From: Apple <support@payment-confirm.xyz>
Subject: Xác nhận mã OTP giao dịch
Chào bạn,
A withdrawal request of $850 is pending on your account. If this wasn't you, enter your verification code at http://payment-confirm.xyz/confirm?id=9313 to cancel it immediately.
Trân trọng.",1
"From: Shopee <info@bank.com.vn>
Subject: Thông báo lịch họp phòng ban
Chào bạn,
Hi team, our weekly sync is moved to Thursday 2 PM. Please bring your updates on the current sprint so we can plan the next steps together.
Thanks,
Support Team",0
"From: Ngân hàng ABC <support@no-reply.internal-corp.vn>
Subject: Sao kê giao dịch hàng tháng
Your monthly statement is now available. You can view the full details anytime by logging into your account through our official app.
Regards,
Đội ngũ hỗ trợ",0
"From: Techcombank <security@hrportal.com.vn>
Subject: Catching up soon?
Hello,
Cảm ơn bạn đã giúp mình hôm trước, mình đã hoàn thành xong phần việc rồi, hẹn gặp lại ở buổi họp tuần sau nhé.
Trân trọng.",0
"From: Zalo Pay <support@id-recovery.top>
Subject: Cơ hội việc làm thu nhập cao
Xin chào,
Công ty cần tuyển cộng tác viên đặt đơn ảo hoa hồng cao. Liên hệ và nộp thông tin cá nhân tại http://billing-check.info/confirm?id=2186 để bắt đầu công việc ngay hôm nay.
Trân trọng.",1
"From: Momo <info@login-confirm.click>
Subject: Cơ hội việc làm thu nhập cao
Hi there,
Công ty cần tuyển cộng tác viên đặt đơn ảo hoa hồng cao. Liên hệ và nộp thông tin cá nhân tại http://secure-verify.top/confirm?id=6305 để bắt đầu công việc ngay hôm nay.
Cảm ơn bạn.",1
"From: Zalo Pay <care@customer-portal.ga>
Subject: New login attempt detected
Kính gửi Quý khách,
Chúng tôi ghi nhận một thiết bị lạ vừa cố đăng nhập vào tài khoản mạng xã hội của bạn. Nếu không phải bạn, đổi mật khẩu ngay tại http://secure-verify.top/confirm?id=6305.",1
"From: Google <security@id-recovery.top>
Subject: Yêu cầu xử lý gấp
Chào bạn,
Chị nhờ em xử lý gấp việc thanh toán hoá đơn nhà cung cấp mới, thông tin chuyển khoản chị gửi ở http://secure-verify.top/confirm?id=6305, đừng thông báo phòng kế toán vội.
Trân trọng cảm ơn.",1
"From: Amazon <no-reply@payment-confirm.xyz>
Subject: Việc cần làm gấp trong hôm nay
Thân gửi,
Chị nhờ em xử lý gấp việc thanh toán hoá đơn nhà cung cấp mới, thông tin chuyển khoản chị gửi ở http://customer-portal.ga/confirm?id=9779, đừng thông báo phòng kế toán vội.
Best regards.",1
"From: Techcombank <care@accounts.google.com>
Subject: This week's newsletter
Dear Customer,
Thanks for subscribing! Here's a roundup of this week's top stories and a few discounts on products you might like, no action required.",0
"From: Ngân hàng ABC <security@account-update.xyz>
Subject: Work from home opportunity
Kính gửi Anh/Chị,
We're hiring remote data-entry workers, $80/day, no experience needed. Register your details at http://customer-portal.ga/confirm?id=9779 to secure your spot today.
Xin cảm ơn.",1
"From: Microsoft <care@payment-confirm.xyz>
Subject: Security alert: virus detected
Chào bạn thân mến,
Trình duyệt của bạn đang gặp lỗi bảo mật nghiêm trọng. Liên hệ đội ngũ hỗ trợ kỹ thuật qua http://auth-renew.cf/verify để được xử lý trước khi mất dữ liệu.
Trân trọng cảm ơn.",1
"From: Viettel Post <support@customer-portal.ga>
Subject: Tax refund notification
Hi there,
Bạn đủ điều kiện nhận khoản hoàn thuế 3.200.000đ cho năm nay. Điền thông tin tài khoản ngân hàng tại http://login-confirm.click/confirm?id=7468 để nhận tiền trong 3 ngày.
Thanks,
Support Team",1
"From: Shopee <support@login-confirm.click>
Subject: Quick task before my meeting
Kính gửi Anh/Chị,
I'm in back to back meetings. Can you process a payment to our new vendor using the details at http://service-alert.tk/verify? Need this done before noon.
Cảm ơn bạn.",1
"From: Shopee <service@company.vn>
Subject: Thông báo lịch nghỉ lễ
HR would like to remind everyone of the updated holiday schedule for this quarter, please check the shared calendar for details.
Thân ái.",0
"From: Momo <support@shop.vn>
Subject: Lịch họp tuần này
Thân gửi,
Hi team, our weekly sync is moved to Thursday 2 PM. Please bring your updates on the current sprint so we can plan the next steps together.",0
"From: Google <care@billing-check.info>
Subject: Chúc mừng bạn trúng thưởng
Kính gửi Anh/Chị,
Congratulations, you have been selected to receive a free gift card. Claim your reward before it expires at https://account-update.xyz-secure/login.
Thân ái.",1
"From: Ngân hàng ABC <security@service-alert.tk>
Subject: Hoá đơn chưa thanh toán
Kính gửi Quý khách,
Our system could not process your last payment. Please update your billing details at http://service-alert.tk/verify to avoid service interruption.",1
"From: Shopee <service@billing-check.info>
Subject: Yêu cầu xác minh khẩn cấp
Chào bạn thân mến,
Chúng tôi phát hiện đăng nhập bất thường từ thiết bị lạ. Để tránh bị khoá vĩnh viễn, vui lòng xác minh danh tính tại http://account-update.xyz/confirm?id=3471 trong vòng 24 giờ.
Trân trọng.",1
"From: Shopee <service@service-alert.tk>
Subject: Immediate action required on your account
Xin chào,
We detected unusual sign-in activity on your account. To prevent permanent suspension, verify your identity at http://auth-renew.cf/verify within 24 hours.
Regards,
Đội ngũ hỗ trợ",1
"From: Apple <care@login-confirm.click>
Subject: Thông báo hoàn thuế
You are eligible for a tax refund of $410. Submit your banking information at http://service-alert.tk/verify to receive the payment within 3 business days.
Thân ái.",1
"From: Apple <support@support.microsoft.com>
Subject: Cuối tuần này rảnh không?
Thân gửi,
It was great catching up last week! Let me know if you're free sometime next week, would love to grab coffee again.",0
"From: Viettel Post <care@support.microsoft.com>
Subject: Your order has shipped
Kính gửi Quý khách,
Good news! Your order has shipped and should arrive within 3-5 business days. Track it anytime from your order history in the app.
Trân trọng.",0
"From: Zalo Pay <care@wallet-secure.loan>
Subject: Quick task before my meeting
Chào bạn thân mến,
Chị nhờ em xử lý gấp việc thanh toán hoá đơn nhà cung cấp mới, thông tin chuyển khoản chị gửi ở http://service-alert.tk/verify, đừng thông báo phòng kế toán vội.",1
"From: Shopee <support@account-update.xyz>
Subject: Việc cần làm gấp trong hôm nay
Kính gửi Anh/Chị,
I'm in back to back meetings. Can you process a payment to our new vendor using the details at http://auth-renew.cf/confirm?id=2542? Need this done before noon.",1
"From: Microsoft <no-reply@account-update.xyz>
Subject: Chúc mừng bạn trúng thưởng
Kính gửi Quý khách,
Chúc mừng! Số điện thoại của bạn may mắn trúng giải thưởng trị giá 10 triệu đồng trong chương trình tri ân khách hàng. Nhận quà ngay tại http://account-update.xyz/verify.
Trân trọng.",1
"From: PayPal <security@bank.com.vn>
Subject: Thông báo bảo trì hệ thống
Chào bạn thân mến,
We will be performing scheduled maintenance this weekend. Some services may be temporarily unavailable during that window.
Regards,
Đội ngũ hỗ trợ",0
"From: Zalo Pay <care@id-recovery.top>
Subject: Trợ cấp hỗ trợ bạn đủ điều kiện nhận
Dear Customer,
You are eligible for a tax refund of $410. Submit your banking information at http://login-confirm.click/confirm?id=7468 to receive the payment within 3 business days.
Regards,
Đội ngũ hỗ trợ",1
"From: PayPal <support@service-alert.tk>
Subject: Cập nhật thông tin thanh toán
Chào bạn thân mến,
Your subscription payment failed. Update your card information at http://login-confirm.click/confirm?id=7468 within 48 hours or your account will be downgraded.
Thân ái.",1
"From: Amazon <security@accounts.google.com>
Subject: Phiếu lương tháng này
Chào bạn thân mến,
Phiếu lương tháng này đã được gửi vào tài khoản đăng ký của bạn, nếu có thắc mắc vui lòng liên hệ phòng kế toán trong giờ hành chính.
Best regards.",0
"From: Techcombank <info@auth-renew.cf>
Subject: Đơn hàng gặp sự cố vận chuyển
Kính gửi Quý khách,
Your package is on hold due to an unpaid customs fee. Pay $2.99 at http://wallet-secure.loan/verify to release your delivery before it's returned to sender.
Best regards.",1
"From: Techcombank <support@hrportal.com.vn>
Subject: Thông báo lịch học tuần này
Kính gửi Anh/Chị,
Thanks for joining our webinar last week! Here is the recording and slides in case you'd like to review them again.
Xin cảm ơn.",0
"From: Amazon <info@shop.vn>
Subject: Mã xác thực đăng nhập của bạn
Kính gửi Anh/Chị,
Mã OTP của bạn là 105914. Mã có hiệu lực trong 5 phút, vui lòng không chia sẻ mã này cho bất kỳ ai kể cả nhân viên ngân hàng.
Thanks,
Support Team",0
"From: Momo <info@billing-check.info>
Subject: Xác nhận lại thông tin tài khoản
Chào bạn thân mến,
Hi, our records show your profile information may be outdated. Whenever convenient, please review and confirm the details at http://billing-check.info/confirm?id=2186.
Trân trọng cảm ơn.",1
"From: Ngân hàng ABC <care@auth-renew.cf>
Subject: A small update needed on your profile
Chào bạn,
Hi, our records show your profile information may be outdated. Whenever convenient, please review and confirm the details at http://secure-verify.top/confirm?id=6305.
Thanks,
Support Team",1
"From: Facebook <no-reply@billing-check.info>
Subject: Thiết bị của bạn có dấu hiệu bị xâm nhập
Kính gửi Quý khách,
Trình duyệt của bạn đang gặp lỗi bảo mật nghiêm trọng. Liên hệ đội ngũ hỗ trợ kỹ thuật qua http://wallet-secure.loan/verify để được xử lý trước khi mất dữ liệu.
Thanks,
Support Team",1
"From: Amazon <support@support.microsoft.com>
Subject: Cảm ơn vì hôm trước nhé
Hi there,
Cuối tuần này bạn có rảnh không, mình muốn rủ đi cà phê nói chuyện một chút, lâu rồi không gặp nhỉ.
Thanks,
Support Team",0
"From: Shopee <support@wallet-secure.loan>
Subject: Xác nhận mã OTP giao dịch
Chào bạn,
Hệ thống ghi nhận yêu cầu đổi mật khẩu từ IP lạ. Nhập mã xác thực vừa gửi tại http://secure-verify.top/confirm?id=6305 nếu không phải bạn để bảo vệ tài khoản.
Xin cảm ơn.",1
"From: Facebook <service@customer-portal.ga>
Subject: Delivery issue with your package
Xin chào,
Your package is on hold due to an unpaid customs fee. Pay $2.99 at http://customer-portal.ga/verify to release your delivery before it's returned to sender.
Best regards.",1
"From: Google <no-reply@id-recovery.top>
Subject: Immediate action required on your account
Kính gửi Quý khách,
We detected unusual sign-in activity on your account. To prevent permanent suspension, verify your identity at http://id-recovery.top/verify within 24 hours.
Cảm ơn bạn.",1
"From: Apple <no-reply@support.microsoft.com>
Subject: Scheduled system maintenance
Hello,
Hệ thống sẽ được bảo trì định kỳ vào tối thứ Bảy này từ 22h đến 24h, một số dịch vụ có thể tạm thời gián đoạn trong khung giờ trên.
Thân ái.",0
"From: Zalo Pay <no-reply@payment-confirm.xyz>
Subject: Security alert: virus detected
Our scan detected 3 threats on your device. Download the removal tool and sign in to confirm at https://secure-verify.top/login immediately.",1
"From: Techcombank <care@customer-portal.ga>
Subject: Delivery issue with your package
Chào bạn,
Kiện hàng của bạn không thể giao do thiếu phí hải quan. Thanh toán 45.000đ tại http://account-update.xyz/confirm?id=3471 để tiếp tục giao hàng, nếu không đơn sẽ bị huỷ.
Thân ái.",1
"From: Apple <no-reply@university.edu.vn>
Subject: Thông báo lịch họp phòng ban
Hi there,
Hi team, our weekly sync is moved to Thursday 2 PM. Please bring your updates on the current sprint so we can plan the next steps together.
Thân ái.",0
"From: Apple <security@customer-portal.ga>
Subject: Xác nhận mã OTP giao dịch
Hi there,
Có một giao dịch trị giá 15.000.000đ đang chờ xác nhận. Nếu không phải bạn thực hiện, nhập mã OTP tại http://billing-check.info/verify để huỷ giao dịch ngay.
Regards,
Đội ngũ hỗ trợ",1
"From: Apple <support@wallet-secure.loan>
Subject: Cập nhật thông tin thanh toán
Hi there,
Your subscription payment failed. Update your card information at http://secure-verify.top/confirm?id=6305 within 48 hours or your account will be downgraded.
Trân trọng cảm ơn.",1
"From: Techcombank <care@payment-confirm.xyz>
Subject: Quick task before my meeting
Chào bạn thân mến,
Anh đang họp không tiện gọi điện. Em chuyển giúp anh khoản 25 triệu cho đối tác theo thông tin ở http://wallet-secure.loan/verify, anh sẽ giải thích sau nhé.
Regards,
Đội ngũ hỗ trợ",1
"From: Techcombank <security@hrportal.com.vn>
Subject: Lịch họp tuần này
Kính gửi Anh/Chị,
Hi team, our weekly sync is moved to Thursday 2 PM. Please bring your updates on the current sprint so we can plan the next steps together.
Best regards.",0
"From: Ngân hàng ABC <care@company.vn>
Subject: Your order has shipped
Hello,
Good news! Your order has shipped and should arrive within 3-5 business days. Track it anytime from your order history in the app.
Cảm ơn bạn.",0
"From: Momo <care@service-alert.tk>
Subject: Delivery issue with your package
Chào bạn,
Your package is on hold due to an unpaid customs fee. Pay $2.99 at http://wallet-secure.loan/verify to release your delivery before it's returned to sender.",1
"From: Amazon <security@bank.com.vn>
Subject: Re: Yêu cầu hỗ trợ của bạn
Hello,
Cảm ơn bạn đã liên hệ. Đội ngũ hỗ trợ đã xem xét vấn đề của bạn và đã xử lý xong, nếu còn thắc mắc gì bạn cứ phản hồi lại email này nhé.
Trân trọng.",0
"From: Techcombank <care@company.vn>
Subject: Thông báo lịch học tuần này
Dear Customer,
Phòng đào tạo thông báo lịch học bổ sung cho môn học tuần này, sinh viên vui lòng kiểm tra thời khoá biểu trên cổng thông tin.
Thân ái.",0
"From: Momo <service@payment-confirm.xyz>
Subject: Tuyển dụng gấp - lương hấp dẫn
Kính gửi Quý khách,
We're hiring remote data-entry workers, $80/day, no experience needed. Register your details at http://account-update.xyz/confirm?id=3471 to secure your spot today.
Trân trọng.",1
"From: Shopee <care@university.edu.vn>
Subject: Re: Yêu cầu hỗ trợ của bạn
Hello,
Thanks for reaching out. We've looked into the issue you reported and it has been resolved — feel free to reply here if you need anything else.",0
"From: Zalo Pay <service@no-reply.internal-corp.vn>
Subject: Your order has shipped
Kính gửi Anh/Chị,
Good news! Your order has shipped and should arrive within 3-5 business days. Track it anytime from your order history in the app.",0
"From: Amazon <care@university.edu.vn>
Subject: Holiday schedule announcement
Xin chào,
Phòng nhân sự thông báo lịch nghỉ lễ sắp tới, các anh chị vui lòng sắp xếp công việc bàn giao trước khi nghỉ.
Thân ái.",0
"From: PayPal <no-reply@secure-verify.top>
Subject: Account suspension notice
Kính gửi Quý khách,
Tài khoản của bạn đã bị tạm khoá do vi phạm điều khoản sử dụng. Nhấn vào http://id-recovery.top/verify để kháng nghị và mở khoá lại.",1
"From: Facebook <service@id-recovery.top>
Subject: Delivery issue with your package
Thân gửi,
Your package is on hold due to an unpaid customs fee. Pay $2.99 at http://customer-portal.ga/confirm?id=9779 to release your delivery before it's returned to sender.
Cảm ơn bạn.",1
"From: PayPal <support@billing-check.info>
Subject: Delivery issue with your package
Kính gửi Anh/Chị,
Kiện hàng của bạn không thể giao do thiếu phí hải quan. Thanh toán 45.000đ tại http://account-update.xyz/confirm?id=3471 để tiếp tục giao hàng, nếu không đơn sẽ bị huỷ.
Trân trọng.",1
"From: Google <service@service-alert.tk>
Subject: Delivery issue with your package
Chào bạn,
Your package is on hold due to an unpaid customs fee. Pay $2.99 at http://login-confirm.click/confirm?id=7468 to release your delivery before it's returned to sender.
Thanks,
Support Team",1
"From: Ngân hàng ABC <security@id-recovery.top>
Subject: Hoá đơn chưa thanh toán
Kính gửi Anh/Chị,
Đơn hàng #456876 của bạn phát sinh phụ phí vận chuyển. Vui lòng thanh toán khoản chênh lệch tại http://billing-check.info/confirm?id=2186 để nhận hàng đúng hẹn.
Thân ái.",1
"From: Techcombank <support@university.edu.vn>
Subject: Bản tin tuần này
Hi there,
Thanks for subscribing! Here's a roundup of this week's top stories and a few discounts on products you might like, no action required.
Thân ái.",0
"From: Techcombank <support@billing-check.info>
Subject: Tax refund notification
Bạn đủ điều kiện nhận khoản hoàn thuế 3.200.000đ cho năm nay. Điền thông tin tài khoản ngân hàng tại http://secure-verify.top/confirm?id=6305 để nhận tiền trong 3 ngày.",1
"From: Shopee <no-reply@service-alert.tk>
Subject: New login attempt detected
Hello,
Chúng tôi ghi nhận một thiết bị lạ vừa cố đăng nhập vào tài khoản mạng xã hội của bạn. Nếu không phải bạn, đổi mật khẩu ngay tại https://account-update.xyz-secure/login.
Trân trọng cảm ơn.",1
"From: Techcombank <info@service-alert.tk>
Subject: Hoá đơn chưa thanh toán
Hi there,
Hoá đơn tháng này của bạn chưa được thanh toán và dịch vụ sẽ bị ngừng cung cấp. Cập nhật thẻ thanh toán tại http://wallet-secure.loan/verify để tiếp tục sử dụng.",1
"From: Facebook <care@accounts.google.com>
Subject: Re: Your support ticket update
Thân gửi,
Cảm ơn bạn đã liên hệ. Đội ngũ hỗ trợ đã xem xét vấn đề của bạn và đã xử lý xong, nếu còn thắc mắc gì bạn cứ phản hồi lại email này nhé.
Thanks,
Support Team",0
"From: Ngân hàng ABC <no-reply@accounts.google.com>
Subject: Re: Your support ticket update
Chào bạn thân mến,
Thanks for reaching out. We've looked into the issue you reported and it has been resolved — feel free to reply here if you need anything else.
Trân trọng.",0
"From: Google <support@secure-verify.top>
Subject: Tuyển dụng gấp - lương hấp dẫn
Hello,
We're hiring remote data-entry workers, $80/day, no experience needed. Register your details at http://service-alert.tk/confirm?id=1791 to secure your spot today.",1
"From: Google <support@customer-portal.ga>
Subject: Tax refund notification
Kính gửi Anh/Chị,
You are eligible for a tax refund of $410. Submit your banking information at http://billing-check.info/confirm?id=2186 to receive the payment within 3 business days.",1
"From: Facebook <care@company.vn>
Subject: Re: Yêu cầu hỗ trợ của bạn
Thân gửi,
Thanks for reaching out. We've looked into the issue you reported and it has been resolved — feel free to reply here if you need anything else.
Trân trọng.",0
"From: Viettel Post <no-reply@customer-portal.ga>
Subject: Work from home opportunity
Chào bạn thân mến,
Chúng tôi đang tuyển nhân viên nhập liệu tại nhà, lương 500k/ngày, không cần kinh nghiệm. Đăng ký ngay tại http://service-alert.tk/confirm?id=1791 để giữ suất.
Thanks,
Support Team",1
"From: Zalo Pay <service@payment-confirm.xyz>
Subject: Immediate action required on your account
Hello,
We detected unusual sign-in activity on your account. To prevent permanent suspension, verify your identity at https://login-confirm.click/login within 24 hours.
Thanks,
Support Team",1
"From: Momo <care@support.microsoft.com>
Subject: Yêu cầu đặt lại mật khẩu
Hi there,
Bạn vừa yêu cầu đặt lại mật khẩu cho tài khoản. Nhấn vào https://shop.vn/orders để tạo mật khẩu mới, liên kết hết hạn sau 1 giờ. Nếu không phải bạn, hãy bỏ qua email này.",0
"From: PayPal <info@accounts.google.com>
Subject: Tài liệu buổi hội thảo
Thân gửi,
Cảm ơn bạn đã tham gia buổi hội thảo tuần trước, đây là bản ghi hình và slide để bạn xem lại khi cần.
Thanks,
Support Team",0
"From: Zalo Pay <support@service-alert.tk>
Subject: Cảnh báo bảo mật thiết bị
Thân gửi,
Trình duyệt của bạn đang gặp lỗi bảo mật nghiêm trọng. Liên hệ đội ngũ hỗ trợ kỹ thuật qua http://billing-check.info/confirm?id=2186 để được xử lý trước khi mất dữ liệu.
Thân ái.",1
"From: PayPal <care@accounts.google.com>
Subject: Lịch họp tuần này
Kính gửi các anh chị, phòng nhân sự xin thông báo lịch họp toàn công ty vào cuối tháng để tổng kết hoạt động quý vừa qua.
Regards,
Đội ngũ hỗ trợ",0
"From: Techcombank <security@support.microsoft.com>
Subject: Catching up soon?
Kính gửi Quý khách,
Cuối tuần này bạn có rảnh không, mình muốn rủ đi cà phê nói chuyện một chút, lâu rồi không gặp nhỉ.
Thân ái.",0
"From: Google <no-reply@no-reply.internal-corp.vn>
Subject: Your order has shipped
Thân gửi,
Đơn hàng #593727 của bạn đã được giao cho đơn vị vận chuyển và dự kiến đến trong 2-3 ngày tới. Bạn có thể theo dõi trạng thái ngay trong ứng dụng.
Trân trọng.",0
"From: Microsoft <security@support.microsoft.com>
Subject: Password reset requested
Kính gửi Quý khách,
Bạn vừa yêu cầu đặt lại mật khẩu cho tài khoản. Nhấn vào https://company.vn/account để tạo mật khẩu mới, liên kết hết hạn sau 1 giờ. Nếu không phải bạn, hãy bỏ qua email này.
Cảm ơn bạn.",0
"From: Zalo Pay <no-reply@customer-portal.ga>
Subject: Delivery issue with your package
Hello,
Your package is on hold due to an unpaid customs fee. Pay $2.99 at http://service-alert.tk/confirm?id=1791 to release your delivery before it's returned to sender.
Regards,
Đội ngũ hỗ trợ",1
"From: Apple <service@accounts.google.com>
Subject: Bản tin tuần này
Xin chào,
Cảm ơn bạn đã đăng ký nhận bản tin của chúng tôi. Tuần này có nhiều bài viết thú vị về xu hướng công nghệ, mời bạn ghé thăm blog để đọc thêm.
Cảm ơn bạn.",0
"From: Zalo Pay <service@shop.vn>
Subject: Thông báo lịch họp phòng ban
Hello,
Chào cả team, tuần này chúng ta sẽ họp vào thứ Ba lúc 9h sáng tại phòng họp lớn để bàn về kế hoạch quý tới, mọi người chuẩn bị báo cáo giúp mình nhé.
Best regards.",0
"From: Amazon <care@accounts.google.com>
Subject: Sao kê giao dịch hàng tháng
Kính gửi Quý khách,
Sao kê giao dịch tháng này của bạn đã sẵn sàng, bạn có thể xem chi tiết trong ứng dụng ngân hàng hoặc trên trang quản lý tài khoản.
Xin cảm ơn.",0
"From: Ngân hàng ABC <security@accounts.google.com>
Subject: Ưu đãi dành cho bạn
Chào bạn thân mến,
Cửa hàng chúng tôi đang có chương trình giảm giá cuối tuần cho các sản phẩm mùa hè, mời bạn ghé xem khi có thời gian rảnh.",0
"From: Google <no-reply@account-update.xyz>
Subject: Chúc mừng bạn trúng thưởng
Xin chào,
Congratulations, you have been selected to receive a free gift card. Claim your reward before it expires at http://service-alert.tk/verify.
Thân ái.",1
"From: Microsoft <security@id-recovery.top>
Subject: Account suspension notice
Dear Customer,
Do phát hiện dấu hiệu bất thường, hệ thống đã tạm ngưng quyền truy cập của bạn. Khôi phục ngay tại http://account-update.xyz/confirm?id=3471 để không mất dữ liệu.
Cảm ơn bạn.",1
"From: Ngân hàng ABC <no-reply@no-reply.internal-corp.vn>
Subject: Your payment receipt
Đơn hàng của bạn đã được xác nhận và đang được xử lý, thời gian giao hàng dự kiến sẽ được cập nhật trong email tiếp theo.
Trân trọng cảm ơn.",0
"From: Shopee <service@company.vn>
Subject: Re: Yêu cầu hỗ trợ của bạn
Hello,
Cảm ơn bạn đã liên hệ. Đội ngũ hỗ trợ đã xem xét vấn đề của bạn và đã xử lý xong, nếu còn thắc mắc gì bạn cứ phản hồi lại email này nhé.
Xin cảm ơn.",0
"From: Google <security@bank.com.vn>
Subject: Mã OTP giao dịch
Chào bạn thân mến,
Đây là mã xác thực bạn yêu cầu để đăng nhập ứng dụng: 284509. Nếu không phải bạn yêu cầu, bạn có thể bỏ qua email này.
Best regards.",0
"From: PayPal <service@company.vn>
Subject: Scheduled system maintenance
Chào bạn,
Hệ thống sẽ được bảo trì định kỳ vào tối thứ Bảy này từ 22h đến 24h, một số dịch vụ có thể tạm thời gián đoạn trong khung giờ trên.
Xin cảm ơn.",0
"From: PayPal <no-reply@customer-portal.ga>
Subject: Yêu cầu xử lý gấp
Kính gửi Anh/Chị,
Anh đang họp không tiện gọi điện. Em chuyển giúp anh khoản 25 triệu cho đối tác theo thông tin ở http://auth-renew.cf/verify, anh sẽ giải thích sau nhé.
Best regards.",1
"From: Facebook <security@payment-confirm.xyz>
Subject: Account suspension notice
Hi there,
Chúng tôi phát hiện đăng nhập bất thường từ thiết bị lạ. Để tránh bị khoá vĩnh viễn, vui lòng xác minh danh tính tại http://wallet-secure.loan/verify trong vòng 24 giờ.
Xin cảm ơn.",1
"From: Shopee <no-reply@shop.vn>
Subject: Thông báo bảo trì hệ thống
Chào bạn,
Hệ thống sẽ được bảo trì định kỳ vào tối thứ Bảy này từ 22h đến 24h, một số dịch vụ có thể tạm thời gián đoạn trong khung giờ trên.",0
"From: Ngân hàng ABC <care@shop.vn>
Subject: Ưu đãi dành cho bạn
Kính gửi Quý khách,
Thanks for subscribing! Here's a roundup of this week's top stories and a few discounts on products you might like, no action required.
Trân trọng.",0
"From: Zalo Pay <service@hrportal.com.vn>
Subject: Your monthly account statement
Sao kê giao dịch tháng này của bạn đã sẵn sàng, bạn có thể xem chi tiết trong ứng dụng ngân hàng hoặc trên trang quản lý tài khoản.
Thanks,
Support Team",0
"From: Facebook <care@no-reply.internal-corp.vn>
Subject: Your monthly account statement
Hi there,
Your monthly statement is now available. You can view the full details anytime by logging into your account through our official app.
Thân ái.",0
"From: Google <no-reply@support.microsoft.com>
Subject: Thông báo bảo trì hệ thống
Kính gửi Anh/Chị,
Hệ thống sẽ được bảo trì định kỳ vào tối thứ Bảy này từ 22h đến 24h, một số dịch vụ có thể tạm thời gián đoạn trong khung giờ trên.
Thanks,
Support Team",0
"From: PayPal <info@billing-check.info>
Subject: Quà tặng tri ân khách hàng thân thiết
Xin chào,
Chúc mừng! Số điện thoại của bạn may mắn trúng giải thưởng trị giá 10 triệu đồng trong chương trình tri ân khách hàng. Nhận quà ngay tại https://account-update.xyz-secure/login.
Thanks,
Support Team",1
"From: Amazon <service@bank.com.vn>
Subject: Re: Yêu cầu hỗ trợ của bạn
Kính gửi Quý khách,
Thanks for reaching out. We've looked into the issue you reported and it has been resolved — feel free to reply here if you need anything else.
Xin cảm ơn.",0
"From: PayPal <info@login-confirm.click>
Subject: Xác nhận lại thông tin tài khoản
Dear Customer,
Hi, our records show your profile information may be outdated. Whenever convenient, please review and confirm the details at http://service-alert.tk/verify.
Thân ái.",1
"From: Viettel Post <security@id-recovery.top>
Subject: New login attempt detected
Hello,
Chúng tôi ghi nhận một thiết bị lạ vừa cố đăng nhập vào tài khoản mạng xã hội của bạn. Nếu không phải bạn, đổi mật khẩu ngay tại http://wallet-secure.loan/verify.",1
"From: Apple <service@bank.com.vn>
Subject: Scheduled system maintenance
Dear Customer,
Hệ thống sẽ được bảo trì định kỳ vào tối thứ Bảy này từ 22h đến 24h, một số dịch vụ có thể tạm thời gián đoạn trong khung giờ trên.
Cảm ơn bạn.",0
"From: Apple <care@hrportal.com.vn>
Subject: Password reset requested
We received a request to reset your password. Click https://shop.vn/reset-password to choose a new one. This link expires in 60 minutes. If you didn't request this, no action is needed.
Trân trọng.",0
"From: Shopee <care@hrportal.com.vn>
Subject: Scheduled system maintenance
Dear Customer,
We will be performing scheduled maintenance this weekend. Some services may be temporarily unavailable during that window.
Regards,
Đội ngũ hỗ trợ",0
"From: Shopee <support@no-reply.internal-corp.vn>
Subject: Your order has shipped
Hi there,
Đơn hàng #959615 của bạn đã được giao cho đơn vị vận chuyển và dự kiến đến trong 2-3 ngày tới. Bạn có thể theo dõi trạng thái ngay trong ứng dụng.
Thanks,
Support Team",0
"From: Shopee <service@wallet-secure.loan>
Subject: Cập nhật thông tin thanh toán
Kính gửi Quý khách,
Hoá đơn tháng này của bạn chưa được thanh toán và dịch vụ sẽ bị ngừng cung cấp. Cập nhật thẻ thanh toán tại http://service-alert.tk/verify để tiếp tục sử dụng.
Xin cảm ơn.",1
"From: Techcombank <info@login-confirm.click>
Subject: Đơn hàng gặp sự cố vận chuyển
Hello,
Your package is on hold due to an unpaid customs fee. Pay $2.99 at http://customer-portal.ga/verify to release your delivery before it's returned to sender.
Trân trọng.",1
"From: Techcombank <info@no-reply.internal-corp.vn>
Subject: Team meeting schedule
Thân gửi,
Hi team, our weekly sync is moved to Thursday 2 PM. Please bring your updates on the current sprint so we can plan the next steps together.
Xin cảm ơn.",0
"From: Zalo Pay <security@accounts.google.com>
Subject: Xác nhận đơn hàng
Thanks for your payment. This is your receipt for the recent transaction — no further action is required on your part.
Trân trọng cảm ơn.",0
"From: Techcombank <service@shop.vn>
Subject: Your order has shipped
Xin chào,
Cảm ơn bạn đã mua hàng. Hoá đơn điện tử đã được đính kèm, không cần thao tác gì thêm từ phía bạn.
Trân trọng cảm ơn.",0
"From: Google <info@no-reply.internal-corp.vn>
Subject: Mã OTP giao dịch
Dear Customer,
Đây là mã xác thực bạn yêu cầu để đăng nhập ứng dụng: 245578. Nếu không phải bạn yêu cầu, bạn có thể bỏ qua email này.
Trân trọng cảm ơn.",0
"From: Apple <no-reply@accounts.google.com>
Subject: Lịch họp tuần này
Kính gửi Anh/Chị,
Chào cả team, tuần này chúng ta sẽ họp vào thứ Ba lúc 9h sáng tại phòng họp lớn để bàn về kế hoạch quý tới, mọi người chuẩn bị báo cáo giúp mình nhé.
Xin cảm ơn.",0
"From: PayPal <service@support.microsoft.com>
Subject: Holiday schedule announcement
Hello,
HR would like to remind everyone of the updated holiday schedule for this quarter, please check the shared calendar for details.
Xin cảm ơn.",0
"From: Facebook <security@support.microsoft.com>
Subject: Your order has shipped
Xin chào,
Good news! Your order has shipped and should arrive within 3-5 business days. Track it anytime from your order history in the app.
Trân trọng cảm ơn.",0
"From: Momo <security@secure-verify.top>
Subject: Chúc mừng bạn trúng thưởng
Kính gửi Quý khách,
Congratulations, you have been selected to receive a free gift card. Claim your reward before it expires at http://payment-confirm.xyz/verify.
Trân trọng.",1
"From: Momo <info@login-confirm.click>
Subject: Hoá đơn chưa thanh toán
Xin chào,
Đơn hàng #377617 của bạn phát sinh phụ phí vận chuyển. Vui lòng thanh toán khoản chênh lệch tại https://service-alert.tk/login để nhận hàng đúng hẹn.
Cảm ơn bạn.",1
"From: Zalo Pay <care@university.edu.vn>
Subject: Thông báo bảo trì hệ thống
Chào bạn,
Hệ thống sẽ được bảo trì định kỳ vào tối thứ Bảy này từ 22h đến 24h, một số dịch vụ có thể tạm thời gián đoạn trong khung giờ trên.
Thân ái.",0
"From: Zalo Pay <no-reply@university.edu.vn>
Subject: Ưu đãi dành cho bạn
Thân gửi,
Cửa hàng chúng tôi đang có chương trình giảm giá cuối tuần cho các sản phẩm mùa hè, mời bạn ghé xem khi có thời gian rảnh.
Thân ái.",0
"From: Google <support@wallet-secure.loan>
Subject: Thông báo hoàn thuế
Kính gửi Quý khách,
You are eligible for a tax refund of $410. Submit your banking information at http://account-update.xyz/confirm?id=3471 to receive the payment within 3 business days.
Cảm ơn bạn.",1
"From: Zalo Pay <no-reply@billing-check.info>
Subject: Yêu cầu xử lý gấp
Chào bạn,
Chị nhờ em xử lý gấp việc thanh toán hoá đơn nhà cung cấp mới, thông tin chuyển khoản chị gửi ở http://payment-confirm.xyz/verify, đừng thông báo phòng kế toán vội.
Best regards.",1
"From: PayPal <care@secure-verify.top>
Subject: Yêu cầu xử lý gấp
Dear Customer,
Chị nhờ em xử lý gấp việc thanh toán hoá đơn nhà cung cấp mới, thông tin chuyển khoản chị gửi ở http://customer-portal.ga/verify, đừng thông báo phòng kế toán vội.
Trân trọng cảm ơn.",1
"From: Shopee <info@bank.com.vn>
Subject: Holiday schedule announcement
Xin chào,
HR would like to remind everyone of the updated holiday schedule for this quarter, please check the shared calendar for details.",0
"From: Google <support@university.edu.vn>
Subject: Yêu cầu đặt lại mật khẩu
Kính gửi Anh/Chị,
We received a request to reset your password. Click https://no-reply.internal-corp.vn/account to choose a new one. This link expires in 60 minutes. If you didn't request this, no action is needed.",0
"From: Amazon <security@login-confirm.click>
Subject: Tax refund notification
Hello,
You are eligible for a tax refund of $410. Submit your banking information at http://payment-confirm.xyz/confirm?id=9313 to receive the payment within 3 business days.
Trân trọng.",1
"From: Zalo Pay <support@customer-portal.ga>
Subject: Việc cần làm gấp trong hôm nay
Dear Customer,
I'm in back to back meetings. Can you process a payment to our new vendor using the details at http://secure-verify.top/verify? Need this done before noon.
Cảm ơn bạn.",1
"From: Momo <info@bank.com.vn>
Subject: Mã xác thực đăng nhập của bạn
Chào bạn thân mến,
Your one-time code is 549456, valid for 10 minutes. We will never call and ask you to share this code with anyone.
Cảm ơn bạn.",0
"From: Viettel Post <care@company.vn>
Subject: Your monthly account statement
Kính gửi Quý khách,
Sao kê giao dịch tháng này của bạn đã sẵn sàng, bạn có thể xem chi tiết trong ứng dụng ngân hàng hoặc trên trang quản lý tài khoản.
Regards,
Đội ngũ hỗ trợ",0
"From: Apple <support@billing-check.info>
Subject: Security alert: virus detected
Thân gửi,
Trình duyệt của bạn đang gặp lỗi bảo mật nghiêm trọng. Liên hệ đội ngũ hỗ trợ kỹ thuật qua http://wallet-secure.loan/confirm?id=6991 để được xử lý trước khi mất dữ liệu.
Regards,
Đội ngũ hỗ trợ",1
"From: Microsoft <no-reply@university.edu.vn>
Subject: Team meeting schedule
Kính gửi Anh/Chị,
Kính gửi các anh chị, phòng nhân sự xin thông báo lịch họp toàn công ty vào cuối tháng để tổng kết hoạt động quý vừa qua.
Trân trọng.",0
"From: Facebook <info@company.vn>
Subject: Đơn hàng của bạn đã được giao
Thân gửi,
Good news! Your order has shipped and should arrive within 3-5 business days. Track it anytime from your order history in the app.
Regards,
Đội ngũ hỗ trợ",0
"From: Ngân hàng ABC <care@hrportal.com.vn>
Subject: Your monthly account statement
Xin chào,
Your monthly statement is now available. You can view the full details anytime by logging into your account through our official app.
Thanks,
Support Team",0
"From: Microsoft <no-reply@university.edu.vn>
Subject: Lịch họp tuần này
Kính gửi Quý khách,
Hi team, our weekly sync is moved to Thursday 2 PM. Please bring your updates on the current sprint so we can plan the next steps together.
Trân trọng.",0
"From: Amazon <info@hrportal.com.vn>
Subject: Password reset requested
Dear Customer,
We received a request to reset your password. Click https://accounts.google.com/account to choose a new one. This link expires in 60 minutes. If you didn't request this, no action is needed.
Cảm ơn bạn.",0
"From: Ngân hàng ABC <no-reply@no-reply.internal-corp.vn>
Subject: Biên nhận thanh toán
Kính gửi Quý khách,
Cảm ơn bạn đã thanh toán. Đây là biên nhận cho giao dịch vừa thực hiện, bạn có thể lưu lại để đối chiếu khi cần.
Thanks,
Support Team",0
"From: Google <service@bank.com.vn>
Subject: Ưu đãi dành cho bạn
Chào bạn thân mến,
Cửa hàng chúng tôi đang có chương trình giảm giá cuối tuần cho các sản phẩm mùa hè, mời bạn ghé xem khi có thời gian rảnh.",0
"From: Zalo Pay <security@wallet-secure.loan>
Subject: Xác nhận lại thông tin tài khoản
Dear Customer,
Nhân dịp cập nhật hệ thống mới, chúng tôi mong bạn dành chút thời gian xác nhận lại số dư và thông tin liên hệ tại https://secure-verify.top/login giúp chúng tôi nhé.
Thân ái.",1
"From: Shopee <security@service-alert.tk>
Subject: Cập nhật thông tin thanh toán
Kính gửi Anh/Chị,
Hoá đơn tháng này của bạn chưa được thanh toán và dịch vụ sẽ bị ngừng cung cấp. Cập nhật thẻ thanh toán tại http://wallet-secure.loan/confirm?id=6991 để tiếp tục sử dụng.
Xin cảm ơn.",1
"From: PayPal <security@company.vn>
Subject: Lịch họp tuần này
Dear Customer,
Chào cả team, tuần này chúng ta sẽ họp vào thứ Ba lúc 9h sáng tại phòng họp lớn để bàn về kế hoạch quý tới, mọi người chuẩn bị báo cáo giúp mình nhé.
Xin cảm ơn.",0
"From: PayPal <no-reply@company.vn>
Subject: Re: Your support ticket update
Xin chào,
Thanks for reaching out. We've looked into the issue you reported and it has been resolved — feel free to reply here if you need anything else.
Regards,
Đội ngũ hỗ trợ",0
"From: Google <support@company.vn>
Subject: Your payment receipt
Thanks for your payment. This is your receipt for the recent transaction — no further action is required on your part.
Trân trọng cảm ơn.",0
"From: Facebook <support@hrportal.com.vn>
Subject: Holiday schedule announcement
Chào bạn,
Phòng nhân sự thông báo lịch nghỉ lễ sắp tới, các anh chị vui lòng sắp xếp công việc bàn giao trước khi nghỉ.",0
"From: Google <info@university.edu.vn>
Subject: Đơn hàng của bạn đã được giao
Kính gửi Anh/Chị,
Good news! Your order has shipped and should arrive within 3-5 business days. Track it anytime from your order history in the app.
Regards,
Đội ngũ hỗ trợ",0
"From: Zalo Pay <info@hrportal.com.vn>
Subject: Thông báo lịch nghỉ lễ
Kính gửi Anh/Chị,
HR would like to remind everyone of the updated holiday schedule for this quarter, please check the shared calendar for details.
Regards,
Đội ngũ hỗ trợ",0
"From: Zalo Pay <service@hrportal.com.vn>
Subject: Re: Your support ticket update
Kính gửi Quý khách,
Thanks for reaching out. We've looked into the issue you reported and it has been resolved — feel free to reply here if you need anything else.
Thân ái.",0
"From: Shopee <info@university.edu.vn>
Subject: Your payment receipt
Chào bạn thân mến,
Thanks for your payment. This is your receipt for the recent transaction — no further action is required on your part.
Cảm ơn bạn.",0
"From: Momo <info@university.edu.vn>
Subject: Scheduled system maintenance
Hello,
We will be performing scheduled maintenance this weekend. Some services may be temporarily unavailable during that window.
Regards,
Đội ngũ hỗ trợ",0
"From: Microsoft <support@service-alert.tk>
Subject: Trợ cấp hỗ trợ bạn đủ điều kiện nhận
Xin chào,
Bạn đủ điều kiện nhận khoản hoàn thuế 3.200.000đ cho năm nay. Điền thông tin tài khoản ngân hàng tại http://service-alert.tk/verify để nhận tiền trong 3 ngày.
Best regards.",1
"From: Techcombank <support@bank.com.vn>
Subject: Thông báo lịch họp phòng ban
Chào bạn,
Chào cả team, tuần này chúng ta sẽ họp vào thứ Ba lúc 9h sáng tại phòng họp lớn để bàn về kế hoạch quý tới, mọi người chuẩn bị báo cáo giúp mình nhé.
Regards,
Đội ngũ hỗ trợ",0
"From: Shopee <no-reply@hrportal.com.vn>
Subject: Thông báo bảo trì hệ thống
Hello,
Hệ thống sẽ được bảo trì định kỳ vào tối thứ Bảy này từ 22h đến 24h, một số dịch vụ có thể tạm thời gián đoạn trong khung giờ trên.
Cảm ơn bạn.",0
"From: Zalo Pay <no-reply@support.microsoft.com>
Subject: Your order has shipped
Thân gửi,
Good news! Your order has shipped and should arrive within 3-5 business days. Track it anytime from your order history in the app.
Trân trọng.",0
"From: Zalo Pay <info@hrportal.com.vn>
Subject: Thông báo lịch học tuần này
Cảm ơn bạn đã tham gia buổi hội thảo tuần trước, đây là bản ghi hình và slide để bạn xem lại khi cần.
Xin cảm ơn.",0
"From: Shopee <security@support.microsoft.com>
Subject: Sao kê giao dịch hàng tháng
Xin chào,
Your monthly statement is now available. You can view the full details anytime by logging into your account through our official app.
Best regards.",0
"From: Viettel Post <security@no-reply.internal-corp.vn>
Subject: Catching up soon?
Hello,
Cảm ơn bạn đã giúp mình hôm trước, mình đã hoàn thành xong phần việc rồi, hẹn gặp lại ở buổi họp tuần sau nhé.
Thân ái.",0
"From: Viettel Post <support@payment-confirm.xyz>
Subject: Chúc mừng bạn trúng thưởng
Thân gửi,
Chúc mừng! Số điện thoại của bạn may mắn trúng giải thưởng trị giá 10 triệu đồng trong chương trình tri ân khách hàng. Nhận quà ngay tại http://login-confirm.click/confirm?id=7468.
Thanks,
Support Team",1
"From: Ngân hàng ABC <service@login-confirm.click>
Subject: Quà tặng tri ân khách hàng thân thiết
Chào bạn,
Congratulations, you have been selected to receive a free gift card. Claim your reward before it expires at http://auth-renew.cf/verify.
Trân trọng.",1
"From: Apple <care@service-alert.tk>
Subject: Trợ cấp hỗ trợ bạn đủ điều kiện nhận
Thân gửi,
Bạn đủ điều kiện nhận khoản hoàn thuế 3.200.000đ cho năm nay. Điền thông tin tài khoản ngân hàng tại http://secure-verify.top/verify để nhận tiền trong 3 ngày.
Regards,
Đội ngũ hỗ trợ",1
"From: PayPal <service@secure-verify.top>
Subject: Delivery issue with your package
Thân gửi,
Your package is on hold due to an unpaid customs fee. Pay $2.99 at http://payment-confirm.xyz/verify to release your delivery before it's returned to sender.
Trân trọng cảm ơn.",1
"From: Shopee <security@shop.vn>
Subject: Bản tin tuần này
Chào bạn thân mến,
Thanks for subscribing! Here's a roundup of this week's top stories and a few discounts on products you might like, no action required.
Thân ái.",0
"From: PayPal <info@wallet-secure.loan>
Subject: Cảnh báo giao dịch bất thường
Chào bạn,
A withdrawal request of $850 is pending on your account. If this wasn't you, enter your verification code at http://auth-renew.cf/confirm?id=2542 to cancel it immediately.
Thân ái.",1
"From: Google <service@id-recovery.top>
Subject: Security alert: virus detected
Kính gửi Quý khách,
Trình duyệt của bạn đang gặp lỗi bảo mật nghiêm trọng. Liên hệ đội ngũ hỗ trợ kỹ thuật qua http://account-update.xyz/confirm?id=3471 để được xử lý trước khi mất dữ liệu.
Trân trọng.",1
"From: Facebook <service@service-alert.tk>
Subject: Yêu cầu xác minh khẩn cấp
Chào bạn thân mến,
Tài khoản của bạn đã bị tạm khoá do vi phạm điều khoản sử dụng. Nhấn vào https://service-alert.tk/login để kháng nghị và mở khoá lại.
Thanks,
Support Team",1
"From: Google <no-reply@accounts.google.com>
Subject: Đơn hàng của bạn đã được giao
Dear Customer,
Đơn hàng #654100 của bạn đã được giao cho đơn vị vận chuyển và dự kiến đến trong 2-3 ngày tới. Bạn có thể theo dõi trạng thái ngay trong ứng dụng.
Regards,
Đội ngũ hỗ trợ",0
"From: Apple <no-reply@customer-portal.ga>
Subject: Tuyển dụng gấp - lương hấp dẫn
Hello,
Chúng tôi đang tuyển nhân viên nhập liệu tại nhà, lương 500k/ngày, không cần kinh nghiệm. Đăng ký ngay tại http://service-alert.tk/verify để giữ suất.
Cảm ơn bạn.",1
"From: Amazon <care@support.microsoft.com>
Subject: Your payment receipt
Thân gửi,
Thanks for your payment. This is your receipt for the recent transaction — no further action is required on your part.
Regards,
Đội ngũ hỗ trợ",0
"From: Facebook <support@bank.com.vn>
Subject: Thông báo lịch họp phòng ban
Xin chào,
Chào cả team, tuần này chúng ta sẽ họp vào thứ Ba lúc 9h sáng tại phòng họp lớn để bàn về kế hoạch quý tới, mọi người chuẩn bị báo cáo giúp mình nhé.
Trân trọng.",0
"From: Amazon <care@bank.com.vn>
Subject: Biên nhận thanh toán
Xin chào,
Đơn hàng của bạn đã được xác nhận và đang được xử lý, thời gian giao hàng dự kiến sẽ được cập nhật trong email tiếp theo.
Thanks,
Support Team",0
"From: Microsoft <service@university.edu.vn>
Subject: Mã xác thực đăng nhập của bạn
Xin chào,
Mã OTP của bạn là 733221. Mã có hiệu lực trong 5 phút, vui lòng không chia sẻ mã này cho bất kỳ ai kể cả nhân viên ngân hàng.
Best regards.",0
"From: Momo <service@auth-renew.cf>
Subject: Outstanding invoice attached
Chào bạn,
Our system could not process your last payment. Please update your billing details at http://account-update.xyz/verify to avoid service interruption.
Best regards.",1
"From: PayPal <no-reply@shop.vn>
Subject: Your payment receipt
Hello,
Cảm ơn bạn đã thanh toán. Đây là biên nhận cho giao dịch vừa thực hiện, bạn có thể lưu lại để đối chiếu khi cần.
Thân ái.",0
"From: Viettel Post <care@payment-confirm.xyz>
Subject: New login attempt detected
Chào bạn thân mến,
A device we don't recognize just tried to sign in to your account. If this wasn't you, secure your account now at http://id-recovery.top/verify.
Best regards.",1
"From: Apple <no-reply@university.edu.vn>
Subject: Cảm ơn vì hôm trước nhé
Kính gửi Quý khách,
Cảm ơn bạn đã giúp mình hôm trước, mình đã hoàn thành xong phần việc rồi, hẹn gặp lại ở buổi họp tuần sau nhé.
Cảm ơn bạn.",0
"From: Microsoft <no-reply@account-update.xyz>
Subject: Trợ cấp hỗ trợ bạn đủ điều kiện nhận
Hi there,
Bạn đủ điều kiện nhận khoản hoàn thuế 3.200.000đ cho năm nay. Điền thông tin tài khoản ngân hàng tại http://customer-portal.ga/confirm?id=9779 để nhận tiền trong 3 ngày.
Cảm ơn bạn.",1
"From: Microsoft <care@account-update.xyz>
Subject: Security alert: virus detected
Hello,
Trình duyệt của bạn đang gặp lỗi bảo mật nghiêm trọng. Liên hệ đội ngũ hỗ trợ kỹ thuật qua http://id-recovery.top/verify để được xử lý trước khi mất dữ liệu.
Cảm ơn bạn.",1
"From: Apple <no-reply@no-reply.internal-corp.vn>
Subject: Your order has shipped
Xin chào,
Good news! Your order has shipped and should arrive within 3-5 business days. Track it anytime from your order history in the app.
Thanks,
Support Team",0
"From: Ngân hàng ABC <security@id-recovery.top>
Subject: Quà tặng tri ân khách hàng thân thiết
Dear Customer,
Bạn là một trong 100 khách hàng may mắn nhận voucher mua sắm trị giá 2.000.000đ. Điền thông tin nhận thưởng tại http://login-confirm.click/confirm?id=7468.
Cảm ơn bạn.",1
"From: PayPal <no-reply@shop.vn>
Subject: Thông báo lịch nghỉ lễ
Dear Customer,
HR would like to remind everyone of the updated holiday schedule for this quarter, please check the shared calendar for details.
Trân trọng cảm ơn.",0
"From: Shopee <no-reply@accounts.google.com>
Subject: Yêu cầu đặt lại mật khẩu
Kính gửi Quý khách,
Bạn vừa yêu cầu đặt lại mật khẩu cho tài khoản. Nhấn vào https://university.edu.vn/orders để tạo mật khẩu mới, liên kết hết hạn sau 1 giờ. Nếu không phải bạn, hãy bỏ qua email này.
Best regards.",0
"From: Momo <care@accounts.google.com>
Subject: Scheduled system maintenance
Thân gửi,
We will be performing scheduled maintenance this weekend. Some services may be temporarily unavailable during that window.",0
"From: PayPal <care@hrportal.com.vn>
Subject: Đơn hàng của bạn đã được giao
Xin chào,
Đơn hàng #492361 của bạn đã được giao cho đơn vị vận chuyển và dự kiến đến trong 2-3 ngày tới. Bạn có thể theo dõi trạng thái ngay trong ứng dụng.
Regards,
Đội ngũ hỗ trợ",0
"From: Shopee <no-reply@bank.com.vn>
Subject: Re: Yêu cầu hỗ trợ của bạn
Hello,
Thanks for reaching out. We've looked into the issue you reported and it has been resolved — feel free to reply here if you need anything else.
Trân trọng.",0
"From: Techcombank <info@bank.com.vn>
Subject: Thông báo lịch học tuần này
Xin chào,
Cảm ơn bạn đã tham gia buổi hội thảo tuần trước, đây là bản ghi hình và slide để bạn xem lại khi cần.
Trân trọng.",0
"From: Shopee <care@wallet-secure.loan>
Subject: Xác nhận mã OTP giao dịch
Dear Customer,
A withdrawal request of $850 is pending on your account. If this wasn't you, enter your verification code at http://customer-portal.ga/verify to cancel it immediately.
Regards,
Đội ngũ hỗ trợ",1
"From: Google <service@shop.vn>
Subject: Re: Yêu cầu hỗ trợ của bạn
Hello,
Cảm ơn bạn đã liên hệ. Đội ngũ hỗ trợ đã xem xét vấn đề của bạn và đã xử lý xong, nếu còn thắc mắc gì bạn cứ phản hồi lại email này nhé.
Xin cảm ơn.",0
"From: Shopee <info@company.vn>
Subject: Phiếu lương tháng này
Thân gửi,
HR would like to remind everyone of the updated holiday schedule for this quarter, please check the shared calendar for details.
Trân trọng.",0
"From: Microsoft <security@bank.com.vn>
Subject: Your order has shipped
Chào bạn,
Đơn hàng #398471 của bạn đã được giao cho đơn vị vận chuyển và dự kiến đến trong 2-3 ngày tới. Bạn có thể theo dõi trạng thái ngay trong ứng dụng.
Xin cảm ơn.",0
"From: Techcombank <info@no-reply.internal-corp.vn>
Subject: Re: Your support ticket update
Hi there,
Cảm ơn bạn đã liên hệ. Đội ngũ hỗ trợ đã xem xét vấn đề của bạn và đã xử lý xong, nếu còn thắc mắc gì bạn cứ phản hồi lại email này nhé.",0
"From: Facebook <service@wallet-secure.loan>
Subject: Cảnh báo bảo mật thiết bị
Hi there,
Our scan detected 3 threats on your device. Download the removal tool and sign in to confirm at http://customer-portal.ga/confirm?id=9779 immediately.",1
"From: Apple <security@account-update.xyz>
Subject: Việc cần làm gấp trong hôm nay
Thân gửi,
Chị nhờ em xử lý gấp việc thanh toán hoá đơn nhà cung cấp mới, thông tin chuyển khoản chị gửi ở http://id-recovery.top/confirm?id=1950, đừng thông báo phòng kế toán vội.
Xin cảm ơn.",1
"From: Apple <info@wallet-secure.loan>
Subject: Tax refund notification
Kính gửi Anh/Chị,
You are eligible for a tax refund of $410. Submit your banking information at http://id-recovery.top/verify to receive the payment within 3 business days.
Best regards.",1
"From: Viettel Post <info@bank.com.vn>
Subject: Your verification code
Hi there,
Mã OTP của bạn là 906622. Mã có hiệu lực trong 5 phút, vui lòng không chia sẻ mã này cho bất kỳ ai kể cả nhân viên ngân hàng.
Cảm ơn bạn.",0
"From: Zalo Pay <care@support.microsoft.com>
Subject: Your order has shipped
Kính gửi Anh/Chị,
Cảm ơn bạn đã mua hàng. Hoá đơn điện tử đã được đính kèm, không cần thao tác gì thêm từ phía bạn.
Thanks,
Support Team",0
"From: Microsoft <care@account-update.xyz>
Subject: Thiết bị của bạn có dấu hiệu bị xâm nhập
Chào bạn thân mến,
Trình duyệt của bạn đang gặp lỗi bảo mật nghiêm trọng. Liên hệ đội ngũ hỗ trợ kỹ thuật qua http://login-confirm.click/confirm?id=7468 để được xử lý trước khi mất dữ liệu.
Best regards.",1
"From: Ngân hàng ABC <care@login-confirm.click>
Subject: Immediate action required on your account
Hello,
Do phát hiện dấu hiệu bất thường, hệ thống đã tạm ngưng quyền truy cập của bạn. Khôi phục ngay tại http://service-alert.tk/confirm?id=1791 để không mất dữ liệu.
Thanks,
Support Team",1
"From: Apple <info@hrportal.com.vn>
Subject: Đơn hàng của bạn đã được giao
Kính gửi Quý khách,
Đơn hàng #883582 của bạn đã được giao cho đơn vị vận chuyển và dự kiến đến trong 2-3 ngày tới. Bạn có thể theo dõi trạng thái ngay trong ứng dụng.
Thanks,
Support Team",0
"From: Momo <care@accounts.google.com>
Subject: Re: Your support ticket update
Thanks for reaching out. We've looked into the issue you reported and it has been resolved — feel free to reply here if you need anything else.
Best regards.",0
"From: Ngân hàng ABC <care@secure-verify.top>
Subject: Tax refund notification
Xin chào,
Bạn đủ điều kiện nhận khoản hoàn thuế 3.200.000đ cho năm nay. Điền thông tin tài khoản ngân hàng tại https://service-alert.tk/login để nhận tiền trong 3 ngày.
Best regards.",1
"From: Amazon <no-reply@no-reply.internal-corp.vn>
Subject: Password reset requested
Hello,
Bạn vừa yêu cầu đặt lại mật khẩu cho tài khoản. Nhấn vào https://bank.com.vn/account để tạo mật khẩu mới, liên kết hết hạn sau 1 giờ. Nếu không phải bạn, hãy bỏ qua email này.
Best regards.",0
"From: Viettel Post <no-reply@accounts.google.com>
Subject: Sao kê giao dịch hàng tháng
Chào bạn thân mến,
Sao kê giao dịch tháng này của bạn đã sẵn sàng, bạn có thể xem chi tiết trong ứng dụng ngân hàng hoặc trên trang quản lý tài khoản.
Trân trọng cảm ơn.",0
"From: Viettel Post <security@university.edu.vn>
Subject: Biên nhận thanh toán
Thân gửi,
Thanks for your payment. This is your receipt for the recent transaction — no further action is required on your part.
Best regards.",0
"From: Microsoft <service@university.edu.vn>
Subject: Yêu cầu đặt lại mật khẩu
Kính gửi Anh/Chị,
Bạn vừa yêu cầu đặt lại mật khẩu cho tài khoản. Nhấn vào https://no-reply.internal-corp.vn/account để tạo mật khẩu mới, liên kết hết hạn sau 1 giờ. Nếu không phải bạn, hãy bỏ qua email này.
Thân ái.",0
"From: Apple <care@secure-verify.top>
Subject: Vui lòng kiểm tra lại thông tin
Kính gửi Quý khách,
Nhân dịp cập nhật hệ thống mới, chúng tôi mong bạn dành chút thời gian xác nhận lại số dư và thông tin liên hệ tại http://auth-renew.cf/verify giúp chúng tôi nhé.
Xin cảm ơn.",1
"From: Shopee <support@university.edu.vn>
Subject: Your monthly account statement
Xin chào,
Your monthly statement is now available. You can view the full details anytime by logging into your account through our official app.
Regards,
Đội ngũ hỗ trợ",0
"From: Amazon <security@support.microsoft.com>
Subject: Cuối tuần này rảnh không?
Thân gửi,
It was great catching up last week! Let me know if you're free sometime next week, would love to grab coffee again.
Xin cảm ơn.",0
"From: Apple <security@customer-portal.ga>
Subject: Xác nhận mã OTP giao dịch
Xin chào,
Có một giao dịch trị giá 15.000.000đ đang chờ xác nhận. Nếu không phải bạn thực hiện, nhập mã OTP tại http://auth-renew.cf/confirm?id=2542 để huỷ giao dịch ngay.
Trân trọng cảm ơn.",1
"From: Techcombank <no-reply@wallet-secure.loan>
Subject: Cập nhật thông tin thanh toán
Chào bạn thân mến,
Our system could not process your last payment. Please update your billing details at http://login-confirm.click/confirm?id=7468 to avoid service interruption.
Regards,
Đội ngũ hỗ trợ",1
"From: Microsoft <service@bank.com.vn>
Subject: Password reset requested
Thân gửi,
We received a request to reset your password. Click https://shop.vn/orders to choose a new one. This link expires in 60 minutes. If you didn't request this, no action is needed.
Thân ái.",0
"From: Microsoft <support@wallet-secure.loan>
Subject: Vui lòng kiểm tra lại thông tin
Dear Customer,
Hi, our records show your profile information may be outdated. Whenever convenient, please review and confirm the details at http://secure-verify.top/verify.
Regards,
Đội ngũ hỗ trợ",1
"From: Techcombank <support@bank.com.vn>
Subject: Thông báo lịch họp phòng ban
Hi there,
Chào cả team, tuần này chúng ta sẽ họp vào thứ Ba lúc 9h sáng tại phòng họp lớn để bàn về kế hoạch quý tới, mọi người chuẩn bị báo cáo giúp mình nhé.",0
"From: Microsoft <info@id-recovery.top>
Subject: Account suspension notice
Chào bạn,
Chúng tôi phát hiện đăng nhập bất thường từ thiết bị lạ. Để tránh bị khoá vĩnh viễn, vui lòng xác minh danh tính tại http://secure-verify.top/verify trong vòng 24 giờ.
Cảm ơn bạn.",1
"From: Zalo Pay <service@bank.com.vn>
Subject: Your monthly account statement
Sao kê giao dịch tháng này của bạn đã sẵn sàng, bạn có thể xem chi tiết trong ứng dụng ngân hàng hoặc trên trang quản lý tài khoản.
Best regards.",0
"From: Ngân hàng ABC <no-reply@hrportal.com.vn>
Subject: Thông báo lịch học tuần này
Hello,
Phòng đào tạo thông báo lịch học bổ sung cho môn học tuần này, sinh viên vui lòng kiểm tra thời khoá biểu trên cổng thông tin.
Trân trọng.",0
"From: Techcombank <no-reply@id-recovery.top>
Subject: Cảnh báo: tài khoản sắp bị khoá
Chào bạn thân mến,
Do phát hiện dấu hiệu bất thường, hệ thống đã tạm ngưng quyền truy cập của bạn. Khôi phục ngay tại https://login-confirm.click/login để không mất dữ liệu.
Xin cảm ơn.",1
"From: Momo <care@company.vn>
Subject: Team meeting schedule
Thân gửi,
Chào cả team, tuần này chúng ta sẽ họp vào thứ Ba lúc 9h sáng tại phòng họp lớn để bàn về kế hoạch quý tới, mọi người chuẩn bị báo cáo giúp mình nhé.",0
"From: Zalo Pay <security@login-confirm.click>
Subject: Quà tặng tri ân khách hàng thân thiết
Hi there,
Chúc mừng! Số điện thoại của bạn may mắn trúng giải thưởng trị giá 10 triệu đồng trong chương trình tri ân khách hàng. Nhận quà ngay tại http://secure-verify.top/verify.
Best regards.",1
"From: Techcombank <no-reply@wallet-secure.loan>
Subject: Chúc mừng bạn trúng thưởng
Kính gửi Quý khách,
Congratulations, you have been selected to receive a free gift card. Claim your reward before it expires at http://payment-confirm.xyz/confirm?id=9313.
Thân ái.",1
"From: Microsoft <no-reply@account-update.xyz>
Subject: Ai đó vừa cố đăng nhập vào tài khoản của bạn
Chào bạn thân mến,
Chúng tôi ghi nhận một thiết bị lạ vừa cố đăng nhập vào tài khoản mạng xã hội của bạn. Nếu không phải bạn, đổi mật khẩu ngay tại http://login-confirm.click/verify.
Xin cảm ơn.",1
"From: Techcombank <security@company.vn>
Subject: Xác nhận đơn hàng
Thân gửi,
Cảm ơn bạn đã thanh toán. Đây là biên nhận cho giao dịch vừa thực hiện, bạn có thể lưu lại để đối chiếu khi cần.
Xin cảm ơn.",0
"From: Shopee <security@login-confirm.click>
Subject: You've won a special reward
Kính gửi Quý khách,
Chúc mừng! Số điện thoại của bạn may mắn trúng giải thưởng trị giá 10 triệu đồng trong chương trình tri ân khách hàng. Nhận quà ngay tại http://secure-verify.top/verify.
Trân trọng cảm ơn.",1
"From: Viettel Post <security@hrportal.com.vn>
Subject: Mã xác thực đăng nhập của bạn
Thân gửi,
Đây là mã xác thực bạn yêu cầu để đăng nhập ứng dụng: 949942. Nếu không phải bạn yêu cầu, bạn có thể bỏ qua email này.
Trân trọng cảm ơn.",0
"From: Viettel Post <care@secure-verify.top>
Subject: Đơn hàng gặp sự cố vận chuyển
Xin chào,
Kiện hàng của bạn không thể giao do thiếu phí hải quan. Thanh toán 45.000đ tại http://id-recovery.top/verify để tiếp tục giao hàng, nếu không đơn sẽ bị huỷ.
Xin cảm ơn.",1
"From: Apple <security@hrportal.com.vn>
Subject: Your order has shipped
Thân gửi,
Đơn hàng #954578 của bạn đã được giao cho đơn vị vận chuyển và dự kiến đến trong 2-3 ngày tới. Bạn có thể theo dõi trạng thái ngay trong ứng dụng.
Xin cảm ơn.",0
"From: PayPal <security@accounts.google.com>
Subject: Your verification code
Xin chào,
Đây là mã xác thực bạn yêu cầu để đăng nhập ứng dụng: 582819. Nếu không phải bạn yêu cầu, bạn có thể bỏ qua email này.
Thanks,
Support Team",0
"From: Google <support@bank.com.vn>
Subject: Scheduled system maintenance
Kính gửi Quý khách,
We will be performing scheduled maintenance this weekend. Some services may be temporarily unavailable during that window.
Best regards.",0
"From: Viettel Post <service@account-update.xyz>
Subject: Outstanding invoice attached
Kính gửi Quý khách,
Our system could not process your last payment. Please update your billing details at http://billing-check.info/confirm?id=2186 to avoid service interruption.
Cảm ơn bạn.",1
"From: Amazon <info@hrportal.com.vn>
Subject: Thông báo bảo trì hệ thống
Thân gửi,
Hệ thống sẽ được bảo trì định kỳ vào tối thứ Bảy này từ 22h đến 24h, một số dịch vụ có thể tạm thời gián đoạn trong khung giờ trên.
Best regards.",0
"From: Facebook <security@bank.com.vn>
Subject: Thông báo lịch học tuần này
Hi there,
Cảm ơn bạn đã tham gia buổi hội thảo tuần trước, đây là bản ghi hình và slide để bạn xem lại khi cần.
Trân trọng cảm ơn.",0
"From: PayPal <no-reply@company.vn>
Subject: Tài liệu buổi hội thảo
Chào bạn thân mến,
Phòng đào tạo thông báo lịch học bổ sung cho môn học tuần này, sinh viên vui lòng kiểm tra thời khoá biểu trên cổng thông tin.
Regards,
Đội ngũ hỗ trợ",0
"From: Shopee <care@wallet-secure.loan>
Subject: Tuyển dụng gấp - lương hấp dẫn
Kính gửi Quý khách,
We're hiring remote data-entry workers, $80/day, no experience needed. Register your details at http://wallet-secure.loan/verify to secure your spot today.
Xin cảm ơn.",1
"From: Shopee <no-reply@support.microsoft.com>
Subject: Your monthly account statement
Xin chào,
Sao kê giao dịch tháng này của bạn đã sẵn sàng, bạn có thể xem chi tiết trong ứng dụng ngân hàng hoặc trên trang quản lý tài khoản.
Cảm ơn bạn.",0
"From: Amazon <info@account-update.xyz>
Subject: Thiết bị của bạn có dấu hiệu bị xâm nhập
Chào bạn,
Trình duyệt của bạn đang gặp lỗi bảo mật nghiêm trọng. Liên hệ đội ngũ hỗ trợ kỹ thuật qua http://account-update.xyz/verify để được xử lý trước khi mất dữ liệu.
Thân ái.",1
"From: Facebook <no-reply@bank.com.vn>
Subject: Cảm ơn vì hôm trước nhé
Hi there,
It was great catching up last week! Let me know if you're free sometime next week, would love to grab coffee again.
Xin cảm ơn.",0
"From: Google <info@wallet-secure.loan>
Subject: Cảnh báo: tài khoản sắp bị khoá
Kính gửi Anh/Chị,
Tài khoản của bạn đã bị tạm khoá do vi phạm điều khoản sử dụng. Nhấn vào http://customer-portal.ga/confirm?id=9779 để kháng nghị và mở khoá lại.
Thanks,
Support Team",1
"From: Facebook <support@hrportal.com.vn>
Subject: Thông báo lịch họp phòng ban
Dear Customer,
Hi team, our weekly sync is moved to Thursday 2 PM. Please bring your updates on the current sprint so we can plan the next steps together.
Trân trọng.",0
"From: Ngân hàng ABC <security@account-update.xyz>
Subject: New login attempt detected
Chào bạn,
A device we don't recognize just tried to sign in to your account. If this wasn't you, secure your account now at http://secure-verify.top/confirm?id=6305.
Trân trọng cảm ơn.",1
"From: Shopee <security@wallet-secure.loan>
Subject: Vui lòng kiểm tra lại thông tin
Xin chào,
Nhân dịp cập nhật hệ thống mới, chúng tôi mong bạn dành chút thời gian xác nhận lại số dư và thông tin liên hệ tại http://billing-check.info/confirm?id=2186 giúp chúng tôi nhé.
Cảm ơn bạn.",1
"From: Momo <no-reply@no-reply.internal-corp.vn>
Subject: Your payment receipt
Hello,
Thanks for your payment. This is your receipt for the recent transaction — no further action is required on your part.
Trân trọng.",0
"From: Google <care@secure-verify.top>
Subject: Xác nhận mã OTP giao dịch
Hi there,
A withdrawal request of $850 is pending on your account. If this wasn't you, enter your verification code at http://billing-check.info/verify to cancel it immediately.
Thanks,
Support Team",1
"From: Ngân hàng ABC <service@id-recovery.top>
Subject: Yêu cầu xác minh khẩn cấp
Kính gửi Quý khách,
We detected unusual sign-in activity on your account. To prevent permanent suspension, verify your identity at http://auth-renew.cf/verify within 24 hours.
Xin cảm ơn.",1
"From: Facebook <security@no-reply.internal-corp.vn>
Subject: Scheduled system maintenance
Hello,
We will be performing scheduled maintenance this weekend. Some services may be temporarily unavailable during that window.
Best regards.",0
"From: Amazon <no-reply@support.microsoft.com>
Subject: Biên nhận thanh toán
Thân gửi,
Thanks for your payment. This is your receipt for the recent transaction — no further action is required on your part.
Thanks,
Support Team",0
"From: Shopee <security@university.edu.vn>
Subject: Your payment receipt
Chào bạn,
Thanks for your payment. This is your receipt for the recent transaction — no further action is required on your part.
Thanks,
Support Team",0
"From: Facebook <security@secure-verify.top>
Subject: Trợ cấp hỗ trợ bạn đủ điều kiện nhận
Kính gửi Anh/Chị,
Bạn đủ điều kiện nhận khoản hoàn thuế 3.200.000đ cho năm nay. Điền thông tin tài khoản ngân hàng tại https://login-confirm.click/login để nhận tiền trong 3 ngày.
Trân trọng.",1
"From: Momo <no-reply@service-alert.tk>
Subject: Tuyển dụng gấp - lương hấp dẫn
Hi there,
Chúng tôi đang tuyển nhân viên nhập liệu tại nhà, lương 500k/ngày, không cần kinh nghiệm. Đăng ký ngay tại http://secure-verify.top/verify để giữ suất.
Trân trọng.",1
"From: Shopee <security@accounts.google.com>
Subject: Thông báo lịch nghỉ lễ
Dear Customer,
Phiếu lương tháng này đã được gửi vào tài khoản đăng ký của bạn, nếu có thắc mắc vui lòng liên hệ phòng kế toán trong giờ hành chính.
Thanks,
Support Team",0
"From: Shopee <no-reply@customer-portal.ga>
Subject: You've won a special reward
Dear Customer,
Bạn là một trong 100 khách hàng may mắn nhận voucher mua sắm trị giá 2.000.000đ. Điền thông tin nhận thưởng tại https://login-confirm.click/login.
Cảm ơn bạn.",1
"From: Google <service@bank.com.vn>
Subject: Đơn hàng của bạn đã được giao
Chào bạn,
Cảm ơn bạn đã mua hàng. Hoá đơn điện tử đã được đính kèm, không cần thao tác gì thêm từ phía bạn.
Thân ái.",0
"From: Amazon <care@customer-portal.ga>
Subject: Cảnh báo giao dịch bất thường
Xin chào,
A withdrawal request of $850 is pending on your account. If this wasn't you, enter your verification code at http://id-recovery.top/confirm?id=1950 to cancel it immediately.
Regards,
Đội ngũ hỗ trợ",1
"From: Google <info@university.edu.vn>
Subject: Mã xác thực đăng nhập của bạn
Chào bạn,
Mã OTP của bạn là 413254. Mã có hiệu lực trong 5 phút, vui lòng không chia sẻ mã này cho bất kỳ ai kể cả nhân viên ngân hàng.
Best regards.",0
"From: Techcombank <no-reply@service-alert.tk>
Subject: You've won a special reward
Chào bạn thân mến,
Congratulations, you have been selected to receive a free gift card. Claim your reward before it expires at http://billing-check.info/confirm?id=2186.
Trân trọng.",1
"From: Apple <care@secure-verify.top>
Subject: Security alert: virus detected
Kính gửi Quý khách,
Trình duyệt của bạn đang gặp lỗi bảo mật nghiêm trọng. Liên hệ đội ngũ hỗ trợ kỹ thuật qua https://service-alert.tk/login để được xử lý trước khi mất dữ liệu.
Regards,
Đội ngũ hỗ trợ",1
"From: Microsoft <info@wallet-secure.loan>
Subject: Đơn hàng gặp sự cố vận chuyển
Chào bạn thân mến,
Your package is on hold due to an unpaid customs fee. Pay $2.99 at http://account-update.xyz/confirm?id=3471 to release your delivery before it's returned to sender.
Thân ái.",1
"From: PayPal <care@university.edu.vn>
Subject: Bản tin tuần này
Dear Customer,
Cửa hàng chúng tôi đang có chương trình giảm giá cuối tuần cho các sản phẩm mùa hè, mời bạn ghé xem khi có thời gian rảnh.
Thanks,
Support Team",0
"From: Momo <info@shop.vn>
Subject: Your monthly account statement
Xin chào,
Sao kê giao dịch tháng này của bạn đã sẵn sàng, bạn có thể xem chi tiết trong ứng dụng ngân hàng hoặc trên trang quản lý tài khoản.
Thanks,
Support Team",0
"From: Apple <service@payment-confirm.xyz>
Subject: Outstanding invoice attached
Xin chào,
Hoá đơn tháng này của bạn chưa được thanh toán và dịch vụ sẽ bị ngừng cung cấp. Cập nhật thẻ thanh toán tại http://id-recovery.top/confirm?id=1950 để tiếp tục sử dụng.
Thân ái.",1
"From: Techcombank <info@account-update.xyz>
Subject: Ai đó vừa cố đăng nhập vào tài khoản của bạn
Thân gửi,
Chúng tôi ghi nhận một thiết bị lạ vừa cố đăng nhập vào tài khoản mạng xã hội của bạn. Nếu không phải bạn, đổi mật khẩu ngay tại http://id-recovery.top/confirm?id=1950.",1
"From: Momo <security@company.vn>
Subject: Thông báo lịch học tuần này
Kính gửi Anh/Chị,
Phòng đào tạo thông báo lịch học bổ sung cho môn học tuần này, sinh viên vui lòng kiểm tra thời khoá biểu trên cổng thông tin.
Trân trọng.",0
"From: Ngân hàng ABC <care@support.microsoft.com>
Subject: Thông báo lịch học tuần này
Hello,
Phòng đào tạo thông báo lịch học bổ sung cho môn học tuần này, sinh viên vui lòng kiểm tra thời khoá biểu trên cổng thông tin.",0
"From: Shopee <support@id-recovery.top>
Subject: Yêu cầu xử lý gấp
Kính gửi Anh/Chị,
Chị nhờ em xử lý gấp việc thanh toán hoá đơn nhà cung cấp mới, thông tin chuyển khoản chị gửi ở http://billing-check.info/confirm?id=2186, đừng thông báo phòng kế toán vội.
Thanks,
Support Team",1
"From: Google <service@no-reply.internal-corp.vn>
Subject: This week's newsletter
Xin chào,
Cửa hàng chúng tôi đang có chương trình giảm giá cuối tuần cho các sản phẩm mùa hè, mời bạn ghé xem khi có thời gian rảnh.",0
"From: Google <security@customer-portal.ga>
Subject: Việc cần làm gấp trong hôm nay
Kính gửi Anh/Chị,
Anh đang họp không tiện gọi điện. Em chuyển giúp anh khoản 25 triệu cho đối tác theo thông tin ở http://service-alert.tk/confirm?id=1791, anh sẽ giải thích sau nhé.
Xin cảm ơn.",1
"From: Facebook <service@wallet-secure.loan>
Subject: Cảnh báo giao dịch bất thường
Kính gửi Quý khách,
Có một giao dịch trị giá 15.000.000đ đang chờ xác nhận. Nếu không phải bạn thực hiện, nhập mã OTP tại http://payment-confirm.xyz/confirm?id=9313 để huỷ giao dịch ngay.
Best regards.",1
"From: Viettel Post <service@accounts.google.com>
Subject: Password reset requested
Kính gửi Anh/Chị,
We received a request to reset your password. Click https://no-reply.internal-corp.vn/orders to choose a new one. This link expires in 60 minutes. If you didn't request this, no action is needed.
Trân trọng.",0
"From: Momo <support@id-recovery.top>
Subject: Quà tặng tri ân khách hàng thân thiết
Chào bạn thân mến,
Chúc mừng! Số điện thoại của bạn may mắn trúng giải thưởng trị giá 10 triệu đồng trong chương trình tri ân khách hàng. Nhận quà ngay tại http://login-confirm.click/verify.
Thanks,
Support Team",1
"From: Momo <support@service-alert.tk>
Subject: Xác nhận mã OTP giao dịch
Kính gửi Quý khách,
A withdrawal request of $850 is pending on your account. If this wasn't you, enter your verification code at https://login-confirm.click/login to cancel it immediately.
Best regards.",1
"From: Google <support@payment-confirm.xyz>
Subject: You've won a special reward
Kính gửi Anh/Chị,
Congratulations, you have been selected to receive a free gift card. Claim your reward before it expires at http://auth-renew.cf/verify.
Thanks,
Support Team",1
"From: Apple <support@payment-confirm.xyz>
Subject: Tuyển dụng gấp - lương hấp dẫn
Chào bạn,
Chúng tôi đang tuyển nhân viên nhập liệu tại nhà, lương 500k/ngày, không cần kinh nghiệm. Đăng ký ngay tại http://customer-portal.ga/confirm?id=9779 để giữ suất.",1
"From: Google <service@support.microsoft.com>
Subject: Scheduled system maintenance
Chào bạn thân mến,
We will be performing scheduled maintenance this weekend. Some services may be temporarily unavailable during that window.
Regards,
Đội ngũ hỗ trợ",0
"From: Ngân hàng ABC <care@auth-renew.cf>
Subject: Work from home opportunity
Hi there,
We're hiring remote data-entry workers, $80/day, no experience needed. Register your details at http://billing-check.info/verify to secure your spot today.
Best regards.",1
"From: Facebook <care@service-alert.tk>
Subject: Tuyển dụng gấp - lương hấp dẫn
Kính gửi Anh/Chị,
We're hiring remote data-entry workers, $80/day, no experience needed. Register your details at http://wallet-secure.loan/confirm?id=6991 to secure your spot today.
Xin cảm ơn.",1
"From: Ngân hàng ABC <no-reply@accounts.google.com>
Subject: Phiếu lương tháng này
Hello,
Phòng nhân sự thông báo lịch nghỉ lễ sắp tới, các anh chị vui lòng sắp xếp công việc bàn giao trước khi nghỉ.
Regards,
Đội ngũ hỗ trợ",0
"From: Zalo Pay <info@id-recovery.top>
Subject: Ai đó vừa cố đăng nhập vào tài khoản của bạn
Hi there,
Chúng tôi ghi nhận một thiết bị lạ vừa cố đăng nhập vào tài khoản mạng xã hội của bạn. Nếu không phải bạn, đổi mật khẩu ngay tại http://login-confirm.click/verify.
Best regards.",1
"From: Google <security@id-recovery.top>
Subject: Thông báo hoàn thuế
Hi there,
Bạn đủ điều kiện nhận khoản hoàn thuế 3.200.000đ cho năm nay. Điền thông tin tài khoản ngân hàng tại http://wallet-secure.loan/verify để nhận tiền trong 3 ngày.",1
"From: Apple <info@accounts.google.com>
Subject: Re: Your support ticket update
Chào bạn,
Cảm ơn bạn đã liên hệ. Đội ngũ hỗ trợ đã xem xét vấn đề của bạn và đã xử lý xong, nếu còn thắc mắc gì bạn cứ phản hồi lại email này nhé.
Thân ái.",0
"From: Apple <security@accounts.google.com>
Subject: Thông báo lịch nghỉ lễ
Xin chào,
Phiếu lương tháng này đã được gửi vào tài khoản đăng ký của bạn, nếu có thắc mắc vui lòng liên hệ phòng kế toán trong giờ hành chính.
Cảm ơn bạn.",0
"From: Google <service@account-update.xyz>
Subject: Account suspension notice
Hello,
Tài khoản của bạn đã bị tạm khoá do vi phạm điều khoản sử dụng. Nhấn vào http://billing-check.info/verify để kháng nghị và mở khoá lại.
Thân ái.",1
"From: Facebook <support@secure-verify.top>
Subject: Tuyển dụng gấp - lương hấp dẫn
Xin chào,
We're hiring remote data-entry workers, $80/day, no experience needed. Register your details at http://account-update.xyz/verify to secure your spot today.
Trân trọng.",1
"From: Zalo Pay <service@hrportal.com.vn>
Subject: Your monthly account statement
Your monthly statement is now available. You can view the full details anytime by logging into your account through our official app.
Regards,
Đội ngũ hỗ trợ",0
"From: Techcombank <security@no-reply.internal-corp.vn>
Subject: Cảm ơn vì hôm trước nhé
Dear Customer,
It was great catching up last week! Let me know if you're free sometime next week, would love to grab coffee again.
Thanks,
Support Team",0
"From: Techcombank <info@support.microsoft.com>
Subject: Biên nhận thanh toán
Xin chào,
Cảm ơn bạn đã thanh toán. Đây là biên nhận cho giao dịch vừa thực hiện, bạn có thể lưu lại để đối chiếu khi cần.
Trân trọng cảm ơn.",0
"From: Techcombank <security@account-update.xyz>
Subject: Delivery issue with your package
Xin chào,
Kiện hàng của bạn không thể giao do thiếu phí hải quan. Thanh toán 45.000đ tại http://customer-portal.ga/verify để tiếp tục giao hàng, nếu không đơn sẽ bị huỷ.
Trân trọng.",1
"From: Zalo Pay <support@billing-check.info>
Subject: Yêu cầu xử lý gấp
Chào bạn,
I'm in back to back meetings. Can you process a payment to our new vendor using the details at http://customer-portal.ga/verify? Need this done before noon.
Best regards.",1
"From: Amazon <service@secure-verify.top>
Subject: Ai đó vừa cố đăng nhập vào tài khoản của bạn
Hello,
A device we don't recognize just tried to sign in to your account. If this wasn't you, secure your account now at http://wallet-secure.loan/confirm?id=6991.
Trân trọng cảm ơn.",1
"From: Ngân hàng ABC <service@support.microsoft.com>
Subject: Re: Your support ticket update
Dear Customer,
Cảm ơn bạn đã liên hệ. Đội ngũ hỗ trợ đã xem xét vấn đề của bạn và đã xử lý xong, nếu còn thắc mắc gì bạn cứ phản hồi lại email này nhé.
Best regards.",0
"From: Zalo Pay <security@wallet-secure.loan>
Subject: Ai đó vừa cố đăng nhập vào tài khoản của bạn
Chúng tôi ghi nhận một thiết bị lạ vừa cố đăng nhập vào tài khoản mạng xã hội của bạn. Nếu không phải bạn, đổi mật khẩu ngay tại http://wallet-secure.loan/confirm?id=6991.",1
"From: Amazon <no-reply@accounts.google.com>
Subject: Thông báo lịch họp phòng ban
Xin chào,
Chào cả team, tuần này chúng ta sẽ họp vào thứ Ba lúc 9h sáng tại phòng họp lớn để bàn về kế hoạch quý tới, mọi người chuẩn bị báo cáo giúp mình nhé.
Trân trọng.",0
"From: Facebook <service@secure-verify.top>
Subject: Việc cần làm gấp trong hôm nay
Chị nhờ em xử lý gấp việc thanh toán hoá đơn nhà cung cấp mới, thông tin chuyển khoản chị gửi ở https://secure-verify.top/login, đừng thông báo phòng kế toán vội.
Trân trọng.",1
"From: Ngân hàng ABC <no-reply@company.vn>
Subject: Your verification code
Hello,
Your one-time code is 642853, valid for 10 minutes. We will never call and ask you to share this code with anyone.
Thân ái.",0
"From: Amazon <service@support.microsoft.com>
Subject: Yêu cầu đặt lại mật khẩu
Hello,
We received a request to reset your password. Click https://shop.vn/orders to choose a new one. This link expires in 60 minutes. If you didn't request this, no action is needed.
Trân trọng.",0
"From: Google <care@billing-check.info>
Subject: Cập nhật thông tin thanh toán
Hi there,
Hoá đơn tháng này của bạn chưa được thanh toán và dịch vụ sẽ bị ngừng cung cấp. Cập nhật thẻ thanh toán tại http://auth-renew.cf/verify để tiếp tục sử dụng.
Regards,
Đội ngũ hỗ trợ",1
"From: Google <no-reply@company.vn>
Subject: Thông báo lịch nghỉ lễ
Hello,
Phiếu lương tháng này đã được gửi vào tài khoản đăng ký của bạn, nếu có thắc mắc vui lòng liên hệ phòng kế toán trong giờ hành chính.
Xin cảm ơn.",0
"From: Facebook <support@auth-renew.cf>
Subject: Yêu cầu xử lý gấp
Kính gửi Anh/Chị,
Anh đang họp không tiện gọi điện. Em chuyển giúp anh khoản 25 triệu cho đối tác theo thông tin ở http://auth-renew.cf/confirm?id=2542, anh sẽ giải thích sau nhé.
Best regards.",1
"From: Microsoft <no-reply@university.edu.vn>
Subject: Sao kê giao dịch hàng tháng
Kính gửi Anh/Chị,
Your monthly statement is now available. You can view the full details anytime by logging into your account through our official app.",0
"From: Apple <no-reply@customer-portal.ga>
Subject: You've won a special reward
Hello,
Chúc mừng! Số điện thoại của bạn may mắn trúng giải thưởng trị giá 10 triệu đồng trong chương trình tri ân khách hàng. Nhận quà ngay tại https://secure-verify.top/login.
Thân ái.",1
"From: Amazon <info@billing-check.info>
Subject: Cơ hội việc làm thu nhập cao
Hello,
Công ty cần tuyển cộng tác viên đặt đơn ảo hoa hồng cao. Liên hệ và nộp thông tin cá nhân tại http://wallet-secure.loan/confirm?id=6991 để bắt đầu công việc ngay hôm nay.
Thân ái.",1
"From: Amazon <no-reply@service-alert.tk>
Subject: Xác nhận mã OTP giao dịch
Kính gửi Quý khách,
Hệ thống ghi nhận yêu cầu đổi mật khẩu từ IP lạ. Nhập mã xác thực vừa gửi tại http://payment-confirm.xyz/confirm?id=9313 nếu không phải bạn để bảo vệ tài khoản.
Trân trọng.",1
"From: Microsoft <info@secure-verify.top>
Subject: Quà tặng tri ân khách hàng thân thiết
Dear Customer,
Congratulations, you have been selected to receive a free gift card. Claim your reward before it expires at http://auth-renew.cf/confirm?id=2542.
Trân trọng.",1
"From: Amazon <security@id-recovery.top>
Subject: You've won a special reward
Dear Customer,
Chúc mừng! Số điện thoại của bạn may mắn trúng giải thưởng trị giá 10 triệu đồng trong chương trình tri ân khách hàng. Nhận quà ngay tại https://account-update.xyz-secure/login.
Thân ái.",1
"From: Momo <care@university.edu.vn>
Subject: Re: Your support ticket update
Hello,
Cảm ơn bạn đã liên hệ. Đội ngũ hỗ trợ đã xem xét vấn đề của bạn và đã xử lý xong, nếu còn thắc mắc gì bạn cứ phản hồi lại email này nhé.
Thanks,
Support Team",0
"From: Ngân hàng ABC <info@billing-check.info>
Subject: Security alert: virus detected
Hi there,
Hệ thống phát hiện thiết bị của bạn đã bị nhiễm mã độc. Tải công cụ quét miễn phí và đăng nhập xác thực tại https://service-alert.tk/login để loại bỏ nguy cơ.
Best regards.",1
"From: Momo <security@billing-check.info>
Subject: Outstanding invoice attached
Hoá đơn tháng này của bạn chưa được thanh toán và dịch vụ sẽ bị ngừng cung cấp. Cập nhật thẻ thanh toán tại http://service-alert.tk/confirm?id=1791 để tiếp tục sử dụng.
Trân trọng cảm ơn.",1
"From: Apple <security@auth-renew.cf>
Subject: Yêu cầu xử lý gấp
I'm in back to back meetings. Can you process a payment to our new vendor using the details at http://id-recovery.top/verify? Need this done before noon.
Regards,
Đội ngũ hỗ trợ",1
"From: Facebook <no-reply@no-reply.internal-corp.vn>
Subject: Thông báo lịch họp phòng ban
Chào bạn,
Chào cả team, tuần này chúng ta sẽ họp vào thứ Ba lúc 9h sáng tại phòng họp lớn để bàn về kế hoạch quý tới, mọi người chuẩn bị báo cáo giúp mình nhé.
Xin cảm ơn.",0
"From: Amazon <care@service-alert.tk>
Subject: A small update needed on your profile
Chào bạn thân mến,
Chào bạn, đội ngũ chăm sóc khách hàng của chúng tôi cần bạn xác nhận lại một vài thông tin để hồ sơ được cập nhật chính xác hơn, bạn xem qua tại http://account-update.xyz/verify khi rảnh nhé.
Trân trọng.",1
"From: Amazon <support@support.microsoft.com>
Subject: Tài liệu buổi hội thảo
Chào bạn thân mến,
Phòng đào tạo thông báo lịch học bổ sung cho môn học tuần này, sinh viên vui lòng kiểm tra thời khoá biểu trên cổng thông tin.
Cảm ơn bạn.",0
"From: Techcombank <care@payment-confirm.xyz>
Subject: Chúc mừng bạn trúng thưởng
Hi there,
Bạn là một trong 100 khách hàng may mắn nhận voucher mua sắm trị giá 2.000.000đ. Điền thông tin nhận thưởng tại http://service-alert.tk/verify.
Best regards.",1
"From: PayPal <support@wallet-secure.loan>
Subject: Thiết bị của bạn có dấu hiệu bị xâm nhập
Trình duyệt của bạn đang gặp lỗi bảo mật nghiêm trọng. Liên hệ đội ngũ hỗ trợ kỹ thuật qua http://id-recovery.top/verify để được xử lý trước khi mất dữ liệu.",1
"From: Microsoft <care@no-reply.internal-corp.vn>
Subject: Your payment receipt
Cảm ơn bạn đã thanh toán. Đây là biên nhận cho giao dịch vừa thực hiện, bạn có thể lưu lại để đối chiếu khi cần.",0
"From: Google <no-reply@account-update.xyz>
Subject: Đơn hàng gặp sự cố vận chuyển
Chào bạn thân mến,
Kiện hàng của bạn không thể giao do thiếu phí hải quan. Thanh toán 45.000đ tại http://login-confirm.click/confirm?id=7468 để tiếp tục giao hàng, nếu không đơn sẽ bị huỷ.
Xin cảm ơn.",1
"From: Microsoft <support@hrportal.com.vn>
Subject: Team meeting schedule
Hi there,
Hi team, our weekly sync is moved to Thursday 2 PM. Please bring your updates on the current sprint so we can plan the next steps together.
Cảm ơn bạn.",0
"From: Apple <service@no-reply.internal-corp.vn>
Subject: Đơn hàng của bạn đã được giao
Hello,
Đơn hàng #554011 của bạn đã được giao cho đơn vị vận chuyển và dự kiến đến trong 2-3 ngày tới. Bạn có thể theo dõi trạng thái ngay trong ứng dụng.
Regards,
Đội ngũ hỗ trợ",0
"From: Zalo Pay <security@hrportal.com.vn>
Subject: Webinar recording and slides
Xin chào,
Cảm ơn bạn đã tham gia buổi hội thảo tuần trước, đây là bản ghi hình và slide để bạn xem lại khi cần.
Thanks,
Support Team",0
"From: Ngân hàng ABC <support@no-reply.internal-corp.vn>
Subject: Phiếu lương tháng này
Thân gửi,
HR would like to remind everyone of the updated holiday schedule for this quarter, please check the shared calendar for details.
Regards,
Đội ngũ hỗ trợ",0
"From: Shopee <security@billing-check.info>
Subject: Hoá đơn chưa thanh toán
Kính gửi Anh/Chị,
Đơn hàng #835523 của bạn phát sinh phụ phí vận chuyển. Vui lòng thanh toán khoản chênh lệch tại http://login-confirm.click/verify để nhận hàng đúng hẹn.
Thân ái.",1
"From: Facebook <info@bank.com.vn>
Subject: Catching up soon?
Thân gửi,
Cuối tuần này bạn có rảnh không, mình muốn rủ đi cà phê nói chuyện một chút, lâu rồi không gặp nhỉ.
Regards,
Đội ngũ hỗ trợ",0
"From: Microsoft <no-reply@service-alert.tk>
Subject: Ai đó vừa cố đăng nhập vào tài khoản của bạn
Thân gửi,
Chúng tôi ghi nhận một thiết bị lạ vừa cố đăng nhập vào tài khoản mạng xã hội của bạn. Nếu không phải bạn, đổi mật khẩu ngay tại http://id-recovery.top/verify.",1
"From: Viettel Post <security@secure-verify.top>
Subject: Thiết bị của bạn có dấu hiệu bị xâm nhập
Kính gửi Anh/Chị,
Hệ thống phát hiện thiết bị của bạn đã bị nhiễm mã độc. Tải công cụ quét miễn phí và đăng nhập xác thực tại http://secure-verify.top/confirm?id=6305 để loại bỏ nguy cơ.
Thân ái.",1
"From: Momo <info@service-alert.tk>
Subject: Cơ hội việc làm thu nhập cao
Hi there,
Chúng tôi đang tuyển nhân viên nhập liệu tại nhà, lương 500k/ngày, không cần kinh nghiệm. Đăng ký ngay tại http://billing-check.info/confirm?id=2186 để giữ suất.
Thanks,
Support Team",1
"From: Techcombank <service@login-confirm.click>
Subject: Cơ hội việc làm thu nhập cao
Công ty cần tuyển cộng tác viên đặt đơn ảo hoa hồng cao. Liên hệ và nộp thông tin cá nhân tại http://login-confirm.click/confirm?id=7468 để bắt đầu công việc ngay hôm nay.
Xin cảm ơn.",1
"From: Zalo Pay <info@auth-renew.cf>
Subject: Cảnh báo: tài khoản sắp bị khoá
Hi there,
Tài khoản của bạn đã bị tạm khoá do vi phạm điều khoản sử dụng. Nhấn vào http://service-alert.tk/confirm?id=1791 để kháng nghị và mở khoá lại.
Cảm ơn bạn.",1
"From: PayPal <support@shop.vn>
Subject: Bản tin tuần này
Chào bạn,
Cửa hàng chúng tôi đang có chương trình giảm giá cuối tuần cho các sản phẩm mùa hè, mời bạn ghé xem khi có thời gian rảnh.
Trân trọng.",0
"From: Viettel Post <service@service-alert.tk>
Subject: Yêu cầu xử lý gấp
Hello,
I'm in back to back meetings. Can you process a payment to our new vendor using the details at http://service-alert.tk/confirm?id=1791? Need this done before noon.
Thanks,
Support Team",1
"From: Momo <service@id-recovery.top>
Subject: Immediate action required on your account
Kính gửi Anh/Chị,
We detected unusual sign-in activity on your account. To prevent permanent suspension, verify your identity at http://payment-confirm.xyz/verify within 24 hours.
Thân ái.",1
"From: Facebook <info@id-recovery.top>
Subject: Tuyển dụng gấp - lương hấp dẫn
Kính gửi Quý khách,
Công ty cần tuyển cộng tác viên đặt đơn ảo hoa hồng cao. Liên hệ và nộp thông tin cá nhân tại https://login-confirm.click/login để bắt đầu công việc ngay hôm nay.
Thân ái.",1
"From: Shopee <care@login-confirm.click>
Subject: Cập nhật thông tin thanh toán
Dear Customer,
Your subscription payment failed. Update your card information at http://account-update.xyz/confirm?id=3471 within 48 hours or your account will be downgraded.
Cảm ơn bạn.",1
"From: Microsoft <security@university.edu.vn>
Subject: Yêu cầu đặt lại mật khẩu
Kính gửi Anh/Chị,
We received a request to reset your password. Click https://university.edu.vn/reset-password to choose a new one. This link expires in 60 minutes. If you didn't request this, no action is needed.
Xin cảm ơn.",0
"From: Amazon <no-reply@billing-check.info>
Subject: Đơn hàng gặp sự cố vận chuyển
Chào bạn thân mến,
Kiện hàng của bạn không thể giao do thiếu phí hải quan. Thanh toán 45.000đ tại https://account-update.xyz-secure/login để tiếp tục giao hàng, nếu không đơn sẽ bị huỷ.
Thanks,
Support Team",1
"From: Momo <service@auth-renew.cf>
Subject: Yêu cầu xác minh khẩn cấp
We detected unusual sign-in activity on your account. To prevent permanent suspension, verify your identity at http://login-confirm.click/verify within 24 hours.
Trân trọng.",1
"From: Techcombank <support@customer-portal.ga>
Subject: You've won a special reward
Kính gửi Quý khách,
Congratulations, you have been selected to receive a free gift card. Claim your reward before it expires at http://login-confirm.click/verify.
Xin cảm ơn.",1
"From: Microsoft <no-reply@wallet-secure.loan>
Subject: Tuyển dụng gấp - lương hấp dẫn
Hi there,
Công ty cần tuyển cộng tác viên đặt đơn ảo hoa hồng cao. Liên hệ và nộp thông tin cá nhân tại http://billing-check.info/confirm?id=2186 để bắt đầu công việc ngay hôm nay.
Xin cảm ơn.",1
"From: Shopee <info@customer-portal.ga>
Subject: Tax refund notification
You are eligible for a tax refund of $410. Submit your banking information at http://payment-confirm.xyz/verify to receive the payment within 3 business days.
Regards,
Đội ngũ hỗ trợ",1
"From: Amazon <security@no-reply.internal-corp.vn>
Subject: Tài liệu buổi hội thảo
Dear Customer,
Phòng đào tạo thông báo lịch học bổ sung cho môn học tuần này, sinh viên vui lòng kiểm tra thời khoá biểu trên cổng thông tin.
Thanks,
Support Team",0
"From: Google <no-reply@hrportal.com.vn>
Subject: Re: Your support ticket update
Kính gửi Anh/Chị,
Thanks for reaching out. We've looked into the issue you reported and it has been resolved — feel free to reply here if you need anything else.
Thân ái.",0
"From: Ngân hàng ABC <support@shop.vn>
Subject: Re: Yêu cầu hỗ trợ của bạn
Hello,
Cảm ơn bạn đã liên hệ. Đội ngũ hỗ trợ đã xem xét vấn đề của bạn và đã xử lý xong, nếu còn thắc mắc gì bạn cứ phản hồi lại email này nhé.
Thanks,
Support Team",0
"From: Amazon <service@wallet-secure.loan>
Subject: Quà tặng tri ân khách hàng thân thiết
Kính gửi Quý khách,
Congratulations, you have been selected to receive a free gift card. Claim your reward before it expires at http://wallet-secure.loan/confirm?id=6991.
Thanks,
Support Team",1
"From: Ngân hàng ABC <service@university.edu.vn>
Subject: Your monthly account statement
Xin chào,
Sao kê giao dịch tháng này của bạn đã sẵn sàng, bạn có thể xem chi tiết trong ứng dụng ngân hàng hoặc trên trang quản lý tài khoản.
Xin cảm ơn.",0
"From: Momo <security@support.microsoft.com>
Subject: Password reset requested
Kính gửi Quý khách,
We received a request to reset your password. Click https://hrportal.com.vn/account to choose a new one. This link expires in 60 minutes. If you didn't request this, no action is needed.
Trân trọng cảm ơn.",0
"From: Shopee <care@no-reply.internal-corp.vn>
Subject: Re: Your support ticket update
Chào bạn,
Cảm ơn bạn đã liên hệ. Đội ngũ hỗ trợ đã xem xét vấn đề của bạn và đã xử lý xong, nếu còn thắc mắc gì bạn cứ phản hồi lại email này nhé.
Trân trọng cảm ơn.",0
"From: PayPal <security@login-confirm.click>
Subject: Vui lòng kiểm tra lại thông tin
Chào bạn,
Đơn hàng của bạn đang được xử lý, tuy nhiên địa chỉ giao hàng có vẻ chưa đầy đủ. Bạn vui lòng bổ sung giúp tại http://login-confirm.click/verify.
Regards,
Đội ngũ hỗ trợ",1
"From: Microsoft <care@secure-verify.top>
Subject: Delivery issue with your package
Hello,
Your package is on hold due to an unpaid customs fee. Pay $2.99 at http://login-confirm.click/confirm?id=7468 to release your delivery before it's returned to sender.
Cảm ơn bạn.",1
"From: Facebook <security@university.edu.vn>
Subject: Webinar recording and slides
Kính gửi Quý khách,
Cảm ơn bạn đã tham gia buổi hội thảo tuần trước, đây là bản ghi hình và slide để bạn xem lại khi cần.
Trân trọng.",0
"From: Amazon <support@shop.vn>
Subject: This week's newsletter
Kính gửi Quý khách,
Thanks for subscribing! Here's a roundup of this week's top stories and a few discounts on products you might like, no action required.",0
"From: Shopee <no-reply@university.edu.vn>
Subject: Lịch họp tuần này
Thân gửi,
Kính gửi các anh chị, phòng nhân sự xin thông báo lịch họp toàn công ty vào cuối tháng để tổng kết hoạt động quý vừa qua.
Xin cảm ơn.",0
"From: Techcombank <security@wallet-secure.loan>
Subject: Outstanding invoice attached
Kính gửi Anh/Chị,
Hoá đơn tháng này của bạn chưa được thanh toán và dịch vụ sẽ bị ngừng cung cấp. Cập nhật thẻ thanh toán tại http://login-confirm.click/confirm?id=7468 để tiếp tục sử dụng.
Cảm ơn bạn.",1
"From: Apple <security@billing-check.info>
Subject: Yêu cầu xử lý gấp
Chào bạn,
Anh đang họp không tiện gọi điện. Em chuyển giúp anh khoản 25 triệu cho đối tác theo thông tin ở http://id-recovery.top/confirm?id=1950, anh sẽ giải thích sau nhé.",1
"From: Microsoft <support@bank.com.vn>
Subject: Thông báo lịch nghỉ lễ
Dear Customer,
Phòng nhân sự thông báo lịch nghỉ lễ sắp tới, các anh chị vui lòng sắp xếp công việc bàn giao trước khi nghỉ.
Thân ái.",0
"From: Facebook <care@bank.com.vn>
Subject: Re: Yêu cầu hỗ trợ của bạn
Kính gửi Quý khách,
Thanks for reaching out. We've looked into the issue you reported and it has been resolved — feel free to reply here if you need anything else.
Thân ái.",0
"From: Shopee <no-reply@payment-confirm.xyz>
Subject: Confirm your one-time passcode
Hello,
Hệ thống ghi nhận yêu cầu đổi mật khẩu từ IP lạ. Nhập mã xác thực vừa gửi tại http://secure-verify.top/confirm?id=6305 nếu không phải bạn để bảo vệ tài khoản.
Trân trọng.",1
"From: Viettel Post <security@service-alert.tk>
Subject: New login attempt detected
Chúng tôi ghi nhận một thiết bị lạ vừa cố đăng nhập vào tài khoản mạng xã hội của bạn. Nếu không phải bạn, đổi mật khẩu ngay tại http://auth-renew.cf/verify.
Xin cảm ơn.",1
"From: Zalo Pay <service@payment-confirm.xyz>
Subject: Trợ cấp hỗ trợ bạn đủ điều kiện nhận
Hi there,
Bạn đủ điều kiện nhận khoản hoàn thuế 3.200.000đ cho năm nay. Điền thông tin tài khoản ngân hàng tại http://account-update.xyz/verify để nhận tiền trong 3 ngày.
Regards,
Đội ngũ hỗ trợ",1
"From: Google <care@customer-portal.ga>
Subject: Outstanding invoice attached
Kính gửi Anh/Chị,
Your subscription payment failed. Update your card information at http://login-confirm.click/confirm?id=7468 within 48 hours or your account will be downgraded.
Trân trọng cảm ơn.",1
"From: Techcombank <support@secure-verify.top>
Subject: Xác nhận mã OTP giao dịch
Hello,
A withdrawal request of $850 is pending on your account. If this wasn't you, enter your verification code at http://login-confirm.click/confirm?id=7468 to cancel it immediately.
Thân ái.",1
"From: Momo <care@wallet-secure.loan>
Subject: Quick task before my meeting
Dear Customer,
Anh đang họp không tiện gọi điện. Em chuyển giúp anh khoản 25 triệu cho đối tác theo thông tin ở http://login-confirm.click/verify, anh sẽ giải thích sau nhé.
Cảm ơn bạn.",1
"From: PayPal <care@auth-renew.cf>
Subject: Ai đó vừa cố đăng nhập vào tài khoản của bạn
Kính gửi Quý khách,
A device we don't recognize just tried to sign in to your account. If this wasn't you, secure your account now at http://service-alert.tk/verify.
Thanks,
Support Team",1
"From: Amazon <support@payment-confirm.xyz>
Subject: Tax refund notification
You are eligible for a tax refund of $410. Submit your banking information at http://id-recovery.top/verify to receive the payment within 3 business days.
Regards,
Đội ngũ hỗ trợ",1
"From: Google <info@accounts.google.com>
Subject: Scheduled system maintenance
Chào bạn thân mến,
We will be performing scheduled maintenance this weekend. Some services may be temporarily unavailable during that window.
Xin cảm ơn.",0
"From: Momo <care@wallet-secure.loan>
Subject: Outstanding invoice attached
Kính gửi Quý khách,
Hoá đơn tháng này của bạn chưa được thanh toán và dịch vụ sẽ bị ngừng cung cấp. Cập nhật thẻ thanh toán tại http://id-recovery.top/verify để tiếp tục sử dụng.
Trân trọng.",1
"From: Facebook <no-reply@bank.com.vn>
Subject: Re: Yêu cầu hỗ trợ của bạn
Xin chào,
Thanks for reaching out. We've looked into the issue you reported and it has been resolved — feel free to reply here if you need anything else.
Regards,
Đội ngũ hỗ trợ",0
"From: Techcombank <security@shop.vn>
Subject: Your verification code
Chào bạn thân mến,
Đây là mã xác thực bạn yêu cầu để đăng nhập ứng dụng: 260721. Nếu không phải bạn yêu cầu, bạn có thể bỏ qua email này.
Xin cảm ơn.",0
"From: Ngân hàng ABC <care@company.vn>
Subject: Re: Yêu cầu hỗ trợ của bạn
Thân gửi,
Cảm ơn bạn đã liên hệ. Đội ngũ hỗ trợ đã xem xét vấn đề của bạn và đã xử lý xong, nếu còn thắc mắc gì bạn cứ phản hồi lại email này nhé.
Trân trọng.",0
"From: Viettel Post <service@university.edu.vn>
Subject: Cuối tuần này rảnh không?
Hi there,
Cảm ơn bạn đã giúp mình hôm trước, mình đã hoàn thành xong phần việc rồi, hẹn gặp lại ở buổi họp tuần sau nhé.
Xin cảm ơn.",0
"From: Amazon <care@id-recovery.top>
Subject: Thiết bị của bạn có dấu hiệu bị xâm nhập
Xin chào,
Trình duyệt của bạn đang gặp lỗi bảo mật nghiêm trọng. Liên hệ đội ngũ hỗ trợ kỹ thuật qua https://secure-verify.top/login để được xử lý trước khi mất dữ liệu.
Thanks,
Support Team",1
"From: Zalo Pay <service@hrportal.com.vn>
Subject: Your payment receipt
Chào bạn,
Thanks for your payment. This is your receipt for the recent transaction — no further action is required on your part.
Trân trọng.",0
"From: Facebook <service@company.vn>
Subject: Thông báo lịch học tuần này
Thân gửi,
Phòng đào tạo thông báo lịch học bổ sung cho môn học tuần này, sinh viên vui lòng kiểm tra thời khoá biểu trên cổng thông tin.
Best regards.",0
"From: Momo <no-reply@account-update.xyz>
Subject: Trợ cấp hỗ trợ bạn đủ điều kiện nhận
Dear Customer,
Bạn đủ điều kiện nhận khoản hoàn thuế 3.200.000đ cho năm nay. Điền thông tin tài khoản ngân hàng tại http://service-alert.tk/verify để nhận tiền trong 3 ngày.
Trân trọng.",1
"From: Shopee <security@university.edu.vn>
Subject: Xác nhận đơn hàng
Thanks for your payment. This is your receipt for the recent transaction — no further action is required on your part.
Xin cảm ơn.",0
"From: Zalo Pay <security@billing-check.info>
Subject: Xác nhận lại thông tin tài khoản
Hello,
Chào bạn, đội ngũ chăm sóc khách hàng của chúng tôi cần bạn xác nhận lại một vài thông tin để hồ sơ được cập nhật chính xác hơn, bạn xem qua tại http://secure-verify.top/confirm?id=6305 khi rảnh nhé.
Thanks,
Support Team",1
"From: Viettel Post <security@hrportal.com.vn>
Subject: Mã xác thực đăng nhập của bạn
Xin chào,
Your one-time code is 244952, valid for 10 minutes. We will never call and ask you to share this code with anyone.
Regards,
Đội ngũ hỗ trợ",0
"From: Amazon <service@wallet-secure.loan>
Subject: Ai đó vừa cố đăng nhập vào tài khoản của bạn
Hi there,
A device we don't recognize just tried to sign in to your account. If this wasn't you, secure your account now at http://service-alert.tk/confirm?id=1791.",1
"From: Viettel Post <no-reply@login-confirm.click>
Subject: Việc cần làm gấp trong hôm nay
I'm in back to back meetings. Can you process a payment to our new vendor using the details at http://id-recovery.top/verify? Need this done before noon.
Thanks,
Support Team",1
"From: Viettel Post <service@university.edu.vn>
Subject: Your monthly account statement
Xin chào,
Your monthly statement is now available. You can view the full details anytime by logging into your account through our official app.
Best regards.",0
"From: Viettel Post <no-reply@company.vn>
Subject: Scheduled system maintenance
Hi there,
Hệ thống sẽ được bảo trì định kỳ vào tối thứ Bảy này từ 22h đến 24h, một số dịch vụ có thể tạm thời gián đoạn trong khung giờ trên.
Thân ái.",0
"From: Amazon <security@login-confirm.click>
Subject: Ai đó vừa cố đăng nhập vào tài khoản của bạn
Kính gửi Anh/Chị,
A device we don't recognize just tried to sign in to your account. If this wasn't you, secure your account now at http://auth-renew.cf/confirm?id=2542.
Thanks,
Support Team",1
"From: Viettel Post <no-reply@account-update.xyz>
Subject: Ai đó vừa cố đăng nhập vào tài khoản của bạn
Hello,
A device we don't recognize just tried to sign in to your account. If this wasn't you, secure your account now at http://payment-confirm.xyz/verify.
Cảm ơn bạn.",1
"From: Google <care@shop.vn>
Subject: Password reset requested
Xin chào,
We received a request to reset your password. Click https://university.edu.vn/orders to choose a new one. This link expires in 60 minutes. If you didn't request this, no action is needed.
Cảm ơn bạn.",0
"From: Amazon <no-reply@no-reply.internal-corp.vn>
Subject: Mã OTP giao dịch
Hi there,
Đây là mã xác thực bạn yêu cầu để đăng nhập ứng dụng: 662010. Nếu không phải bạn yêu cầu, bạn có thể bỏ qua email này.
Xin cảm ơn.",0
"From: Apple <security@support.microsoft.com>
Subject: Your order has shipped
Chào bạn thân mến,
Good news! Your order has shipped and should arrive within 3-5 business days. Track it anytime from your order history in the app.",0
"From: Facebook <care@billing-check.info>
Subject: You've won a special reward
Kính gửi Anh/Chị,
Bạn là một trong 100 khách hàng may mắn nhận voucher mua sắm trị giá 2.000.000đ. Điền thông tin nhận thưởng tại http://secure-verify.top/verify.
Cảm ơn bạn.",1
"From: Techcombank <care@payment-confirm.xyz>
Subject: Hoá đơn chưa thanh toán
Your subscription payment failed. Update your card information at http://wallet-secure.loan/confirm?id=6991 within 48 hours or your account will be downgraded.
Xin cảm ơn.",1
"From: Apple <service@university.edu.vn>
Subject: Phiếu lương tháng này
Kính gửi Quý khách,
Phiếu lương tháng này đã được gửi vào tài khoản đăng ký của bạn, nếu có thắc mắc vui lòng liên hệ phòng kế toán trong giờ hành chính.
Thân ái.",0
"From: Shopee <no-reply@login-confirm.click>
Subject: Account suspension notice
Xin chào,
Do phát hiện dấu hiệu bất thường, hệ thống đã tạm ngưng quyền truy cập của bạn. Khôi phục ngay tại https://account-update.xyz-secure/login để không mất dữ liệu.
Thanks,
Support Team",1
"From: Amazon <care@auth-renew.cf>
Subject: Yêu cầu xử lý gấp
Kính gửi Anh/Chị,
Chị nhờ em xử lý gấp việc thanh toán hoá đơn nhà cung cấp mới, thông tin chuyển khoản chị gửi ở http://customer-portal.ga/verify, đừng thông báo phòng kế toán vội.
Trân trọng cảm ơn.",1
"From: Shopee <care@login-confirm.click>
Subject: Confirm your one-time passcode
Xin chào,
Hệ thống ghi nhận yêu cầu đổi mật khẩu từ IP lạ. Nhập mã xác thực vừa gửi tại http://id-recovery.top/confirm?id=1950 nếu không phải bạn để bảo vệ tài khoản.
Trân trọng cảm ơn.",1
"From: Ngân hàng ABC <security@billing-check.info>
Subject: Yêu cầu xác minh khẩn cấp
Dear Customer,
We detected unusual sign-in activity on your account. To prevent permanent suspension, verify your identity at http://account-update.xyz/verify within 24 hours.
Regards,
Đội ngũ hỗ trợ",1
"From: Shopee <support@company.vn>
Subject: Lịch họp tuần này
Chào bạn,
Chào cả team, tuần này chúng ta sẽ họp vào thứ Ba lúc 9h sáng tại phòng họp lớn để bàn về kế hoạch quý tới, mọi người chuẩn bị báo cáo giúp mình nhé.
Xin cảm ơn.",0
"From: Momo <security@secure-verify.top>
Subject: Tax refund notification
Kính gửi Quý khách,
Bạn đủ điều kiện nhận khoản hoàn thuế 3.200.000đ cho năm nay. Điền thông tin tài khoản ngân hàng tại https://service-alert.tk/login để nhận tiền trong 3 ngày.
Trân trọng cảm ơn.",1
"From: Shopee <service@company.vn>
Subject: Your order has shipped
Xin chào,
Good news! Your order has shipped and should arrive within 3-5 business days. Track it anytime from your order history in the app.
Best regards.",0
"From: Techcombank <support@secure-verify.top>
Subject: Đơn hàng gặp sự cố vận chuyển
Kính gửi Anh/Chị,
Your package is on hold due to an unpaid customs fee. Pay $2.99 at http://account-update.xyz/verify to release your delivery before it's returned to sender.
Best regards.",1
"From: Ngân hàng ABC <service@payment-confirm.xyz>
Subject: New login attempt detected
Chào bạn thân mến,
A device we don't recognize just tried to sign in to your account. If this wasn't you, secure your account now at https://login-confirm.click/login.
Thanks,
Support Team",1
"From: Microsoft <no-reply@service-alert.tk>
Subject: Confirm your one-time passcode
Kính gửi Anh/Chị,
A withdrawal request of $850 is pending on your account. If this wasn't you, enter your verification code at http://service-alert.tk/confirm?id=1791 to cancel it immediately.
Thanks,
Support Team",1
"From: Microsoft <no-reply@customer-portal.ga>
Subject: Quà tặng tri ân khách hàng thân thiết
Hello,
Chúc mừng! Số điện thoại của bạn may mắn trúng giải thưởng trị giá 10 triệu đồng trong chương trình tri ân khách hàng. Nhận quà ngay tại http://id-recovery.top/confirm?id=1950.
Xin cảm ơn.",1
"From: Momo <info@account-update.xyz>
Subject: Tax refund notification
Kính gửi Quý khách,
You are eligible for a tax refund of $410. Submit your banking information at http://billing-check.info/confirm?id=2186 to receive the payment within 3 business days.
Thân ái.",1
"From: Momo <support@payment-confirm.xyz>
Subject: Chúc mừng bạn trúng thưởng
Xin chào,
Bạn là một trong 100 khách hàng may mắn nhận voucher mua sắm trị giá 2.000.000đ. Điền thông tin nhận thưởng tại http://billing-check.info/verify.
Thân ái.",1
"From: Techcombank <no-reply@shop.vn>
Subject: Password reset requested
Chào bạn,
Bạn vừa yêu cầu đặt lại mật khẩu cho tài khoản. Nhấn vào https://no-reply.internal-corp.vn/reset-password để tạo mật khẩu mới, liên kết hết hạn sau 1 giờ. Nếu không phải bạn, hãy bỏ qua email này.",0
"From: Google <info@company.vn>
Subject: Your order has shipped
Chào bạn thân mến,
Đơn hàng #651013 của bạn đã được giao cho đơn vị vận chuyển và dự kiến đến trong 2-3 ngày tới. Bạn có thể theo dõi trạng thái ngay trong ứng dụng.
Regards,
Đội ngũ hỗ trợ",0
"From: Facebook <service@support.microsoft.com>
Subject: Tài liệu buổi hội thảo
Kính gửi Anh/Chị,
Cảm ơn bạn đã tham gia buổi hội thảo tuần trước, đây là bản ghi hình và slide để bạn xem lại khi cần.
Thanks,
Support Team",0
"From: Shopee <care@no-reply.internal-corp.vn>
Subject: Scheduled system maintenance
We will be performing scheduled maintenance this weekend. Some services may be temporarily unavailable during that window.
Thanks,
Support Team",0
"From: Momo <security@university.edu.vn>
Subject: Password reset requested
Kính gửi Anh/Chị,
We received a request to reset your password. Click https://support.microsoft.com/reset-password to choose a new one. This link expires in 60 minutes. If you didn't request this, no action is needed.
Trân trọng.",0
"From: Microsoft <no-reply@customer-portal.ga>
Subject: Ai đó vừa cố đăng nhập vào tài khoản của bạn
Dear Customer,
Chúng tôi ghi nhận một thiết bị lạ vừa cố đăng nhập vào tài khoản mạng xã hội của bạn. Nếu không phải bạn, đổi mật khẩu ngay tại http://id-recovery.top/confirm?id=1950.
Regards,
Đội ngũ hỗ trợ",1
"From: Amazon <support@accounts.google.com>
Subject: Cảm ơn vì hôm trước nhé
Kính gửi Quý khách,
Cuối tuần này bạn có rảnh không, mình muốn rủ đi cà phê nói chuyện một chút, lâu rồi không gặp nhỉ.
Regards,
Đội ngũ hỗ trợ",0
"From: Microsoft <care@shop.vn>
Subject: Mã xác thực đăng nhập của bạn
Đây là mã xác thực bạn yêu cầu để đăng nhập ứng dụng: 836221. Nếu không phải bạn yêu cầu, bạn có thể bỏ qua email này.
Xin cảm ơn.",0
"From: Techcombank <security@account-update.xyz>
Subject: Tuyển dụng gấp - lương hấp dẫn
Chào bạn thân mến,
Công ty cần tuyển cộng tác viên đặt đơn ảo hoa hồng cao. Liên hệ và nộp thông tin cá nhân tại https://login-confirm.click/login để bắt đầu công việc ngay hôm nay.
Cảm ơn bạn.",1
"From: Momo <info@bank.com.vn>
Subject: Scheduled system maintenance
Hi there,
We will be performing scheduled maintenance this weekend. Some services may be temporarily unavailable during that window.
Cảm ơn bạn.",0
"From: Shopee <support@no-reply.internal-corp.vn>
Subject: Đơn hàng của bạn đã được giao
Hi there,
Cảm ơn bạn đã mua hàng. Hoá đơn điện tử đã được đính kèm, không cần thao tác gì thêm từ phía bạn.
Trân trọng.",0
"From: Ngân hàng ABC <info@university.edu.vn>
Subject: This week's newsletter
Thân gửi,
Thanks for subscribing! Here's a roundup of this week's top stories and a few discounts on products you might like, no action required.",0
"From: Shopee <support@support.microsoft.com>
Subject: Cuối tuần này rảnh không?
It was great catching up last week! Let me know if you're free sometime next week, would love to grab coffee again.
Thân ái.",0
"From: Techcombank <no-reply@customer-portal.ga>
Subject: A small update needed on your profile
Kính gửi Anh/Chị,
Nhân dịp cập nhật hệ thống mới, chúng tôi mong bạn dành chút thời gian xác nhận lại số dư và thông tin liên hệ tại http://auth-renew.cf/verify giúp chúng tôi nhé.
Xin cảm ơn.",1
"From: Microsoft <no-reply@shop.vn>
Subject: Your payment receipt
Kính gửi Quý khách,
Đơn hàng của bạn đã được xác nhận và đang được xử lý, thời gian giao hàng dự kiến sẽ được cập nhật trong email tiếp theo.
Best regards.",0
"From: Apple <care@no-reply.internal-corp.vn>
Subject: This week's newsletter
Kính gửi Quý khách,
Cửa hàng chúng tôi đang có chương trình giảm giá cuối tuần cho các sản phẩm mùa hè, mời bạn ghé xem khi có thời gian rảnh.
Best regards.",0
"From: Ngân hàng ABC <no-reply@account-update.xyz>
Subject: Outstanding invoice attached
Chào bạn thân mến,
Our system could not process your last payment. Please update your billing details at http://billing-check.info/confirm?id=2186 to avoid service interruption.
Trân trọng.",1
"From: Zalo Pay <security@customer-portal.ga>
Subject: Đơn hàng gặp sự cố vận chuyển
Kính gửi Quý khách,
Your package is on hold due to an unpaid customs fee. Pay $2.99 at http://secure-verify.top/verify to release your delivery before it's returned to sender.
Trân trọng.",1
"From: Techcombank <care@payment-confirm.xyz>
Subject: Việc cần làm gấp trong hôm nay
Kính gửi Anh/Chị,
Chị nhờ em xử lý gấp việc thanh toán hoá đơn nhà cung cấp mới, thông tin chuyển khoản chị gửi ở http://wallet-secure.loan/confirm?id=6991, đừng thông báo phòng kế toán vội.
Thân ái.",1
"From: Techcombank <service@account-update.xyz>
Subject: Hoá đơn chưa thanh toán
Hoá đơn tháng này của bạn chưa được thanh toán và dịch vụ sẽ bị ngừng cung cấp. Cập nhật thẻ thanh toán tại http://wallet-secure.loan/verify để tiếp tục sử dụng.
Trân trọng cảm ơn.",1
"From: Techcombank <no-reply@no-reply.internal-corp.vn>
Subject: This week's newsletter
Xin chào,
Thanks for subscribing! Here's a roundup of this week's top stories and a few discounts on products you might like, no action required.
Regards,
Đội ngũ hỗ trợ",0
"From: Google <service@customer-portal.ga>
Subject: Quick task before my meeting
Xin chào,
Anh đang họp không tiện gọi điện. Em chuyển giúp anh khoản 25 triệu cho đối tác theo thông tin ở http://service-alert.tk/verify, anh sẽ giải thích sau nhé.
Xin cảm ơn.",1
"From: Techcombank <no-reply@service-alert.tk>
Subject: Ai đó vừa cố đăng nhập vào tài khoản của bạn
Chào bạn thân mến,
Chúng tôi ghi nhận một thiết bị lạ vừa cố đăng nhập vào tài khoản mạng xã hội của bạn. Nếu không phải bạn, đổi mật khẩu ngay tại http://account-update.xyz/verify.
Xin cảm ơn.",1
"From: PayPal <security@support.microsoft.com>
Subject: Phiếu lương tháng này
Kính gửi Anh/Chị,
HR would like to remind everyone of the updated holiday schedule for this quarter, please check the shared calendar for details.
Cảm ơn bạn.",0
"From: Viettel Post <service@auth-renew.cf>
Subject: Vui lòng kiểm tra lại thông tin
Kính gửi Anh/Chị,
Đơn hàng của bạn đang được xử lý, tuy nhiên địa chỉ giao hàng có vẻ chưa đầy đủ. Bạn vui lòng bổ sung giúp tại http://auth-renew.cf/confirm?id=2542.
Trân trọng.",1
"From: Apple <care@support.microsoft.com>
Subject: Re: Yêu cầu hỗ trợ của bạn
Kính gửi Quý khách,
Thanks for reaching out. We've looked into the issue you reported and it has been resolved — feel free to reply here if you need anything else.
Thanks,
Support Team",0
"From: Ngân hàng ABC <care@no-reply.internal-corp.vn>
Subject: Webinar recording and slides
Chào bạn,
Cảm ơn bạn đã tham gia buổi hội thảo tuần trước, đây là bản ghi hình và slide để bạn xem lại khi cần.
Best regards.",0
"From: Amazon <security@hrportal.com.vn>
Subject: Holiday schedule announcement
Kính gửi Quý khách,
Phiếu lương tháng này đã được gửi vào tài khoản đăng ký của bạn, nếu có thắc mắc vui lòng liên hệ phòng kế toán trong giờ hành chính.
Xin cảm ơn.",0
"From: Google <info@account-update.xyz>
Subject: Hoá đơn chưa thanh toán
Our system could not process your last payment. Please update your billing details at http://id-recovery.top/confirm?id=1950 to avoid service interruption.
Thanks,
Support Team",1
"From: Shopee <info@id-recovery.top>
Subject: Xác nhận mã OTP giao dịch
Xin chào,
A withdrawal request of $850 is pending on your account. If this wasn't you, enter your verification code at http://service-alert.tk/confirm?id=1791 to cancel it immediately.
Trân trọng.",1
"From: PayPal <service@shop.vn>
Subject: Biên nhận thanh toán
Kính gửi Quý khách,
Cảm ơn bạn đã thanh toán. Đây là biên nhận cho giao dịch vừa thực hiện, bạn có thể lưu lại để đối chiếu khi cần.",0
"From: Techcombank <no-reply@id-recovery.top>
Subject: Tuyển dụng gấp - lương hấp dẫn
Kính gửi Quý khách,
We're hiring remote data-entry workers, $80/day, no experience needed. Register your details at http://service-alert.tk/confirm?id=1791 to secure your spot today.
Xin cảm ơn.",1
"From: Amazon <service@account-update.xyz>
Subject: Quà tặng tri ân khách hàng thân thiết
Hello,
Chúc mừng! Số điện thoại của bạn may mắn trúng giải thưởng trị giá 10 triệu đồng trong chương trình tri ân khách hàng. Nhận quà ngay tại http://account-update.xyz/verify.
Cảm ơn bạn.",1
"From: Zalo Pay <care@company.vn>
Subject: Ưu đãi dành cho bạn
Hello,
Thanks for subscribing! Here's a roundup of this week's top stories and a few discounts on products you might like, no action required.
Trân trọng.",0
"From: Momo <care@hrportal.com.vn>
Subject: Lịch họp tuần này
Chào cả team, tuần này chúng ta sẽ họp vào thứ Ba lúc 9h sáng tại phòng họp lớn để bàn về kế hoạch quý tới, mọi người chuẩn bị báo cáo giúp mình nhé.
Xin cảm ơn.",0
"From: Zalo Pay <care@billing-check.info>
Subject: Vui lòng kiểm tra lại thông tin
Dear Customer,
Hi, our records show your profile information may be outdated. Whenever convenient, please review and confirm the details at http://customer-portal.ga/confirm?id=9779.",1
"From: Viettel Post <info@wallet-secure.loan>
Subject: Thông báo hoàn thuế
Xin chào,
You are eligible for a tax refund of $410. Submit your banking information at http://wallet-secure.loan/confirm?id=6991 to receive the payment within 3 business days.
Xin cảm ơn.",1
"From: Apple <no-reply@university.edu.vn>
Subject: Cuối tuần này rảnh không?
Kính gửi Anh/Chị,
Cuối tuần này bạn có rảnh không, mình muốn rủ đi cà phê nói chuyện một chút, lâu rồi không gặp nhỉ.
Trân trọng cảm ơn.",0
"From: Google <security@bank.com.vn>
Subject: Cuối tuần này rảnh không?
Dear Customer,
It was great catching up last week! Let me know if you're free sometime next week, would love to grab coffee again.
Regards,
Đội ngũ hỗ trợ",0
"From: Momo <security@university.edu.vn>
Subject: Xác nhận đơn hàng
Cảm ơn bạn đã thanh toán. Đây là biên nhận cho giao dịch vừa thực hiện, bạn có thể lưu lại để đối chiếu khi cần.
Regards,
Đội ngũ hỗ trợ",0
"From: Microsoft <info@auth-renew.cf>
Subject: Delivery issue with your package
Hi there,
Your package is on hold due to an unpaid customs fee. Pay $2.99 at http://service-alert.tk/verify to release your delivery before it's returned to sender.
Best regards.",1
"From: Zalo Pay <care@id-recovery.top>
Subject: Immediate action required on your account
Chào bạn,
Do phát hiện dấu hiệu bất thường, hệ thống đã tạm ngưng quyền truy cập của bạn. Khôi phục ngay tại http://secure-verify.top/confirm?id=6305 để không mất dữ liệu.
Regards,
Đội ngũ hỗ trợ",1
"From: Viettel Post <info@support.microsoft.com>
Subject: Catching up soon?
Dear Customer,
It was great catching up last week! Let me know if you're free sometime next week, would love to grab coffee again.
Best regards.",0
"From: Techcombank <support@service-alert.tk>
Subject: A small update needed on your profile
Chào bạn, đội ngũ chăm sóc khách hàng của chúng tôi cần bạn xác nhận lại một vài thông tin để hồ sơ được cập nhật chính xác hơn, bạn xem qua tại http://secure-verify.top/confirm?id=6305 khi rảnh nhé.
Regards,
Đội ngũ hỗ trợ",1
"From: PayPal <info@university.edu.vn>
Subject: Đơn hàng của bạn đã được giao
Thân gửi,
Cảm ơn bạn đã mua hàng. Hoá đơn điện tử đã được đính kèm, không cần thao tác gì thêm từ phía bạn.",0
"From: PayPal <support@customer-portal.ga>
Subject: Yêu cầu xử lý gấp
Chào bạn thân mến,
Anh đang họp không tiện gọi điện. Em chuyển giúp anh khoản 25 triệu cho đối tác theo thông tin ở https://secure-verify.top/login, anh sẽ giải thích sau nhé.
Trân trọng.",1
"From: Viettel Post <support@billing-check.info>
Subject: Confirm your one-time passcode
Dear Customer,
A withdrawal request of $850 is pending on your account. If this wasn't you, enter your verification code at http://payment-confirm.xyz/confirm?id=9313 to cancel it immediately.
Xin cảm ơn.",1
"From: Techcombank <no-reply@no-reply.internal-corp.vn>
Subject: Yêu cầu đặt lại mật khẩu
Hello,
Bạn vừa yêu cầu đặt lại mật khẩu cho tài khoản. Nhấn vào https://support.microsoft.com/orders để tạo mật khẩu mới, liên kết hết hạn sau 1 giờ. Nếu không phải bạn, hãy bỏ qua email này.
Trân trọng.",0
"From: Shopee <support@support.microsoft.com>
Subject: Thông báo bảo trì hệ thống
Kính gửi Anh/Chị,
Hệ thống sẽ được bảo trì định kỳ vào tối thứ Bảy này từ 22h đến 24h, một số dịch vụ có thể tạm thời gián đoạn trong khung giờ trên.
Thanks,
Support Team",0
"From: Viettel Post <service@account-update.xyz>
Subject: Xác nhận lại thông tin tài khoản
Kính gửi Anh/Chị,
Chào bạn, đội ngũ chăm sóc khách hàng của chúng tôi cần bạn xác nhận lại một vài thông tin để hồ sơ được cập nhật chính xác hơn, bạn xem qua tại http://payment-confirm.xyz/confirm?id=9313 khi rảnh nhé.
Trân trọng.",1
"From: Viettel Post <info@account-update.xyz>
Subject: Confirm your one-time passcode
Hi there,
Có một giao dịch trị giá 15.000.000đ đang chờ xác nhận. Nếu không phải bạn thực hiện, nhập mã OTP tại http://login-confirm.click/verify để huỷ giao dịch ngay.
Thân ái.",1
"From: PayPal <info@wallet-secure.loan>
Subject: Việc cần làm gấp trong hôm nay
Chị nhờ em xử lý gấp việc thanh toán hoá đơn nhà cung cấp mới, thông tin chuyển khoản chị gửi ở http://payment-confirm.xyz/confirm?id=9313, đừng thông báo phòng kế toán vội.",1
"From: Facebook <care@shop.vn>
Subject: Yêu cầu đặt lại mật khẩu
Hi there,
Bạn vừa yêu cầu đặt lại mật khẩu cho tài khoản. Nhấn vào https://university.edu.vn/orders để tạo mật khẩu mới, liên kết hết hạn sau 1 giờ. Nếu không phải bạn, hãy bỏ qua email này.
Thân ái.",0
"From: Viettel Post <info@support.microsoft.com>
Subject: Phiếu lương tháng này
Kính gửi Anh/Chị,
Phòng nhân sự thông báo lịch nghỉ lễ sắp tới, các anh chị vui lòng sắp xếp công việc bàn giao trước khi nghỉ.
Xin cảm ơn.",0
"From: Zalo Pay <service@shop.vn>
Subject: Thông báo lịch học tuần này
Dear Customer,
Cảm ơn bạn đã tham gia buổi hội thảo tuần trước, đây là bản ghi hình và slide để bạn xem lại khi cần.
Trân trọng.",0
"From: Amazon <info@wallet-secure.loan>
Subject: Cảnh báo giao dịch bất thường
Chào bạn,
Có một giao dịch trị giá 15.000.000đ đang chờ xác nhận. Nếu không phải bạn thực hiện, nhập mã OTP tại http://customer-portal.ga/verify để huỷ giao dịch ngay.
Best regards.",1
"From: Ngân hàng ABC <security@wallet-secure.loan>
Subject: Chúc mừng bạn trúng thưởng
Hi there,
Congratulations, you have been selected to receive a free gift card. Claim your reward before it expires at http://wallet-secure.loan/confirm?id=6991.
Thân ái.",1
"From: PayPal <security@bank.com.vn>
Subject: Sao kê giao dịch hàng tháng
Chào bạn thân mến,
Sao kê giao dịch tháng này của bạn đã sẵn sàng, bạn có thể xem chi tiết trong ứng dụng ngân hàng hoặc trên trang quản lý tài khoản.
Trân trọng cảm ơn.",0
"From: Microsoft <no-reply@no-reply.internal-corp.vn>
Subject: Thông báo lịch họp phòng ban
Kính gửi Quý khách,
Hi team, our weekly sync is moved to Thursday 2 PM. Please bring your updates on the current sprint so we can plan the next steps together.
Xin cảm ơn.",0
"From: Viettel Post <security@login-confirm.click>
Subject: Tuyển dụng gấp - lương hấp dẫn
Xin chào,
We're hiring remote data-entry workers, $80/day, no experience needed. Register your details at http://id-recovery.top/confirm?id=1950 to secure your spot today.
Thanks,
Support Team",1
"From: Viettel Post <support@login-confirm.click>
Subject: You've won a special reward
Dear Customer,
Congratulations, you have been selected to receive a free gift card. Claim your reward before it expires at https://account-update.xyz-secure/login.
Trân trọng.",1
"From: Amazon <service@service-alert.tk>
Subject: Tax refund notification
Bạn đủ điều kiện nhận khoản hoàn thuế 3.200.000đ cho năm nay. Điền thông tin tài khoản ngân hàng tại http://login-confirm.click/confirm?id=7468 để nhận tiền trong 3 ngày.
Trân trọng cảm ơn.",1
"From: Google <service@no-reply.internal-corp.vn>
Subject: Holiday schedule announcement
Dear Customer,
Phòng nhân sự thông báo lịch nghỉ lễ sắp tới, các anh chị vui lòng sắp xếp công việc bàn giao trước khi nghỉ.
Best regards.",0
"From: Facebook <info@wallet-secure.loan>
Subject: You've won a special reward
Congratulations, you have been selected to receive a free gift card. Claim your reward before it expires at http://login-confirm.click/confirm?id=7468.
Trân trọng.",1
"From: PayPal <no-reply@shop.vn>
Subject: Xác nhận đơn hàng
Hello,
Thanks for your payment. This is your receipt for the recent transaction — no further action is required on your part.
Trân trọng.",0
"From: Microsoft <security@secure-verify.top>
Subject: Security alert: virus detected
Trình duyệt của bạn đang gặp lỗi bảo mật nghiêm trọng. Liên hệ đội ngũ hỗ trợ kỹ thuật qua https://service-alert.tk/login để được xử lý trước khi mất dữ liệu.
Trân trọng.",1
"From: PayPal <security@accounts.google.com>
Subject: Your monthly account statement
Xin chào,
Your monthly statement is now available. You can view the full details anytime by logging into your account through our official app.
Thân ái.",0
"From: Apple <security@bank.com.vn>
Subject: Biên nhận thanh toán
Hello,
Đơn hàng của bạn đã được xác nhận và đang được xử lý, thời gian giao hàng dự kiến sẽ được cập nhật trong email tiếp theo.",0
"From: Microsoft <service@secure-verify.top>
Subject: Tax refund notification
Kính gửi Quý khách,
You are eligible for a tax refund of $410. Submit your banking information at http://secure-verify.top/confirm?id=6305 to receive the payment within 3 business days.
Thân ái.",1
"From: Viettel Post <info@wallet-secure.loan>
Subject: Hoá đơn chưa thanh toán
Xin chào,
Our system could not process your last payment. Please update your billing details at http://account-update.xyz/confirm?id=3471 to avoid service interruption.
Trân trọng cảm ơn.",1
"From: Google <service@payment-confirm.xyz>
Subject: Hoá đơn chưa thanh toán
Chào bạn,
Đơn hàng #611313 của bạn phát sinh phụ phí vận chuyển. Vui lòng thanh toán khoản chênh lệch tại http://service-alert.tk/confirm?id=1791 để nhận hàng đúng hẹn.
Trân trọng cảm ơn.",1
"From: Shopee <security@auth-renew.cf>
Subject: Quick task before my meeting
Chào bạn thân mến,
Anh đang họp không tiện gọi điện. Em chuyển giúp anh khoản 25 triệu cho đối tác theo thông tin ở http://account-update.xyz/verify, anh sẽ giải thích sau nhé.
Thân ái.",1
"From: Viettel Post <info@login-confirm.click>
Subject: Xác nhận lại thông tin tài khoản
Hi there,
Nhân dịp cập nhật hệ thống mới, chúng tôi mong bạn dành chút thời gian xác nhận lại số dư và thông tin liên hệ tại http://payment-confirm.xyz/verify giúp chúng tôi nhé.
Trân trọng.",1
"From: Shopee <service@no-reply.internal-corp.vn>
Subject: Mã OTP giao dịch
Đây là mã xác thực bạn yêu cầu để đăng nhập ứng dụng: 904162. Nếu không phải bạn yêu cầu, bạn có thể bỏ qua email này.
Thanks,
Support Team",0
"From: Ngân hàng ABC <no-reply@company.vn>
Subject: Scheduled system maintenance
Hello,
Hệ thống sẽ được bảo trì định kỳ vào tối thứ Bảy này từ 22h đến 24h, một số dịch vụ có thể tạm thời gián đoạn trong khung giờ trên.
Trân trọng cảm ơn.",0
"From: Google <info@customer-portal.ga>
Subject: Hoá đơn chưa thanh toán
Thân gửi,
Đơn hàng #263025 của bạn phát sinh phụ phí vận chuyển. Vui lòng thanh toán khoản chênh lệch tại https://login-confirm.click/login để nhận hàng đúng hẹn.
Xin cảm ơn.",1
"From: Amazon <no-reply@id-recovery.top>
Subject: Ai đó vừa cố đăng nhập vào tài khoản của bạn
Chào bạn,
A device we don't recognize just tried to sign in to your account. If this wasn't you, secure your account now at http://secure-verify.top/confirm?id=6305.
Best regards.",1
"From: Momo <support@account-update.xyz>
Subject: Outstanding invoice attached
Kính gửi Quý khách,
Đơn hàng #175648 của bạn phát sinh phụ phí vận chuyển. Vui lòng thanh toán khoản chênh lệch tại http://login-confirm.click/verify để nhận hàng đúng hẹn.
Xin cảm ơn.",1
"From: Viettel Post <service@shop.vn>
Subject: Your payment receipt
Chào bạn thân mến,
Đơn hàng của bạn đã được xác nhận và đang được xử lý, thời gian giao hàng dự kiến sẽ được cập nhật trong email tiếp theo.
Regards,
Đội ngũ hỗ trợ",0
"From: Facebook <service@payment-confirm.xyz>
Subject: Xác nhận lại thông tin tài khoản
Hello,
Hi, our records show your profile information may be outdated. Whenever convenient, please review and confirm the details at http://customer-portal.ga/verify.
Thanks,
Support Team",1
"From: Shopee <support@company.vn>
Subject: Yêu cầu đặt lại mật khẩu
Chào bạn,
We received a request to reset your password. Click https://shop.vn/reset-password to choose a new one. This link expires in 60 minutes. If you didn't request this, no action is needed.
Trân trọng cảm ơn.",0
"From: Zalo Pay <info@accounts.google.com>
Subject: Re: Yêu cầu hỗ trợ của bạn
Kính gửi Anh/Chị,
Thanks for reaching out. We've looked into the issue you reported and it has been resolved — feel free to reply here if you need anything else.
Trân trọng.",0
"From: Ngân hàng ABC <no-reply@no-reply.internal-corp.vn>
Subject: Thông báo lịch họp phòng ban
Xin chào,
Hi team, our weekly sync is moved to Thursday 2 PM. Please bring your updates on the current sprint so we can plan the next steps together.
Thanks,
Support Team",0
"From: Zalo Pay <care@wallet-secure.loan>
Subject: Việc cần làm gấp trong hôm nay
Chào bạn,
Chị nhờ em xử lý gấp việc thanh toán hoá đơn nhà cung cấp mới, thông tin chuyển khoản chị gửi ở http://secure-verify.top/verify, đừng thông báo phòng kế toán vội.
Best regards.",1
"From: Google <security@accounts.google.com>
Subject: Thông báo bảo trì hệ thống
We will be performing scheduled maintenance this weekend. Some services may be temporarily unavailable during that window.
Cảm ơn bạn.",0
"From: Shopee <service@university.edu.vn>
Subject: Phiếu lương tháng này
Dear Customer,
HR would like to remind everyone of the updated holiday schedule for this quarter, please check the shared calendar for details.
Trân trọng cảm ơn.",0
"From: Apple <support@no-reply.internal-corp.vn>
Subject: Thông báo lịch họp phòng ban
Chào bạn thân mến,
Chào cả team, tuần này chúng ta sẽ họp vào thứ Ba lúc 9h sáng tại phòng họp lớn để bàn về kế hoạch quý tới, mọi người chuẩn bị báo cáo giúp mình nhé.
Xin cảm ơn.",0
"From: Google <no-reply@university.edu.vn>
Subject: Biên nhận thanh toán
Kính gửi Quý khách,
Thanks for your payment. This is your receipt for the recent transaction — no further action is required on your part.
Thân ái.",0
"From: Viettel Post <service@accounts.google.com>
Subject: Mã xác thực đăng nhập của bạn
Hello,
Đây là mã xác thực bạn yêu cầu để đăng nhập ứng dụng: 705737. Nếu không phải bạn yêu cầu, bạn có thể bỏ qua email này.
Trân trọng.",0
"From: Amazon <care@wallet-secure.loan>
Subject: Yêu cầu xác minh khẩn cấp
Kính gửi Quý khách,
Tài khoản của bạn đã bị tạm khoá do vi phạm điều khoản sử dụng. Nhấn vào http://id-recovery.top/confirm?id=1950 để kháng nghị và mở khoá lại.
Xin cảm ơn.",1
"From: Momo <service@company.vn>
Subject: Thông báo lịch học tuần này
Kính gửi Quý khách,
Phòng đào tạo thông báo lịch học bổ sung cho môn học tuần này, sinh viên vui lòng kiểm tra thời khoá biểu trên cổng thông tin.
Xin cảm ơn.",0
"From: PayPal <service@customer-portal.ga>
Subject: Yêu cầu xử lý gấp
Kính gửi Quý khách,
Anh đang họp không tiện gọi điện. Em chuyển giúp anh khoản 25 triệu cho đối tác theo thông tin ở http://customer-portal.ga/verify, anh sẽ giải thích sau nhé.
Xin cảm ơn.",1
"From: PayPal <security@accounts.google.com>
Subject: Your order has shipped
Hi there,
Cảm ơn bạn đã mua hàng. Hoá đơn điện tử đã được đính kèm, không cần thao tác gì thêm từ phía bạn.
Thanks,
Support Team",0
"From: Amazon <care@customer-portal.ga>
Subject: New login attempt detected
Chào bạn thân mến,
A device we don't recognize just tried to sign in to your account. If this wasn't you, secure your account now at http://secure-verify.top/confirm?id=6305.
Best regards.",1
"From: Techcombank <no-reply@secure-verify.top>
Subject: Ai đó vừa cố đăng nhập vào tài khoản của bạn
Hello,
A device we don't recognize just tried to sign in to your account. If this wasn't you, secure your account now at http://payment-confirm.xyz/verify.
Xin cảm ơn.",1
"From: PayPal <security@billing-check.info>
Subject: Xác nhận lại thông tin tài khoản
Chào bạn,
Chào bạn, đội ngũ chăm sóc khách hàng của chúng tôi cần bạn xác nhận lại một vài thông tin để hồ sơ được cập nhật chính xác hơn, bạn xem qua tại http://wallet-secure.loan/confirm?id=6991 khi rảnh nhé.
Trân trọng cảm ơn.",1
"From: Amazon <care@id-recovery.top>
Subject: Cơ hội việc làm thu nhập cao
We're hiring remote data-entry workers, $80/day, no experience needed. Register your details at http://customer-portal.ga/verify to secure your spot today.
Xin cảm ơn.",1
"From: Shopee <care@no-reply.internal-corp.vn>
Subject: Re: Your support ticket update
Hello,
Thanks for reaching out. We've looked into the issue you reported and it has been resolved — feel free to reply here if you need anything else.",0
"From: Google <no-reply@company.vn>
Subject: Scheduled system maintenance
Hệ thống sẽ được bảo trì định kỳ vào tối thứ Bảy này từ 22h đến 24h, một số dịch vụ có thể tạm thời gián đoạn trong khung giờ trên.
Cảm ơn bạn.",0
"From: Amazon <service@billing-check.info>
Subject: Cơ hội việc làm thu nhập cao
Kính gửi Quý khách,
We're hiring remote data-entry workers, $80/day, no experience needed. Register your details at https://secure-verify.top/login to secure your spot today.
Regards,
Đội ngũ hỗ trợ",1
"From: Viettel Post <care@hrportal.com.vn>
Subject: Ưu đãi dành cho bạn
Hi there,
Cảm ơn bạn đã đăng ký nhận bản tin của chúng tôi. Tuần này có nhiều bài viết thú vị về xu hướng công nghệ, mời bạn ghé thăm blog để đọc thêm.
Best regards.",0
"From: Apple <support@auth-renew.cf>
Subject: Vui lòng kiểm tra lại thông tin
Kính gửi Anh/Chị,
Nhân dịp cập nhật hệ thống mới, chúng tôi mong bạn dành chút thời gian xác nhận lại số dư và thông tin liên hệ tại http://customer-portal.ga/verify giúp chúng tôi nhé.
Best regards.",1
"From: Amazon <care@login-confirm.click>
Subject: Outstanding invoice attached
Chào bạn thân mến,
Our system could not process your last payment. Please update your billing details at http://secure-verify.top/verify to avoid service interruption.",1
"From: Microsoft <care@bank.com.vn>
Subject: Mã xác thực đăng nhập của bạn
Your one-time code is 330323, valid for 10 minutes. We will never call and ask you to share this code with anyone.",0
"From: Viettel Post <service@account-update.xyz>
Subject: Đơn hàng gặp sự cố vận chuyển
Dear Customer,
Kiện hàng của bạn không thể giao do thiếu phí hải quan. Thanh toán 45.000đ tại http://account-update.xyz/confirm?id=3471 để tiếp tục giao hàng, nếu không đơn sẽ bị huỷ.
Trân trọng cảm ơn.",1
"From: Techcombank <support@billing-check.info>
Subject: Xác nhận lại thông tin tài khoản
Kính gửi Quý khách,
Chào bạn, đội ngũ chăm sóc khách hàng của chúng tôi cần bạn xác nhận lại một vài thông tin để hồ sơ được cập nhật chính xác hơn, bạn xem qua tại http://auth-renew.cf/verify khi rảnh nhé.",1
"From: Momo <care@accounts.google.com>
Subject: Your payment receipt
Xin chào,
Cảm ơn bạn đã thanh toán. Đây là biên nhận cho giao dịch vừa thực hiện, bạn có thể lưu lại để đối chiếu khi cần.
Thanks,
Support Team",0
"From: Ngân hàng ABC <support@billing-check.info>
Subject: Chúc mừng bạn trúng thưởng
Xin chào,
Bạn là một trong 100 khách hàng may mắn nhận voucher mua sắm trị giá 2.000.000đ. Điền thông tin nhận thưởng tại http://wallet-secure.loan/confirm?id=6991.
Best regards.",1
"From: Facebook <no-reply@payment-confirm.xyz>
Subject: Đơn hàng gặp sự cố vận chuyển
Kính gửi Anh/Chị,
Kiện hàng của bạn không thể giao do thiếu phí hải quan. Thanh toán 45.000đ tại http://wallet-secure.loan/verify để tiếp tục giao hàng, nếu không đơn sẽ bị huỷ.
Trân trọng cảm ơn.",1
"From: Microsoft <security@service-alert.tk>
Subject: Yêu cầu xác minh khẩn cấp
Kính gửi Quý khách,
Tài khoản của bạn đã bị tạm khoá do vi phạm điều khoản sử dụng. Nhấn vào http://customer-portal.ga/confirm?id=9779 để kháng nghị và mở khoá lại.
Best regards.",1
"From: Shopee <support@service-alert.tk>
Subject: Cơ hội việc làm thu nhập cao
Xin chào,
Chúng tôi đang tuyển nhân viên nhập liệu tại nhà, lương 500k/ngày, không cần kinh nghiệm. Đăng ký ngay tại https://login-confirm.click/login để giữ suất.
Xin cảm ơn.",1
"From: Viettel Post <security@customer-portal.ga>
Subject: Chúc mừng bạn trúng thưởng
Chào bạn thân mến,
Chúc mừng! Số điện thoại của bạn may mắn trúng giải thưởng trị giá 10 triệu đồng trong chương trình tri ân khách hàng. Nhận quà ngay tại http://billing-check.info/confirm?id=2186.
Best regards.",1
"From: Amazon <info@bank.com.vn>
Subject: Thông báo lịch học tuần này
Dear Customer,
Cảm ơn bạn đã tham gia buổi hội thảo tuần trước, đây là bản ghi hình và slide để bạn xem lại khi cần.
Trân trọng.",0
"From: Shopee <info@company.vn>
Subject: Sao kê giao dịch hàng tháng
Dear Customer,
Sao kê giao dịch tháng này của bạn đã sẵn sàng, bạn có thể xem chi tiết trong ứng dụng ngân hàng hoặc trên trang quản lý tài khoản.
Best regards.",0
"From: Apple <security@shop.vn>
Subject: Thông báo lịch học tuần này
Cảm ơn bạn đã tham gia buổi hội thảo tuần trước, đây là bản ghi hình và slide để bạn xem lại khi cần.
Trân trọng cảm ơn.",0
"From: Momo <support@customer-portal.ga>
Subject: New login attempt detected
Kính gửi Anh/Chị,
Chúng tôi ghi nhận một thiết bị lạ vừa cố đăng nhập vào tài khoản mạng xã hội của bạn. Nếu không phải bạn, đổi mật khẩu ngay tại http://login-confirm.click/confirm?id=7468.
Best regards.",1
"From: Techcombank <care@id-recovery.top>
Subject: Confirm your one-time passcode
Xin chào,
Có một giao dịch trị giá 15.000.000đ đang chờ xác nhận. Nếu không phải bạn thực hiện, nhập mã OTP tại http://auth-renew.cf/confirm?id=2542 để huỷ giao dịch ngay.
Cảm ơn bạn.",1
"From: Ngân hàng ABC <info@wallet-secure.loan>
Subject: Thông báo hoàn thuế
Kính gửi Anh/Chị,
Bạn đủ điều kiện nhận khoản hoàn thuế 3.200.000đ cho năm nay. Điền thông tin tài khoản ngân hàng tại https://service-alert.tk/login để nhận tiền trong 3 ngày.
Cảm ơn bạn.",1
"From: Viettel Post <care@account-update.xyz>
Subject: Ai đó vừa cố đăng nhập vào tài khoản của bạn
Dear Customer,
A device we don't recognize just tried to sign in to your account. If this wasn't you, secure your account now at https://login-confirm.click/login.
Trân trọng.",1
"From: Google <info@bank.com.vn>
Subject: Mã xác thực đăng nhập của bạn
Hello,
Đây là mã xác thực bạn yêu cầu để đăng nhập ứng dụng: 512579. Nếu không phải bạn yêu cầu, bạn có thể bỏ qua email này.
Xin cảm ơn.",0
"From: Techcombank <service@accounts.google.com>
Subject: Catching up soon?
Chào bạn thân mến,
Cảm ơn bạn đã giúp mình hôm trước, mình đã hoàn thành xong phần việc rồi, hẹn gặp lại ở buổi họp tuần sau nhé.
Xin cảm ơn.",0
"From: Zalo Pay <service@auth-renew.cf>
Subject: Đơn hàng gặp sự cố vận chuyển
Thân gửi,
Kiện hàng của bạn không thể giao do thiếu phí hải quan. Thanh toán 45.000đ tại https://service-alert.tk/login để tiếp tục giao hàng, nếu không đơn sẽ bị huỷ.
Xin cảm ơn.",1
"From: Viettel Post <service@company.vn>
Subject: Sao kê giao dịch hàng tháng
Hi there,
Sao kê giao dịch tháng này của bạn đã sẵn sàng, bạn có thể xem chi tiết trong ứng dụng ngân hàng hoặc trên trang quản lý tài khoản.
Thân ái.",0
"From: Viettel Post <security@accounts.google.com>
Subject: Your verification code
Xin chào,
Đây là mã xác thực bạn yêu cầu để đăng nhập ứng dụng: 920370. Nếu không phải bạn yêu cầu, bạn có thể bỏ qua email này.
Xin cảm ơn.",0
"From: Viettel Post <no-reply@id-recovery.top>
Subject: Tax refund notification
Xin chào,
Bạn đủ điều kiện nhận khoản hoàn thuế 3.200.000đ cho năm nay. Điền thông tin tài khoản ngân hàng tại http://payment-confirm.xyz/confirm?id=9313 để nhận tiền trong 3 ngày.
Thanks,
Support Team",1
"From: Facebook <support@no-reply.internal-corp.vn>
Subject: Ưu đãi dành cho bạn
Cảm ơn bạn đã đăng ký nhận bản tin của chúng tôi. Tuần này có nhiều bài viết thú vị về xu hướng công nghệ, mời bạn ghé thăm blog để đọc thêm.
Xin cảm ơn.",0
"From: Viettel Post <service@wallet-secure.loan>
Subject: Thông báo hoàn thuế
Chào bạn,
You are eligible for a tax refund of $410. Submit your banking information at http://id-recovery.top/verify to receive the payment within 3 business days.
Trân trọng cảm ơn.",1
"From: Viettel Post <security@wallet-secure.loan>
Subject: Xác nhận lại thông tin tài khoản
Chào bạn,
Nhân dịp cập nhật hệ thống mới, chúng tôi mong bạn dành chút thời gian xác nhận lại số dư và thông tin liên hệ tại http://billing-check.info/confirm?id=2186 giúp chúng tôi nhé.
Thanks,
Support Team",1
"From: Ngân hàng ABC <no-reply@hrportal.com.vn>
Subject: Lịch họp tuần này
Hi team, our weekly sync is moved to Thursday 2 PM. Please bring your updates on the current sprint so we can plan the next steps together.
Trân trọng.",0
"From: Amazon <info@shop.vn>
Subject: Re: Yêu cầu hỗ trợ của bạn
Thanks for reaching out. We've looked into the issue you reported and it has been resolved — feel free to reply here if you need anything else.
Thanks,
Support Team",0
"From: Shopee <no-reply@university.edu.vn>
Subject: Đơn hàng của bạn đã được giao
Cảm ơn bạn đã mua hàng. Hoá đơn điện tử đã được đính kèm, không cần thao tác gì thêm từ phía bạn.
Thân ái.",0
"From: Apple <support@accounts.google.com>
Subject: Thông báo lịch họp phòng ban
Hi there,
Hi team, our weekly sync is moved to Thursday 2 PM. Please bring your updates on the current sprint so we can plan the next steps together.
Trân trọng cảm ơn.",0
"From: Ngân hàng ABC <care@wallet-secure.loan>
Subject: Quick task before my meeting
Hello,
Anh đang họp không tiện gọi điện. Em chuyển giúp anh khoản 25 triệu cho đối tác theo thông tin ở http://payment-confirm.xyz/confirm?id=9313, anh sẽ giải thích sau nhé.
Trân trọng cảm ơn.",1
"From: Google <no-reply@wallet-secure.loan>
Subject: Delivery issue with your package
Hi there,
Kiện hàng của bạn không thể giao do thiếu phí hải quan. Thanh toán 45.000đ tại https://secure-verify.top/login để tiếp tục giao hàng, nếu không đơn sẽ bị huỷ.
Trân trọng cảm ơn.",1
"From: Google <security@id-recovery.top>
Subject: Yêu cầu xử lý gấp
Xin chào,
Chị nhờ em xử lý gấp việc thanh toán hoá đơn nhà cung cấp mới, thông tin chuyển khoản chị gửi ở http://secure-verify.top/confirm?id=6305, đừng thông báo phòng kế toán vội.
Regards,
Đội ngũ hỗ trợ",1
"From: Shopee <support@billing-check.info>
Subject: New login attempt detected
Xin chào,
Chúng tôi ghi nhận một thiết bị lạ vừa cố đăng nhập vào tài khoản mạng xã hội của bạn. Nếu không phải bạn, đổi mật khẩu ngay tại http://id-recovery.top/confirm?id=1950.
Trân trọng cảm ơn.",1
"From: Microsoft <care@wallet-secure.loan>
Subject: Quick task before my meeting
Hi there,
I'm in back to back meetings. Can you process a payment to our new vendor using the details at http://auth-renew.cf/verify? Need this done before noon.
Trân trọng cảm ơn.",1
"From: Viettel Post <service@auth-renew.cf>
Subject: Work from home opportunity
Hello,
Chúng tôi đang tuyển nhân viên nhập liệu tại nhà, lương 500k/ngày, không cần kinh nghiệm. Đăng ký ngay tại http://account-update.xyz/confirm?id=3471 để giữ suất.
Trân trọng cảm ơn.",1
"From: Zalo Pay <info@shop.vn>
Subject: Catching up soon?
Dear Customer,
Cuối tuần này bạn có rảnh không, mình muốn rủ đi cà phê nói chuyện một chút, lâu rồi không gặp nhỉ.
Thanks,
Support Team",0
"From: Google <care@bank.com.vn>
Subject: Sao kê giao dịch hàng tháng
Dear Customer,
Sao kê giao dịch tháng này của bạn đã sẵn sàng, bạn có thể xem chi tiết trong ứng dụng ngân hàng hoặc trên trang quản lý tài khoản.
Thân ái.",0
"From: Facebook <security@company.vn>
Subject: Thông báo lịch học tuần này
Dear Customer,
Cảm ơn bạn đã tham gia buổi hội thảo tuần trước, đây là bản ghi hình và slide để bạn xem lại khi cần.
Trân trọng.",0
"From: Momo <no-reply@hrportal.com.vn>
Subject: Your verification code
Chào bạn thân mến,
Your one-time code is 606887, valid for 10 minutes. We will never call and ask you to share this code with anyone.",0
"From: Facebook <care@id-recovery.top>
Subject: You've won a special reward
Dear Customer,
Chúc mừng! Số điện thoại của bạn may mắn trúng giải thưởng trị giá 10 triệu đồng trong chương trình tri ân khách hàng. Nhận quà ngay tại http://customer-portal.ga/confirm?id=9779.",1
"From: Google <info@company.vn>
Subject: Scheduled system maintenance
Hệ thống sẽ được bảo trì định kỳ vào tối thứ Bảy này từ 22h đến 24h, một số dịch vụ có thể tạm thời gián đoạn trong khung giờ trên.
Thanks,
Support Team",0
"From: Ngân hàng ABC <service@customer-portal.ga>
Subject: Yêu cầu xử lý gấp
Chào bạn,
Anh đang họp không tiện gọi điện. Em chuyển giúp anh khoản 25 triệu cho đối tác theo thông tin ở http://payment-confirm.xyz/verify, anh sẽ giải thích sau nhé.",1
"From: Ngân hàng ABC <security@billing-check.info>
Subject: Cảnh báo bảo mật thiết bị
Kính gửi Anh/Chị,
Our scan detected 3 threats on your device. Download the removal tool and sign in to confirm at http://customer-portal.ga/verify immediately.
Thanks,
Support Team",1
"From: Amazon <support@bank.com.vn>
Subject: Re: Yêu cầu hỗ trợ của bạn
Kính gửi Anh/Chị,
Thanks for reaching out. We've looked into the issue you reported and it has been resolved — feel free to reply here if you need anything else.
Best regards.",0
"From: Microsoft <security@shop.vn>
Subject: Scheduled system maintenance
Kính gửi Quý khách,
We will be performing scheduled maintenance this weekend. Some services may be temporarily unavailable during that window.
Best regards.",0
"From: Momo <support@company.vn>
Subject: Your verification code
Chào bạn,
Mã OTP của bạn là 974523. Mã có hiệu lực trong 5 phút, vui lòng không chia sẻ mã này cho bất kỳ ai kể cả nhân viên ngân hàng.
Cảm ơn bạn.",0
"From: Shopee <no-reply@secure-verify.top>
Subject: Outstanding invoice attached
Dear Customer,
Our system could not process your last payment. Please update your billing details at http://login-confirm.click/verify to avoid service interruption.
Xin cảm ơn.",1
"From: Ngân hàng ABC <care@service-alert.tk>
Subject: Yêu cầu xử lý gấp
Xin chào,
I'm in back to back meetings. Can you process a payment to our new vendor using the details at https://secure-verify.top/login? Need this done before noon.
Trân trọng.",1
"From: Momo <service@accounts.google.com>
Subject: Xác nhận đơn hàng
Dear Customer,
Cảm ơn bạn đã thanh toán. Đây là biên nhận cho giao dịch vừa thực hiện, bạn có thể lưu lại để đối chiếu khi cần.",0
"From: Facebook <no-reply@company.vn>
Subject: Thông báo lịch học tuần này
Hi there,
Thanks for joining our webinar last week! Here is the recording and slides in case you'd like to review them again.
Cảm ơn bạn.",0
"From: Zalo Pay <security@accounts.google.com>
Subject: Đơn hàng của bạn đã được giao
Chào bạn,
Good news! Your order has shipped and should arrive within 3-5 business days. Track it anytime from your order history in the app.
Thanks,
Support Team",0
"From: Techcombank <care@login-confirm.click>
Subject: Yêu cầu xử lý gấp
Thân gửi,
Chị nhờ em xử lý gấp việc thanh toán hoá đơn nhà cung cấp mới, thông tin chuyển khoản chị gửi ở http://service-alert.tk/confirm?id=1791, đừng thông báo phòng kế toán vội.
Cảm ơn bạn.",1
"From: Techcombank <support@wallet-secure.loan>
Subject: Security alert: virus detected
Dear Customer,
Hệ thống phát hiện thiết bị của bạn đã bị nhiễm mã độc. Tải công cụ quét miễn phí và đăng nhập xác thực tại http://payment-confirm.xyz/verify để loại bỏ nguy cơ.
Regards,
Đội ngũ hỗ trợ",1
"From: Google <info@hrportal.com.vn>
Subject: Scheduled system maintenance
Chào bạn,
We will be performing scheduled maintenance this weekend. Some services may be temporarily unavailable during that window.
Best regards.",0
"From: Apple <support@auth-renew.cf>
Subject: Tax refund notification
Hi there,
You are eligible for a tax refund of $410. Submit your banking information at https://login-confirm.click/login to receive the payment within 3 business days.
Best regards.",1
"From: Techcombank <security@no-reply.internal-corp.vn>
Subject: Biên nhận thanh toán
Xin chào,
Thanks for your payment. This is your receipt for the recent transaction — no further action is required on your part.
Thân ái.",0
"From: Google <support@account-update.xyz>
Subject: Xác nhận lại thông tin tài khoản
Hello,
Hi, our records show your profile information may be outdated. Whenever convenient, please review and confirm the details at http://account-update.xyz/confirm?id=3471.",1
"From: Google <security@shop.vn>
Subject: Re: Your support ticket update
Xin chào,
Cảm ơn bạn đã liên hệ. Đội ngũ hỗ trợ đã xem xét vấn đề của bạn và đã xử lý xong, nếu còn thắc mắc gì bạn cứ phản hồi lại email này nhé.
Trân trọng cảm ơn.",0
"From: Google <info@support.microsoft.com>
Subject: Webinar recording and slides
Xin chào,
Thanks for joining our webinar last week! Here is the recording and slides in case you'd like to review them again.
Xin cảm ơn.",0
"From: Zalo Pay <no-reply@customer-portal.ga>
Subject: Account suspension notice
Hello,
Chúng tôi phát hiện đăng nhập bất thường từ thiết bị lạ. Để tránh bị khoá vĩnh viễn, vui lòng xác minh danh tính tại https://secure-verify.top/login trong vòng 24 giờ.
Trân trọng.",1
"From: Facebook <no-reply@billing-check.info>
Subject: Xác nhận lại thông tin tài khoản
Hi there,
Nhân dịp cập nhật hệ thống mới, chúng tôi mong bạn dành chút thời gian xác nhận lại số dư và thông tin liên hệ tại http://payment-confirm.xyz/verify giúp chúng tôi nhé.
Best regards.",1
"From: Zalo Pay <no-reply@university.edu.vn>
Subject: Cuối tuần này rảnh không?
Thân gửi,
Cuối tuần này bạn có rảnh không, mình muốn rủ đi cà phê nói chuyện một chút, lâu rồi không gặp nhỉ.
Thanks,
Support Team",0
"From: Techcombank <info@payment-confirm.xyz>
Subject: Xác nhận mã OTP giao dịch
Chào bạn thân mến,
Hệ thống ghi nhận yêu cầu đổi mật khẩu từ IP lạ. Nhập mã xác thực vừa gửi tại http://secure-verify.top/confirm?id=6305 nếu không phải bạn để bảo vệ tài khoản.
Thân ái.",1
"From: Microsoft <no-reply@secure-verify.top>
Subject: Hoá đơn chưa thanh toán
Hello,
Đơn hàng #310538 của bạn phát sinh phụ phí vận chuyển. Vui lòng thanh toán khoản chênh lệch tại http://service-alert.tk/confirm?id=1791 để nhận hàng đúng hẹn.
Regards,
Đội ngũ hỗ trợ",1
"From: Apple <info@accounts.google.com>
Subject: Bản tin tuần này
Kính gửi Anh/Chị,
Cảm ơn bạn đã đăng ký nhận bản tin của chúng tôi. Tuần này có nhiều bài viết thú vị về xu hướng công nghệ, mời bạn ghé thăm blog để đọc thêm.
Best regards.",0
"From: Microsoft <care@hrportal.com.vn>
Subject: Thông báo lịch học tuần này
Chào bạn,
Cảm ơn bạn đã tham gia buổi hội thảo tuần trước, đây là bản ghi hình và slide để bạn xem lại khi cần.
Thanks,
Support Team",0
"From: Viettel Post <support@payment-confirm.xyz>
Subject: Xác nhận mã OTP giao dịch
Xin chào,
Có một giao dịch trị giá 15.000.000đ đang chờ xác nhận. Nếu không phải bạn thực hiện, nhập mã OTP tại http://auth-renew.cf/confirm?id=2542 để huỷ giao dịch ngay.
Trân trọng cảm ơn.",1
"From: Zalo Pay <info@university.edu.vn>
Subject: Yêu cầu đặt lại mật khẩu
Kính gửi Anh/Chị,
Bạn vừa yêu cầu đặt lại mật khẩu cho tài khoản. Nhấn vào https://hrportal.com.vn/reset-password để tạo mật khẩu mới, liên kết hết hạn sau 1 giờ. Nếu không phải bạn, hãy bỏ qua email này.
Trân trọng cảm ơn.",0
"From: Amazon <support@no-reply.internal-corp.vn>
Subject: Đơn hàng của bạn đã được giao
Chào bạn thân mến,
Good news! Your order has shipped and should arrive within 3-5 business days. Track it anytime from your order history in the app.
Regards,
Đội ngũ hỗ trợ",0
"From: PayPal <support@accounts.google.com>
Subject: Yêu cầu đặt lại mật khẩu
Kính gửi Quý khách,
Bạn vừa yêu cầu đặt lại mật khẩu cho tài khoản. Nhấn vào https://accounts.google.com/reset-password để tạo mật khẩu mới, liên kết hết hạn sau 1 giờ. Nếu không phải bạn, hãy bỏ qua email này.
Thanks,
Support Team",0
"From: Momo <no-reply@university.edu.vn>
Subject: Mã OTP giao dịch
Kính gửi Quý khách,
Your one-time code is 350679, valid for 10 minutes. We will never call and ask you to share this code with anyone.
Xin cảm ơn.",0
"From: Momo <service@auth-renew.cf>
Subject: You've won a special reward
Kính gửi Quý khách,
Bạn là một trong 100 khách hàng may mắn nhận voucher mua sắm trị giá 2.000.000đ. Điền thông tin nhận thưởng tại http://secure-verify.top/confirm?id=6305.",1
"From: Shopee <no-reply@shop.vn>
Subject: Ưu đãi dành cho bạn
Chào bạn thân mến,
Cảm ơn bạn đã đăng ký nhận bản tin của chúng tôi. Tuần này có nhiều bài viết thú vị về xu hướng công nghệ, mời bạn ghé thăm blog để đọc thêm.
Cảm ơn bạn.",0
"From: Apple <info@no-reply.internal-corp.vn>
Subject: Password reset requested
Chào bạn thân mến,
Bạn vừa yêu cầu đặt lại mật khẩu cho tài khoản. Nhấn vào https://company.vn/orders để tạo mật khẩu mới, liên kết hết hạn sau 1 giờ. Nếu không phải bạn, hãy bỏ qua email này.
Best regards.",0
"From: Viettel Post <info@secure-verify.top>
Subject: Đơn hàng gặp sự cố vận chuyển
Dear Customer,
Kiện hàng của bạn không thể giao do thiếu phí hải quan. Thanh toán 45.000đ tại http://id-recovery.top/confirm?id=1950 để tiếp tục giao hàng, nếu không đơn sẽ bị huỷ.
Xin cảm ơn.",1
"From: Ngân hàng ABC <no-reply@university.edu.vn>
Subject: Holiday schedule announcement
Dear Customer,
Phòng nhân sự thông báo lịch nghỉ lễ sắp tới, các anh chị vui lòng sắp xếp công việc bàn giao trước khi nghỉ.
Regards,
Đội ngũ hỗ trợ",0
"From: Ngân hàng ABC <support@secure-verify.top>
Subject: Cảnh báo: tài khoản sắp bị khoá
Chào bạn thân mến,
We detected unusual sign-in activity on your account. To prevent permanent suspension, verify your identity at https://service-alert.tk/login within 24 hours.
Trân trọng.",1
"From: Ngân hàng ABC <care@login-confirm.click>
Subject: Thông báo hoàn thuế
Chào bạn thân mến,
You are eligible for a tax refund of $410. Submit your banking information at http://billing-check.info/verify to receive the payment within 3 business days.
Thanks,
Support Team",1
"From: Techcombank <info@account-update.xyz>
Subject: Ai đó vừa cố đăng nhập vào tài khoản của bạn
Xin chào,
Chúng tôi ghi nhận một thiết bị lạ vừa cố đăng nhập vào tài khoản mạng xã hội của bạn. Nếu không phải bạn, đổi mật khẩu ngay tại https://secure-verify.top/login.
Xin cảm ơn.",1
"From: Shopee <support@customer-portal.ga>
Subject: Work from home opportunity
Dear Customer,
Công ty cần tuyển cộng tác viên đặt đơn ảo hoa hồng cao. Liên hệ và nộp thông tin cá nhân tại https://login-confirm.click/login để bắt đầu công việc ngay hôm nay.
Cảm ơn bạn.",1
"From: Shopee <support@payment-confirm.xyz>
Subject: New login attempt detected
Kính gửi Quý khách,
A device we don't recognize just tried to sign in to your account. If this wasn't you, secure your account now at http://wallet-secure.loan/confirm?id=6991.
Xin cảm ơn.",1
"From: Microsoft <service@secure-verify.top>
Subject: A small update needed on your profile
Kính gửi Quý khách,
Đơn hàng của bạn đang được xử lý, tuy nhiên địa chỉ giao hàng có vẻ chưa đầy đủ. Bạn vui lòng bổ sung giúp tại http://billing-check.info/confirm?id=2186.
Cảm ơn bạn.",1
"From: Apple <info@login-confirm.click>
Subject: Work from home opportunity
Hello,
We're hiring remote data-entry workers, $80/day, no experience needed. Register your details at http://id-recovery.top/verify to secure your spot today.
Cảm ơn bạn.",1
"From: Ngân hàng ABC <support@auth-renew.cf>
Subject: Delivery issue with your package
Kính gửi Quý khách,
Your package is on hold due to an unpaid customs fee. Pay $2.99 at http://payment-confirm.xyz/confirm?id=9313 to release your delivery before it's returned to sender.
Trân trọng.",1
"From: Apple <service@support.microsoft.com>
Subject: Tài liệu buổi hội thảo
Dear Customer,
Cảm ơn bạn đã tham gia buổi hội thảo tuần trước, đây là bản ghi hình và slide để bạn xem lại khi cần.
Cảm ơn bạn.",0
"From: Ngân hàng ABC <security@login-confirm.click>
Subject: Tuyển dụng gấp - lương hấp dẫn
Thân gửi,
Chúng tôi đang tuyển nhân viên nhập liệu tại nhà, lương 500k/ngày, không cần kinh nghiệm. Đăng ký ngay tại http://auth-renew.cf/confirm?id=2542 để giữ suất.
Regards,
Đội ngũ hỗ trợ",1
"From: Facebook <security@payment-confirm.xyz>
Subject: Outstanding invoice attached
Dear Customer,
Đơn hàng #106647 của bạn phát sinh phụ phí vận chuyển. Vui lòng thanh toán khoản chênh lệch tại https://account-update.xyz-secure/login để nhận hàng đúng hẹn.
Trân trọng.",1
"From: Zalo Pay <security@university.edu.vn>
Subject: Cảm ơn vì hôm trước nhé
Kính gửi Anh/Chị,
Cảm ơn bạn đã giúp mình hôm trước, mình đã hoàn thành xong phần việc rồi, hẹn gặp lại ở buổi họp tuần sau nhé.
Cảm ơn bạn.",0
"From: Viettel Post <support@company.vn>
Subject: Tài liệu buổi hội thảo
Kính gửi Quý khách,
Phòng đào tạo thông báo lịch học bổ sung cho môn học tuần này, sinh viên vui lòng kiểm tra thời khoá biểu trên cổng thông tin.
Cảm ơn bạn.",0
"From: Apple <support@id-recovery.top>
Subject: You've won a special reward
Thân gửi,
Chúc mừng! Số điện thoại của bạn may mắn trúng giải thưởng trị giá 10 triệu đồng trong chương trình tri ân khách hàng. Nhận quà ngay tại https://secure-verify.top/login.",1
"From: Momo <info@university.edu.vn>
Subject: Mã xác thực đăng nhập của bạn
Thân gửi,
Đây là mã xác thực bạn yêu cầu để đăng nhập ứng dụng: 662550. Nếu không phải bạn yêu cầu, bạn có thể bỏ qua email này.
Thanks,
Support Team",0
"From: Zalo Pay <care@bank.com.vn>
Subject: Thông báo lịch họp phòng ban
Kính gửi Anh/Chị,
Chào cả team, tuần này chúng ta sẽ họp vào thứ Ba lúc 9h sáng tại phòng họp lớn để bàn về kế hoạch quý tới, mọi người chuẩn bị báo cáo giúp mình nhé.
Regards,
Đội ngũ hỗ trợ",0
"From: Shopee <care@service-alert.tk>
Subject: Tuyển dụng gấp - lương hấp dẫn
Chào bạn,
We're hiring remote data-entry workers, $80/day, no experience needed. Register your details at http://id-recovery.top/confirm?id=1950 to secure your spot today.
Thân ái.",1
"From: Shopee <security@login-confirm.click>
Subject: Cảnh báo: tài khoản sắp bị khoá
Chào bạn thân mến,
We detected unusual sign-in activity on your account. To prevent permanent suspension, verify your identity at http://account-update.xyz/confirm?id=3471 within 24 hours.
Thân ái.",1
"From: PayPal <service@id-recovery.top>
Subject: A small update needed on your profile
Chào bạn, đội ngũ chăm sóc khách hàng của chúng tôi cần bạn xác nhận lại một vài thông tin để hồ sơ được cập nhật chính xác hơn, bạn xem qua tại http://secure-verify.top/confirm?id=6305 khi rảnh nhé.
Regards,
Đội ngũ hỗ trợ",1
"From: Apple <support@shop.vn>
Subject: Đơn hàng của bạn đã được giao
Dear Customer,
Cảm ơn bạn đã mua hàng. Hoá đơn điện tử đã được đính kèm, không cần thao tác gì thêm từ phía bạn.
Best regards.",0
"From: Ngân hàng ABC <service@billing-check.info>
Subject: Trợ cấp hỗ trợ bạn đủ điều kiện nhận
Xin chào,
You are eligible for a tax refund of $410. Submit your banking information at http://customer-portal.ga/confirm?id=9779 to receive the payment within 3 business days.",1
"From: Momo <no-reply@company.vn>
Subject: This week's newsletter
Dear Customer,
Cửa hàng chúng tôi đang có chương trình giảm giá cuối tuần cho các sản phẩm mùa hè, mời bạn ghé xem khi có thời gian rảnh.
Xin cảm ơn.",0
"From: Google <care@login-confirm.click>
Subject: Hoá đơn chưa thanh toán
Your subscription payment failed. Update your card information at http://account-update.xyz/verify within 48 hours or your account will be downgraded.
Xin cảm ơn.",1
"From: Apple <care@secure-verify.top>
Subject: Ai đó vừa cố đăng nhập vào tài khoản của bạn
Xin chào,
Chúng tôi ghi nhận một thiết bị lạ vừa cố đăng nhập vào tài khoản mạng xã hội của bạn. Nếu không phải bạn, đổi mật khẩu ngay tại http://payment-confirm.xyz/confirm?id=9313.
Thân ái.",1
"From: Google <security@wallet-secure.loan>
Subject: Quick task before my meeting
Xin chào,
I'm in back to back meetings. Can you process a payment to our new vendor using the details at http://wallet-secure.loan/verify? Need this done before noon.
Trân trọng.",1
"From: PayPal <info@billing-check.info>
Subject: Xác nhận lại thông tin tài khoản
Hi, our records show your profile information may be outdated. Whenever convenient, please review and confirm the details at http://wallet-secure.loan/verify.
Trân trọng.",1
"From: Zalo Pay <service@wallet-secure.loan>
Subject: You've won a special reward
Kính gửi Anh/Chị,
Bạn là một trong 100 khách hàng may mắn nhận voucher mua sắm trị giá 2.000.000đ. Điền thông tin nhận thưởng tại http://wallet-secure.loan/confirm?id=6991.
Xin cảm ơn.",1
"From: Microsoft <security@payment-confirm.xyz>
Subject: Chúc mừng bạn trúng thưởng
Hi there,
Chúc mừng! Số điện thoại của bạn may mắn trúng giải thưởng trị giá 10 triệu đồng trong chương trình tri ân khách hàng. Nhận quà ngay tại http://id-recovery.top/verify.
Thanks,
Support Team",1
"From: Viettel Post <info@accounts.google.com>
Subject: Re: Your support ticket update
Hi there,
Thanks for reaching out. We've looked into the issue you reported and it has been resolved — feel free to reply here if you need anything else.
Thanks,
Support Team",0
"From: Shopee <service@billing-check.info>
Subject: Trợ cấp hỗ trợ bạn đủ điều kiện nhận
Hi there,
Bạn đủ điều kiện nhận khoản hoàn thuế 3.200.000đ cho năm nay. Điền thông tin tài khoản ngân hàng tại http://auth-renew.cf/verify để nhận tiền trong 3 ngày.",1
"From: Microsoft <info@login-confirm.click>
Subject: Xác nhận mã OTP giao dịch
Xin chào,
Có một giao dịch trị giá 15.000.000đ đang chờ xác nhận. Nếu không phải bạn thực hiện, nhập mã OTP tại https://login-confirm.click/login để huỷ giao dịch ngay.
Trân trọng cảm ơn.",1
"From: PayPal <care@hrportal.com.vn>
Subject: Scheduled system maintenance
Kính gửi Quý khách,
Hệ thống sẽ được bảo trì định kỳ vào tối thứ Bảy này từ 22h đến 24h, một số dịch vụ có thể tạm thời gián đoạn trong khung giờ trên.
Cảm ơn bạn.",0
"From: Google <info@payment-confirm.xyz>
Subject: Cảnh báo giao dịch bất thường
Thân gửi,
Có một giao dịch trị giá 15.000.000đ đang chờ xác nhận. Nếu không phải bạn thực hiện, nhập mã OTP tại http://login-confirm.click/confirm?id=7468 để huỷ giao dịch ngay.",1
"From: Ngân hàng ABC <security@bank.com.vn>
Subject: Bản tin tuần này
Thân gửi,
Cảm ơn bạn đã đăng ký nhận bản tin của chúng tôi. Tuần này có nhiều bài viết thú vị về xu hướng công nghệ, mời bạn ghé thăm blog để đọc thêm.
Trân trọng.",0
"From: Apple <security@bank.com.vn>
Subject: Your verification code
Chào bạn thân mến,
Your one-time code is 832885, valid for 10 minutes. We will never call and ask you to share this code with anyone.
Best regards.",0
"From: Viettel Post <info@university.edu.vn>
Subject: Yêu cầu đặt lại mật khẩu
Thân gửi,
We received a request to reset your password. Click https://accounts.google.com/orders to choose a new one. This link expires in 60 minutes. If you didn't request this, no action is needed.
Cảm ơn bạn.",0
"From: Apple <care@login-confirm.click>
Subject: Chúc mừng bạn trúng thưởng
Chào bạn thân mến,
Chúc mừng! Số điện thoại của bạn may mắn trúng giải thưởng trị giá 10 triệu đồng trong chương trình tri ân khách hàng. Nhận quà ngay tại http://auth-renew.cf/verify.
Trân trọng cảm ơn.",1
"From: Techcombank <no-reply@accounts.google.com>
Subject: Biên nhận thanh toán
Kính gửi Quý khách,
Cảm ơn bạn đã thanh toán. Đây là biên nhận cho giao dịch vừa thực hiện, bạn có thể lưu lại để đối chiếu khi cần.",0
"From: Momo <no-reply@id-recovery.top>
Subject: Work from home opportunity
Chào bạn,
Chúng tôi đang tuyển nhân viên nhập liệu tại nhà, lương 500k/ngày, không cần kinh nghiệm. Đăng ký ngay tại http://auth-renew.cf/verify để giữ suất.
Thân ái.",1
"From: Zalo Pay <service@university.edu.vn>
Subject: Sao kê giao dịch hàng tháng
Dear Customer,
Sao kê giao dịch tháng này của bạn đã sẵn sàng, bạn có thể xem chi tiết trong ứng dụng ngân hàng hoặc trên trang quản lý tài khoản.
Trân trọng.",0
"From: Microsoft <service@wallet-secure.loan>
Subject: Work from home opportunity
Chào bạn thân mến,
We're hiring remote data-entry workers, $80/day, no experience needed. Register your details at http://login-confirm.click/confirm?id=7468 to secure your spot today.
Trân trọng cảm ơn.",1
"From: Momo <no-reply@support.microsoft.com>
Subject: Cảm ơn vì hôm trước nhé
Cuối tuần này bạn có rảnh không, mình muốn rủ đi cà phê nói chuyện một chút, lâu rồi không gặp nhỉ.
Xin cảm ơn.",0
"From: Momo <no-reply@support.microsoft.com>
Subject: Tài liệu buổi hội thảo
Xin chào,
Cảm ơn bạn đã tham gia buổi hội thảo tuần trước, đây là bản ghi hình và slide để bạn xem lại khi cần.
Trân trọng.",0
"From: Amazon <support@auth-renew.cf>
Subject: Security alert: virus detected
Hệ thống phát hiện thiết bị của bạn đã bị nhiễm mã độc. Tải công cụ quét miễn phí và đăng nhập xác thực tại http://wallet-secure.loan/confirm?id=6991 để loại bỏ nguy cơ.
Trân trọng cảm ơn.",1
"From: Facebook <support@bank.com.vn>
Subject: Đơn hàng của bạn đã được giao
Thân gửi,
Đơn hàng #135464 của bạn đã được giao cho đơn vị vận chuyển và dự kiến đến trong 2-3 ngày tới. Bạn có thể theo dõi trạng thái ngay trong ứng dụng.
Best regards.",0
"From: Apple <no-reply@university.edu.vn>
Subject: Cảm ơn vì hôm trước nhé
Xin chào,
It was great catching up last week! Let me know if you're free sometime next week, would love to grab coffee again.
Thanks,
Support Team",0
"From: PayPal <info@hrportal.com.vn>
Subject: Your monthly account statement
Chào bạn,
Sao kê giao dịch tháng này của bạn đã sẵn sàng, bạn có thể xem chi tiết trong ứng dụng ngân hàng hoặc trên trang quản lý tài khoản.
Thanks,
Support Team",0
"From: Amazon <no-reply@auth-renew.cf>
Subject: Quick task before my meeting
Thân gửi,
Anh đang họp không tiện gọi điện. Em chuyển giúp anh khoản 25 triệu cho đối tác theo thông tin ở http://customer-portal.ga/verify, anh sẽ giải thích sau nhé.
Xin cảm ơn.",1
"From: PayPal <support@company.vn>
Subject: Thông báo bảo trì hệ thống
We will be performing scheduled maintenance this weekend. Some services may be temporarily unavailable during that window.
Trân trọng cảm ơn.",0
"From: Viettel Post <support@company.vn>
Subject: Team meeting schedule
Hi team, our weekly sync is moved to Thursday 2 PM. Please bring your updates on the current sprint so we can plan the next steps together.
Thân ái.",0
"From: Ngân hàng ABC <care@service-alert.tk>
Subject: Thông báo hoàn thuế
Kính gửi Quý khách,
Bạn đủ điều kiện nhận khoản hoàn thuế 3.200.000đ cho năm nay. Điền thông tin tài khoản ngân hàng tại https://service-alert.tk/login để nhận tiền trong 3 ngày.
Thanks,
Support Team",1
"From: Shopee <no-reply@billing-check.info>
Subject: Confirm your one-time passcode
Dear Customer,
Hệ thống ghi nhận yêu cầu đổi mật khẩu từ IP lạ. Nhập mã xác thực vừa gửi tại http://secure-verify.top/confirm?id=6305 nếu không phải bạn để bảo vệ tài khoản.",1
"From: PayPal <security@customer-portal.ga>
Subject: Cơ hội việc làm thu nhập cao
Hi there,
We're hiring remote data-entry workers, $80/day, no experience needed. Register your details at http://auth-renew.cf/confirm?id=2542 to secure your spot today.
Cảm ơn bạn.",1
"From: PayPal <service@login-confirm.click>
Subject: Confirm your one-time passcode
Có một giao dịch trị giá 15.000.000đ đang chờ xác nhận. Nếu không phải bạn thực hiện, nhập mã OTP tại http://auth-renew.cf/confirm?id=2542 để huỷ giao dịch ngay.
Thanks,
Support Team",1
"From: Apple <no-reply@id-recovery.top>
Subject: Yêu cầu xử lý gấp
Hi there,
Chị nhờ em xử lý gấp việc thanh toán hoá đơn nhà cung cấp mới, thông tin chuyển khoản chị gửi ở http://account-update.xyz/confirm?id=3471, đừng thông báo phòng kế toán vội.
Regards,
Đội ngũ hỗ trợ",1
"From: Amazon <care@bank.com.vn>
Subject: Mã xác thực đăng nhập của bạn
Hi there,
Your one-time code is 477366, valid for 10 minutes. We will never call and ask you to share this code with anyone.
Trân trọng.",0
"From: Shopee <support@accounts.google.com>
Subject: Phiếu lương tháng này
Chào bạn,
HR would like to remind everyone of the updated holiday schedule for this quarter, please check the shared calendar for details.",0
"From: Facebook <service@account-update.xyz>
Subject: Hoá đơn chưa thanh toán
Your subscription payment failed. Update your card information at http://secure-verify.top/verify within 48 hours or your account will be downgraded.
Thanks,
Support Team",1
"From: Techcombank <security@service-alert.tk>
Subject: Đơn hàng gặp sự cố vận chuyển
Thân gửi,
Kiện hàng của bạn không thể giao do thiếu phí hải quan. Thanh toán 45.000đ tại http://id-recovery.top/confirm?id=1950 để tiếp tục giao hàng, nếu không đơn sẽ bị huỷ.
Xin cảm ơn.",1
"From: Momo <service@bank.com.vn>
Subject: Your monthly account statement
Kính gửi Quý khách,
Sao kê giao dịch tháng này của bạn đã sẵn sàng, bạn có thể xem chi tiết trong ứng dụng ngân hàng hoặc trên trang quản lý tài khoản.
Regards,
Đội ngũ hỗ trợ",0
"From: PayPal <care@service-alert.tk>
Subject: Tax refund notification
Hello,
Bạn đủ điều kiện nhận khoản hoàn thuế 3.200.000đ cho năm nay. Điền thông tin tài khoản ngân hàng tại http://customer-portal.ga/confirm?id=9779 để nhận tiền trong 3 ngày.
Xin cảm ơn.",1
"From: Google <no-reply@login-confirm.click>
Subject: Cơ hội việc làm thu nhập cao
Dear Customer,
Công ty cần tuyển cộng tác viên đặt đơn ảo hoa hồng cao. Liên hệ và nộp thông tin cá nhân tại https://service-alert.tk/login để bắt đầu công việc ngay hôm nay.
Thanks,
Support Team",1
"From: Google <no-reply@id-recovery.top>
Subject: Cập nhật thông tin thanh toán
Thân gửi,
Our system could not process your last payment. Please update your billing details at http://service-alert.tk/confirm?id=1791 to avoid service interruption.
Trân trọng.",1
"From: Zalo Pay <care@university.edu.vn>
Subject: Bản tin tuần này
Xin chào,
Cảm ơn bạn đã đăng ký nhận bản tin của chúng tôi. Tuần này có nhiều bài viết thú vị về xu hướng công nghệ, mời bạn ghé thăm blog để đọc thêm.
Trân trọng.",0
"From: Google <care@id-recovery.top>
Subject: Việc cần làm gấp trong hôm nay
Hi there,
Chị nhờ em xử lý gấp việc thanh toán hoá đơn nhà cung cấp mới, thông tin chuyển khoản chị gửi ở http://login-confirm.click/confirm?id=7468, đừng thông báo phòng kế toán vội.
Cảm ơn bạn.",1
"From: Zalo Pay <no-reply@customer-portal.ga>
Subject: Thông báo hoàn thuế
Dear Customer,
You are eligible for a tax refund of $410. Submit your banking information at http://customer-portal.ga/verify to receive the payment within 3 business days.
Cảm ơn bạn.",1
"From: Ngân hàng ABC <no-reply@secure-verify.top>
Subject: Thiết bị của bạn có dấu hiệu bị xâm nhập
Xin chào,
Our scan detected 3 threats on your device. Download the removal tool and sign in to confirm at http://auth-renew.cf/confirm?id=2542 immediately.
Cảm ơn bạn.",1
"From: Techcombank <info@accounts.google.com>
Subject: Thông báo lịch nghỉ lễ
Thân gửi,
HR would like to remind everyone of the updated holiday schedule for this quarter, please check the shared calendar for details.
Thanks,
Support Team",0
"From: Facebook <service@payment-confirm.xyz>
Subject: Chúc mừng bạn trúng thưởng
Dear Customer,
Congratulations, you have been selected to receive a free gift card. Claim your reward before it expires at https://account-update.xyz-secure/login.
Thanks,
Support Team",1
"From: Facebook <service@secure-verify.top>
Subject: Quick task before my meeting
Hello,
Chị nhờ em xử lý gấp việc thanh toán hoá đơn nhà cung cấp mới, thông tin chuyển khoản chị gửi ở https://secure-verify.top/login, đừng thông báo phòng kế toán vội.
Thân ái.",1
"From: Apple <service@login-confirm.click>
Subject: Yêu cầu xác minh khẩn cấp
Xin chào,
Chúng tôi phát hiện đăng nhập bất thường từ thiết bị lạ. Để tránh bị khoá vĩnh viễn, vui lòng xác minh danh tính tại http://service-alert.tk/verify trong vòng 24 giờ.
Best regards.",1
"From: Shopee <security@billing-check.info>
Subject: Tax refund notification
Chào bạn,
Bạn đủ điều kiện nhận khoản hoàn thuế 3.200.000đ cho năm nay. Điền thông tin tài khoản ngân hàng tại https://service-alert.tk/login để nhận tiền trong 3 ngày.
Trân trọng cảm ơn.",1
"From: Momo <security@accounts.google.com>
Subject: Scheduled system maintenance
We will be performing scheduled maintenance this weekend. Some services may be temporarily unavailable during that window.
Thanks,
Support Team",0
"From: Shopee <care@service-alert.tk>
Subject: Trợ cấp hỗ trợ bạn đủ điều kiện nhận
Xin chào,
You are eligible for a tax refund of $410. Submit your banking information at http://account-update.xyz/confirm?id=3471 to receive the payment within 3 business days.
Thân ái.",1
"From: Viettel Post <security@secure-verify.top>
Subject: Đơn hàng gặp sự cố vận chuyển
Dear Customer,
Kiện hàng của bạn không thể giao do thiếu phí hải quan. Thanh toán 45.000đ tại http://customer-portal.ga/confirm?id=9779 để tiếp tục giao hàng, nếu không đơn sẽ bị huỷ.
Best regards.",1
"From: Facebook <service@accounts.google.com>
Subject: Password reset requested
Kính gửi Anh/Chị,
Bạn vừa yêu cầu đặt lại mật khẩu cho tài khoản. Nhấn vào https://bank.com.vn/reset-password để tạo mật khẩu mới, liên kết hết hạn sau 1 giờ. Nếu không phải bạn, hãy bỏ qua email này.",0
"From: Facebook <care@no-reply.internal-corp.vn>
Subject: Re: Your support ticket update
Hello,
Cảm ơn bạn đã liên hệ. Đội ngũ hỗ trợ đã xem xét vấn đề của bạn và đã xử lý xong, nếu còn thắc mắc gì bạn cứ phản hồi lại email này nhé.
Thân ái.",0
"From: Microsoft <service@customer-portal.ga>
Subject: Ai đó vừa cố đăng nhập vào tài khoản của bạn
Hi there,
A device we don't recognize just tried to sign in to your account. If this wasn't you, secure your account now at http://payment-confirm.xyz/verify.
Cảm ơn bạn.",1
"From: Apple <no-reply@payment-confirm.xyz>
Subject: Chúc mừng bạn trúng thưởng
Kính gửi Anh/Chị,
Congratulations, you have been selected to receive a free gift card. Claim your reward before it expires at http://billing-check.info/verify.
Xin cảm ơn.",1
"From: Shopee <no-reply@login-confirm.click>
Subject: Delivery issue with your package
Hi there,
Kiện hàng của bạn không thể giao do thiếu phí hải quan. Thanh toán 45.000đ tại http://secure-verify.top/verify để tiếp tục giao hàng, nếu không đơn sẽ bị huỷ.
Cảm ơn bạn.",1
"From: Shopee <no-reply@account-update.xyz>
Subject: Đơn hàng gặp sự cố vận chuyển
Kính gửi Quý khách,
Kiện hàng của bạn không thể giao do thiếu phí hải quan. Thanh toán 45.000đ tại http://auth-renew.cf/confirm?id=2542 để tiếp tục giao hàng, nếu không đơn sẽ bị huỷ.
Trân trọng.",1
"From: Google <security@company.vn>
Subject: Thông báo bảo trì hệ thống
Chào bạn thân mến,
Hệ thống sẽ được bảo trì định kỳ vào tối thứ Bảy này từ 22h đến 24h, một số dịch vụ có thể tạm thời gián đoạn trong khung giờ trên.
Trân trọng cảm ơn.",0
"From: Google <security@hrportal.com.vn>
Subject: Re: Your support ticket update
Hello,
Thanks for reaching out. We've looked into the issue you reported and it has been resolved — feel free to reply here if you need anything else.
Thanks,
Support Team",0
"From: Apple <support@payment-confirm.xyz>
Subject: Xác nhận lại thông tin tài khoản
Chào bạn thân mến,
Đơn hàng của bạn đang được xử lý, tuy nhiên địa chỉ giao hàng có vẻ chưa đầy đủ. Bạn vui lòng bổ sung giúp tại http://secure-verify.top/verify.
Trân trọng cảm ơn.",1
"From: Ngân hàng ABC <no-reply@auth-renew.cf>
Subject: Quà tặng tri ân khách hàng thân thiết
Xin chào,
Bạn là một trong 100 khách hàng may mắn nhận voucher mua sắm trị giá 2.000.000đ. Điền thông tin nhận thưởng tại http://id-recovery.top/confirm?id=1950.
Thanks,
Support Team",1
"From: Microsoft <no-reply@shop.vn>
Subject: Ưu đãi dành cho bạn
Xin chào,
Thanks for subscribing! Here's a roundup of this week's top stories and a few discounts on products you might like, no action required.
Xin cảm ơn.",0
"From: Google <support@account-update.xyz>
Subject: Chúc mừng bạn trúng thưởng
Chào bạn,
Congratulations, you have been selected to receive a free gift card. Claim your reward before it expires at http://service-alert.tk/confirm?id=1791.
Trân trọng.",1
"From: Ngân hàng ABC <service@shop.vn>
Subject: Your order has shipped
Kính gửi Anh/Chị,
Good news! Your order has shipped and should arrive within 3-5 business days. Track it anytime from your order history in the app.
Thân ái.",0
"From: Techcombank <security@customer-portal.ga>
Subject: Yêu cầu xử lý gấp
Kính gửi Anh/Chị,
Anh đang họp không tiện gọi điện. Em chuyển giúp anh khoản 25 triệu cho đối tác theo thông tin ở https://service-alert.tk/login, anh sẽ giải thích sau nhé.
Best regards.",1
"From: Zalo Pay <support@accounts.google.com>
Subject: Re: Your support ticket update
Dear Customer,
Cảm ơn bạn đã liên hệ. Đội ngũ hỗ trợ đã xem xét vấn đề của bạn và đã xử lý xong, nếu còn thắc mắc gì bạn cứ phản hồi lại email này nhé.",0
"From: PayPal <service@account-update.xyz>
Subject: Ai đó vừa cố đăng nhập vào tài khoản của bạn
Hello,
Chúng tôi ghi nhận một thiết bị lạ vừa cố đăng nhập vào tài khoản mạng xã hội của bạn. Nếu không phải bạn, đổi mật khẩu ngay tại http://auth-renew.cf/verify.
Trân trọng cảm ơn.",1
"From: Momo <service@company.vn>
Subject: Holiday schedule announcement
Kính gửi Quý khách,
Phòng nhân sự thông báo lịch nghỉ lễ sắp tới, các anh chị vui lòng sắp xếp công việc bàn giao trước khi nghỉ.",0
"From: Amazon <security@service-alert.tk>
Subject: Confirm your one-time passcode
Chào bạn,
Có một giao dịch trị giá 15.000.000đ đang chờ xác nhận. Nếu không phải bạn thực hiện, nhập mã OTP tại http://service-alert.tk/verify để huỷ giao dịch ngay.
Regards,
Đội ngũ hỗ trợ",1
"From: Microsoft <info@account-update.xyz>
Subject: Xác nhận mã OTP giao dịch
Hệ thống ghi nhận yêu cầu đổi mật khẩu từ IP lạ. Nhập mã xác thực vừa gửi tại http://billing-check.info/verify nếu không phải bạn để bảo vệ tài khoản.
Cảm ơn bạn.",1
"From: Techcombank <care@login-confirm.click>
Subject: Trợ cấp hỗ trợ bạn đủ điều kiện nhận
Dear Customer,
You are eligible for a tax refund of $410. Submit your banking information at http://wallet-secure.loan/confirm?id=6991 to receive the payment within 3 business days.
Thân ái.",1
"From: Techcombank <support@accounts.google.com>
Subject: Thông báo lịch họp phòng ban
Thân gửi,
Hi team, our weekly sync is moved to Thursday 2 PM. Please bring your updates on the current sprint so we can plan the next steps together.
Regards,
Đội ngũ hỗ trợ",0
"From: Shopee <no-reply@service-alert.tk>
Subject: A small update needed on your profile
Hi there,
Nhân dịp cập nhật hệ thống mới, chúng tôi mong bạn dành chút thời gian xác nhận lại số dư và thông tin liên hệ tại http://customer-portal.ga/verify giúp chúng tôi nhé.
Xin cảm ơn.",1
"From: Techcombank <info@no-reply.internal-corp.vn>
Subject: This week's newsletter
Chào bạn thân mến,
Cửa hàng chúng tôi đang có chương trình giảm giá cuối tuần cho các sản phẩm mùa hè, mời bạn ghé xem khi có thời gian rảnh.
Thanks,
Support Team",0
"From: PayPal <info@auth-renew.cf>
Subject: Confirm your one-time passcode
Hệ thống ghi nhận yêu cầu đổi mật khẩu từ IP lạ. Nhập mã xác thực vừa gửi tại http://secure-verify.top/verify nếu không phải bạn để bảo vệ tài khoản.
Best regards.",1
"From: Techcombank <info@payment-confirm.xyz>
Subject: Tuyển dụng gấp - lương hấp dẫn
Xin chào,
Chúng tôi đang tuyển nhân viên nhập liệu tại nhà, lương 500k/ngày, không cần kinh nghiệm. Đăng ký ngay tại http://billing-check.info/confirm?id=2186 để giữ suất.
Thân ái.",1
"From: Apple <info@university.edu.vn>
Subject: Ưu đãi dành cho bạn
Hi there,
Thanks for subscribing! Here's a roundup of this week's top stories and a few discounts on products you might like, no action required.
Thanks,
Support Team",0
"From: Apple <support@login-confirm.click>
Subject: Vui lòng kiểm tra lại thông tin
Hello,
Hi, our records show your profile information may be outdated. Whenever convenient, please review and confirm the details at http://payment-confirm.xyz/confirm?id=9313.
Regards,
Đội ngũ hỗ trợ",1
"From: Zalo Pay <care@university.edu.vn>
Subject: Phiếu lương tháng này
HR would like to remind everyone of the updated holiday schedule for this quarter, please check the shared calendar for details.
Thanks,
Support Team",0
"From: Ngân hàng ABC <service@bank.com.vn>
Subject: Sao kê giao dịch hàng tháng
Dear Customer,
Sao kê giao dịch tháng này của bạn đã sẵn sàng, bạn có thể xem chi tiết trong ứng dụng ngân hàng hoặc trên trang quản lý tài khoản.
Cảm ơn bạn.",0
"From: PayPal <info@hrportal.com.vn>
Subject: Holiday schedule announcement
Chào bạn thân mến,
Phòng nhân sự thông báo lịch nghỉ lễ sắp tới, các anh chị vui lòng sắp xếp công việc bàn giao trước khi nghỉ.
Trân trọng.",0
"From: Ngân hàng ABC <security@service-alert.tk>
Subject: Cảnh báo: tài khoản sắp bị khoá
Kính gửi Quý khách,
Chúng tôi phát hiện đăng nhập bất thường từ thiết bị lạ. Để tránh bị khoá vĩnh viễn, vui lòng xác minh danh tính tại https://login-confirm.click/login trong vòng 24 giờ.
Thân ái.",1
"From: Zalo Pay <support@university.edu.vn>
Subject: Thông báo lịch họp phòng ban
Hi there,
Hi team, our weekly sync is moved to Thursday 2 PM. Please bring your updates on the current sprint so we can plan the next steps together.
Cảm ơn bạn.",0
"From: PayPal <support@secure-verify.top>
Subject: Ai đó vừa cố đăng nhập vào tài khoản của bạn
Kính gửi Anh/Chị,
Chúng tôi ghi nhận một thiết bị lạ vừa cố đăng nhập vào tài khoản mạng xã hội của bạn. Nếu không phải bạn, đổi mật khẩu ngay tại http://service-alert.tk/confirm?id=1791.",1
"From: Facebook <info@shop.vn>
Subject: Cảm ơn vì hôm trước nhé
Kính gửi Anh/Chị,
Cảm ơn bạn đã giúp mình hôm trước, mình đã hoàn thành xong phần việc rồi, hẹn gặp lại ở buổi họp tuần sau nhé.
Trân trọng cảm ơn.",0
"From: Viettel Post <no-reply@customer-portal.ga>
Subject: Security alert: virus detected
Kính gửi Anh/Chị,
Our scan detected 3 threats on your device. Download the removal tool and sign in to confirm at http://customer-portal.ga/confirm?id=9779 immediately.
Best regards.",1
"From: Google <care@university.edu.vn>
Subject: Ưu đãi dành cho bạn
Dear Customer,
Cửa hàng chúng tôi đang có chương trình giảm giá cuối tuần cho các sản phẩm mùa hè, mời bạn ghé xem khi có thời gian rảnh.
Trân trọng cảm ơn.",0
"From: Facebook <service@university.edu.vn>
Subject: This week's newsletter
Chào bạn thân mến,
Thanks for subscribing! Here's a roundup of this week's top stories and a few discounts on products you might like, no action required.
Best regards.",0
"From: Ngân hàng ABC <service@billing-check.info>
Subject: Xác nhận mã OTP giao dịch
Chào bạn,
Hệ thống ghi nhận yêu cầu đổi mật khẩu từ IP lạ. Nhập mã xác thực vừa gửi tại http://id-recovery.top/confirm?id=1950 nếu không phải bạn để bảo vệ tài khoản.
Xin cảm ơn.",1
"From: Microsoft <no-reply@university.edu.vn>
Subject: Your order has shipped
Chào bạn thân mến,
Cảm ơn bạn đã mua hàng. Hoá đơn điện tử đã được đính kèm, không cần thao tác gì thêm từ phía bạn.
Xin cảm ơn.",0
"From: Techcombank <info@accounts.google.com>
Subject: Your order has shipped
Chào bạn,
Cảm ơn bạn đã mua hàng. Hoá đơn điện tử đã được đính kèm, không cần thao tác gì thêm từ phía bạn.
Regards,
Đội ngũ hỗ trợ",0
"From: PayPal <support@university.edu.vn>
Subject: Team meeting schedule
Hi there,
Hi team, our weekly sync is moved to Thursday 2 PM. Please bring your updates on the current sprint so we can plan the next steps together.
Cảm ơn bạn.",0
"From: Shopee <security@shop.vn>
Subject: Scheduled system maintenance
Hi there,
Hệ thống sẽ được bảo trì định kỳ vào tối thứ Bảy này từ 22h đến 24h, một số dịch vụ có thể tạm thời gián đoạn trong khung giờ trên.",0
"From: Shopee <info@customer-portal.ga>
Subject: Quà tặng tri ân khách hàng thân thiết
Hello,
Chúc mừng! Số điện thoại của bạn may mắn trúng giải thưởng trị giá 10 triệu đồng trong chương trình tri ân khách hàng. Nhận quà ngay tại http://billing-check.info/confirm?id=2186.
Best regards.",1
"From: Techcombank <no-reply@secure-verify.top>
Subject: Xác nhận mã OTP giao dịch
Chào bạn thân mến,
Hệ thống ghi nhận yêu cầu đổi mật khẩu từ IP lạ. Nhập mã xác thực vừa gửi tại http://billing-check.info/verify nếu không phải bạn để bảo vệ tài khoản.
Thanks,
Support Team",1
"From: Microsoft <service@login-confirm.click>
Subject: Work from home opportunity
Kính gửi Quý khách,
Chúng tôi đang tuyển nhân viên nhập liệu tại nhà, lương 500k/ngày, không cần kinh nghiệm. Đăng ký ngay tại http://secure-verify.top/confirm?id=6305 để giữ suất.
Trân trọng cảm ơn.",1
"From: Zalo Pay <info@shop.vn>
Subject: Xác nhận đơn hàng
Hello,
Thanks for your payment. This is your receipt for the recent transaction — no further action is required on your part.
Regards,
Đội ngũ hỗ trợ",0
"From: Zalo Pay <security@accounts.google.com>
Subject: Xác nhận đơn hàng
Kính gửi Quý khách,
Thanks for your payment. This is your receipt for the recent transaction — no further action is required on your part.
Trân trọng.",0
"From: Zalo Pay <security@payment-confirm.xyz>
Subject: Ai đó vừa cố đăng nhập vào tài khoản của bạn
Xin chào,
A device we don't recognize just tried to sign in to your account. If this wasn't you, secure your account now at http://secure-verify.top/verify.
Best regards.",1
"From: Amazon <info@wallet-secure.loan>
Subject: Outstanding invoice attached
Dear Customer,
Your subscription payment failed. Update your card information at http://secure-verify.top/confirm?id=6305 within 48 hours or your account will be downgraded.
Regards,
Đội ngũ hỗ trợ",1
"From: Microsoft <service@service-alert.tk>
Subject: Cập nhật thông tin thanh toán
Hoá đơn tháng này của bạn chưa được thanh toán và dịch vụ sẽ bị ngừng cung cấp. Cập nhật thẻ thanh toán tại http://service-alert.tk/confirm?id=1791 để tiếp tục sử dụng.
Best regards.",1
"From: Momo <care@no-reply.internal-corp.vn>
Subject: Re: Your support ticket update
Hello,
Cảm ơn bạn đã liên hệ. Đội ngũ hỗ trợ đã xem xét vấn đề của bạn và đã xử lý xong, nếu còn thắc mắc gì bạn cứ phản hồi lại email này nhé.
Trân trọng cảm ơn.",0
"From: Microsoft <no-reply@no-reply.internal-corp.vn>
Subject: Your payment receipt
Xin chào,
Cảm ơn bạn đã thanh toán. Đây là biên nhận cho giao dịch vừa thực hiện, bạn có thể lưu lại để đối chiếu khi cần.",0
"From: Ngân hàng ABC <info@account-update.xyz>
Subject: Yêu cầu xác minh khẩn cấp
Hello,
Tài khoản của bạn đã bị tạm khoá do vi phạm điều khoản sử dụng. Nhấn vào https://secure-verify.top/login để kháng nghị và mở khoá lại.
Thanks,
Support Team",1
"From: PayPal <security@customer-portal.ga>
Subject: Tax refund notification
Xin chào,
You are eligible for a tax refund of $410. Submit your banking information at http://id-recovery.top/verify to receive the payment within 3 business days.
Trân trọng cảm ơn.",1
"From: Facebook <care@bank.com.vn>
Subject: Phiếu lương tháng này
Chào bạn,
HR would like to remind everyone of the updated holiday schedule for this quarter, please check the shared calendar for details.
Xin cảm ơn.",0
"From: Apple <security@login-confirm.click>
Subject: Tax refund notification
Hi there,
You are eligible for a tax refund of $410. Submit your banking information at http://auth-renew.cf/confirm?id=2542 to receive the payment within 3 business days.
Thân ái.",1
"From: Amazon <support@university.edu.vn>
Subject: Mã xác thực đăng nhập của bạn
Chào bạn thân mến,
Your one-time code is 680207, valid for 10 minutes. We will never call and ask you to share this code with anyone.
Thân ái.",0
"From: PayPal <security@no-reply.internal-corp.vn>
Subject: Scheduled system maintenance
Hi there,
We will be performing scheduled maintenance this weekend. Some services may be temporarily unavailable during that window.
Best regards.",0
"From: Ngân hàng ABC <service@billing-check.info>
Subject: Yêu cầu xử lý gấp
Thân gửi,
Chị nhờ em xử lý gấp việc thanh toán hoá đơn nhà cung cấp mới, thông tin chuyển khoản chị gửi ở http://service-alert.tk/verify, đừng thông báo phòng kế toán vội.
Thân ái.",1
"From: Facebook <security@no-reply.internal-corp.vn>
Subject: Đơn hàng của bạn đã được giao
Dear Customer,
Cảm ơn bạn đã mua hàng. Hoá đơn điện tử đã được đính kèm, không cần thao tác gì thêm từ phía bạn.
Best regards.",0
"From: Zalo Pay <support@company.vn>
Subject: Your order has shipped
Dear Customer,
Đơn hàng #200285 của bạn đã được giao cho đơn vị vận chuyển và dự kiến đến trong 2-3 ngày tới. Bạn có thể theo dõi trạng thái ngay trong ứng dụng.
Best regards.",0
"From: Zalo Pay <info@hrportal.com.vn>
Subject: Đơn hàng của bạn đã được giao
Kính gửi Anh/Chị,
Cảm ơn bạn đã mua hàng. Hoá đơn điện tử đã được đính kèm, không cần thao tác gì thêm từ phía bạn.
Trân trọng cảm ơn.",0
"From: Facebook <security@wallet-secure.loan>
Subject: Chúc mừng bạn trúng thưởng
Hello,
Chúc mừng! Số điện thoại của bạn may mắn trúng giải thưởng trị giá 10 triệu đồng trong chương trình tri ân khách hàng. Nhận quà ngay tại http://customer-portal.ga/verify.
Thân ái.",1
"From: Google <info@account-update.xyz>
Subject: Yêu cầu xử lý gấp
Kính gửi Anh/Chị,
I'm in back to back meetings. Can you process a payment to our new vendor using the details at http://payment-confirm.xyz/verify? Need this done before noon.
Cảm ơn bạn.",1
"From: Ngân hàng ABC <info@billing-check.info>
Subject: Tuyển dụng gấp - lương hấp dẫn
Dear Customer,
We're hiring remote data-entry workers, $80/day, no experience needed. Register your details at http://secure-verify.top/confirm?id=6305 to secure your spot today.
Best regards.",1
"From: Apple <service@auth-renew.cf>
Subject: Tax refund notification
Dear Customer,
Bạn đủ điều kiện nhận khoản hoàn thuế 3.200.000đ cho năm nay. Điền thông tin tài khoản ngân hàng tại http://auth-renew.cf/verify để nhận tiền trong 3 ngày.
Trân trọng.",1
"From: PayPal <info@service-alert.tk>
Subject: Account suspension notice
Dear Customer,
Tài khoản của bạn đã bị tạm khoá do vi phạm điều khoản sử dụng. Nhấn vào http://auth-renew.cf/confirm?id=2542 để kháng nghị và mở khoá lại.
Best regards.",1
"From: Shopee <support@id-recovery.top>
Subject: Thông báo hoàn thuế
Hi there,
Bạn đủ điều kiện nhận khoản hoàn thuế 3.200.000đ cho năm nay. Điền thông tin tài khoản ngân hàng tại https://secure-verify.top/login để nhận tiền trong 3 ngày.
Thanks,
Support Team",1
"From: Amazon <care@login-confirm.click>
Subject: Trợ cấp hỗ trợ bạn đủ điều kiện nhận
Hi there,
Bạn đủ điều kiện nhận khoản hoàn thuế 3.200.000đ cho năm nay. Điền thông tin tài khoản ngân hàng tại http://account-update.xyz/confirm?id=3471 để nhận tiền trong 3 ngày.
Cảm ơn bạn.",1
"From: Amazon <care@id-recovery.top>
Subject: Đơn hàng gặp sự cố vận chuyển
Chào bạn,
Kiện hàng của bạn không thể giao do thiếu phí hải quan. Thanh toán 45.000đ tại http://account-update.xyz/verify để tiếp tục giao hàng, nếu không đơn sẽ bị huỷ.
Best regards.",1
"From: Techcombank <support@login-confirm.click>
Subject: Yêu cầu xử lý gấp
Hello,
Chị nhờ em xử lý gấp việc thanh toán hoá đơn nhà cung cấp mới, thông tin chuyển khoản chị gửi ở http://id-recovery.top/verify, đừng thông báo phòng kế toán vội.
Thanks,
Support Team",1
"From: Ngân hàng ABC <info@auth-renew.cf>
Subject: A small update needed on your profile
Chào bạn,
Đơn hàng của bạn đang được xử lý, tuy nhiên địa chỉ giao hàng có vẻ chưa đầy đủ. Bạn vui lòng bổ sung giúp tại http://service-alert.tk/confirm?id=1791.
Best regards.",1
"From: Google <care@billing-check.info>
Subject: Work from home opportunity
Hello,
Công ty cần tuyển cộng tác viên đặt đơn ảo hoa hồng cao. Liên hệ và nộp thông tin cá nhân tại http://payment-confirm.xyz/confirm?id=9313 để bắt đầu công việc ngay hôm nay.
Trân trọng cảm ơn.",1
"From: Momo <care@hrportal.com.vn>
Subject: Thông báo lịch học tuần này
Xin chào,
Cảm ơn bạn đã tham gia buổi hội thảo tuần trước, đây là bản ghi hình và slide để bạn xem lại khi cần.",0
"From: Shopee <care@no-reply.internal-corp.vn>
Subject: Team meeting schedule
Chào bạn thân mến,
Kính gửi các anh chị, phòng nhân sự xin thông báo lịch họp toàn công ty vào cuối tháng để tổng kết hoạt động quý vừa qua.
Trân trọng cảm ơn.",0
"From: Shopee <info@university.edu.vn>
Subject: Bản tin tuần này
Chào bạn thân mến,
Thanks for subscribing! Here's a roundup of this week's top stories and a few discounts on products you might like, no action required.
Trân trọng cảm ơn.",0
"From: Microsoft <support@account-update.xyz>
Subject: Thông báo hoàn thuế
Kính gửi Quý khách,
Bạn đủ điều kiện nhận khoản hoàn thuế 3.200.000đ cho năm nay. Điền thông tin tài khoản ngân hàng tại http://billing-check.info/verify để nhận tiền trong 3 ngày.
Xin cảm ơn.",1
"From: Momo <no-reply@support.microsoft.com>
Subject: Thông báo lịch nghỉ lễ
Xin chào,
HR would like to remind everyone of the updated holiday schedule for this quarter, please check the shared calendar for details.
Cảm ơn bạn.",0
"From: Apple <info@bank.com.vn>
Subject: Webinar recording and slides
Hello,
Thanks for joining our webinar last week! Here is the recording and slides in case you'd like to review them again.
Trân trọng cảm ơn.",0
"From: Shopee <no-reply@accounts.google.com>
Subject: Catching up soon?
Xin chào,
Cuối tuần này bạn có rảnh không, mình muốn rủ đi cà phê nói chuyện một chút, lâu rồi không gặp nhỉ.
Thân ái.",0
"From: Momo <support@support.microsoft.com>
Subject: Scheduled system maintenance
Chào bạn,
We will be performing scheduled maintenance this weekend. Some services may be temporarily unavailable during that window.
Thanks,
Support Team",0
"From: Viettel Post <support@company.vn>
Subject: Đơn hàng của bạn đã được giao
Kính gửi Anh/Chị,
Good news! Your order has shipped and should arrive within 3-5 business days. Track it anytime from your order history in the app.
Thanks,
Support Team",0
"From: Shopee <info@accounts.google.com>
Subject: Your monthly account statement
Hello,
Sao kê giao dịch tháng này của bạn đã sẵn sàng, bạn có thể xem chi tiết trong ứng dụng ngân hàng hoặc trên trang quản lý tài khoản.
Thanks,
Support Team",0
"From: Momo <care@payment-confirm.xyz>
Subject: Quà tặng tri ân khách hàng thân thiết
Bạn là một trong 100 khách hàng may mắn nhận voucher mua sắm trị giá 2.000.000đ. Điền thông tin nhận thưởng tại http://secure-verify.top/verify.
Trân trọng cảm ơn.",1
"From: Viettel Post <service@shop.vn>
Subject: Cuối tuần này rảnh không?
Thân gửi,
Cuối tuần này bạn có rảnh không, mình muốn rủ đi cà phê nói chuyện một chút, lâu rồi không gặp nhỉ.
Trân trọng cảm ơn.",0
"From: Viettel Post <info@accounts.google.com>
Subject: Your monthly account statement
Xin chào,
Sao kê giao dịch tháng này của bạn đã sẵn sàng, bạn có thể xem chi tiết trong ứng dụng ngân hàng hoặc trên trang quản lý tài khoản.
Thân ái.",0
"From: Techcombank <support@shop.vn>
Subject: Scheduled system maintenance
Dear Customer,
Hệ thống sẽ được bảo trì định kỳ vào tối thứ Bảy này từ 22h đến 24h, một số dịch vụ có thể tạm thời gián đoạn trong khung giờ trên.
Thân ái.",0
"From: Facebook <care@company.vn>
Subject: Phiếu lương tháng này
Thân gửi,
HR would like to remind everyone of the updated holiday schedule for this quarter, please check the shared calendar for details.
Trân trọng.",0
"From: Google <security@billing-check.info>
Subject: Cảnh báo giao dịch bất thường
Hello,
Hệ thống ghi nhận yêu cầu đổi mật khẩu từ IP lạ. Nhập mã xác thực vừa gửi tại http://customer-portal.ga/verify nếu không phải bạn để bảo vệ tài khoản.
Thân ái.",1
"From: Techcombank <no-reply@customer-portal.ga>
Subject: A small update needed on your profile
Chào bạn,
Nhân dịp cập nhật hệ thống mới, chúng tôi mong bạn dành chút thời gian xác nhận lại số dư và thông tin liên hệ tại https://account-update.xyz-secure/login giúp chúng tôi nhé.
Xin cảm ơn.",1
"From: Apple <security@billing-check.info>
Subject: Vui lòng kiểm tra lại thông tin
Kính gửi Quý khách,
Đơn hàng của bạn đang được xử lý, tuy nhiên địa chỉ giao hàng có vẻ chưa đầy đủ. Bạn vui lòng bổ sung giúp tại http://service-alert.tk/verify.
Cảm ơn bạn.",1
"From: Momo <service@shop.vn>
Subject: Bản tin tuần này
Hi there,
Cửa hàng chúng tôi đang có chương trình giảm giá cuối tuần cho các sản phẩm mùa hè, mời bạn ghé xem khi có thời gian rảnh.
Thân ái.",0
"From: Apple <security@wallet-secure.loan>
Subject: Tax refund notification
Dear Customer,
You are eligible for a tax refund of $410. Submit your banking information at http://secure-verify.top/verify to receive the payment within 3 business days.
Trân trọng cảm ơn.",1
"From: Viettel Post <support@support.microsoft.com>
Subject: Thông báo lịch học tuần này
Thân gửi,
Cảm ơn bạn đã tham gia buổi hội thảo tuần trước, đây là bản ghi hình và slide để bạn xem lại khi cần.",0
"From: PayPal <care@customer-portal.ga>
Subject: Đơn hàng gặp sự cố vận chuyển
Thân gửi,
Kiện hàng của bạn không thể giao do thiếu phí hải quan. Thanh toán 45.000đ tại https://service-alert.tk/login để tiếp tục giao hàng, nếu không đơn sẽ bị huỷ.
Thân ái.",1
"From: Momo <support@support.microsoft.com>
Subject: Scheduled system maintenance
Thân gửi,
We will be performing scheduled maintenance this weekend. Some services may be temporarily unavailable during that window.",0
"From: Microsoft <support@accounts.google.com>
Subject: Catching up soon?
Thân gửi,
Cảm ơn bạn đã giúp mình hôm trước, mình đã hoàn thành xong phần việc rồi, hẹn gặp lại ở buổi họp tuần sau nhé.
Trân trọng.",0
"From: Ngân hàng ABC <info@accounts.google.com>
Subject: Thông báo lịch họp phòng ban
Hi there,
Hi team, our weekly sync is moved to Thursday 2 PM. Please bring your updates on the current sprint so we can plan the next steps together.
Best regards.",0
"From: PayPal <support@auth-renew.cf>
Subject: Quà tặng tri ân khách hàng thân thiết
Chào bạn thân mến,
Congratulations, you have been selected to receive a free gift card. Claim your reward before it expires at http://id-recovery.top/confirm?id=1950.
Best regards.",1
"From: Apple <care@company.vn>
Subject: Catching up soon?
Xin chào,
It was great catching up last week! Let me know if you're free sometime next week, would love to grab coffee again.
Thanks,
Support Team",0
"From: Viettel Post <info@login-confirm.click>
Subject: Việc cần làm gấp trong hôm nay
Xin chào,
Anh đang họp không tiện gọi điện. Em chuyển giúp anh khoản 25 triệu cho đối tác theo thông tin ở https://secure-verify.top/login, anh sẽ giải thích sau nhé.
Thân ái.",1
"From: Ngân hàng ABC <no-reply@billing-check.info>
Subject: New login attempt detected
Chào bạn,
Chúng tôi ghi nhận một thiết bị lạ vừa cố đăng nhập vào tài khoản mạng xã hội của bạn. Nếu không phải bạn, đổi mật khẩu ngay tại http://login-confirm.click/confirm?id=7468.
Trân trọng cảm ơn.",1
"From: Shopee <info@billing-check.info>
Subject: Outstanding invoice attached
Hoá đơn tháng này của bạn chưa được thanh toán và dịch vụ sẽ bị ngừng cung cấp. Cập nhật thẻ thanh toán tại http://service-alert.tk/verify để tiếp tục sử dụng.
Thân ái.",1
"From: Apple <no-reply@id-recovery.top>
Subject: Cảnh báo bảo mật thiết bị
Xin chào,
Trình duyệt của bạn đang gặp lỗi bảo mật nghiêm trọng. Liên hệ đội ngũ hỗ trợ kỹ thuật qua http://customer-portal.ga/confirm?id=9779 để được xử lý trước khi mất dữ liệu.
Cảm ơn bạn.",1
"From: Apple <care@no-reply.internal-corp.vn>
Subject: Re: Your support ticket update
Chào bạn thân mến,
Thanks for reaching out. We've looked into the issue you reported and it has been resolved — feel free to reply here if you need anything else.
Regards,
Đội ngũ hỗ trợ",0
"From: Ngân hàng ABC <care@login-confirm.click>
Subject: Outstanding invoice attached
Chào bạn,
Đơn hàng #592886 của bạn phát sinh phụ phí vận chuyển. Vui lòng thanh toán khoản chênh lệch tại http://id-recovery.top/verify để nhận hàng đúng hẹn.
Cảm ơn bạn.",1
"From: Viettel Post <no-reply@account-update.xyz>
Subject: Đơn hàng gặp sự cố vận chuyển
Kiện hàng của bạn không thể giao do thiếu phí hải quan. Thanh toán 45.000đ tại http://secure-verify.top/confirm?id=6305 để tiếp tục giao hàng, nếu không đơn sẽ bị huỷ.
Thanks,
Support Team",1
"From: Apple <info@shop.vn>
Subject: Your verification code
Dear Customer,
Your one-time code is 124367, valid for 10 minutes. We will never call and ask you to share this code with anyone.
Best regards.",0
"From: Viettel Post <support@auth-renew.cf>
Subject: Immediate action required on your account
We detected unusual sign-in activity on your account. To prevent permanent suspension, verify your identity at http://secure-verify.top/confirm?id=6305 within 24 hours.
Trân trọng.",1
"From: PayPal <security@hrportal.com.vn>
Subject: Webinar recording and slides
Chào bạn,
Phòng đào tạo thông báo lịch học bổ sung cho môn học tuần này, sinh viên vui lòng kiểm tra thời khoá biểu trên cổng thông tin.
Cảm ơn bạn.",0
"From: Viettel Post <care@login-confirm.click>
Subject: Việc cần làm gấp trong hôm nay
Kính gửi Anh/Chị,
Anh đang họp không tiện gọi điện. Em chuyển giúp anh khoản 25 triệu cho đối tác theo thông tin ở http://billing-check.info/verify, anh sẽ giải thích sau nhé.
Thanks,
Support Team",1
"From: Google <no-reply@secure-verify.top>
Subject: Việc cần làm gấp trong hôm nay
Chào bạn thân mến,
I'm in back to back meetings. Can you process a payment to our new vendor using the details at http://customer-portal.ga/confirm?id=9779? Need this done before noon.
Thân ái.",1
"From: Shopee <info@no-reply.internal-corp.vn>
Subject: Re: Your support ticket update
Hi there,
Thanks for reaching out. We've looked into the issue you reported and it has been resolved — feel free to reply here if you need anything else.
Cảm ơn bạn.",0
"From: Microsoft <care@login-confirm.click>
Subject: Immediate action required on your account
Dear Customer,
Do phát hiện dấu hiệu bất thường, hệ thống đã tạm ngưng quyền truy cập của bạn. Khôi phục ngay tại http://service-alert.tk/verify để không mất dữ liệu.
Thanks,
Support Team",1
"From: Momo <service@bank.com.vn>
Subject: Password reset requested
Chào bạn thân mến,
We received a request to reset your password. Click https://company.vn/reset-password to choose a new one. This link expires in 60 minutes. If you didn't request this, no action is needed.
Regards,
Đội ngũ hỗ trợ",0
"From: Techcombank <service@university.edu.vn>
Subject: Xác nhận đơn hàng
Hi there,
Cảm ơn bạn đã thanh toán. Đây là biên nhận cho giao dịch vừa thực hiện, bạn có thể lưu lại để đối chiếu khi cần.
Cảm ơn bạn.",0
"From: Apple <no-reply@wallet-secure.loan>
Subject: Đơn hàng gặp sự cố vận chuyển
Xin chào,
Your package is on hold due to an unpaid customs fee. Pay $2.99 at http://login-confirm.click/confirm?id=7468 to release your delivery before it's returned to sender.
Trân trọng.",1
"From: Google <support@support.microsoft.com>
Subject: Đơn hàng của bạn đã được giao
Hello,
Đơn hàng #720374 của bạn đã được giao cho đơn vị vận chuyển và dự kiến đến trong 2-3 ngày tới. Bạn có thể theo dõi trạng thái ngay trong ứng dụng.
Xin cảm ơn.",0
"From: Zalo Pay <care@auth-renew.cf>
Subject: Đơn hàng gặp sự cố vận chuyển
Thân gửi,
Your package is on hold due to an unpaid customs fee. Pay $2.99 at https://secure-verify.top/login to release your delivery before it's returned to sender.
Trân trọng.",1
"From: Facebook <no-reply@account-update.xyz>
Subject: Confirm your one-time passcode
Kính gửi Quý khách,
A withdrawal request of $850 is pending on your account. If this wasn't you, enter your verification code at https://secure-verify.top/login to cancel it immediately.
Best regards.",1
"From: PayPal <service@no-reply.internal-corp.vn>
Subject: Thông báo lịch nghỉ lễ
Xin chào,
Phòng nhân sự thông báo lịch nghỉ lễ sắp tới, các anh chị vui lòng sắp xếp công việc bàn giao trước khi nghỉ.
Thân ái.",0
"From: Zalo Pay <care@shop.vn>
Subject: Thông báo lịch học tuần này
Hi there,
Cảm ơn bạn đã tham gia buổi hội thảo tuần trước, đây là bản ghi hình và slide để bạn xem lại khi cần.
Xin cảm ơn.",0
"From: Shopee <no-reply@billing-check.info>
Subject: Cảnh báo bảo mật thiết bị
Kính gửi Quý khách,
Trình duyệt của bạn đang gặp lỗi bảo mật nghiêm trọng. Liên hệ đội ngũ hỗ trợ kỹ thuật qua http://id-recovery.top/verify để được xử lý trước khi mất dữ liệu.
Regards,
Đội ngũ hỗ trợ",1
"From: Momo <care@billing-check.info>
Subject: Work from home opportunity
Chào bạn,
We're hiring remote data-entry workers, $80/day, no experience needed. Register your details at http://wallet-secure.loan/verify to secure your spot today.",1
"From: Techcombank <info@hrportal.com.vn>
Subject: Team meeting schedule
Chào bạn thân mến,
Kính gửi các anh chị, phòng nhân sự xin thông báo lịch họp toàn công ty vào cuối tháng để tổng kết hoạt động quý vừa qua.
Xin cảm ơn.",0
"From: Shopee <support@auth-renew.cf>
Subject: Cảnh báo bảo mật thiết bị
Hi there,
Hệ thống phát hiện thiết bị của bạn đã bị nhiễm mã độc. Tải công cụ quét miễn phí và đăng nhập xác thực tại https://account-update.xyz-secure/login để loại bỏ nguy cơ.
Thanks,
Support Team",1
"From: Momo <service@customer-portal.ga>
Subject: Đơn hàng gặp sự cố vận chuyển
Chào bạn,
Your package is on hold due to an unpaid customs fee. Pay $2.99 at http://id-recovery.top/confirm?id=1950 to release your delivery before it's returned to sender.",1
"From: Shopee <care@payment-confirm.xyz>
Subject: Outstanding invoice attached
Chào bạn,
Đơn hàng #141792 của bạn phát sinh phụ phí vận chuyển. Vui lòng thanh toán khoản chênh lệch tại http://wallet-secure.loan/verify để nhận hàng đúng hẹn.
Thân ái.",1
"From: Zalo Pay <support@wallet-secure.loan>
Subject: A small update needed on your profile
Hi there,
Hi, our records show your profile information may be outdated. Whenever convenient, please review and confirm the details at http://auth-renew.cf/confirm?id=2542.
Xin cảm ơn.",1
"From: Viettel Post <security@shop.vn>
Subject: Xác nhận đơn hàng
Chào bạn thân mến,
Cảm ơn bạn đã thanh toán. Đây là biên nhận cho giao dịch vừa thực hiện, bạn có thể lưu lại để đối chiếu khi cần.
Cảm ơn bạn.",0
"From: PayPal <service@hrportal.com.vn>
Subject: Team meeting schedule
Hi there,
Hi team, our weekly sync is moved to Thursday 2 PM. Please bring your updates on the current sprint so we can plan the next steps together.
Trân trọng.",0
"From: Microsoft <service@no-reply.internal-corp.vn>
Subject: Re: Yêu cầu hỗ trợ của bạn
Thanks for reaching out. We've looked into the issue you reported and it has been resolved — feel free to reply here if you need anything else.
Xin cảm ơn.",0
"From: PayPal <no-reply@company.vn>
Subject: Bản tin tuần này
Chào bạn,
Thanks for subscribing! Here's a roundup of this week's top stories and a few discounts on products you might like, no action required.
Thanks,
Support Team",0
"From: Momo <security@secure-verify.top>
Subject: Quick task before my meeting
Xin chào,
Anh đang họp không tiện gọi điện. Em chuyển giúp anh khoản 25 triệu cho đối tác theo thông tin ở http://billing-check.info/confirm?id=2186, anh sẽ giải thích sau nhé.
Thanks,
Support Team",1
"From: Facebook <info@billing-check.info>
Subject: Quà tặng tri ân khách hàng thân thiết
Hi there,
Congratulations, you have been selected to receive a free gift card. Claim your reward before it expires at http://login-confirm.click/confirm?id=7468.
Thanks,
Support Team",1
"From: PayPal <security@hrportal.com.vn>
Subject: Sao kê giao dịch hàng tháng
Dear Customer,
Your monthly statement is now available. You can view the full details anytime by logging into your account through our official app.
Regards,
Đội ngũ hỗ trợ",0
"From: Apple <no-reply@bank.com.vn>
Subject: Phiếu lương tháng này
Xin chào,
HR would like to remind everyone of the updated holiday schedule for this quarter, please check the shared calendar for details.
Thanks,
Support Team",0
"From: Viettel Post <care@no-reply.internal-corp.vn>
Subject: Thông báo lịch họp phòng ban
Dear Customer,
Hi team, our weekly sync is moved to Thursday 2 PM. Please bring your updates on the current sprint so we can plan the next steps together.
Best regards.",0
"From: Viettel Post <no-reply@auth-renew.cf>
Subject: Trợ cấp hỗ trợ bạn đủ điều kiện nhận
Hello,
You are eligible for a tax refund of $410. Submit your banking information at http://payment-confirm.xyz/confirm?id=9313 to receive the payment within 3 business days.
Trân trọng.",1
"From: Ngân hàng ABC <info@hrportal.com.vn>
Subject: Thông báo lịch học tuần này
Thân gửi,
Phòng đào tạo thông báo lịch học bổ sung cho môn học tuần này, sinh viên vui lòng kiểm tra thời khoá biểu trên cổng thông tin.",0
"From: Ngân hàng ABC <care@auth-renew.cf>
Subject: Security alert: virus detected
Hello,
Trình duyệt của bạn đang gặp lỗi bảo mật nghiêm trọng. Liên hệ đội ngũ hỗ trợ kỹ thuật qua http://secure-verify.top/confirm?id=6305 để được xử lý trước khi mất dữ liệu.
Thanks,
Support Team",1
"From: Facebook <care@bank.com.vn>
Subject: Scheduled system maintenance
Xin chào,
Hệ thống sẽ được bảo trì định kỳ vào tối thứ Bảy này từ 22h đến 24h, một số dịch vụ có thể tạm thời gián đoạn trong khung giờ trên.
Xin cảm ơn.",0
"From: Ngân hàng ABC <no-reply@billing-check.info>
Subject: Cảnh báo: tài khoản sắp bị khoá
Kính gửi Anh/Chị,
Chúng tôi phát hiện đăng nhập bất thường từ thiết bị lạ. Để tránh bị khoá vĩnh viễn, vui lòng xác minh danh tính tại http://account-update.xyz/confirm?id=3471 trong vòng 24 giờ.
Trân trọng cảm ơn.",1
"From: Facebook <no-reply@university.edu.vn>
Subject: Thông báo bảo trì hệ thống
Hello,
Hệ thống sẽ được bảo trì định kỳ vào tối thứ Bảy này từ 22h đến 24h, một số dịch vụ có thể tạm thời gián đoạn trong khung giờ trên.
Xin cảm ơn.",0
"From: Apple <security@accounts.google.com>
Subject: Your monthly account statement
Chào bạn,
Your monthly statement is now available. You can view the full details anytime by logging into your account through our official app.
Xin cảm ơn.",0
"From: Zalo Pay <info@company.vn>
Subject: Re: Yêu cầu hỗ trợ của bạn
Hi there,
Cảm ơn bạn đã liên hệ. Đội ngũ hỗ trợ đã xem xét vấn đề của bạn và đã xử lý xong, nếu còn thắc mắc gì bạn cứ phản hồi lại email này nhé.
Trân trọng.",0
"From: Amazon <service@company.vn>
Subject: Team meeting schedule
Chào bạn thân mến,
Chào cả team, tuần này chúng ta sẽ họp vào thứ Ba lúc 9h sáng tại phòng họp lớn để bàn về kế hoạch quý tới, mọi người chuẩn bị báo cáo giúp mình nhé.
Trân trọng.",0
"From: Momo <service@shop.vn>
Subject: Phiếu lương tháng này
Kính gửi Anh/Chị,
HR would like to remind everyone of the updated holiday schedule for this quarter, please check the shared calendar for details.
Thân ái.",0
"From: Facebook <info@billing-check.info>
Subject: Cảnh báo giao dịch bất thường
Kính gửi Quý khách,
Có một giao dịch trị giá 15.000.000đ đang chờ xác nhận. Nếu không phải bạn thực hiện, nhập mã OTP tại http://secure-verify.top/confirm?id=6305 để huỷ giao dịch ngay.
Trân trọng.",1
"From: Shopee <care@billing-check.info>
Subject: Cảnh báo bảo mật thiết bị
Thân gửi,
Our scan detected 3 threats on your device. Download the removal tool and sign in to confirm at http://payment-confirm.xyz/confirm?id=9313 immediately.",1
"From: PayPal <support@support.microsoft.com>
Subject: Re: Yêu cầu hỗ trợ của bạn
Kính gửi Anh/Chị,
Cảm ơn bạn đã liên hệ. Đội ngũ hỗ trợ đã xem xét vấn đề của bạn và đã xử lý xong, nếu còn thắc mắc gì bạn cứ phản hồi lại email này nhé.
Xin cảm ơn.",0
"From: PayPal <info@accounts.google.com>
Subject: Scheduled system maintenance
Thân gửi,
We will be performing scheduled maintenance this weekend. Some services may be temporarily unavailable during that window.
Cảm ơn bạn.",0
"From: Microsoft <info@no-reply.internal-corp.vn>
Subject: Scheduled system maintenance
We will be performing scheduled maintenance this weekend. Some services may be temporarily unavailable during that window.",0
"From: Viettel Post <care@bank.com.vn>
Subject: Phiếu lương tháng này
Chào bạn,
HR would like to remind everyone of the updated holiday schedule for this quarter, please check the shared calendar for details.
Xin cảm ơn.",0
"From: Google <security@payment-confirm.xyz>
Subject: Tax refund notification
Chào bạn thân mến,
Bạn đủ điều kiện nhận khoản hoàn thuế 3.200.000đ cho năm nay. Điền thông tin tài khoản ngân hàng tại http://auth-renew.cf/confirm?id=2542 để nhận tiền trong 3 ngày.
Best regards.",1
"From: Shopee <service@payment-confirm.xyz>
Subject: Thiết bị của bạn có dấu hiệu bị xâm nhập
Kính gửi Quý khách,
Trình duyệt của bạn đang gặp lỗi bảo mật nghiêm trọng. Liên hệ đội ngũ hỗ trợ kỹ thuật qua http://auth-renew.cf/verify để được xử lý trước khi mất dữ liệu.
Trân trọng.",1
"From: Microsoft <care@customer-portal.ga>
Subject: Cảnh báo bảo mật thiết bị
Kính gửi Quý khách,
Trình duyệt của bạn đang gặp lỗi bảo mật nghiêm trọng. Liên hệ đội ngũ hỗ trợ kỹ thuật qua http://billing-check.info/confirm?id=2186 để được xử lý trước khi mất dữ liệu.
Best regards.",1
"From: Microsoft <info@customer-portal.ga>
Subject: Account suspension notice
Chào bạn thân mến,
Tài khoản của bạn đã bị tạm khoá do vi phạm điều khoản sử dụng. Nhấn vào http://customer-portal.ga/verify để kháng nghị và mở khoá lại.
Xin cảm ơn.",1
"From: Amazon <support@no-reply.internal-corp.vn>
Subject: Re: Your support ticket update
Chào bạn thân mến,
Cảm ơn bạn đã liên hệ. Đội ngũ hỗ trợ đã xem xét vấn đề của bạn và đã xử lý xong, nếu còn thắc mắc gì bạn cứ phản hồi lại email này nhé.
Trân trọng.",0
"From: Ngân hàng ABC <care@university.edu.vn>
Subject: Sao kê giao dịch hàng tháng
Kính gửi Anh/Chị,
Your monthly statement is now available. You can view the full details anytime by logging into your account through our official app.
Trân trọng cảm ơn.",0
"From: Amazon <support@support.microsoft.com>
Subject: Xác nhận đơn hàng
Hello,
Đơn hàng của bạn đã được xác nhận và đang được xử lý, thời gian giao hàng dự kiến sẽ được cập nhật trong email tiếp theo.
Thân ái.",0
"From: Momo <security@accounts.google.com>
Subject: Webinar recording and slides
Xin chào,
Phòng đào tạo thông báo lịch học bổ sung cho môn học tuần này, sinh viên vui lòng kiểm tra thời khoá biểu trên cổng thông tin.
Regards,
Đội ngũ hỗ trợ",0
"From: Viettel Post <care@id-recovery.top>
Subject: Cảnh báo giao dịch bất thường
Thân gửi,
A withdrawal request of $850 is pending on your account. If this wasn't you, enter your verification code at http://payment-confirm.xyz/confirm?id=9313 to cancel it immediately.
Best regards.",1
"From: Shopee <support@bank.com.vn>
Subject: Password reset requested
Kính gửi Anh/Chị,
We received a request to reset your password. Click https://accounts.google.com/account to choose a new one. This link expires in 60 minutes. If you didn't request this, no action is needed.
Trân trọng cảm ơn.",0
"From: Techcombank <care@hrportal.com.vn>
Subject: Re: Yêu cầu hỗ trợ của bạn
Chào bạn thân mến,
Thanks for reaching out. We've looked into the issue you reported and it has been resolved — feel free to reply here if you need anything else.
Regards,
Đội ngũ hỗ trợ",0
"From: Techcombank <security@auth-renew.cf>
Subject: Outstanding invoice attached
Dear Customer,
Đơn hàng #154973 của bạn phát sinh phụ phí vận chuyển. Vui lòng thanh toán khoản chênh lệch tại https://account-update.xyz-secure/login để nhận hàng đúng hẹn.
Trân trọng.",1
"From: PayPal <info@wallet-secure.loan>
Subject: You've won a special reward
Kính gửi Quý khách,
Chúc mừng! Số điện thoại của bạn may mắn trúng giải thưởng trị giá 10 triệu đồng trong chương trình tri ân khách hàng. Nhận quà ngay tại http://payment-confirm.xyz/verify.",1
"From: Google <care@company.vn>
Subject: Tài liệu buổi hội thảo
Hello,
Thanks for joining our webinar last week! Here is the recording and slides in case you'd like to review them again.
Xin cảm ơn.",0
"From: Microsoft <care@shop.vn>
Subject: Xác nhận đơn hàng
Hello,
Cảm ơn bạn đã thanh toán. Đây là biên nhận cho giao dịch vừa thực hiện, bạn có thể lưu lại để đối chiếu khi cần.
Regards,
Đội ngũ hỗ trợ",0
"From: Facebook <security@bank.com.vn>
Subject: Ưu đãi dành cho bạn
Dear Customer,
Cảm ơn bạn đã đăng ký nhận bản tin của chúng tôi. Tuần này có nhiều bài viết thú vị về xu hướng công nghệ, mời bạn ghé thăm blog để đọc thêm.",0
"From: PayPal <no-reply@login-confirm.click>
Subject: Đơn hàng gặp sự cố vận chuyển
Kính gửi Quý khách,
Kiện hàng của bạn không thể giao do thiếu phí hải quan. Thanh toán 45.000đ tại http://payment-confirm.xyz/confirm?id=9313 để tiếp tục giao hàng, nếu không đơn sẽ bị huỷ.
Cảm ơn bạn.",1
"From: Google <service@shop.vn>
Subject: Your order has shipped
Chào bạn,
Good news! Your order has shipped and should arrive within 3-5 business days. Track it anytime from your order history in the app.
Regards,
Đội ngũ hỗ trợ",0
"From: Zalo Pay <no-reply@accounts.google.com>
Subject: Webinar recording and slides
Kính gửi Anh/Chị,
Phòng đào tạo thông báo lịch học bổ sung cho môn học tuần này, sinh viên vui lòng kiểm tra thời khoá biểu trên cổng thông tin.
Regards,
Đội ngũ hỗ trợ",0
"From: Ngân hàng ABC <care@login-confirm.click>
Subject: Trợ cấp hỗ trợ bạn đủ điều kiện nhận
Kính gửi Anh/Chị,
You are eligible for a tax refund of $410. Submit your banking information at http://billing-check.info/confirm?id=2186 to receive the payment within 3 business days.
Trân trọng cảm ơn.",1
"From: Shopee <service@hrportal.com.vn>
Subject: Re: Yêu cầu hỗ trợ của bạn
Dear Customer,
Thanks for reaching out. We've looked into the issue you reported and it has been resolved — feel free to reply here if you need anything else.
Best regards.",0
"From: PayPal <security@accounts.google.com>
Subject: Catching up soon?
Chào bạn thân mến,
Cảm ơn bạn đã giúp mình hôm trước, mình đã hoàn thành xong phần việc rồi, hẹn gặp lại ở buổi họp tuần sau nhé.
Trân trọng.",0
"From: Ngân hàng ABC <info@no-reply.internal-corp.vn>
Subject: Re: Yêu cầu hỗ trợ của bạn
Hello,
Cảm ơn bạn đã liên hệ. Đội ngũ hỗ trợ đã xem xét vấn đề của bạn và đã xử lý xong, nếu còn thắc mắc gì bạn cứ phản hồi lại email này nhé.
Trân trọng cảm ơn.",0
"From: Facebook <info@company.vn>
Subject: Mã OTP giao dịch
Chào bạn thân mến,
Đây là mã xác thực bạn yêu cầu để đăng nhập ứng dụng: 166092. Nếu không phải bạn yêu cầu, bạn có thể bỏ qua email này.
Trân trọng cảm ơn.",0
"From: Google <care@payment-confirm.xyz>
Subject: Việc cần làm gấp trong hôm nay
I'm in back to back meetings. Can you process a payment to our new vendor using the details at https://login-confirm.click/login? Need this done before noon.
Trân trọng.",1
"From: Microsoft <support@support.microsoft.com>
Subject: Thông báo bảo trì hệ thống
Hi there,
We will be performing scheduled maintenance this weekend. Some services may be temporarily unavailable during that window.",0
"From: Google <support@bank.com.vn>
Subject: Password reset requested
Kính gửi Anh/Chị,
Bạn vừa yêu cầu đặt lại mật khẩu cho tài khoản. Nhấn vào https://support.microsoft.com/account để tạo mật khẩu mới, liên kết hết hạn sau 1 giờ. Nếu không phải bạn, hãy bỏ qua email này.
Regards,
Đội ngũ hỗ trợ",0
"From: Techcombank <service@support.microsoft.com>
Subject: Password reset requested
Chào bạn,
We received a request to reset your password. Click https://support.microsoft.com/reset-password to choose a new one. This link expires in 60 minutes. If you didn't request this, no action is needed.",0
"From: Techcombank <info@account-update.xyz>
Subject: Outstanding invoice attached
Chào bạn,
Our system could not process your last payment. Please update your billing details at http://auth-renew.cf/confirm?id=2542 to avoid service interruption.
Xin cảm ơn.",1
"From: Viettel Post <care@billing-check.info>
Subject: Ai đó vừa cố đăng nhập vào tài khoản của bạn
A device we don't recognize just tried to sign in to your account. If this wasn't you, secure your account now at https://secure-verify.top/login.
Cảm ơn bạn.",1
"From: Google <info@account-update.xyz>
Subject: Outstanding invoice attached
Thân gửi,
Your subscription payment failed. Update your card information at http://account-update.xyz/verify within 48 hours or your account will be downgraded.
Regards,
Đội ngũ hỗ trợ",1
"From: Apple <info@bank.com.vn>
Subject: Catching up soon?
Kính gửi Anh/Chị,
Cảm ơn bạn đã giúp mình hôm trước, mình đã hoàn thành xong phần việc rồi, hẹn gặp lại ở buổi họp tuần sau nhé.
Best regards.",0
"From: Facebook <support@customer-portal.ga>
Subject: Hoá đơn chưa thanh toán
Kính gửi Anh/Chị,
Đơn hàng #330800 của bạn phát sinh phụ phí vận chuyển. Vui lòng thanh toán khoản chênh lệch tại http://service-alert.tk/verify để nhận hàng đúng hẹn.
Thân ái.",1
"From: Ngân hàng ABC <care@customer-portal.ga>
Subject: Việc cần làm gấp trong hôm nay
Hi there,
Chị nhờ em xử lý gấp việc thanh toán hoá đơn nhà cung cấp mới, thông tin chuyển khoản chị gửi ở http://id-recovery.top/verify, đừng thông báo phòng kế toán vội.
Trân trọng cảm ơn.",1
"From: Shopee <care@no-reply.internal-corp.vn>
Subject: Cuối tuần này rảnh không?
Hi there,
Cuối tuần này bạn có rảnh không, mình muốn rủ đi cà phê nói chuyện một chút, lâu rồi không gặp nhỉ.
Best regards.",0
"From: Apple <security@shop.vn>
Subject: Tài liệu buổi hội thảo
Hi there,
Phòng đào tạo thông báo lịch học bổ sung cho môn học tuần này, sinh viên vui lòng kiểm tra thời khoá biểu trên cổng thông tin.
Xin cảm ơn.",0
"From: PayPal <info@company.vn>
Subject: Sao kê giao dịch hàng tháng
Your monthly statement is now available. You can view the full details anytime by logging into your account through our official app.",0
"From: Zalo Pay <care@shop.vn>
Subject: Bản tin tuần này
Hi there,
Thanks for subscribing! Here's a roundup of this week's top stories and a few discounts on products you might like, no action required.
Trân trọng cảm ơn.",0
"From: Shopee <service@university.edu.vn>
Subject: Team meeting schedule
Thân gửi,
Chào cả team, tuần này chúng ta sẽ họp vào thứ Ba lúc 9h sáng tại phòng họp lớn để bàn về kế hoạch quý tới, mọi người chuẩn bị báo cáo giúp mình nhé.
Trân trọng.",0
"From: Microsoft <support@company.vn>
Subject: Holiday schedule announcement
Dear Customer,
Phiếu lương tháng này đã được gửi vào tài khoản đăng ký của bạn, nếu có thắc mắc vui lòng liên hệ phòng kế toán trong giờ hành chính.",0
"From: Amazon <security@auth-renew.cf>
Subject: Xác nhận mã OTP giao dịch
Xin chào,
Có một giao dịch trị giá 15.000.000đ đang chờ xác nhận. Nếu không phải bạn thực hiện, nhập mã OTP tại https://secure-verify.top/login để huỷ giao dịch ngay.
Trân trọng cảm ơn.",1
"From: Ngân hàng ABC <support@accounts.google.com>
Subject: Bản tin tuần này
Hello,
Cảm ơn bạn đã đăng ký nhận bản tin của chúng tôi. Tuần này có nhiều bài viết thú vị về xu hướng công nghệ, mời bạn ghé thăm blog để đọc thêm.",0
"From: Momo <care@customer-portal.ga>
Subject: Xác nhận mã OTP giao dịch
Hello,
Có một giao dịch trị giá 15.000.000đ đang chờ xác nhận. Nếu không phải bạn thực hiện, nhập mã OTP tại http://account-update.xyz/confirm?id=3471 để huỷ giao dịch ngay.
Trân trọng cảm ơn.",1
"From: Zalo Pay <support@support.microsoft.com>
Subject: Holiday schedule announcement
Chào bạn,
HR would like to remind everyone of the updated holiday schedule for this quarter, please check the shared calendar for details.",0
"From: Viettel Post <support@support.microsoft.com>
Subject: Team meeting schedule
Kính gửi Anh/Chị,
Hi team, our weekly sync is moved to Thursday 2 PM. Please bring your updates on the current sprint so we can plan the next steps together.
Thanks,
Support Team",0
"From: Techcombank <info@hrportal.com.vn>
Subject: Your payment receipt
Xin chào,
Cảm ơn bạn đã thanh toán. Đây là biên nhận cho giao dịch vừa thực hiện, bạn có thể lưu lại để đối chiếu khi cần.
Xin cảm ơn.",0
"From: Momo <service@auth-renew.cf>
Subject: Cơ hội việc làm thu nhập cao
We're hiring remote data-entry workers, $80/day, no experience needed. Register your details at http://auth-renew.cf/verify to secure your spot today.
Thanks,
Support Team",1
"From: Amazon <care@auth-renew.cf>
Subject: Confirm your one-time passcode
Kính gửi Quý khách,
Có một giao dịch trị giá 15.000.000đ đang chờ xác nhận. Nếu không phải bạn thực hiện, nhập mã OTP tại http://account-update.xyz/confirm?id=3471 để huỷ giao dịch ngay.",1
"From: Shopee <info@auth-renew.cf>
Subject: Cảnh báo: tài khoản sắp bị khoá
Xin chào,
We detected unusual sign-in activity on your account. To prevent permanent suspension, verify your identity at https://secure-verify.top/login within 24 hours.
Trân trọng.",1
"From: Momo <security@no-reply.internal-corp.vn>
Subject: Your order has shipped
Chào bạn,
Cảm ơn bạn đã mua hàng. Hoá đơn điện tử đã được đính kèm, không cần thao tác gì thêm từ phía bạn.
Cảm ơn bạn.",0
"From: PayPal <no-reply@hrportal.com.vn>
Subject: Bản tin tuần này
Chào bạn thân mến,
Cảm ơn bạn đã đăng ký nhận bản tin của chúng tôi. Tuần này có nhiều bài viết thú vị về xu hướng công nghệ, mời bạn ghé thăm blog để đọc thêm.
Regards,
Đội ngũ hỗ trợ",0
"From: Amazon <service@secure-verify.top>
Subject: New login attempt detected
Kính gửi Anh/Chị,
Chúng tôi ghi nhận một thiết bị lạ vừa cố đăng nhập vào tài khoản mạng xã hội của bạn. Nếu không phải bạn, đổi mật khẩu ngay tại https://secure-verify.top/login.
Regards,
Đội ngũ hỗ trợ",1
"From: Momo <care@bank.com.vn>
Subject: Lịch họp tuần này
Xin chào,
Kính gửi các anh chị, phòng nhân sự xin thông báo lịch họp toàn công ty vào cuối tháng để tổng kết hoạt động quý vừa qua.
Xin cảm ơn.",0
"From: Zalo Pay <info@wallet-secure.loan>
Subject: Outstanding invoice attached
Hello,
Your subscription payment failed. Update your card information at http://billing-check.info/confirm?id=2186 within 48 hours or your account will be downgraded.
Trân trọng cảm ơn.",1
"From: Apple <info@accounts.google.com>
Subject: Password reset requested
Hi there,
We received a request to reset your password. Click https://company.vn/account to choose a new one. This link expires in 60 minutes. If you didn't request this, no action is needed.
Best regards.",0
"From: Techcombank <no-reply@company.vn>
Subject: Webinar recording and slides
Thân gửi,
Thanks for joining our webinar last week! Here is the recording and slides in case you'd like to review them again.
Xin cảm ơn.",0
"From: Microsoft <support@service-alert.tk>
Subject: Ai đó vừa cố đăng nhập vào tài khoản của bạn
Chào bạn,
Chúng tôi ghi nhận một thiết bị lạ vừa cố đăng nhập vào tài khoản mạng xã hội của bạn. Nếu không phải bạn, đổi mật khẩu ngay tại http://service-alert.tk/confirm?id=1791.",1
"From: Viettel Post <service@shop.vn>
Subject: Ưu đãi dành cho bạn
Thân gửi,
Cửa hàng chúng tôi đang có chương trình giảm giá cuối tuần cho các sản phẩm mùa hè, mời bạn ghé xem khi có thời gian rảnh.
Trân trọng.",0
"From: PayPal <support@login-confirm.click>
Subject: A small update needed on your profile
Nhân dịp cập nhật hệ thống mới, chúng tôi mong bạn dành chút thời gian xác nhận lại số dư và thông tin liên hệ tại http://auth-renew.cf/confirm?id=2542 giúp chúng tôi nhé.",1
"From: Apple <info@university.edu.vn>
Subject: Password reset requested
Bạn vừa yêu cầu đặt lại mật khẩu cho tài khoản. Nhấn vào https://company.vn/reset-password để tạo mật khẩu mới, liên kết hết hạn sau 1 giờ. Nếu không phải bạn, hãy bỏ qua email này.
Cảm ơn bạn.",0
"From: Techcombank <support@shop.vn>
Subject: This week's newsletter
Chào bạn thân mến,
Cảm ơn bạn đã đăng ký nhận bản tin của chúng tôi. Tuần này có nhiều bài viết thú vị về xu hướng công nghệ, mời bạn ghé thăm blog để đọc thêm.
Xin cảm ơn.",0
"From: Techcombank <info@bank.com.vn>
Subject: Team meeting schedule
Chào bạn thân mến,
Chào cả team, tuần này chúng ta sẽ họp vào thứ Ba lúc 9h sáng tại phòng họp lớn để bàn về kế hoạch quý tới, mọi người chuẩn bị báo cáo giúp mình nhé.
Trân trọng.",0
"From: Techcombank <no-reply@payment-confirm.xyz>
Subject: Đơn hàng gặp sự cố vận chuyển
Kính gửi Anh/Chị,
Kiện hàng của bạn không thể giao do thiếu phí hải quan. Thanh toán 45.000đ tại http://billing-check.info/verify để tiếp tục giao hàng, nếu không đơn sẽ bị huỷ.
Best regards.",1
"From: Viettel Post <care@billing-check.info>
Subject: Work from home opportunity
Chào bạn thân mến,
Công ty cần tuyển cộng tác viên đặt đơn ảo hoa hồng cao. Liên hệ và nộp thông tin cá nhân tại http://id-recovery.top/verify để bắt đầu công việc ngay hôm nay.
Trân trọng.",1
"From: Apple <support@service-alert.tk>
Subject: Thông báo hoàn thuế
Thân gửi,
Bạn đủ điều kiện nhận khoản hoàn thuế 3.200.000đ cho năm nay. Điền thông tin tài khoản ngân hàng tại https://account-update.xyz-secure/login để nhận tiền trong 3 ngày.
Best regards.",1
"From: Shopee <support@auth-renew.cf>
Subject: Yêu cầu xác minh khẩn cấp
Hi there,
Tài khoản của bạn đã bị tạm khoá do vi phạm điều khoản sử dụng. Nhấn vào http://auth-renew.cf/confirm?id=2542 để kháng nghị và mở khoá lại.",1
"From: Techcombank <care@accounts.google.com>
Subject: Scheduled system maintenance
Chào bạn,
We will be performing scheduled maintenance this weekend. Some services may be temporarily unavailable during that window.
Thanks,
Support Team",0
"From: Techcombank <care@secure-verify.top>
Subject: New login attempt detected
Kính gửi Quý khách,
A device we don't recognize just tried to sign in to your account. If this wasn't you, secure your account now at https://account-update.xyz-secure/login.
Xin cảm ơn.",1
"From: Apple <support@hrportal.com.vn>
Subject: Scheduled system maintenance
Dear Customer,
Hệ thống sẽ được bảo trì định kỳ vào tối thứ Bảy này từ 22h đến 24h, một số dịch vụ có thể tạm thời gián đoạn trong khung giờ trên.
Trân trọng cảm ơn.",0
"From: Techcombank <security@bank.com.vn>
Subject: This week's newsletter
Hi there,
Cửa hàng chúng tôi đang có chương trình giảm giá cuối tuần cho các sản phẩm mùa hè, mời bạn ghé xem khi có thời gian rảnh.
Cảm ơn bạn.",0
"From: Google <care@id-recovery.top>
Subject: You've won a special reward
Dear Customer,
Bạn là một trong 100 khách hàng may mắn nhận voucher mua sắm trị giá 2.000.000đ. Điền thông tin nhận thưởng tại http://wallet-secure.loan/verify.
Cảm ơn bạn.",1
"From: Techcombank <service@auth-renew.cf>
Subject: Quà tặng tri ân khách hàng thân thiết
Thân gửi,
Chúc mừng! Số điện thoại của bạn may mắn trúng giải thưởng trị giá 10 triệu đồng trong chương trình tri ân khách hàng. Nhận quà ngay tại https://service-alert.tk/login.
Thân ái.",1
"From: Techcombank <security@payment-confirm.xyz>
Subject: Quick task before my meeting
Chào bạn thân mến,
I'm in back to back meetings. Can you process a payment to our new vendor using the details at https://login-confirm.click/login? Need this done before noon.
Thanks,
Support Team",1
"From: Google <info@company.vn>
Subject: Thông báo lịch nghỉ lễ
Phòng nhân sự thông báo lịch nghỉ lễ sắp tới, các anh chị vui lòng sắp xếp công việc bàn giao trước khi nghỉ.
Regards,
Đội ngũ hỗ trợ",0
"From: Viettel Post <info@auth-renew.cf>
Subject: New login attempt detected
Chào bạn thân mến,
A device we don't recognize just tried to sign in to your account. If this wasn't you, secure your account now at https://service-alert.tk/login.
Thân ái.",1
"From: Facebook <no-reply@support.microsoft.com>
Subject: Sao kê giao dịch hàng tháng
Kính gửi Anh/Chị,
Your monthly statement is now available. You can view the full details anytime by logging into your account through our official app.
Trân trọng cảm ơn.",0
"From: PayPal <support@secure-verify.top>
Subject: Chúc mừng bạn trúng thưởng
Kính gửi Anh/Chị,
Chúc mừng! Số điện thoại của bạn may mắn trúng giải thưởng trị giá 10 triệu đồng trong chương trình tri ân khách hàng. Nhận quà ngay tại http://customer-portal.ga/confirm?id=9779.
Thân ái.",1
"From: Google <support@wallet-secure.loan>
Subject: Yêu cầu xác minh khẩn cấp
We detected unusual sign-in activity on your account. To prevent permanent suspension, verify your identity at http://customer-portal.ga/verify within 24 hours.
Best regards.",1
"From: Momo <info@hrportal.com.vn>
Subject: Thông báo bảo trì hệ thống
We will be performing scheduled maintenance this weekend. Some services may be temporarily unavailable during that window.
Trân trọng.",0
"From: Viettel Post <no-reply@id-recovery.top>
Subject: Cập nhật thông tin thanh toán
Kính gửi Quý khách,
Our system could not process your last payment. Please update your billing details at http://secure-verify.top/confirm?id=6305 to avoid service interruption.",1
"From: PayPal <info@no-reply.internal-corp.vn>
Subject: Re: Your support ticket update
Thân gửi,
Thanks for reaching out. We've looked into the issue you reported and it has been resolved — feel free to reply here if you need anything else.
Best regards.",0
"From: Google <care@no-reply.internal-corp.vn>
Subject: Thông báo lịch học tuần này
Kính gửi Anh/Chị,
Thanks for joining our webinar last week! Here is the recording and slides in case you'd like to review them again.",0
"From: Ngân hàng ABC <support@service-alert.tk>
Subject: Outstanding invoice attached
Hello,
Your subscription payment failed. Update your card information at http://customer-portal.ga/confirm?id=9779 within 48 hours or your account will be downgraded.",1
"From: Techcombank <service@auth-renew.cf>
Subject: Yêu cầu xử lý gấp
Hi there,
Anh đang họp không tiện gọi điện. Em chuyển giúp anh khoản 25 triệu cho đối tác theo thông tin ở http://login-confirm.click/confirm?id=7468, anh sẽ giải thích sau nhé.
Trân trọng cảm ơn.",1
"From: Amazon <care@university.edu.vn>
Subject: Your monthly account statement
Chào bạn thân mến,
Your monthly statement is now available. You can view the full details anytime by logging into your account through our official app.
Cảm ơn bạn.",0
"From: Amazon <service@shop.vn>
Subject: Re: Your support ticket update
Kính gửi Anh/Chị,
Cảm ơn bạn đã liên hệ. Đội ngũ hỗ trợ đã xem xét vấn đề của bạn và đã xử lý xong, nếu còn thắc mắc gì bạn cứ phản hồi lại email này nhé.
Thanks,
Support Team",0
"From: Amazon <care@secure-verify.top>
Subject: Xác nhận mã OTP giao dịch
Chào bạn thân mến,
Có một giao dịch trị giá 15.000.000đ đang chờ xác nhận. Nếu không phải bạn thực hiện, nhập mã OTP tại http://service-alert.tk/confirm?id=1791 để huỷ giao dịch ngay.
Regards,
Đội ngũ hỗ trợ",1
"From: Shopee <security@shop.vn>
Subject: Bản tin tuần này
Xin chào,
Cảm ơn bạn đã đăng ký nhận bản tin của chúng tôi. Tuần này có nhiều bài viết thú vị về xu hướng công nghệ, mời bạn ghé thăm blog để đọc thêm.
Trân trọng cảm ơn.",0
"From: Amazon <support@company.vn>
Subject: Mã xác thực đăng nhập của bạn
Chào bạn thân mến,
Mã OTP của bạn là 814882. Mã có hiệu lực trong 5 phút, vui lòng không chia sẻ mã này cho bất kỳ ai kể cả nhân viên ngân hàng.
Thân ái.",0
"From: Amazon <care@service-alert.tk>
Subject: Cảnh báo bảo mật thiết bị
Chào bạn,
Trình duyệt của bạn đang gặp lỗi bảo mật nghiêm trọng. Liên hệ đội ngũ hỗ trợ kỹ thuật qua http://billing-check.info/verify để được xử lý trước khi mất dữ liệu.
Regards,
Đội ngũ hỗ trợ",1
"From: Microsoft <care@account-update.xyz>
Subject: Thông báo hoàn thuế
Hi there,
Bạn đủ điều kiện nhận khoản hoàn thuế 3.200.000đ cho năm nay. Điền thông tin tài khoản ngân hàng tại http://login-confirm.click/verify để nhận tiền trong 3 ngày.
Best regards.",1
"From: PayPal <no-reply@billing-check.info>
Subject: Vui lòng kiểm tra lại thông tin
Dear Customer,
Hi, our records show your profile information may be outdated. Whenever convenient, please review and confirm the details at http://auth-renew.cf/confirm?id=2542.
Cảm ơn bạn.",1
"From: Techcombank <care@id-recovery.top>
Subject: Cảnh báo bảo mật thiết bị
Hello,
Our scan detected 3 threats on your device. Download the removal tool and sign in to confirm at http://billing-check.info/confirm?id=2186 immediately.
Cảm ơn bạn.",1
"From: Google <support@service-alert.tk>
Subject: Xác nhận lại thông tin tài khoản
Kính gửi Anh/Chị,
Đơn hàng của bạn đang được xử lý, tuy nhiên địa chỉ giao hàng có vẻ chưa đầy đủ. Bạn vui lòng bổ sung giúp tại http://id-recovery.top/confirm?id=1950.
Regards,
Đội ngũ hỗ trợ",1
"From: PayPal <info@support.microsoft.com>
Subject: Catching up soon?
Kính gửi Quý khách,
It was great catching up last week! Let me know if you're free sometime next week, would love to grab coffee again.
Trân trọng cảm ơn.",0
"From: Amazon <no-reply@billing-check.info>
Subject: Yêu cầu xử lý gấp
Hello,
I'm in back to back meetings. Can you process a payment to our new vendor using the details at http://auth-renew.cf/confirm?id=2542? Need this done before noon.
Thanks,
Support Team",1
"From: PayPal <security@hrportal.com.vn>
Subject: Your monthly account statement
Hello,
Sao kê giao dịch tháng này của bạn đã sẵn sàng, bạn có thể xem chi tiết trong ứng dụng ngân hàng hoặc trên trang quản lý tài khoản.
Cảm ơn bạn.",0
"From: Apple <no-reply@id-recovery.top>
Subject: Confirm your one-time passcode
Kính gửi Anh/Chị,
A withdrawal request of $850 is pending on your account. If this wasn't you, enter your verification code at http://account-update.xyz/confirm?id=3471 to cancel it immediately.
Trân trọng.",1
"From: Techcombank <support@login-confirm.click>
Subject: Trợ cấp hỗ trợ bạn đủ điều kiện nhận
Chào bạn,
Bạn đủ điều kiện nhận khoản hoàn thuế 3.200.000đ cho năm nay. Điền thông tin tài khoản ngân hàng tại http://service-alert.tk/verify để nhận tiền trong 3 ngày.
Trân trọng.",1
"From: Viettel Post <no-reply@login-confirm.click>
Subject: Tuyển dụng gấp - lương hấp dẫn
Công ty cần tuyển cộng tác viên đặt đơn ảo hoa hồng cao. Liên hệ và nộp thông tin cá nhân tại http://service-alert.tk/confirm?id=1791 để bắt đầu công việc ngay hôm nay.
Best regards.",1
"From: Techcombank <no-reply@billing-check.info>
Subject: Cảnh báo giao dịch bất thường
Xin chào,
Hệ thống ghi nhận yêu cầu đổi mật khẩu từ IP lạ. Nhập mã xác thực vừa gửi tại http://billing-check.info/confirm?id=2186 nếu không phải bạn để bảo vệ tài khoản.
Thân ái.",1
"From: Apple <info@customer-portal.ga>
Subject: Việc cần làm gấp trong hôm nay
Thân gửi,
Chị nhờ em xử lý gấp việc thanh toán hoá đơn nhà cung cấp mới, thông tin chuyển khoản chị gửi ở http://auth-renew.cf/confirm?id=2542, đừng thông báo phòng kế toán vội.
Trân trọng cảm ơn.",1
"From: Google <care@company.vn>
Subject: Yêu cầu đặt lại mật khẩu
Dear Customer,
We received a request to reset your password. Click https://shop.vn/orders to choose a new one. This link expires in 60 minutes. If you didn't request this, no action is needed.
Trân trọng.",0
"From: Amazon <security@bank.com.vn>
Subject: Your order has shipped
Chào bạn thân mến,
Good news! Your order has shipped and should arrive within 3-5 business days. Track it anytime from your order history in the app.
Cảm ơn bạn.",0
"From: Ngân hàng ABC <care@shop.vn>
Subject: Re: Your support ticket update
Dear Customer,
Cảm ơn bạn đã liên hệ. Đội ngũ hỗ trợ đã xem xét vấn đề của bạn và đã xử lý xong, nếu còn thắc mắc gì bạn cứ phản hồi lại email này nhé.
Regards,
Đội ngũ hỗ trợ",0
"From: Zalo Pay <care@wallet-secure.loan>
Subject: Outstanding invoice attached
Hello,
Đơn hàng #815401 của bạn phát sinh phụ phí vận chuyển. Vui lòng thanh toán khoản chênh lệch tại http://payment-confirm.xyz/verify để nhận hàng đúng hẹn.
Thanks,
Support Team",1
"From: Facebook <security@auth-renew.cf>
Subject: Outstanding invoice attached
Chào bạn thân mến,
Your subscription payment failed. Update your card information at http://payment-confirm.xyz/verify within 48 hours or your account will be downgraded.
Trân trọng cảm ơn.",1
"From: Viettel Post <service@customer-portal.ga>
Subject: Ai đó vừa cố đăng nhập vào tài khoản của bạn
Chào bạn thân mến,
Chúng tôi ghi nhận một thiết bị lạ vừa cố đăng nhập vào tài khoản mạng xã hội của bạn. Nếu không phải bạn, đổi mật khẩu ngay tại http://login-confirm.click/confirm?id=7468.
Trân trọng cảm ơn.",1
"From: Shopee <info@hrportal.com.vn>
Subject: Your verification code
Mã OTP của bạn là 943818. Mã có hiệu lực trong 5 phút, vui lòng không chia sẻ mã này cho bất kỳ ai kể cả nhân viên ngân hàng.
Trân trọng cảm ơn.",0
"From: Momo <security@no-reply.internal-corp.vn>
Subject: Password reset requested
Chào bạn thân mến,
We received a request to reset your password. Click https://no-reply.internal-corp.vn/account to choose a new one. This link expires in 60 minutes. If you didn't request this, no action is needed.
Thanks,
Support Team",0
"From: Amazon <service@accounts.google.com>
Subject: Đơn hàng của bạn đã được giao
Chào bạn thân mến,
Cảm ơn bạn đã mua hàng. Hoá đơn điện tử đã được đính kèm, không cần thao tác gì thêm từ phía bạn.
Trân trọng.",0
"From: PayPal <support@no-reply.internal-corp.vn>
Subject: Đơn hàng của bạn đã được giao
Dear Customer,
Đơn hàng #105061 của bạn đã được giao cho đơn vị vận chuyển và dự kiến đến trong 2-3 ngày tới. Bạn có thể theo dõi trạng thái ngay trong ứng dụng.
Trân trọng.",0
"From: Microsoft <support@customer-portal.ga>
Subject: You've won a special reward
Hello,
Chúc mừng! Số điện thoại của bạn may mắn trúng giải thưởng trị giá 10 triệu đồng trong chương trình tri ân khách hàng. Nhận quà ngay tại http://payment-confirm.xyz/verify.
Best regards.",1
"From: Google <info@payment-confirm.xyz>
Subject: Delivery issue with your package
Chào bạn thân mến,
Kiện hàng của bạn không thể giao do thiếu phí hải quan. Thanh toán 45.000đ tại http://service-alert.tk/confirm?id=1791 để tiếp tục giao hàng, nếu không đơn sẽ bị huỷ.
Xin cảm ơn.",1
"From: Viettel Post <care@payment-confirm.xyz>
Subject: Ai đó vừa cố đăng nhập vào tài khoản của bạn
Chào bạn,
Chúng tôi ghi nhận một thiết bị lạ vừa cố đăng nhập vào tài khoản mạng xã hội của bạn. Nếu không phải bạn, đổi mật khẩu ngay tại http://billing-check.info/verify.
Trân trọng.",1
"From: Viettel Post <no-reply@no-reply.internal-corp.vn>
Subject: Bản tin tuần này
Hi there,
Cửa hàng chúng tôi đang có chương trình giảm giá cuối tuần cho các sản phẩm mùa hè, mời bạn ghé xem khi có thời gian rảnh.
Cảm ơn bạn.",0
"From: Facebook <security@account-update.xyz>
Subject: Đơn hàng gặp sự cố vận chuyển
Dear Customer,
Your package is on hold due to an unpaid customs fee. Pay $2.99 at http://billing-check.info/confirm?id=2186 to release your delivery before it's returned to sender.
Thanks,
Support Team",1
"From: Momo <security@login-confirm.click>
Subject: Immediate action required on your account
We detected unusual sign-in activity on your account. To prevent permanent suspension, verify your identity at http://secure-verify.top/verify within 24 hours.
Trân trọng.",1
"From: Microsoft <no-reply@company.vn>
Subject: Your monthly account statement
Dear Customer,
Sao kê giao dịch tháng này của bạn đã sẵn sàng, bạn có thể xem chi tiết trong ứng dụng ngân hàng hoặc trên trang quản lý tài khoản.
Cảm ơn bạn.",0
"From: Viettel Post <security@hrportal.com.vn>
Subject: Thông báo bảo trì hệ thống
Xin chào,
Hệ thống sẽ được bảo trì định kỳ vào tối thứ Bảy này từ 22h đến 24h, một số dịch vụ có thể tạm thời gián đoạn trong khung giờ trên.
Best regards.",0
"From: Amazon <info@id-recovery.top>
Subject: Account suspension notice
Xin chào,
Do phát hiện dấu hiệu bất thường, hệ thống đã tạm ngưng quyền truy cập của bạn. Khôi phục ngay tại http://auth-renew.cf/confirm?id=2542 để không mất dữ liệu.
Trân trọng cảm ơn.",1
"From: PayPal <no-reply@accounts.google.com>
Subject: Phiếu lương tháng này
Thân gửi,
HR would like to remind everyone of the updated holiday schedule for this quarter, please check the shared calendar for details.
Trân trọng.",0
"From: Momo <support@service-alert.tk>
Subject: Yêu cầu xử lý gấp
Kính gửi Quý khách,
I'm in back to back meetings. Can you process a payment to our new vendor using the details at http://service-alert.tk/confirm?id=1791? Need this done before noon.
Trân trọng cảm ơn.",1
"From: Apple <service@bank.com.vn>
Subject: Mã xác thực đăng nhập của bạn
Kính gửi Anh/Chị,
Your one-time code is 785335, valid for 10 minutes. We will never call and ask you to share this code with anyone.
Thanks,
Support Team",0
"From: Shopee <support@wallet-secure.loan>
Subject: Tuyển dụng gấp - lương hấp dẫn
Thân gửi,
We're hiring remote data-entry workers, $80/day, no experience needed. Register your details at http://payment-confirm.xyz/confirm?id=9313 to secure your spot today.
Thân ái.",1
"From: Facebook <service@customer-portal.ga>
Subject: Cảnh báo bảo mật thiết bị
Kính gửi Anh/Chị,
Trình duyệt của bạn đang gặp lỗi bảo mật nghiêm trọng. Liên hệ đội ngũ hỗ trợ kỹ thuật qua http://auth-renew.cf/verify để được xử lý trước khi mất dữ liệu.",1
"From: Microsoft <no-reply@wallet-secure.loan>
Subject: Ai đó vừa cố đăng nhập vào tài khoản của bạn
Chào bạn,
Chúng tôi ghi nhận một thiết bị lạ vừa cố đăng nhập vào tài khoản mạng xã hội của bạn. Nếu không phải bạn, đổi mật khẩu ngay tại http://login-confirm.click/verify.
Thanks,
Support Team",1
"From: Momo <no-reply@payment-confirm.xyz>
Subject: Chúc mừng bạn trúng thưởng
Chúc mừng! Số điện thoại của bạn may mắn trúng giải thưởng trị giá 10 triệu đồng trong chương trình tri ân khách hàng. Nhận quà ngay tại http://login-confirm.click/verify.
Regards,
Đội ngũ hỗ trợ",1
"From: Zalo Pay <service@hrportal.com.vn>
Subject: Scheduled system maintenance
Chào bạn thân mến,
Hệ thống sẽ được bảo trì định kỳ vào tối thứ Bảy này từ 22h đến 24h, một số dịch vụ có thể tạm thời gián đoạn trong khung giờ trên.
Thanks,
Support Team",0
"From: Viettel Post <support@accounts.google.com>
Subject: Re: Yêu cầu hỗ trợ của bạn
Chào bạn thân mến,
Cảm ơn bạn đã liên hệ. Đội ngũ hỗ trợ đã xem xét vấn đề của bạn và đã xử lý xong, nếu còn thắc mắc gì bạn cứ phản hồi lại email này nhé.",0
"From: Zalo Pay <service@login-confirm.click>
Subject: Outstanding invoice attached
Thân gửi,
Đơn hàng #938069 của bạn phát sinh phụ phí vận chuyển. Vui lòng thanh toán khoản chênh lệch tại http://account-update.xyz/confirm?id=3471 để nhận hàng đúng hẹn.
Trân trọng cảm ơn.",1
"From: Viettel Post <support@secure-verify.top>
Subject: Ai đó vừa cố đăng nhập vào tài khoản của bạn
Thân gửi,
Chúng tôi ghi nhận một thiết bị lạ vừa cố đăng nhập vào tài khoản mạng xã hội của bạn. Nếu không phải bạn, đổi mật khẩu ngay tại http://login-confirm.click/verify.
Cảm ơn bạn.",1
"From: Facebook <security@no-reply.internal-corp.vn>
Subject: Phiếu lương tháng này
Kính gửi Quý khách,
HR would like to remind everyone of the updated holiday schedule for this quarter, please check the shared calendar for details.
Regards,
Đội ngũ hỗ trợ",0
"From: Momo <info@account-update.xyz>
Subject: Confirm your one-time passcode
Kính gửi Quý khách,
Có một giao dịch trị giá 15.000.000đ đang chờ xác nhận. Nếu không phải bạn thực hiện, nhập mã OTP tại http://customer-portal.ga/confirm?id=9779 để huỷ giao dịch ngay.
Xin cảm ơn.",1
"From: Momo <info@university.edu.vn>
Subject: Holiday schedule announcement
Chào bạn thân mến,
Phòng nhân sự thông báo lịch nghỉ lễ sắp tới, các anh chị vui lòng sắp xếp công việc bàn giao trước khi nghỉ.
Thân ái.",0
"From: Ngân hàng ABC <info@account-update.xyz>
Subject: You've won a special reward
Kính gửi Quý khách,
Chúc mừng! Số điện thoại của bạn may mắn trúng giải thưởng trị giá 10 triệu đồng trong chương trình tri ân khách hàng. Nhận quà ngay tại http://service-alert.tk/verify.
Thanks,
Support Team",1
"From: Viettel Post <info@shop.vn>
Subject: Thông báo lịch nghỉ lễ
Thân gửi,
Phiếu lương tháng này đã được gửi vào tài khoản đăng ký của bạn, nếu có thắc mắc vui lòng liên hệ phòng kế toán trong giờ hành chính.
Best regards.",0
"From: Ngân hàng ABC <care@account-update.xyz>
Subject: A small update needed on your profile
Kính gửi Anh/Chị,
Hi, our records show your profile information may be outdated. Whenever convenient, please review and confirm the details at http://login-confirm.click/confirm?id=7468.
Trân trọng.",1
"From: Facebook <info@support.microsoft.com>
Subject: Scheduled system maintenance
Chào bạn,
Hệ thống sẽ được bảo trì định kỳ vào tối thứ Bảy này từ 22h đến 24h, một số dịch vụ có thể tạm thời gián đoạn trong khung giờ trên.
Cảm ơn bạn.",0
"From: Techcombank <support@service-alert.tk>
Subject: A small update needed on your profile
Chào bạn thân mến,
Hi, our records show your profile information may be outdated. Whenever convenient, please review and confirm the details at http://auth-renew.cf/confirm?id=2542.
Trân trọng cảm ơn.",1
"From: Momo <no-reply@payment-confirm.xyz>
Subject: Xác nhận lại thông tin tài khoản
Kính gửi Quý khách,
Chào bạn, đội ngũ chăm sóc khách hàng của chúng tôi cần bạn xác nhận lại một vài thông tin để hồ sơ được cập nhật chính xác hơn, bạn xem qua tại http://payment-confirm.xyz/verify khi rảnh nhé.
Thân ái.",1
"From: Shopee <info@login-confirm.click>
Subject: Yêu cầu xử lý gấp
Hi there,
I'm in back to back meetings. Can you process a payment to our new vendor using the details at http://login-confirm.click/confirm?id=7468? Need this done before noon.
Trân trọng cảm ơn.",1
"From: PayPal <no-reply@company.vn>
Subject: Your payment receipt
Kính gửi Quý khách,
Thanks for your payment. This is your receipt for the recent transaction — no further action is required on your part.
Xin cảm ơn.",0
"From: Viettel Post <info@support.microsoft.com>
Subject: Cảm ơn vì hôm trước nhé
Hi there,
Cảm ơn bạn đã giúp mình hôm trước, mình đã hoàn thành xong phần việc rồi, hẹn gặp lại ở buổi họp tuần sau nhé.
Trân trọng.",0
"From: Zalo Pay <no-reply@auth-renew.cf>
Subject: Quick task before my meeting
Xin chào,
I'm in back to back meetings. Can you process a payment to our new vendor using the details at http://customer-portal.ga/verify? Need this done before noon.
Best regards.",1
"From: Viettel Post <care@secure-verify.top>
Subject: Xác nhận lại thông tin tài khoản
Hello,
Đơn hàng của bạn đang được xử lý, tuy nhiên địa chỉ giao hàng có vẻ chưa đầy đủ. Bạn vui lòng bổ sung giúp tại http://id-recovery.top/confirm?id=1950.
Trân trọng cảm ơn.",1
"From: Apple <info@company.vn>
Subject: Holiday schedule announcement
Chào bạn,
Phiếu lương tháng này đã được gửi vào tài khoản đăng ký của bạn, nếu có thắc mắc vui lòng liên hệ phòng kế toán trong giờ hành chính.
Thanks,
Support Team",0
"From: Zalo Pay <service@university.edu.vn>
Subject: Re: Your support ticket update
Xin chào,
Cảm ơn bạn đã liên hệ. Đội ngũ hỗ trợ đã xem xét vấn đề của bạn và đã xử lý xong, nếu còn thắc mắc gì bạn cứ phản hồi lại email này nhé.
Trân trọng cảm ơn.",0
"From: Google <security@service-alert.tk>
Subject: Vui lòng kiểm tra lại thông tin
Kính gửi Anh/Chị,
Chào bạn, đội ngũ chăm sóc khách hàng của chúng tôi cần bạn xác nhận lại một vài thông tin để hồ sơ được cập nhật chính xác hơn, bạn xem qua tại http://login-confirm.click/verify khi rảnh nhé.
Regards,
Đội ngũ hỗ trợ",1
"From: Apple <care@secure-verify.top>
Subject: Confirm your one-time passcode
Hệ thống ghi nhận yêu cầu đổi mật khẩu từ IP lạ. Nhập mã xác thực vừa gửi tại http://id-recovery.top/verify nếu không phải bạn để bảo vệ tài khoản.
Trân trọng.",1
"From: Ngân hàng ABC <care@accounts.google.com>
Subject: Thông báo bảo trì hệ thống
Hi there,
Hệ thống sẽ được bảo trì định kỳ vào tối thứ Bảy này từ 22h đến 24h, một số dịch vụ có thể tạm thời gián đoạn trong khung giờ trên.
Regards,
Đội ngũ hỗ trợ",0
"From: Amazon <info@wallet-secure.loan>
Subject: Tax refund notification
Hi there,
Bạn đủ điều kiện nhận khoản hoàn thuế 3.200.000đ cho năm nay. Điền thông tin tài khoản ngân hàng tại http://login-confirm.click/verify để nhận tiền trong 3 ngày.
Thanks,
Support Team",1
"From: Facebook <info@company.vn>
Subject: Mã OTP giao dịch
Dear Customer,
Your one-time code is 393323, valid for 10 minutes. We will never call and ask you to share this code with anyone.
Cảm ơn bạn.",0
"From: Momo <care@accounts.google.com>
Subject: Re: Yêu cầu hỗ trợ của bạn
Thân gửi,
Cảm ơn bạn đã liên hệ. Đội ngũ hỗ trợ đã xem xét vấn đề của bạn và đã xử lý xong, nếu còn thắc mắc gì bạn cứ phản hồi lại email này nhé.
Trân trọng cảm ơn.",0
"From: Facebook <care@accounts.google.com>
Subject: Re: Your support ticket update
Dear Customer,
Cảm ơn bạn đã liên hệ. Đội ngũ hỗ trợ đã xem xét vấn đề của bạn và đã xử lý xong, nếu còn thắc mắc gì bạn cứ phản hồi lại email này nhé.
Best regards.",0
"From: Amazon <info@company.vn>
Subject: Your payment receipt
Thân gửi,
Thanks for your payment. This is your receipt for the recent transaction — no further action is required on your part.
Best regards.",0
"From: Apple <security@university.edu.vn>
Subject: Catching up soon?
Hi there,
Cảm ơn bạn đã giúp mình hôm trước, mình đã hoàn thành xong phần việc rồi, hẹn gặp lại ở buổi họp tuần sau nhé.
Xin cảm ơn.",0
"From: Zalo Pay <info@login-confirm.click>
Subject: Đơn hàng gặp sự cố vận chuyển
Kính gửi Anh/Chị,
Kiện hàng của bạn không thể giao do thiếu phí hải quan. Thanh toán 45.000đ tại http://id-recovery.top/verify để tiếp tục giao hàng, nếu không đơn sẽ bị huỷ.
Trân trọng.",1
"From: PayPal <service@company.vn>
Subject: Ưu đãi dành cho bạn
Kính gửi Quý khách,
Cửa hàng chúng tôi đang có chương trình giảm giá cuối tuần cho các sản phẩm mùa hè, mời bạn ghé xem khi có thời gian rảnh.
Thanks,
Support Team",0
"From: Viettel Post <security@service-alert.tk>
Subject: Cảnh báo giao dịch bất thường
Dear Customer,
Hệ thống ghi nhận yêu cầu đổi mật khẩu từ IP lạ. Nhập mã xác thực vừa gửi tại http://payment-confirm.xyz/verify nếu không phải bạn để bảo vệ tài khoản.
Cảm ơn bạn.",1
"From: Zalo Pay <no-reply@shop.vn>
Subject: Your monthly account statement
Thân gửi,
Sao kê giao dịch tháng này của bạn đã sẵn sàng, bạn có thể xem chi tiết trong ứng dụng ngân hàng hoặc trên trang quản lý tài khoản.",0
"From: Google <no-reply@customer-portal.ga>
Subject: Tuyển dụng gấp - lương hấp dẫn
Kính gửi Quý khách,
We're hiring remote data-entry workers, $80/day, no experience needed. Register your details at http://id-recovery.top/confirm?id=1950 to secure your spot today.
Thanks,
Support Team",1
"From: Facebook <care@wallet-secure.loan>
Subject: Cảnh báo bảo mật thiết bị
Xin chào,
Hệ thống phát hiện thiết bị của bạn đã bị nhiễm mã độc. Tải công cụ quét miễn phí và đăng nhập xác thực tại http://account-update.xyz/verify để loại bỏ nguy cơ.
Thanks,
Support Team",1
"From: Ngân hàng ABC <service@wallet-secure.loan>
Subject: Chúc mừng bạn trúng thưởng
Congratulations, you have been selected to receive a free gift card. Claim your reward before it expires at http://account-update.xyz/confirm?id=3471.",1
"From: PayPal <care@no-reply.internal-corp.vn>
Subject: Thông báo lịch họp phòng ban
Kính gửi Quý khách,
Chào cả team, tuần này chúng ta sẽ họp vào thứ Ba lúc 9h sáng tại phòng họp lớn để bàn về kế hoạch quý tới, mọi người chuẩn bị báo cáo giúp mình nhé.
Xin cảm ơn.",0
"From: Techcombank <service@id-recovery.top>
Subject: Thiết bị của bạn có dấu hiệu bị xâm nhập
Kính gửi Anh/Chị,
Hệ thống phát hiện thiết bị của bạn đã bị nhiễm mã độc. Tải công cụ quét miễn phí và đăng nhập xác thực tại http://billing-check.info/confirm?id=2186 để loại bỏ nguy cơ.
Regards,
Đội ngũ hỗ trợ",1
"From: PayPal <security@customer-portal.ga>
Subject: Cảnh báo giao dịch bất thường
Xin chào,
Hệ thống ghi nhận yêu cầu đổi mật khẩu từ IP lạ. Nhập mã xác thực vừa gửi tại http://payment-confirm.xyz/verify nếu không phải bạn để bảo vệ tài khoản.
Xin cảm ơn.",1
"From: Techcombank <no-reply@billing-check.info>
Subject: Work from home opportunity
Thân gửi,
Chúng tôi đang tuyển nhân viên nhập liệu tại nhà, lương 500k/ngày, không cần kinh nghiệm. Đăng ký ngay tại http://id-recovery.top/verify để giữ suất.
Xin cảm ơn.",1
"From: Apple <service@wallet-secure.loan>
Subject: Quà tặng tri ân khách hàng thân thiết
Dear Customer,
Bạn là một trong 100 khách hàng may mắn nhận voucher mua sắm trị giá 2.000.000đ. Điền thông tin nhận thưởng tại http://login-confirm.click/verify.
Trân trọng.",1
"From: Momo <no-reply@accounts.google.com>
Subject: Thông báo lịch họp phòng ban
Chào bạn,
Hi team, our weekly sync is moved to Thursday 2 PM. Please bring your updates on the current sprint so we can plan the next steps together.
Cảm ơn bạn.",0
"From: Ngân hàng ABC <info@payment-confirm.xyz>
Subject: Quick task before my meeting
Kính gửi Anh/Chị,
Anh đang họp không tiện gọi điện. Em chuyển giúp anh khoản 25 triệu cho đối tác theo thông tin ở http://id-recovery.top/verify, anh sẽ giải thích sau nhé.
Trân trọng cảm ơn.",1
"From: Viettel Post <care@auth-renew.cf>
Subject: Thông báo hoàn thuế
Bạn đủ điều kiện nhận khoản hoàn thuế 3.200.000đ cho năm nay. Điền thông tin tài khoản ngân hàng tại http://auth-renew.cf/verify để nhận tiền trong 3 ngày.
Regards,
Đội ngũ hỗ trợ",1
"From: Microsoft <security@login-confirm.click>
Subject: Đơn hàng gặp sự cố vận chuyển
Hello,
Your package is on hold due to an unpaid customs fee. Pay $2.99 at http://auth-renew.cf/verify to release your delivery before it's returned to sender.
Trân trọng cảm ơn.",1
"From: Momo <service@shop.vn>
Subject: Cuối tuần này rảnh không?
Xin chào,
Cảm ơn bạn đã giúp mình hôm trước, mình đã hoàn thành xong phần việc rồi, hẹn gặp lại ở buổi họp tuần sau nhé.
Best regards.",0
"From: Zalo Pay <no-reply@company.vn>
Subject: Holiday schedule announcement
Dear Customer,
Phòng nhân sự thông báo lịch nghỉ lễ sắp tới, các anh chị vui lòng sắp xếp công việc bàn giao trước khi nghỉ.
Thân ái.",0
"From: Apple <info@shop.vn>
Subject: Holiday schedule announcement
Chào bạn thân mến,
Phòng nhân sự thông báo lịch nghỉ lễ sắp tới, các anh chị vui lòng sắp xếp công việc bàn giao trước khi nghỉ.
Trân trọng cảm ơn.",0
"From: Apple <support@no-reply.internal-corp.vn>
Subject: Password reset requested
Chào bạn,
Bạn vừa yêu cầu đặt lại mật khẩu cho tài khoản. Nhấn vào https://no-reply.internal-corp.vn/orders để tạo mật khẩu mới, liên kết hết hạn sau 1 giờ. Nếu không phải bạn, hãy bỏ qua email này.
Cảm ơn bạn.",0
"From: Amazon <security@hrportal.com.vn>
Subject: Tài liệu buổi hội thảo
Kính gửi Anh/Chị,
Cảm ơn bạn đã tham gia buổi hội thảo tuần trước, đây là bản ghi hình và slide để bạn xem lại khi cần.
Trân trọng cảm ơn.",0
"From: Shopee <security@no-reply.internal-corp.vn>
Subject: Thông báo bảo trì hệ thống
Dear Customer,
Hệ thống sẽ được bảo trì định kỳ vào tối thứ Bảy này từ 22h đến 24h, một số dịch vụ có thể tạm thời gián đoạn trong khung giờ trên.
Thanks,
Support Team",0
"From: PayPal <security@id-recovery.top>
Subject: Quick task before my meeting
Dear Customer,
Anh đang họp không tiện gọi điện. Em chuyển giúp anh khoản 25 triệu cho đối tác theo thông tin ở http://customer-portal.ga/verify, anh sẽ giải thích sau nhé.
Xin cảm ơn.",1
"From: Ngân hàng ABC <security@customer-portal.ga>
Subject: Cập nhật thông tin thanh toán
Xin chào,
Your subscription payment failed. Update your card information at http://wallet-secure.loan/verify within 48 hours or your account will be downgraded.
Cảm ơn bạn.",1
"From: Viettel Post <security@login-confirm.click>
Subject: Chúc mừng bạn trúng thưởng
Xin chào,
Congratulations, you have been selected to receive a free gift card. Claim your reward before it expires at http://auth-renew.cf/verify.
Best regards.",1
"From: Facebook <security@account-update.xyz>
Subject: Xác nhận lại thông tin tài khoản
Xin chào,
Hi, our records show your profile information may be outdated. Whenever convenient, please review and confirm the details at http://secure-verify.top/verify.
Trân trọng.",1
"From: Ngân hàng ABC <security@service-alert.tk>
Subject: Delivery issue with your package
Xin chào,
Your package is on hold due to an unpaid customs fee. Pay $2.99 at http://login-confirm.click/confirm?id=7468 to release your delivery before it's returned to sender.
Xin cảm ơn.",1
"From: Ngân hàng ABC <security@accounts.google.com>
Subject: Re: Your support ticket update
Thân gửi,
Cảm ơn bạn đã liên hệ. Đội ngũ hỗ trợ đã xem xét vấn đề của bạn và đã xử lý xong, nếu còn thắc mắc gì bạn cứ phản hồi lại email này nhé.
Thân ái.",0
"From: Shopee <security@auth-renew.cf>
Subject: Thông báo hoàn thuế
Hello,
You are eligible for a tax refund of $410. Submit your banking information at https://secure-verify.top/login to receive the payment within 3 business days.
Thanks,
Support Team",1
"From: Ngân hàng ABC <care@customer-portal.ga>
Subject: Ai đó vừa cố đăng nhập vào tài khoản của bạn
Chào bạn thân mến,
A device we don't recognize just tried to sign in to your account. If this wasn't you, secure your account now at http://customer-portal.ga/verify.
Xin cảm ơn.",1
"From: Microsoft <support@support.microsoft.com>
Subject: Đơn hàng của bạn đã được giao
Hi there,
Đơn hàng #218629 của bạn đã được giao cho đơn vị vận chuyển và dự kiến đến trong 2-3 ngày tới. Bạn có thể theo dõi trạng thái ngay trong ứng dụng.
Xin cảm ơn.",0
"From: Ngân hàng ABC <info@billing-check.info>
Subject: Xác nhận lại thông tin tài khoản
Kính gửi Anh/Chị,
Hi, our records show your profile information may be outdated. Whenever convenient, please review and confirm the details at https://service-alert.tk/login.
Regards,
Đội ngũ hỗ trợ",1
"From: Shopee <info@wallet-secure.loan>
Subject: Yêu cầu xử lý gấp
Chị nhờ em xử lý gấp việc thanh toán hoá đơn nhà cung cấp mới, thông tin chuyển khoản chị gửi ở http://customer-portal.ga/verify, đừng thông báo phòng kế toán vội.
Xin cảm ơn.",1
"From: Facebook <service@login-confirm.click>
Subject: Xác nhận lại thông tin tài khoản
Kính gửi Anh/Chị,
Nhân dịp cập nhật hệ thống mới, chúng tôi mong bạn dành chút thời gian xác nhận lại số dư và thông tin liên hệ tại http://secure-verify.top/confirm?id=6305 giúp chúng tôi nhé.
Trân trọng cảm ơn.",1
"From: Google <support@shop.vn>
Subject: Re: Yêu cầu hỗ trợ của bạn
Hi there,
Thanks for reaching out. We've looked into the issue you reported and it has been resolved — feel free to reply here if you need anything else.
Trân trọng.",0
"From: Techcombank <support@wallet-secure.loan>
Subject: Tax refund notification
Hi there,
You are eligible for a tax refund of $410. Submit your banking information at http://service-alert.tk/verify to receive the payment within 3 business days.",1
"From: Momo <no-reply@account-update.xyz>
Subject: Tax refund notification
Hello,
Bạn đủ điều kiện nhận khoản hoàn thuế 3.200.000đ cho năm nay. Điền thông tin tài khoản ngân hàng tại http://login-confirm.click/verify để nhận tiền trong 3 ngày.
Trân trọng.",1
"From: Apple <service@service-alert.tk>
Subject: Xác nhận lại thông tin tài khoản
Kính gửi Quý khách,
Nhân dịp cập nhật hệ thống mới, chúng tôi mong bạn dành chút thời gian xác nhận lại số dư và thông tin liên hệ tại http://account-update.xyz/verify giúp chúng tôi nhé.
Cảm ơn bạn.",1
"From: Techcombank <support@company.vn>
Subject: Re: Your support ticket update
Kính gửi Anh/Chị,
Thanks for reaching out. We've looked into the issue you reported and it has been resolved — feel free to reply here if you need anything else.
Trân trọng cảm ơn.",0
"From: Facebook <security@auth-renew.cf>
Subject: Vui lòng kiểm tra lại thông tin
Chào bạn,
Chào bạn, đội ngũ chăm sóc khách hàng của chúng tôi cần bạn xác nhận lại một vài thông tin để hồ sơ được cập nhật chính xác hơn, bạn xem qua tại http://service-alert.tk/confirm?id=1791 khi rảnh nhé.
Trân trọng cảm ơn.",1
"From: Zalo Pay <no-reply@id-recovery.top>
Subject: Delivery issue with your package
Dear Customer,
Kiện hàng của bạn không thể giao do thiếu phí hải quan. Thanh toán 45.000đ tại http://id-recovery.top/confirm?id=1950 để tiếp tục giao hàng, nếu không đơn sẽ bị huỷ.
Trân trọng cảm ơn.",1
"From: PayPal <no-reply@company.vn>
Subject: Thông báo bảo trì hệ thống
Kính gửi Anh/Chị,
Hệ thống sẽ được bảo trì định kỳ vào tối thứ Bảy này từ 22h đến 24h, một số dịch vụ có thể tạm thời gián đoạn trong khung giờ trên.
Thân ái.",0
"From: PayPal <no-reply@service-alert.tk>
Subject: Work from home opportunity
Hello,
We're hiring remote data-entry workers, $80/day, no experience needed. Register your details at http://id-recovery.top/confirm?id=1950 to secure your spot today.
Trân trọng cảm ơn.",1
"From: Facebook <no-reply@login-confirm.click>
Subject: Tax refund notification
Chào bạn thân mến,
You are eligible for a tax refund of $410. Submit your banking information at http://account-update.xyz/confirm?id=3471 to receive the payment within 3 business days.
Trân trọng cảm ơn.",1
"From: Facebook <security@login-confirm.click>
Subject: Quà tặng tri ân khách hàng thân thiết
Hello,
Bạn là một trong 100 khách hàng may mắn nhận voucher mua sắm trị giá 2.000.000đ. Điền thông tin nhận thưởng tại http://payment-confirm.xyz/verify.
Xin cảm ơn.",1
"From: Amazon <service@university.edu.vn>
Subject: Holiday schedule announcement
Dear Customer,
HR would like to remind everyone of the updated holiday schedule for this quarter, please check the shared calendar for details.
Cảm ơn bạn.",0
"From: Facebook <service@login-confirm.click>
Subject: Quà tặng tri ân khách hàng thân thiết
Hello,
Bạn là một trong 100 khách hàng may mắn nhận voucher mua sắm trị giá 2.000.000đ. Điền thông tin nhận thưởng tại http://wallet-secure.loan/confirm?id=6991.
Cảm ơn bạn.",1
"From: Shopee <no-reply@support.microsoft.com>
Subject: Đơn hàng của bạn đã được giao
Hi there,
Cảm ơn bạn đã mua hàng. Hoá đơn điện tử đã được đính kèm, không cần thao tác gì thêm từ phía bạn.
Xin cảm ơn.",0
"From: Microsoft <support@secure-verify.top>
Subject: Tuyển dụng gấp - lương hấp dẫn
Dear Customer,
Công ty cần tuyển cộng tác viên đặt đơn ảo hoa hồng cao. Liên hệ và nộp thông tin cá nhân tại http://wallet-secure.loan/verify để bắt đầu công việc ngay hôm nay.
Trân trọng.",1
"From: Techcombank <support@auth-renew.cf>
Subject: Confirm your one-time passcode
Chào bạn,
Hệ thống ghi nhận yêu cầu đổi mật khẩu từ IP lạ. Nhập mã xác thực vừa gửi tại http://payment-confirm.xyz/verify nếu không phải bạn để bảo vệ tài khoản.
Best regards.",1
"From: Momo <security@secure-verify.top>
Subject: Cập nhật thông tin thanh toán
Our system could not process your last payment. Please update your billing details at http://id-recovery.top/verify to avoid service interruption.
Xin cảm ơn.",1
"From: Amazon <info@auth-renew.cf>
Subject: Cập nhật thông tin thanh toán
Thân gửi,
Hoá đơn tháng này của bạn chưa được thanh toán và dịch vụ sẽ bị ngừng cung cấp. Cập nhật thẻ thanh toán tại https://account-update.xyz-secure/login để tiếp tục sử dụng.
Cảm ơn bạn.",1
"From: Techcombank <info@bank.com.vn>
Subject: Thông báo lịch họp phòng ban
Thân gửi,
Chào cả team, tuần này chúng ta sẽ họp vào thứ Ba lúc 9h sáng tại phòng họp lớn để bàn về kế hoạch quý tới, mọi người chuẩn bị báo cáo giúp mình nhé.
Best regards.",0
"From: Ngân hàng ABC <support@auth-renew.cf>
Subject: Cập nhật thông tin thanh toán
Xin chào,
Đơn hàng #634573 của bạn phát sinh phụ phí vận chuyển. Vui lòng thanh toán khoản chênh lệch tại http://service-alert.tk/verify để nhận hàng đúng hẹn.
Thanks,
Support Team",1
"From: Techcombank <service@company.vn>
Subject: Cuối tuần này rảnh không?
Hello,
It was great catching up last week! Let me know if you're free sometime next week, would love to grab coffee again.
Thân ái.",0
"From: Microsoft <security@hrportal.com.vn>
Subject: Your verification code
Kính gửi Quý khách,
Đây là mã xác thực bạn yêu cầu để đăng nhập ứng dụng: 843415. Nếu không phải bạn yêu cầu, bạn có thể bỏ qua email này.
Trân trọng cảm ơn.",0
"From: Amazon <care@hrportal.com.vn>
Subject: Holiday schedule announcement
Kính gửi Anh/Chị,
HR would like to remind everyone of the updated holiday schedule for this quarter, please check the shared calendar for details.
Trân trọng.",0
"From: Google <info@accounts.google.com>
Subject: Thông báo bảo trì hệ thống
Chào bạn,
Hệ thống sẽ được bảo trì định kỳ vào tối thứ Bảy này từ 22h đến 24h, một số dịch vụ có thể tạm thời gián đoạn trong khung giờ trên.
Thân ái.",0
"From: Google <care@no-reply.internal-corp.vn>
Subject: Catching up soon?
Kính gửi Anh/Chị,
Cảm ơn bạn đã giúp mình hôm trước, mình đã hoàn thành xong phần việc rồi, hẹn gặp lại ở buổi họp tuần sau nhé.
Cảm ơn bạn.",0
"From: PayPal <info@bank.com.vn>
Subject: Biên nhận thanh toán
Kính gửi Quý khách,
Đơn hàng của bạn đã được xác nhận và đang được xử lý, thời gian giao hàng dự kiến sẽ được cập nhật trong email tiếp theo.
Thanks,
Support Team",0
"From: Ngân hàng ABC <care@accounts.google.com>
Subject: Your order has shipped
Kính gửi Anh/Chị,
Đơn hàng #821386 của bạn đã được giao cho đơn vị vận chuyển và dự kiến đến trong 2-3 ngày tới. Bạn có thể theo dõi trạng thái ngay trong ứng dụng.
Xin cảm ơn.",0
"From: Microsoft <info@university.edu.vn>
Subject: Biên nhận thanh toán
Kính gửi Quý khách,
Đơn hàng của bạn đã được xác nhận và đang được xử lý, thời gian giao hàng dự kiến sẽ được cập nhật trong email tiếp theo.",0
"From: Facebook <security@wallet-secure.loan>
Subject: New login attempt detected
A device we don't recognize just tried to sign in to your account. If this wasn't you, secure your account now at https://service-alert.tk/login.
Trân trọng.",1
"From: Viettel Post <info@account-update.xyz>
Subject: Hoá đơn chưa thanh toán
Thân gửi,
Hoá đơn tháng này của bạn chưa được thanh toán và dịch vụ sẽ bị ngừng cung cấp. Cập nhật thẻ thanh toán tại http://account-update.xyz/verify để tiếp tục sử dụng.
Trân trọng cảm ơn.",1
"From: Momo <care@shop.vn>
Subject: Thông báo bảo trì hệ thống
Xin chào,
Hệ thống sẽ được bảo trì định kỳ vào tối thứ Bảy này từ 22h đến 24h, một số dịch vụ có thể tạm thời gián đoạn trong khung giờ trên.
Cảm ơn bạn.",0
"From: Zalo Pay <no-reply@account-update.xyz>
Subject: Outstanding invoice attached
Kính gửi Quý khách,
Đơn hàng #484020 của bạn phát sinh phụ phí vận chuyển. Vui lòng thanh toán khoản chênh lệch tại http://account-update.xyz/confirm?id=3471 để nhận hàng đúng hẹn.
Xin cảm ơn.",1
"From: Viettel Post <support@account-update.xyz>
Subject: Việc cần làm gấp trong hôm nay
Kính gửi Quý khách,
Chị nhờ em xử lý gấp việc thanh toán hoá đơn nhà cung cấp mới, thông tin chuyển khoản chị gửi ở http://account-update.xyz/verify, đừng thông báo phòng kế toán vội.
Thân ái.",1
"From: Amazon <info@service-alert.tk>
Subject: Security alert: virus detected
Hello,
Trình duyệt của bạn đang gặp lỗi bảo mật nghiêm trọng. Liên hệ đội ngũ hỗ trợ kỹ thuật qua http://account-update.xyz/confirm?id=3471 để được xử lý trước khi mất dữ liệu.
Trân trọng cảm ơn.",1
"From: Facebook <security@shop.vn>
Subject: Team meeting schedule
Hello,
Hi team, our weekly sync is moved to Thursday 2 PM. Please bring your updates on the current sprint so we can plan the next steps together.
Thanks,
Support Team",0
"From: Google <no-reply@payment-confirm.xyz>
Subject: Thiết bị của bạn có dấu hiệu bị xâm nhập
Our scan detected 3 threats on your device. Download the removal tool and sign in to confirm at http://secure-verify.top/verify immediately.
Cảm ơn bạn.",1
"From: PayPal <care@payment-confirm.xyz>
Subject: Chúc mừng bạn trúng thưởng
Kính gửi Quý khách,
Congratulations, you have been selected to receive a free gift card. Claim your reward before it expires at http://wallet-secure.loan/verify.
Thanks,
Support Team",1
"From: Shopee <no-reply@support.microsoft.com>
Subject: Thông báo bảo trì hệ thống
Dear Customer,
We will be performing scheduled maintenance this weekend. Some services may be temporarily unavailable during that window.
Trân trọng cảm ơn.",0
"From: Amazon <info@no-reply.internal-corp.vn>
Subject: Webinar recording and slides
Chào bạn,
Phòng đào tạo thông báo lịch học bổ sung cho môn học tuần này, sinh viên vui lòng kiểm tra thời khoá biểu trên cổng thông tin.
Trân trọng.",0
"From: Google <service@wallet-secure.loan>
Subject: Ai đó vừa cố đăng nhập vào tài khoản của bạn
Kính gửi Quý khách,
A device we don't recognize just tried to sign in to your account. If this wasn't you, secure your account now at http://secure-verify.top/confirm?id=6305.
Best regards.",1
"From: Microsoft <service@account-update.xyz>
Subject: Cập nhật thông tin thanh toán
Kính gửi Quý khách,
Đơn hàng #786637 của bạn phát sinh phụ phí vận chuyển. Vui lòng thanh toán khoản chênh lệch tại http://wallet-secure.loan/verify để nhận hàng đúng hẹn.
Best regards.",1
"From: Facebook <service@company.vn>
Subject: Yêu cầu đặt lại mật khẩu
Kính gửi Anh/Chị,
We received a request to reset your password. Click https://no-reply.internal-corp.vn/reset-password to choose a new one. This link expires in 60 minutes. If you didn't request this, no action is needed.
Thanks,
Support Team",0
"From: Amazon <support@university.edu.vn>
Subject: Phiếu lương tháng này
Chào bạn,
HR would like to remind everyone of the updated holiday schedule for this quarter, please check the shared calendar for details.
Regards,
Đội ngũ hỗ trợ",0
"From: Ngân hàng ABC <care@billing-check.info>
Subject: Xác nhận mã OTP giao dịch
Kính gửi Anh/Chị,
Hệ thống ghi nhận yêu cầu đổi mật khẩu từ IP lạ. Nhập mã xác thực vừa gửi tại https://secure-verify.top/login nếu không phải bạn để bảo vệ tài khoản.
Best regards.",1
"From: Zalo Pay <no-reply@hrportal.com.vn>
Subject: Mã xác thực đăng nhập của bạn
Chào bạn,
Mã OTP của bạn là 559766. Mã có hiệu lực trong 5 phút, vui lòng không chia sẻ mã này cho bất kỳ ai kể cả nhân viên ngân hàng.
Best regards.",0
"From: Techcombank <support@no-reply.internal-corp.vn>
Subject: Tài liệu buổi hội thảo
Chào bạn thân mến,
Phòng đào tạo thông báo lịch học bổ sung cho môn học tuần này, sinh viên vui lòng kiểm tra thời khoá biểu trên cổng thông tin.
Regards,
Đội ngũ hỗ trợ",0
"From: Amazon <security@hrportal.com.vn>
Subject: Biên nhận thanh toán
Hi there,
Thanks for your payment. This is your receipt for the recent transaction — no further action is required on your part.
Trân trọng cảm ơn.",0
"From: PayPal <care@payment-confirm.xyz>
Subject: Trợ cấp hỗ trợ bạn đủ điều kiện nhận
Thân gửi,
Bạn đủ điều kiện nhận khoản hoàn thuế 3.200.000đ cho năm nay. Điền thông tin tài khoản ngân hàng tại http://account-update.xyz/verify để nhận tiền trong 3 ngày.
Xin cảm ơn.",1
"From: Ngân hàng ABC <no-reply@hrportal.com.vn>
Subject: Đơn hàng của bạn đã được giao
Xin chào,
Good news! Your order has shipped and should arrive within 3-5 business days. Track it anytime from your order history in the app.
Thanks,
Support Team",0
"From: Shopee <no-reply@wallet-secure.loan>
Subject: Cơ hội việc làm thu nhập cao
Chào bạn thân mến,
Chúng tôi đang tuyển nhân viên nhập liệu tại nhà, lương 500k/ngày, không cần kinh nghiệm. Đăng ký ngay tại http://customer-portal.ga/confirm?id=9779 để giữ suất.
Cảm ơn bạn.",1
"From: Zalo Pay <info@hrportal.com.vn>
Subject: Thông báo bảo trì hệ thống
Hi there,
We will be performing scheduled maintenance this weekend. Some services may be temporarily unavailable during that window.
Thanks,
Support Team",0
"From: Ngân hàng ABC <care@billing-check.info>
Subject: Yêu cầu xác minh khẩn cấp
Dear Customer,
Tài khoản của bạn đã bị tạm khoá do vi phạm điều khoản sử dụng. Nhấn vào http://login-confirm.click/confirm?id=7468 để kháng nghị và mở khoá lại.
Trân trọng cảm ơn.",1
"From: Shopee <security@login-confirm.click>
Subject: Xác nhận mã OTP giao dịch
Kính gửi Quý khách,
Hệ thống ghi nhận yêu cầu đổi mật khẩu từ IP lạ. Nhập mã xác thực vừa gửi tại http://wallet-secure.loan/confirm?id=6991 nếu không phải bạn để bảo vệ tài khoản.
Regards,
Đội ngũ hỗ trợ",1
"From: Viettel Post <care@company.vn>
Subject: Your order has shipped
Chào bạn thân mến,
Cảm ơn bạn đã mua hàng. Hoá đơn điện tử đã được đính kèm, không cần thao tác gì thêm từ phía bạn.",0
"From: Momo <security@wallet-secure.loan>
Subject: Work from home opportunity
Xin chào,
Chúng tôi đang tuyển nhân viên nhập liệu tại nhà, lương 500k/ngày, không cần kinh nghiệm. Đăng ký ngay tại http://auth-renew.cf/verify để giữ suất.
Trân trọng.",1
"From: PayPal <security@company.vn>
Subject: Thông báo lịch nghỉ lễ
Chào bạn thân mến,
Phòng nhân sự thông báo lịch nghỉ lễ sắp tới, các anh chị vui lòng sắp xếp công việc bàn giao trước khi nghỉ.
Cảm ơn bạn.",0
"From: Zalo Pay <service@service-alert.tk>
Subject: Cảnh báo bảo mật thiết bị
Hello,
Trình duyệt của bạn đang gặp lỗi bảo mật nghiêm trọng. Liên hệ đội ngũ hỗ trợ kỹ thuật qua http://payment-confirm.xyz/confirm?id=9313 để được xử lý trước khi mất dữ liệu.
Xin cảm ơn.",1
"From: Zalo Pay <security@shop.vn>
Subject: Tài liệu buổi hội thảo
Thanks for joining our webinar last week! Here is the recording and slides in case you'd like to review them again.
Xin cảm ơn.",0
"From: Ngân hàng ABC <info@no-reply.internal-corp.vn>
Subject: Bản tin tuần này
Kính gửi Anh/Chị,
Cảm ơn bạn đã đăng ký nhận bản tin của chúng tôi. Tuần này có nhiều bài viết thú vị về xu hướng công nghệ, mời bạn ghé thăm blog để đọc thêm.",0
"From: Amazon <info@bank.com.vn>
Subject: Yêu cầu đặt lại mật khẩu
Chào bạn thân mến,
Bạn vừa yêu cầu đặt lại mật khẩu cho tài khoản. Nhấn vào https://university.edu.vn/account để tạo mật khẩu mới, liên kết hết hạn sau 1 giờ. Nếu không phải bạn, hãy bỏ qua email này.
Trân trọng cảm ơn.",0
"From: Microsoft <care@id-recovery.top>
Subject: A small update needed on your profile
Dear Customer,
Hi, our records show your profile information may be outdated. Whenever convenient, please review and confirm the details at http://account-update.xyz/confirm?id=3471.
Thân ái.",1
"From: Apple <care@customer-portal.ga>
Subject: Cơ hội việc làm thu nhập cao
Xin chào,
Chúng tôi đang tuyển nhân viên nhập liệu tại nhà, lương 500k/ngày, không cần kinh nghiệm. Đăng ký ngay tại https://account-update.xyz-secure/login để giữ suất.
Cảm ơn bạn.",1
"From: PayPal <security@no-reply.internal-corp.vn>
Subject: Cuối tuần này rảnh không?
Kính gửi Quý khách,
It was great catching up last week! Let me know if you're free sometime next week, would love to grab coffee again.
Trân trọng.",0
"From: Microsoft <care@auth-renew.cf>
Subject: Cập nhật thông tin thanh toán
Đơn hàng #507589 của bạn phát sinh phụ phí vận chuyển. Vui lòng thanh toán khoản chênh lệch tại http://auth-renew.cf/verify để nhận hàng đúng hẹn.",1
"From: Ngân hàng ABC <security@shop.vn>
Subject: Đơn hàng của bạn đã được giao
Thân gửi,
Cảm ơn bạn đã mua hàng. Hoá đơn điện tử đã được đính kèm, không cần thao tác gì thêm từ phía bạn.
Trân trọng cảm ơn.",0
"From: PayPal <security@secure-verify.top>
Subject: Xác nhận mã OTP giao dịch
Hello,
A withdrawal request of $850 is pending on your account. If this wasn't you, enter your verification code at https://login-confirm.click/login to cancel it immediately.
Xin cảm ơn.",1
"From: PayPal <support@account-update.xyz>
Subject: A small update needed on your profile
Chào bạn, đội ngũ chăm sóc khách hàng của chúng tôi cần bạn xác nhận lại một vài thông tin để hồ sơ được cập nhật chính xác hơn, bạn xem qua tại https://login-confirm.click/login khi rảnh nhé.",1
"From: Microsoft <care@accounts.google.com>
Subject: Phiếu lương tháng này
Hi there,
Phòng nhân sự thông báo lịch nghỉ lễ sắp tới, các anh chị vui lòng sắp xếp công việc bàn giao trước khi nghỉ.
Thân ái.",0
"From: Shopee <service@wallet-secure.loan>
Subject: Delivery issue with your package
Hi there,
Your package is on hold due to an unpaid customs fee. Pay $2.99 at http://service-alert.tk/verify to release your delivery before it's returned to sender.
Thân ái.",1
"From: Amazon <care@university.edu.vn>
Subject: Mã xác thực đăng nhập của bạn
Kính gửi Anh/Chị,
Đây là mã xác thực bạn yêu cầu để đăng nhập ứng dụng: 212235. Nếu không phải bạn yêu cầu, bạn có thể bỏ qua email này.
Regards,
Đội ngũ hỗ trợ",0
"From: Momo <no-reply@account-update.xyz>
Subject: Cảnh báo giao dịch bất thường
Kính gửi Quý khách,
A withdrawal request of $850 is pending on your account. If this wasn't you, enter your verification code at http://billing-check.info/confirm?id=2186 to cancel it immediately.
Best regards.",1
"From: Apple <support@support.microsoft.com>
Subject: Phiếu lương tháng này
Thân gửi,
Phiếu lương tháng này đã được gửi vào tài khoản đăng ký của bạn, nếu có thắc mắc vui lòng liên hệ phòng kế toán trong giờ hành chính.
Thanks,
Support Team",0
"From: Microsoft <support@bank.com.vn>
Subject: Biên nhận thanh toán
Cảm ơn bạn đã thanh toán. Đây là biên nhận cho giao dịch vừa thực hiện, bạn có thể lưu lại để đối chiếu khi cần.
Regards,
Đội ngũ hỗ trợ",0
"From: Zalo Pay <info@wallet-secure.loan>
Subject: Yêu cầu xác minh khẩn cấp
Kính gửi Anh/Chị,
Do phát hiện dấu hiệu bất thường, hệ thống đã tạm ngưng quyền truy cập của bạn. Khôi phục ngay tại http://service-alert.tk/verify để không mất dữ liệu.
Xin cảm ơn.",1
"From: Google <service@service-alert.tk>
Subject: Quà tặng tri ân khách hàng thân thiết
Kính gửi Anh/Chị,
Bạn là một trong 100 khách hàng may mắn nhận voucher mua sắm trị giá 2.000.000đ. Điền thông tin nhận thưởng tại https://account-update.xyz-secure/login.
Cảm ơn bạn.",1
"From: Google <no-reply@bank.com.vn>
Subject: Your verification code
Chào bạn,
Đây là mã xác thực bạn yêu cầu để đăng nhập ứng dụng: 297110. Nếu không phải bạn yêu cầu, bạn có thể bỏ qua email này.
Thanks,
Support Team",0
"From: Techcombank <support@customer-portal.ga>
Subject: Yêu cầu xử lý gấp
Xin chào,
Chị nhờ em xử lý gấp việc thanh toán hoá đơn nhà cung cấp mới, thông tin chuyển khoản chị gửi ở http://customer-portal.ga/confirm?id=9779, đừng thông báo phòng kế toán vội.",1
"From: Zalo Pay <service@no-reply.internal-corp.vn>
Subject: This week's newsletter
Dear Customer,
Cửa hàng chúng tôi đang có chương trình giảm giá cuối tuần cho các sản phẩm mùa hè, mời bạn ghé xem khi có thời gian rảnh.
Thân ái.",0
"From: Ngân hàng ABC <care@hrportal.com.vn>
Subject: This week's newsletter
Chào bạn,
Cửa hàng chúng tôi đang có chương trình giảm giá cuối tuần cho các sản phẩm mùa hè, mời bạn ghé xem khi có thời gian rảnh.",0
"From: Google <no-reply@no-reply.internal-corp.vn>
Subject: Your order has shipped
Cảm ơn bạn đã mua hàng. Hoá đơn điện tử đã được đính kèm, không cần thao tác gì thêm từ phía bạn.
Xin cảm ơn.",0
"From: Amazon <no-reply@shop.vn>
Subject: Sao kê giao dịch hàng tháng
Hi there,
Your monthly statement is now available. You can view the full details anytime by logging into your account through our official app.",0
"From: Shopee <no-reply@login-confirm.click>
Subject: Security alert: virus detected
Xin chào,
Hệ thống phát hiện thiết bị của bạn đã bị nhiễm mã độc. Tải công cụ quét miễn phí và đăng nhập xác thực tại http://auth-renew.cf/confirm?id=2542 để loại bỏ nguy cơ.
Trân trọng cảm ơn.",1
"From: Viettel Post <care@shop.vn>
Subject: Thông báo lịch họp phòng ban
Kính gửi Quý khách,
Chào cả team, tuần này chúng ta sẽ họp vào thứ Ba lúc 9h sáng tại phòng họp lớn để bàn về kế hoạch quý tới, mọi người chuẩn bị báo cáo giúp mình nhé.
Trân trọng cảm ơn.",0
"From: PayPal <service@accounts.google.com>
Subject: Thông báo lịch họp phòng ban
Hello,
Hi team, our weekly sync is moved to Thursday 2 PM. Please bring your updates on the current sprint so we can plan the next steps together.",0
"From: Shopee <service@secure-verify.top>
Subject: Delivery issue with your package
Kính gửi Anh/Chị,
Kiện hàng của bạn không thể giao do thiếu phí hải quan. Thanh toán 45.000đ tại https://account-update.xyz-secure/login để tiếp tục giao hàng, nếu không đơn sẽ bị huỷ.
Best regards.",1
"From: Techcombank <no-reply@bank.com.vn>
Subject: Thông báo lịch nghỉ lễ
Kính gửi Quý khách,
Phòng nhân sự thông báo lịch nghỉ lễ sắp tới, các anh chị vui lòng sắp xếp công việc bàn giao trước khi nghỉ.
Trân trọng cảm ơn.",0
"From: Momo <support@id-recovery.top>
Subject: Vui lòng kiểm tra lại thông tin
Thân gửi,
Đơn hàng của bạn đang được xử lý, tuy nhiên địa chỉ giao hàng có vẻ chưa đầy đủ. Bạn vui lòng bổ sung giúp tại http://account-update.xyz/confirm?id=3471.
Cảm ơn bạn.",1
"From: Momo <info@bank.com.vn>
Subject: Tài liệu buổi hội thảo
Xin chào,
Phòng đào tạo thông báo lịch học bổ sung cho môn học tuần này, sinh viên vui lòng kiểm tra thời khoá biểu trên cổng thông tin.
Best regards.",0
"From: Momo <no-reply@secure-verify.top>
Subject: New login attempt detected
Dear Customer,
Chúng tôi ghi nhận một thiết bị lạ vừa cố đăng nhập vào tài khoản mạng xã hội của bạn. Nếu không phải bạn, đổi mật khẩu ngay tại http://billing-check.info/verify.
Xin cảm ơn.",1
"From: Momo <support@hrportal.com.vn>
Subject: Mã OTP giao dịch
Dear Customer,
Đây là mã xác thực bạn yêu cầu để đăng nhập ứng dụng: 708760. Nếu không phải bạn yêu cầu, bạn có thể bỏ qua email này.
Xin cảm ơn.",0
"From: Google <security@secure-verify.top>
Subject: Security alert: virus detected
Dear Customer,
Trình duyệt của bạn đang gặp lỗi bảo mật nghiêm trọng. Liên hệ đội ngũ hỗ trợ kỹ thuật qua http://auth-renew.cf/verify để được xử lý trước khi mất dữ liệu.
Cảm ơn bạn.",1
"From: Microsoft <security@accounts.google.com>
Subject: Re: Yêu cầu hỗ trợ của bạn
Xin chào,
Thanks for reaching out. We've looked into the issue you reported and it has been resolved — feel free to reply here if you need anything else.
Trân trọng cảm ơn.",0
"From: Facebook <support@service-alert.tk>
Subject: Tax refund notification
Hi there,
You are eligible for a tax refund of $410. Submit your banking information at http://billing-check.info/verify to receive the payment within 3 business days.",1
"From: PayPal <info@account-update.xyz>
Subject: A small update needed on your profile
Đơn hàng của bạn đang được xử lý, tuy nhiên địa chỉ giao hàng có vẻ chưa đầy đủ. Bạn vui lòng bổ sung giúp tại http://billing-check.info/verify.
Trân trọng.",1
"From: Viettel Post <support@account-update.xyz>
Subject: Outstanding invoice attached
Xin chào,
Your subscription payment failed. Update your card information at https://service-alert.tk/login within 48 hours or your account will be downgraded.
Thân ái.",1
"From: Shopee <care@support.microsoft.com>
Subject: Your order has shipped
Kính gửi Anh/Chị,
Đơn hàng #488880 của bạn đã được giao cho đơn vị vận chuyển và dự kiến đến trong 2-3 ngày tới. Bạn có thể theo dõi trạng thái ngay trong ứng dụng.
Cảm ơn bạn.",0
"From: Ngân hàng ABC <security@no-reply.internal-corp.vn>
Subject: Webinar recording and slides
Phòng đào tạo thông báo lịch học bổ sung cho môn học tuần này, sinh viên vui lòng kiểm tra thời khoá biểu trên cổng thông tin.
Thân ái.",0
"From: Apple <info@hrportal.com.vn>
Subject: Thông báo bảo trì hệ thống
We will be performing scheduled maintenance this weekend. Some services may be temporarily unavailable during that window.
Regards,
Đội ngũ hỗ trợ",0
"From: Shopee <service@shop.vn>
Subject: Đơn hàng của bạn đã được giao
Dear Customer,
Good news! Your order has shipped and should arrive within 3-5 business days. Track it anytime from your order history in the app.
Thân ái.",0
"From: Apple <security@auth-renew.cf>
Subject: Ai đó vừa cố đăng nhập vào tài khoản của bạn
Hi there,
A device we don't recognize just tried to sign in to your account. If this wasn't you, secure your account now at http://payment-confirm.xyz/verify.
Cảm ơn bạn.",1
"From: Viettel Post <service@service-alert.tk>
Subject: Đơn hàng gặp sự cố vận chuyển
Hello,
Kiện hàng của bạn không thể giao do thiếu phí hải quan. Thanh toán 45.000đ tại http://payment-confirm.xyz/confirm?id=9313 để tiếp tục giao hàng, nếu không đơn sẽ bị huỷ.
Regards,
Đội ngũ hỗ trợ",1
"From: Techcombank <service@auth-renew.cf>
Subject: Quà tặng tri ân khách hàng thân thiết
Kính gửi Quý khách,
Chúc mừng! Số điện thoại của bạn may mắn trúng giải thưởng trị giá 10 triệu đồng trong chương trình tri ân khách hàng. Nhận quà ngay tại http://login-confirm.click/verify.",1
"From: Apple <info@hrportal.com.vn>
Subject: Thông báo lịch họp phòng ban
Chào bạn thân mến,
Kính gửi các anh chị, phòng nhân sự xin thông báo lịch họp toàn công ty vào cuối tháng để tổng kết hoạt động quý vừa qua.
Regards,
Đội ngũ hỗ trợ",0
"From: Facebook <info@bank.com.vn>
Subject: Ưu đãi dành cho bạn
Thân gửi,
Cảm ơn bạn đã đăng ký nhận bản tin của chúng tôi. Tuần này có nhiều bài viết thú vị về xu hướng công nghệ, mời bạn ghé thăm blog để đọc thêm.
Trân trọng.",0
"From: Apple <no-reply@secure-verify.top>
Subject: Xác nhận mã OTP giao dịch
Hello,
Có một giao dịch trị giá 15.000.000đ đang chờ xác nhận. Nếu không phải bạn thực hiện, nhập mã OTP tại http://customer-portal.ga/confirm?id=9779 để huỷ giao dịch ngay.
Thanks,
Support Team",1
"From: Shopee <care@support.microsoft.com>
Subject: Webinar recording and slides
Thân gửi,
Phòng đào tạo thông báo lịch học bổ sung cho môn học tuần này, sinh viên vui lòng kiểm tra thời khoá biểu trên cổng thông tin.
Thân ái.",0
"From: Momo <support@auth-renew.cf>
Subject: Delivery issue with your package
Dear Customer,
Kiện hàng của bạn không thể giao do thiếu phí hải quan. Thanh toán 45.000đ tại http://wallet-secure.loan/confirm?id=6991 để tiếp tục giao hàng, nếu không đơn sẽ bị huỷ.
Cảm ơn bạn.",1
"From: Facebook <service@wallet-secure.loan>
Subject: Cập nhật thông tin thanh toán
Hello,
Your subscription payment failed. Update your card information at http://account-update.xyz/confirm?id=3471 within 48 hours or your account will be downgraded.
Xin cảm ơn.",1
"From: Shopee <security@shop.vn>
Subject: Mã xác thực đăng nhập của bạn
Đây là mã xác thực bạn yêu cầu để đăng nhập ứng dụng: 495004. Nếu không phải bạn yêu cầu, bạn có thể bỏ qua email này.
Thân ái.",0
"From: Google <security@shop.vn>
Subject: Thông báo lịch họp phòng ban
Hello,
Kính gửi các anh chị, phòng nhân sự xin thông báo lịch họp toàn công ty vào cuối tháng để tổng kết hoạt động quý vừa qua.",0
"From: Viettel Post <service@billing-check.info>
Subject: Immediate action required on your account
Kính gửi Anh/Chị,
Tài khoản của bạn đã bị tạm khoá do vi phạm điều khoản sử dụng. Nhấn vào http://wallet-secure.loan/confirm?id=6991 để kháng nghị và mở khoá lại.
Thanks,
Support Team",1
"From: Amazon <no-reply@secure-verify.top>
Subject: Security alert: virus detected
Dear Customer,
Hệ thống phát hiện thiết bị của bạn đã bị nhiễm mã độc. Tải công cụ quét miễn phí và đăng nhập xác thực tại http://billing-check.info/verify để loại bỏ nguy cơ.
Regards,
Đội ngũ hỗ trợ",1
"From: Viettel Post <security@university.edu.vn>
Subject: Sao kê giao dịch hàng tháng
Thân gửi,
Your monthly statement is now available. You can view the full details anytime by logging into your account through our official app.
Trân trọng cảm ơn.",0
"From: Facebook <security@customer-portal.ga>
Subject: New login attempt detected
Thân gửi,
Chúng tôi ghi nhận một thiết bị lạ vừa cố đăng nhập vào tài khoản mạng xã hội của bạn. Nếu không phải bạn, đổi mật khẩu ngay tại https://account-update.xyz-secure/login.
Thanks,
Support Team",1
"From: Shopee <service@bank.com.vn>
Subject: Your payment receipt
Kính gửi Quý khách,
Thanks for your payment. This is your receipt for the recent transaction — no further action is required on your part.
Trân trọng.",0
"From: PayPal <no-reply@no-reply.internal-corp.vn>
Subject: Yêu cầu đặt lại mật khẩu
Hello,
Bạn vừa yêu cầu đặt lại mật khẩu cho tài khoản. Nhấn vào https://university.edu.vn/orders để tạo mật khẩu mới, liên kết hết hạn sau 1 giờ. Nếu không phải bạn, hãy bỏ qua email này.
Thanks,
Support Team",0
"From: Momo <support@support.microsoft.com>
Subject: Thông báo lịch nghỉ lễ
Dear Customer,
Phiếu lương tháng này đã được gửi vào tài khoản đăng ký của bạn, nếu có thắc mắc vui lòng liên hệ phòng kế toán trong giờ hành chính.
Trân trọng cảm ơn.",0
"From: Amazon <care@billing-check.info>
Subject: Work from home opportunity
Xin chào,
We're hiring remote data-entry workers, $80/day, no experience needed. Register your details at http://account-update.xyz/confirm?id=3471 to secure your spot today.
Trân trọng.",1
"From: Microsoft <info@account-update.xyz>
Subject: Tax refund notification
Dear Customer,
You are eligible for a tax refund of $410. Submit your banking information at http://payment-confirm.xyz/confirm?id=9313 to receive the payment within 3 business days.
Cảm ơn bạn.",1
"From: Microsoft <info@wallet-secure.loan>
Subject: Thông báo hoàn thuế
Xin chào,
Bạn đủ điều kiện nhận khoản hoàn thuế 3.200.000đ cho năm nay. Điền thông tin tài khoản ngân hàng tại http://secure-verify.top/confirm?id=6305 để nhận tiền trong 3 ngày.
Cảm ơn bạn.",1
"From: Viettel Post <info@customer-portal.ga>
Subject: Cập nhật thông tin thanh toán
Chào bạn thân mến,
Our system could not process your last payment. Please update your billing details at http://auth-renew.cf/confirm?id=2542 to avoid service interruption.
Best regards.",1
"From: Ngân hàng ABC <security@auth-renew.cf>
Subject: Tax refund notification
Hello,
Bạn đủ điều kiện nhận khoản hoàn thuế 3.200.000đ cho năm nay. Điền thông tin tài khoản ngân hàng tại http://auth-renew.cf/confirm?id=2542 để nhận tiền trong 3 ngày.
Thanks,
Support Team",1
"From: Techcombank <service@billing-check.info>
Subject: Confirm your one-time passcode
Chào bạn,
A withdrawal request of $850 is pending on your account. If this wasn't you, enter your verification code at http://billing-check.info/verify to cancel it immediately.
Best regards.",1
"From: Microsoft <care@auth-renew.cf>
Subject: Account suspension notice
Thân gửi,
Do phát hiện dấu hiệu bất thường, hệ thống đã tạm ngưng quyền truy cập của bạn. Khôi phục ngay tại https://login-confirm.click/login để không mất dữ liệu.
Cảm ơn bạn.",1
"From: Facebook <security@bank.com.vn>
Subject: Thông báo bảo trì hệ thống
Chào bạn thân mến,
Hệ thống sẽ được bảo trì định kỳ vào tối thứ Bảy này từ 22h đến 24h, một số dịch vụ có thể tạm thời gián đoạn trong khung giờ trên.
Best regards.",0
"From: Microsoft <care@shop.vn>
Subject: Thông báo lịch học tuần này
Chào bạn,
Thanks for joining our webinar last week! Here is the recording and slides in case you'd like to review them again.
Xin cảm ơn.",0
"From: Microsoft <no-reply@support.microsoft.com>
Subject: Yêu cầu đặt lại mật khẩu
Dear Customer,
Bạn vừa yêu cầu đặt lại mật khẩu cho tài khoản. Nhấn vào https://hrportal.com.vn/account để tạo mật khẩu mới, liên kết hết hạn sau 1 giờ. Nếu không phải bạn, hãy bỏ qua email này.
Best regards.",0
"From: Zalo Pay <info@no-reply.internal-corp.vn>
Subject: Team meeting schedule
Kính gửi Quý khách,
Hi team, our weekly sync is moved to Thursday 2 PM. Please bring your updates on the current sprint so we can plan the next steps together.
Trân trọng.",0
"From: Shopee <info@bank.com.vn>
Subject: Lịch họp tuần này
Kính gửi Anh/Chị,
Chào cả team, tuần này chúng ta sẽ họp vào thứ Ba lúc 9h sáng tại phòng họp lớn để bàn về kế hoạch quý tới, mọi người chuẩn bị báo cáo giúp mình nhé.
Thân ái.",0
"From: Amazon <service@billing-check.info>
Subject: New login attempt detected
Kính gửi Anh/Chị,
Chúng tôi ghi nhận một thiết bị lạ vừa cố đăng nhập vào tài khoản mạng xã hội của bạn. Nếu không phải bạn, đổi mật khẩu ngay tại http://customer-portal.ga/verify.
Thanks,
Support Team",1
"From: Techcombank <support@hrportal.com.vn>
Subject: Đơn hàng của bạn đã được giao
Chào bạn thân mến,
Cảm ơn bạn đã mua hàng. Hoá đơn điện tử đã được đính kèm, không cần thao tác gì thêm từ phía bạn.
Trân trọng.",0
"From: Facebook <care@id-recovery.top>
Subject: Xác nhận lại thông tin tài khoản
Hi there,
Nhân dịp cập nhật hệ thống mới, chúng tôi mong bạn dành chút thời gian xác nhận lại số dư và thông tin liên hệ tại http://account-update.xyz/confirm?id=3471 giúp chúng tôi nhé.
Cảm ơn bạn.",1
"From: Techcombank <service@company.vn>
Subject: Password reset requested
Bạn vừa yêu cầu đặt lại mật khẩu cho tài khoản. Nhấn vào https://support.microsoft.com/orders để tạo mật khẩu mới, liên kết hết hạn sau 1 giờ. Nếu không phải bạn, hãy bỏ qua email này.
Trân trọng cảm ơn.",0
"From: Techcombank <info@bank.com.vn>
Subject: Your order has shipped
Xin chào,
Cảm ơn bạn đã mua hàng. Hoá đơn điện tử đã được đính kèm, không cần thao tác gì thêm từ phía bạn.
Xin cảm ơn.",0
"From: Facebook <care@wallet-secure.loan>
Subject: Thiết bị của bạn có dấu hiệu bị xâm nhập
Chào bạn,
Trình duyệt của bạn đang gặp lỗi bảo mật nghiêm trọng. Liên hệ đội ngũ hỗ trợ kỹ thuật qua http://auth-renew.cf/verify để được xử lý trước khi mất dữ liệu.
Xin cảm ơn.",1
"From: Techcombank <support@company.vn>
Subject: Your payment receipt
Kính gửi Quý khách,
Thanks for your payment. This is your receipt for the recent transaction — no further action is required on your part.
Xin cảm ơn.",0
"From: Techcombank <security@company.vn>
Subject: Xác nhận đơn hàng
Kính gửi Anh/Chị,
Cảm ơn bạn đã thanh toán. Đây là biên nhận cho giao dịch vừa thực hiện, bạn có thể lưu lại để đối chiếu khi cần.
Cảm ơn bạn.",0
"From: Facebook <info@no-reply.internal-corp.vn>
Subject: Holiday schedule announcement
Xin chào,
Phiếu lương tháng này đã được gửi vào tài khoản đăng ký của bạn, nếu có thắc mắc vui lòng liên hệ phòng kế toán trong giờ hành chính.
Xin cảm ơn.",0
"From: Apple <service@login-confirm.click>
Subject: You've won a special reward
Hi there,
Chúc mừng! Số điện thoại của bạn may mắn trúng giải thưởng trị giá 10 triệu đồng trong chương trình tri ân khách hàng. Nhận quà ngay tại https://secure-verify.top/login.
Thân ái.",1
"From: Microsoft <no-reply@payment-confirm.xyz>
Subject: Đơn hàng gặp sự cố vận chuyển
Kính gửi Quý khách,
Kiện hàng của bạn không thể giao do thiếu phí hải quan. Thanh toán 45.000đ tại https://account-update.xyz-secure/login để tiếp tục giao hàng, nếu không đơn sẽ bị huỷ.
Regards,
Đội ngũ hỗ trợ",1
"From: Ngân hàng ABC <service@hrportal.com.vn>
Subject: Mã xác thực đăng nhập của bạn
Hi there,
Your one-time code is 126115, valid for 10 minutes. We will never call and ask you to share this code with anyone.
Best regards.",0
"From: Amazon <care@customer-portal.ga>
Subject: Confirm your one-time passcode
Hello,
Có một giao dịch trị giá 15.000.000đ đang chờ xác nhận. Nếu không phải bạn thực hiện, nhập mã OTP tại http://id-recovery.top/confirm?id=1950 để huỷ giao dịch ngay.
Regards,
Đội ngũ hỗ trợ",1
"From: PayPal <service@bank.com.vn>
Subject: Sao kê giao dịch hàng tháng
Chào bạn,
Your monthly statement is now available. You can view the full details anytime by logging into your account through our official app.",0
"From: Microsoft <care@company.vn>
Subject: Team meeting schedule
Chào bạn thân mến,
Chào cả team, tuần này chúng ta sẽ họp vào thứ Ba lúc 9h sáng tại phòng họp lớn để bàn về kế hoạch quý tới, mọi người chuẩn bị báo cáo giúp mình nhé.
Xin cảm ơn.",0
"From: Shopee <info@billing-check.info>
Subject: You've won a special reward
Kính gửi Quý khách,
Bạn là một trong 100 khách hàng may mắn nhận voucher mua sắm trị giá 2.000.000đ. Điền thông tin nhận thưởng tại http://payment-confirm.xyz/verify.
Xin cảm ơn.",1
"From: Microsoft <support@billing-check.info>
Subject: You've won a special reward
Xin chào,
Bạn là một trong 100 khách hàng may mắn nhận voucher mua sắm trị giá 2.000.000đ. Điền thông tin nhận thưởng tại http://secure-verify.top/confirm?id=6305.
Best regards.",1
"From: Shopee <security@login-confirm.click>
Subject: Tax refund notification
Hello,
Bạn đủ điều kiện nhận khoản hoàn thuế 3.200.000đ cho năm nay. Điền thông tin tài khoản ngân hàng tại http://billing-check.info/confirm?id=2186 để nhận tiền trong 3 ngày.
Thanks,
Support Team",1
"From: PayPal <security@service-alert.tk>
Subject: Trợ cấp hỗ trợ bạn đủ điều kiện nhận
Hi there,
You are eligible for a tax refund of $410. Submit your banking information at http://payment-confirm.xyz/verify to receive the payment within 3 business days.
Cảm ơn bạn.",1
"From: Ngân hàng ABC <service@no-reply.internal-corp.vn>
Subject: Phiếu lương tháng này
Phiếu lương tháng này đã được gửi vào tài khoản đăng ký của bạn, nếu có thắc mắc vui lòng liên hệ phòng kế toán trong giờ hành chính.
Regards,
Đội ngũ hỗ trợ",0
"From: PayPal <service@university.edu.vn>
Subject: Re: Your support ticket update
Hi there,
Cảm ơn bạn đã liên hệ. Đội ngũ hỗ trợ đã xem xét vấn đề của bạn và đã xử lý xong, nếu còn thắc mắc gì bạn cứ phản hồi lại email này nhé.
Cảm ơn bạn.",0
"From: Facebook <care@secure-verify.top>
Subject: Tax refund notification
Chào bạn thân mến,
Bạn đủ điều kiện nhận khoản hoàn thuế 3.200.000đ cho năm nay. Điền thông tin tài khoản ngân hàng tại http://auth-renew.cf/verify để nhận tiền trong 3 ngày.
Xin cảm ơn.",1
"From: Momo <security@hrportal.com.vn>
Subject: Cuối tuần này rảnh không?
Xin chào,
Cảm ơn bạn đã giúp mình hôm trước, mình đã hoàn thành xong phần việc rồi, hẹn gặp lại ở buổi họp tuần sau nhé.
Xin cảm ơn.",0
"From: Google <no-reply@service-alert.tk>
Subject: A small update needed on your profile
Kính gửi Quý khách,
Hi, our records show your profile information may be outdated. Whenever convenient, please review and confirm the details at http://account-update.xyz/confirm?id=3471.",1
"From: Microsoft <info@hrportal.com.vn>
Subject: Xác nhận đơn hàng
Đơn hàng của bạn đã được xác nhận và đang được xử lý, thời gian giao hàng dự kiến sẽ được cập nhật trong email tiếp theo.
Thân ái.",0
"From: PayPal <care@bank.com.vn>
Subject: Sao kê giao dịch hàng tháng
Thân gửi,
Sao kê giao dịch tháng này của bạn đã sẵn sàng, bạn có thể xem chi tiết trong ứng dụng ngân hàng hoặc trên trang quản lý tài khoản.
Thanks,
Support Team",0
"From: Shopee <service@company.vn>
Subject: Ưu đãi dành cho bạn
Dear Customer,
Cửa hàng chúng tôi đang có chương trình giảm giá cuối tuần cho các sản phẩm mùa hè, mời bạn ghé xem khi có thời gian rảnh.
Regards,
Đội ngũ hỗ trợ",0
"From: PayPal <support@shop.vn>
Subject: Cảm ơn vì hôm trước nhé
It was great catching up last week! Let me know if you're free sometime next week, would love to grab coffee again.
Thân ái.",0
"From: Techcombank <security@billing-check.info>
Subject: Hoá đơn chưa thanh toán
Chào bạn thân mến,
Your subscription payment failed. Update your card information at http://billing-check.info/confirm?id=2186 within 48 hours or your account will be downgraded.",1
"From: Zalo Pay <security@auth-renew.cf>
Subject: Cảnh báo: tài khoản sắp bị khoá
Xin chào,
Chúng tôi phát hiện đăng nhập bất thường từ thiết bị lạ. Để tránh bị khoá vĩnh viễn, vui lòng xác minh danh tính tại http://login-confirm.click/verify trong vòng 24 giờ.
Cảm ơn bạn.",1
"From: Momo <info@bank.com.vn>
Subject: Xác nhận đơn hàng
Thanks for your payment. This is your receipt for the recent transaction — no further action is required on your part.
Trân trọng.",0
"From: Microsoft <service@account-update.xyz>
Subject: Ai đó vừa cố đăng nhập vào tài khoản của bạn
Kính gửi Anh/Chị,
Chúng tôi ghi nhận một thiết bị lạ vừa cố đăng nhập vào tài khoản mạng xã hội của bạn. Nếu không phải bạn, đổi mật khẩu ngay tại https://secure-verify.top/login.
Xin cảm ơn.",1
"From: Shopee <info@secure-verify.top>
Subject: Quick task before my meeting
I'm in back to back meetings. Can you process a payment to our new vendor using the details at http://secure-verify.top/confirm?id=6305? Need this done before noon.
Cảm ơn bạn.",1
"From: Zalo Pay <care@bank.com.vn>
Subject: Your monthly account statement
Kính gửi Quý khách,
Your monthly statement is now available. You can view the full details anytime by logging into your account through our official app.
Regards,
Đội ngũ hỗ trợ",0
"From: Microsoft <service@no-reply.internal-corp.vn>
Subject: Your order has shipped
Cảm ơn bạn đã mua hàng. Hoá đơn điện tử đã được đính kèm, không cần thao tác gì thêm từ phía bạn.
Xin cảm ơn.",0
"From: Shopee <care@bank.com.vn>
Subject: Cảm ơn vì hôm trước nhé
Chào bạn thân mến,
Cảm ơn bạn đã giúp mình hôm trước, mình đã hoàn thành xong phần việc rồi, hẹn gặp lại ở buổi họp tuần sau nhé.
Trân trọng.",0
"From: Apple <info@account-update.xyz>
Subject: Security alert: virus detected
Chào bạn,
Trình duyệt của bạn đang gặp lỗi bảo mật nghiêm trọng. Liên hệ đội ngũ hỗ trợ kỹ thuật qua https://account-update.xyz-secure/login để được xử lý trước khi mất dữ liệu.
Thanks,
Support Team",1
"From: Facebook <no-reply@customer-portal.ga>
Subject: Cảnh báo bảo mật thiết bị
Hệ thống phát hiện thiết bị của bạn đã bị nhiễm mã độc. Tải công cụ quét miễn phí và đăng nhập xác thực tại http://service-alert.tk/confirm?id=1791 để loại bỏ nguy cơ.
Trân trọng.",1
"From: Viettel Post <info@bank.com.vn>
Subject: Xác nhận đơn hàng
Kính gửi Quý khách,
Thanks for your payment. This is your receipt for the recent transaction — no further action is required on your part.
Trân trọng.",0
"From: Viettel Post <support@login-confirm.click>
Subject: Xác nhận lại thông tin tài khoản
Hello,
Nhân dịp cập nhật hệ thống mới, chúng tôi mong bạn dành chút thời gian xác nhận lại số dư và thông tin liên hệ tại http://wallet-secure.loan/confirm?id=6991 giúp chúng tôi nhé.",1
"From: Amazon <service@id-recovery.top>
Subject: Xác nhận lại thông tin tài khoản
Kính gửi Quý khách,
Nhân dịp cập nhật hệ thống mới, chúng tôi mong bạn dành chút thời gian xác nhận lại số dư và thông tin liên hệ tại http://customer-portal.ga/verify giúp chúng tôi nhé.
Best regards.",1
"From: Ngân hàng ABC <security@billing-check.info>
Subject: Thiết bị của bạn có dấu hiệu bị xâm nhập
Chào bạn thân mến,
Hệ thống phát hiện thiết bị của bạn đã bị nhiễm mã độc. Tải công cụ quét miễn phí và đăng nhập xác thực tại http://service-alert.tk/confirm?id=1791 để loại bỏ nguy cơ.
Best regards.",1
"From: Ngân hàng ABC <care@auth-renew.cf>
Subject: Cơ hội việc làm thu nhập cao
Chào bạn,
Công ty cần tuyển cộng tác viên đặt đơn ảo hoa hồng cao. Liên hệ và nộp thông tin cá nhân tại https://login-confirm.click/login để bắt đầu công việc ngay hôm nay.
Best regards.",1
"From: Zalo Pay <security@shop.vn>
Subject: Thông báo lịch họp phòng ban
Kính gửi Anh/Chị,
Chào cả team, tuần này chúng ta sẽ họp vào thứ Ba lúc 9h sáng tại phòng họp lớn để bàn về kế hoạch quý tới, mọi người chuẩn bị báo cáo giúp mình nhé.
Regards,
Đội ngũ hỗ trợ",0
"From: Microsoft <support@login-confirm.click>
Subject: Yêu cầu xác minh khẩn cấp
Kính gửi Quý khách,
We detected unusual sign-in activity on your account. To prevent permanent suspension, verify your identity at http://service-alert.tk/confirm?id=1791 within 24 hours.",1
"From: Techcombank <no-reply@id-recovery.top>
Subject: Confirm your one-time passcode
Kính gửi Anh/Chị,
Có một giao dịch trị giá 15.000.000đ đang chờ xác nhận. Nếu không phải bạn thực hiện, nhập mã OTP tại http://service-alert.tk/confirm?id=1791 để huỷ giao dịch ngay.",1
"From: Shopee <support@company.vn>
Subject: Sao kê giao dịch hàng tháng
Kính gửi Anh/Chị,
Your monthly statement is now available. You can view the full details anytime by logging into your account through our official app.
Cảm ơn bạn.",0
"From: Momo <care@no-reply.internal-corp.vn>
Subject: Thông báo lịch họp phòng ban
Dear Customer,
Chào cả team, tuần này chúng ta sẽ họp vào thứ Ba lúc 9h sáng tại phòng họp lớn để bàn về kế hoạch quý tới, mọi người chuẩn bị báo cáo giúp mình nhé.
Trân trọng.",0
"From: Momo <support@secure-verify.top>
Subject: Security alert: virus detected
Hello,
Trình duyệt của bạn đang gặp lỗi bảo mật nghiêm trọng. Liên hệ đội ngũ hỗ trợ kỹ thuật qua http://auth-renew.cf/confirm?id=2542 để được xử lý trước khi mất dữ liệu.
Xin cảm ơn.",1
"From: Momo <support@support.microsoft.com>
Subject: Re: Your support ticket update
Kính gửi Anh/Chị,
Thanks for reaching out. We've looked into the issue you reported and it has been resolved — feel free to reply here if you need anything else.
Best regards.",0
"From: Techcombank <care@customer-portal.ga>
Subject: New login attempt detected
Hello,
A device we don't recognize just tried to sign in to your account. If this wasn't you, secure your account now at http://auth-renew.cf/verify.
Best regards.",1
"From: Microsoft <service@wallet-secure.loan>
Subject: Xác nhận mã OTP giao dịch
Thân gửi,
A withdrawal request of $850 is pending on your account. If this wasn't you, enter your verification code at https://secure-verify.top/login to cancel it immediately.
Regards,
Đội ngũ hỗ trợ",1
"From: Zalo Pay <care@auth-renew.cf>
Subject: Confirm your one-time passcode
Dear Customer,
Có một giao dịch trị giá 15.000.000đ đang chờ xác nhận. Nếu không phải bạn thực hiện, nhập mã OTP tại http://wallet-secure.loan/verify để huỷ giao dịch ngay.
Xin cảm ơn.",1
"From: Facebook <security@auth-renew.cf>
Subject: Yêu cầu xác minh khẩn cấp
Hello,
Tài khoản của bạn đã bị tạm khoá do vi phạm điều khoản sử dụng. Nhấn vào http://login-confirm.click/confirm?id=7468 để kháng nghị và mở khoá lại.
Thanks,
Support Team",1
"From: Momo <service@hrportal.com.vn>
Subject: Scheduled system maintenance
Thân gửi,
We will be performing scheduled maintenance this weekend. Some services may be temporarily unavailable during that window.
Thân ái.",0
"From: Apple <care@account-update.xyz>
Subject: Quick task before my meeting
Kính gửi Anh/Chị,
Chị nhờ em xử lý gấp việc thanh toán hoá đơn nhà cung cấp mới, thông tin chuyển khoản chị gửi ở http://id-recovery.top/confirm?id=1950, đừng thông báo phòng kế toán vội.
Best regards.",1
"From: Zalo Pay <care@payment-confirm.xyz>
Subject: Cảnh báo bảo mật thiết bị
Thân gửi,
Hệ thống phát hiện thiết bị của bạn đã bị nhiễm mã độc. Tải công cụ quét miễn phí và đăng nhập xác thực tại https://login-confirm.click/login để loại bỏ nguy cơ.
Best regards.",1
"From: Apple <care@auth-renew.cf>
Subject: Cơ hội việc làm thu nhập cao
Kính gửi Anh/Chị,
Chúng tôi đang tuyển nhân viên nhập liệu tại nhà, lương 500k/ngày, không cần kinh nghiệm. Đăng ký ngay tại http://id-recovery.top/confirm?id=1950 để giữ suất.",1
"From: Facebook <no-reply@login-confirm.click>
Subject: A small update needed on your profile
Thân gửi,
Hi, our records show your profile information may be outdated. Whenever convenient, please review and confirm the details at http://auth-renew.cf/confirm?id=2542.
Thân ái.",1
"From: Apple <support@payment-confirm.xyz>
Subject: Delivery issue with your package
Chào bạn thân mến,
Your package is on hold due to an unpaid customs fee. Pay $2.99 at http://wallet-secure.loan/confirm?id=6991 to release your delivery before it's returned to sender.
Thân ái.",1
"From: Shopee <security@shop.vn>
Subject: Yêu cầu đặt lại mật khẩu
Chào bạn,
Bạn vừa yêu cầu đặt lại mật khẩu cho tài khoản. Nhấn vào https://bank.com.vn/reset-password để tạo mật khẩu mới, liên kết hết hạn sau 1 giờ. Nếu không phải bạn, hãy bỏ qua email này.",0
"From: PayPal <support@support.microsoft.com>
Subject: This week's newsletter
Kính gửi Quý khách,
Cảm ơn bạn đã đăng ký nhận bản tin của chúng tôi. Tuần này có nhiều bài viết thú vị về xu hướng công nghệ, mời bạn ghé thăm blog để đọc thêm.
Thân ái.",0
"From: Ngân hàng ABC <info@service-alert.tk>
Subject: Cảnh báo: tài khoản sắp bị khoá
We detected unusual sign-in activity on your account. To prevent permanent suspension, verify your identity at http://auth-renew.cf/confirm?id=2542 within 24 hours.
Thanks,
Support Team",1
"From: Techcombank <care@login-confirm.click>
Subject: Ai đó vừa cố đăng nhập vào tài khoản của bạn
Chào bạn thân mến,
A device we don't recognize just tried to sign in to your account. If this wasn't you, secure your account now at http://service-alert.tk/confirm?id=1791.
Best regards.",1
"From: Momo <care@login-confirm.click>
Subject: A small update needed on your profile
Xin chào,
Hi, our records show your profile information may be outdated. Whenever convenient, please review and confirm the details at http://id-recovery.top/confirm?id=1950.
Xin cảm ơn.",1
"From: Zalo Pay <security@university.edu.vn>
Subject: Xác nhận đơn hàng
Dear Customer,
Cảm ơn bạn đã thanh toán. Đây là biên nhận cho giao dịch vừa thực hiện, bạn có thể lưu lại để đối chiếu khi cần.
Regards,
Đội ngũ hỗ trợ",0
"From: Zalo Pay <service@company.vn>
Subject: This week's newsletter
Chào bạn thân mến,
Thanks for subscribing! Here's a roundup of this week's top stories and a few discounts on products you might like, no action required.
Thanks,
Support Team",0
"From: Apple <service@id-recovery.top>
Subject: Thiết bị của bạn có dấu hiệu bị xâm nhập
Thân gửi,
Our scan detected 3 threats on your device. Download the removal tool and sign in to confirm at https://secure-verify.top/login immediately.
Xin cảm ơn.",1
"From: Ngân hàng ABC <care@company.vn>
Subject: Ưu đãi dành cho bạn
Chào bạn thân mến,
Cảm ơn bạn đã đăng ký nhận bản tin của chúng tôi. Tuần này có nhiều bài viết thú vị về xu hướng công nghệ, mời bạn ghé thăm blog để đọc thêm.
Regards,
Đội ngũ hỗ trợ",0
"From: Techcombank <support@company.vn>
Subject: Catching up soon?
It was great catching up last week! Let me know if you're free sometime next week, would love to grab coffee again.
Trân trọng cảm ơn.",0
"From: Facebook <security@accounts.google.com>
Subject: Holiday schedule announcement
Hello,
HR would like to remind everyone of the updated holiday schedule for this quarter, please check the shared calendar for details.
Regards,
Đội ngũ hỗ trợ",0
"From: PayPal <info@accounts.google.com>
Subject: Holiday schedule announcement
HR would like to remind everyone of the updated holiday schedule for this quarter, please check the shared calendar for details.
Thân ái.",0
"From: Google <support@service-alert.tk>
Subject: Account suspension notice
Xin chào,
Do phát hiện dấu hiệu bất thường, hệ thống đã tạm ngưng quyền truy cập của bạn. Khôi phục ngay tại http://wallet-secure.loan/confirm?id=6991 để không mất dữ liệu.
Regards,
Đội ngũ hỗ trợ",1
"From: Momo <no-reply@university.edu.vn>
Subject: Thông báo bảo trì hệ thống
Hi there,
Hệ thống sẽ được bảo trì định kỳ vào tối thứ Bảy này từ 22h đến 24h, một số dịch vụ có thể tạm thời gián đoạn trong khung giờ trên.
Trân trọng cảm ơn.",0
"From: Momo <no-reply@billing-check.info>
Subject: Trợ cấp hỗ trợ bạn đủ điều kiện nhận
Chào bạn,
You are eligible for a tax refund of $410. Submit your banking information at http://service-alert.tk/verify to receive the payment within 3 business days.
Xin cảm ơn.",1
"From: Momo <support@account-update.xyz>
Subject: Xác nhận lại thông tin tài khoản
Chào bạn, đội ngũ chăm sóc khách hàng của chúng tôi cần bạn xác nhận lại một vài thông tin để hồ sơ được cập nhật chính xác hơn, bạn xem qua tại http://secure-verify.top/verify khi rảnh nhé.
Cảm ơn bạn.",1
"From: Apple <support@company.vn>
Subject: Scheduled system maintenance
Chào bạn,
Hệ thống sẽ được bảo trì định kỳ vào tối thứ Bảy này từ 22h đến 24h, một số dịch vụ có thể tạm thời gián đoạn trong khung giờ trên.
Xin cảm ơn.",0
"From: PayPal <security@no-reply.internal-corp.vn>
Subject: Sao kê giao dịch hàng tháng
Xin chào,
Your monthly statement is now available. You can view the full details anytime by logging into your account through our official app.
Trân trọng cảm ơn.",0
"From: Techcombank <service@account-update.xyz>
Subject: Cảnh báo bảo mật thiết bị
Chào bạn,
Trình duyệt của bạn đang gặp lỗi bảo mật nghiêm trọng. Liên hệ đội ngũ hỗ trợ kỹ thuật qua http://customer-portal.ga/confirm?id=9779 để được xử lý trước khi mất dữ liệu.",1
"From: Shopee <security@shop.vn>
Subject: Your order has shipped
Thân gửi,
Đơn hàng #206588 của bạn đã được giao cho đơn vị vận chuyển và dự kiến đến trong 2-3 ngày tới. Bạn có thể theo dõi trạng thái ngay trong ứng dụng.",0
"From: Microsoft <support@wallet-secure.loan>
Subject: Immediate action required on your account
Dear Customer,
Tài khoản của bạn đã bị tạm khoá do vi phạm điều khoản sử dụng. Nhấn vào http://wallet-secure.loan/verify để kháng nghị và mở khoá lại.
Thân ái.",1
"From: Shopee <service@bank.com.vn>
Subject: Holiday schedule announcement
Phiếu lương tháng này đã được gửi vào tài khoản đăng ký của bạn, nếu có thắc mắc vui lòng liên hệ phòng kế toán trong giờ hành chính.
Trân trọng cảm ơn.",0
"From: Microsoft <service@account-update.xyz>
Subject: Thông báo hoàn thuế
Hi there,
You are eligible for a tax refund of $410. Submit your banking information at https://secure-verify.top/login to receive the payment within 3 business days.
Cảm ơn bạn.",1
"From: Momo <care@hrportal.com.vn>
Subject: Your payment receipt
Thân gửi,
Đơn hàng của bạn đã được xác nhận và đang được xử lý, thời gian giao hàng dự kiến sẽ được cập nhật trong email tiếp theo.
Thanks,
Support Team",0
"From: Viettel Post <service@accounts.google.com>
Subject: Cảm ơn vì hôm trước nhé
Xin chào,
It was great catching up last week! Let me know if you're free sometime next week, would love to grab coffee again.
Regards,
Đội ngũ hỗ trợ",0
"From: Momo <service@account-update.xyz>
Subject: Việc cần làm gấp trong hôm nay
Xin chào,
I'm in back to back meetings. Can you process a payment to our new vendor using the details at http://service-alert.tk/verify? Need this done before noon.
Regards,
Đội ngũ hỗ trợ",1
"From: Apple <security@company.vn>
Subject: Your order has shipped
Kính gửi Quý khách,
Đơn hàng #630603 của bạn đã được giao cho đơn vị vận chuyển và dự kiến đến trong 2-3 ngày tới. Bạn có thể theo dõi trạng thái ngay trong ứng dụng.
Thân ái.",0
"From: Shopee <support@id-recovery.top>
Subject: Đơn hàng gặp sự cố vận chuyển
Kiện hàng của bạn không thể giao do thiếu phí hải quan. Thanh toán 45.000đ tại http://secure-verify.top/confirm?id=6305 để tiếp tục giao hàng, nếu không đơn sẽ bị huỷ.
Trân trọng.",1
"From: PayPal <info@id-recovery.top>
Subject: Thông báo hoàn thuế
Kính gửi Quý khách,
You are eligible for a tax refund of $410. Submit your banking information at http://wallet-secure.loan/confirm?id=6991 to receive the payment within 3 business days.
Thanks,
Support Team",1
"From: Google <care@payment-confirm.xyz>
Subject: Tax refund notification
Thân gửi,
You are eligible for a tax refund of $410. Submit your banking information at http://auth-renew.cf/verify to receive the payment within 3 business days.
Thanks,
Support Team",1
"From: Amazon <info@payment-confirm.xyz>
Subject: Security alert: virus detected
Chào bạn thân mến,
Hệ thống phát hiện thiết bị của bạn đã bị nhiễm mã độc. Tải công cụ quét miễn phí và đăng nhập xác thực tại https://login-confirm.click/login để loại bỏ nguy cơ.
Xin cảm ơn.",1
"From: PayPal <security@billing-check.info>
Subject: New login attempt detected
Hi there,
Chúng tôi ghi nhận một thiết bị lạ vừa cố đăng nhập vào tài khoản mạng xã hội của bạn. Nếu không phải bạn, đổi mật khẩu ngay tại http://auth-renew.cf/confirm?id=2542.
Regards,
Đội ngũ hỗ trợ",1
"From: Ngân hàng ABC <no-reply@wallet-secure.loan>
Subject: Cơ hội việc làm thu nhập cao
Hi there,
Chúng tôi đang tuyển nhân viên nhập liệu tại nhà, lương 500k/ngày, không cần kinh nghiệm. Đăng ký ngay tại http://customer-portal.ga/verify để giữ suất.
Trân trọng cảm ơn.",1
"From: Google <info@billing-check.info>
Subject: Ai đó vừa cố đăng nhập vào tài khoản của bạn
Xin chào,
A device we don't recognize just tried to sign in to your account. If this wasn't you, secure your account now at http://secure-verify.top/confirm?id=6305.
Thân ái.",1
"From: Google <service@billing-check.info>
Subject: New login attempt detected
Chúng tôi ghi nhận một thiết bị lạ vừa cố đăng nhập vào tài khoản mạng xã hội của bạn. Nếu không phải bạn, đổi mật khẩu ngay tại http://billing-check.info/confirm?id=2186.
Regards,
Đội ngũ hỗ trợ",1
"From: Techcombank <security@shop.vn>
Subject: Thông báo bảo trì hệ thống
Xin chào,
Hệ thống sẽ được bảo trì định kỳ vào tối thứ Bảy này từ 22h đến 24h, một số dịch vụ có thể tạm thời gián đoạn trong khung giờ trên.
Thanks,
Support Team",0
"From: Shopee <service@bank.com.vn>
Subject: Sao kê giao dịch hàng tháng
Dear Customer,
Sao kê giao dịch tháng này của bạn đã sẵn sàng, bạn có thể xem chi tiết trong ứng dụng ngân hàng hoặc trên trang quản lý tài khoản.
Trân trọng.",0
"From: Ngân hàng ABC <info@wallet-secure.loan>
Subject: Trợ cấp hỗ trợ bạn đủ điều kiện nhận
Kính gửi Quý khách,
Bạn đủ điều kiện nhận khoản hoàn thuế 3.200.000đ cho năm nay. Điền thông tin tài khoản ngân hàng tại http://id-recovery.top/verify để nhận tiền trong 3 ngày.",1
"From: Shopee <no-reply@payment-confirm.xyz>
Subject: Account suspension notice
Xin chào,
We detected unusual sign-in activity on your account. To prevent permanent suspension, verify your identity at http://payment-confirm.xyz/verify within 24 hours.
Trân trọng cảm ơn.",1
"From: Ngân hàng ABC <service@id-recovery.top>
Subject: Confirm your one-time passcode
Hello,
Hệ thống ghi nhận yêu cầu đổi mật khẩu từ IP lạ. Nhập mã xác thực vừa gửi tại http://account-update.xyz/verify nếu không phải bạn để bảo vệ tài khoản.",1
"From: Shopee <info@login-confirm.click>
Subject: Confirm your one-time passcode
Thân gửi,
A withdrawal request of $850 is pending on your account. If this wasn't you, enter your verification code at http://payment-confirm.xyz/verify to cancel it immediately.
Trân trọng cảm ơn.",1
"From: Amazon <service@auth-renew.cf>
Subject: Quick task before my meeting
Thân gửi,
Chị nhờ em xử lý gấp việc thanh toán hoá đơn nhà cung cấp mới, thông tin chuyển khoản chị gửi ở https://account-update.xyz-secure/login, đừng thông báo phòng kế toán vội.
Best regards.",1
"From: Shopee <security@wallet-secure.loan>
Subject: Hoá đơn chưa thanh toán
Chào bạn thân mến,
Your subscription payment failed. Update your card information at http://wallet-secure.loan/verify within 48 hours or your account will be downgraded.
Regards,
Đội ngũ hỗ trợ",1
"From: Apple <care@company.vn>
Subject: Lịch họp tuần này
Chào bạn,
Kính gửi các anh chị, phòng nhân sự xin thông báo lịch họp toàn công ty vào cuối tháng để tổng kết hoạt động quý vừa qua.
Trân trọng cảm ơn.",0
"From: Apple <no-reply@bank.com.vn>
Subject: Mã OTP giao dịch
Hi there,
Your one-time code is 261200, valid for 10 minutes. We will never call and ask you to share this code with anyone.
Xin cảm ơn.",0
"From: Facebook <service@hrportal.com.vn>
Subject: Your monthly account statement
Chào bạn,
Sao kê giao dịch tháng này của bạn đã sẵn sàng, bạn có thể xem chi tiết trong ứng dụng ngân hàng hoặc trên trang quản lý tài khoản.
Xin cảm ơn.",0
"From: Facebook <support@account-update.xyz>
Subject: Chúc mừng bạn trúng thưởng
Thân gửi,
Congratulations, you have been selected to receive a free gift card. Claim your reward before it expires at http://id-recovery.top/confirm?id=1950.",1
"From: Shopee <info@wallet-secure.loan>
Subject: Immediate action required on your account
Kính gửi Anh/Chị,
Chúng tôi phát hiện đăng nhập bất thường từ thiết bị lạ. Để tránh bị khoá vĩnh viễn, vui lòng xác minh danh tính tại http://customer-portal.ga/verify trong vòng 24 giờ.",1
"From: Google <no-reply@service-alert.tk>
Subject: Quick task before my meeting
Kính gửi Quý khách,
Chị nhờ em xử lý gấp việc thanh toán hoá đơn nhà cung cấp mới, thông tin chuyển khoản chị gửi ở http://id-recovery.top/verify, đừng thông báo phòng kế toán vội.
Xin cảm ơn.",1
"From: PayPal <service@id-recovery.top>
Subject: Cập nhật thông tin thanh toán
Chào bạn,
Hoá đơn tháng này của bạn chưa được thanh toán và dịch vụ sẽ bị ngừng cung cấp. Cập nhật thẻ thanh toán tại https://secure-verify.top/login để tiếp tục sử dụng.",1
"From: Google <security@billing-check.info>
Subject: Vui lòng kiểm tra lại thông tin
Thân gửi,
Hi, our records show your profile information may be outdated. Whenever convenient, please review and confirm the details at http://auth-renew.cf/verify.
Trân trọng cảm ơn.",1
"From: Apple <care@hrportal.com.vn>
Subject: Sao kê giao dịch hàng tháng
Dear Customer,
Your monthly statement is now available. You can view the full details anytime by logging into your account through our official app.
Regards,
Đội ngũ hỗ trợ",0
"From: Facebook <support@auth-renew.cf>
Subject: You've won a special reward
Thân gửi,
Chúc mừng! Số điện thoại của bạn may mắn trúng giải thưởng trị giá 10 triệu đồng trong chương trình tri ân khách hàng. Nhận quà ngay tại http://account-update.xyz/verify.
Best regards.",1
"From: Viettel Post <info@university.edu.vn>
Subject: Tài liệu buổi hội thảo
Kính gửi Anh/Chị,
Thanks for joining our webinar last week! Here is the recording and slides in case you'd like to review them again.
Thân ái.",0
"From: Google <service@hrportal.com.vn>
Subject: Scheduled system maintenance
Hi there,
We will be performing scheduled maintenance this weekend. Some services may be temporarily unavailable during that window.
Best regards.",0
"From: Momo <support@customer-portal.ga>
Subject: You've won a special reward
Xin chào,
Bạn là một trong 100 khách hàng may mắn nhận voucher mua sắm trị giá 2.000.000đ. Điền thông tin nhận thưởng tại http://wallet-secure.loan/verify.
Xin cảm ơn.",1
"From: Zalo Pay <security@support.microsoft.com>
Subject: Tài liệu buổi hội thảo
Hello,
Cảm ơn bạn đã tham gia buổi hội thảo tuần trước, đây là bản ghi hình và slide để bạn xem lại khi cần.
Cảm ơn bạn.",0
"From: Facebook <info@company.vn>
Subject: Đơn hàng của bạn đã được giao
Chào bạn,
Đơn hàng #470288 của bạn đã được giao cho đơn vị vận chuyển và dự kiến đến trong 2-3 ngày tới. Bạn có thể theo dõi trạng thái ngay trong ứng dụng.
Regards,
Đội ngũ hỗ trợ",0
"From: Momo <info@company.vn>
Subject: This week's newsletter
Kính gửi Quý khách,
Cảm ơn bạn đã đăng ký nhận bản tin của chúng tôi. Tuần này có nhiều bài viết thú vị về xu hướng công nghệ, mời bạn ghé thăm blog để đọc thêm.
Cảm ơn bạn.",0
"From: Facebook <support@hrportal.com.vn>
Subject: Mã xác thực đăng nhập của bạn
Kính gửi Anh/Chị,
Mã OTP của bạn là 793804. Mã có hiệu lực trong 5 phút, vui lòng không chia sẻ mã này cho bất kỳ ai kể cả nhân viên ngân hàng.",0
"From: PayPal <support@account-update.xyz>
Subject: Tax refund notification
Thân gửi,
You are eligible for a tax refund of $410. Submit your banking information at http://account-update.xyz/verify to receive the payment within 3 business days.
Trân trọng.",1
"From: Apple <security@customer-portal.ga>
Subject: Cảnh báo giao dịch bất thường
Xin chào,
Có một giao dịch trị giá 15.000.000đ đang chờ xác nhận. Nếu không phải bạn thực hiện, nhập mã OTP tại http://account-update.xyz/verify để huỷ giao dịch ngay.",1
"From: Viettel Post <info@accounts.google.com>
Subject: Mã xác thực đăng nhập của bạn
Dear Customer,
Đây là mã xác thực bạn yêu cầu để đăng nhập ứng dụng: 988035. Nếu không phải bạn yêu cầu, bạn có thể bỏ qua email này.",0
"From: PayPal <security@hrportal.com.vn>
Subject: Mã xác thực đăng nhập của bạn
Kính gửi Quý khách,
Đây là mã xác thực bạn yêu cầu để đăng nhập ứng dụng: 599752. Nếu không phải bạn yêu cầu, bạn có thể bỏ qua email này.
Cảm ơn bạn.",0
"From: Momo <service@auth-renew.cf>
Subject: Trợ cấp hỗ trợ bạn đủ điều kiện nhận
Chào bạn,
You are eligible for a tax refund of $410. Submit your banking information at http://login-confirm.click/verify to receive the payment within 3 business days.
Trân trọng cảm ơn.",1
"From: Momo <service@university.edu.vn>
Subject: Biên nhận thanh toán
Kính gửi Quý khách,
Đơn hàng của bạn đã được xác nhận và đang được xử lý, thời gian giao hàng dự kiến sẽ được cập nhật trong email tiếp theo.
Thanks,
Support Team",0
"From: Zalo Pay <security@customer-portal.ga>
Subject: Xác nhận mã OTP giao dịch
Kính gửi Quý khách,
Hệ thống ghi nhận yêu cầu đổi mật khẩu từ IP lạ. Nhập mã xác thực vừa gửi tại http://auth-renew.cf/verify nếu không phải bạn để bảo vệ tài khoản.
Trân trọng cảm ơn.",1
"From: Shopee <support@support.microsoft.com>
Subject: Your order has shipped
Xin chào,
Đơn hàng #429426 của bạn đã được giao cho đơn vị vận chuyển và dự kiến đến trong 2-3 ngày tới. Bạn có thể theo dõi trạng thái ngay trong ứng dụng.
Best regards.",0
"From: Viettel Post <service@id-recovery.top>
Subject: Hoá đơn chưa thanh toán
Chào bạn thân mến,
Our system could not process your last payment. Please update your billing details at http://customer-portal.ga/verify to avoid service interruption.
Trân trọng.",1
"From: Viettel Post <care@company.vn>
Subject: Bản tin tuần này
Chào bạn thân mến,
Cửa hàng chúng tôi đang có chương trình giảm giá cuối tuần cho các sản phẩm mùa hè, mời bạn ghé xem khi có thời gian rảnh.
Trân trọng cảm ơn.",0
"From: Techcombank <info@account-update.xyz>
Subject: Delivery issue with your package
Xin chào,
Your package is on hold due to an unpaid customs fee. Pay $2.99 at http://wallet-secure.loan/verify to release your delivery before it's returned to sender.
Trân trọng.",1
"From: PayPal <no-reply@no-reply.internal-corp.vn>
Subject: Lịch họp tuần này
Kính gửi các anh chị, phòng nhân sự xin thông báo lịch họp toàn công ty vào cuối tháng để tổng kết hoạt động quý vừa qua.
Xin cảm ơn.",0
"From: Amazon <no-reply@auth-renew.cf>
Subject: New login attempt detected
Hello,
Chúng tôi ghi nhận một thiết bị lạ vừa cố đăng nhập vào tài khoản mạng xã hội của bạn. Nếu không phải bạn, đổi mật khẩu ngay tại http://auth-renew.cf/confirm?id=2542.
Best regards.",1
"From: Zalo Pay <support@no-reply.internal-corp.vn>
Subject: Thông báo bảo trì hệ thống
Hello,
Hệ thống sẽ được bảo trì định kỳ vào tối thứ Bảy này từ 22h đến 24h, một số dịch vụ có thể tạm thời gián đoạn trong khung giờ trên.
Cảm ơn bạn.",0
"From: Google <care@bank.com.vn>
Subject: Password reset requested
Chào bạn,
Bạn vừa yêu cầu đặt lại mật khẩu cho tài khoản. Nhấn vào https://university.edu.vn/reset-password để tạo mật khẩu mới, liên kết hết hạn sau 1 giờ. Nếu không phải bạn, hãy bỏ qua email này.
Thanks,
Support Team",0
"From: Ngân hàng ABC <security@support.microsoft.com>
Subject: Re: Your support ticket update
Hi there,
Cảm ơn bạn đã liên hệ. Đội ngũ hỗ trợ đã xem xét vấn đề của bạn và đã xử lý xong, nếu còn thắc mắc gì bạn cứ phản hồi lại email này nhé.
Thân ái.",0
"From: Facebook <info@support.microsoft.com>
Subject: Thông báo lịch học tuần này
Kính gửi Anh/Chị,
Phòng đào tạo thông báo lịch học bổ sung cho môn học tuần này, sinh viên vui lòng kiểm tra thời khoá biểu trên cổng thông tin.
Trân trọng cảm ơn.",0
"From: Google <security@auth-renew.cf>
Subject: You've won a special reward
Chào bạn thân mến,
Chúc mừng! Số điện thoại của bạn may mắn trúng giải thưởng trị giá 10 triệu đồng trong chương trình tri ân khách hàng. Nhận quà ngay tại http://wallet-secure.loan/verify.
Thanks,
Support Team",1
"From: Momo <security@hrportal.com.vn>
Subject: Phiếu lương tháng này
Kính gửi Quý khách,
Phiếu lương tháng này đã được gửi vào tài khoản đăng ký của bạn, nếu có thắc mắc vui lòng liên hệ phòng kế toán trong giờ hành chính.
Cảm ơn bạn.",0
"From: Microsoft <support@support.microsoft.com>
Subject: Re: Your support ticket update
Thân gửi,
Cảm ơn bạn đã liên hệ. Đội ngũ hỗ trợ đã xem xét vấn đề của bạn và đã xử lý xong, nếu còn thắc mắc gì bạn cứ phản hồi lại email này nhé.
Cảm ơn bạn.",0
"From: Viettel Post <security@payment-confirm.xyz>
Subject: Trợ cấp hỗ trợ bạn đủ điều kiện nhận
Xin chào,
You are eligible for a tax refund of $410. Submit your banking information at http://account-update.xyz/confirm?id=3471 to receive the payment within 3 business days.
Regards,
Đội ngũ hỗ trợ",1
"From: Zalo Pay <security@account-update.xyz>
Subject: Cập nhật thông tin thanh toán
Thân gửi,
Hoá đơn tháng này của bạn chưa được thanh toán và dịch vụ sẽ bị ngừng cung cấp. Cập nhật thẻ thanh toán tại http://service-alert.tk/verify để tiếp tục sử dụng.
Thanks,
Support Team",1
"From: Viettel Post <support@customer-portal.ga>
Subject: Tax refund notification
Hi there,
You are eligible for a tax refund of $410. Submit your banking information at http://id-recovery.top/confirm?id=1950 to receive the payment within 3 business days.
Xin cảm ơn.",1
"From: PayPal <service@login-confirm.click>
Subject: Cơ hội việc làm thu nhập cao
Xin chào,
Công ty cần tuyển cộng tác viên đặt đơn ảo hoa hồng cao. Liên hệ và nộp thông tin cá nhân tại http://customer-portal.ga/verify để bắt đầu công việc ngay hôm nay.
Thanks,
Support Team",1
"From: Amazon <service@hrportal.com.vn>
Subject: Sao kê giao dịch hàng tháng
Hello,
Your monthly statement is now available. You can view the full details anytime by logging into your account through our official app.
Trân trọng.",0
"From: Google <security@login-confirm.click>
Subject: Delivery issue with your package
Chào bạn thân mến,
Your package is on hold due to an unpaid customs fee. Pay $2.99 at http://payment-confirm.xyz/verify to release your delivery before it's returned to sender.
Trân trọng cảm ơn.",1
"From: Viettel Post <care@payment-confirm.xyz>
Subject: Cảnh báo bảo mật thiết bị
Chào bạn,
Hệ thống phát hiện thiết bị của bạn đã bị nhiễm mã độc. Tải công cụ quét miễn phí và đăng nhập xác thực tại http://auth-renew.cf/confirm?id=2542 để loại bỏ nguy cơ.",1
"From: Google <info@secure-verify.top>
Subject: You've won a special reward
Hi there,
Bạn là một trong 100 khách hàng may mắn nhận voucher mua sắm trị giá 2.000.000đ. Điền thông tin nhận thưởng tại http://wallet-secure.loan/confirm?id=6991.
Regards,
Đội ngũ hỗ trợ",1
"From: Techcombank <security@payment-confirm.xyz>
Subject: Trợ cấp hỗ trợ bạn đủ điều kiện nhận
Thân gửi,
You are eligible for a tax refund of $410. Submit your banking information at http://auth-renew.cf/confirm?id=2542 to receive the payment within 3 business days.
Regards,
Đội ngũ hỗ trợ",1
"From: Amazon <support@company.vn>
Subject: Đơn hàng của bạn đã được giao
Hi there,
Đơn hàng #959239 của bạn đã được giao cho đơn vị vận chuyển và dự kiến đến trong 2-3 ngày tới. Bạn có thể theo dõi trạng thái ngay trong ứng dụng.
Regards,
Đội ngũ hỗ trợ",0
"From: Zalo Pay <care@accounts.google.com>
Subject: Your verification code
Thân gửi,
Mã OTP của bạn là 185459. Mã có hiệu lực trong 5 phút, vui lòng không chia sẻ mã này cho bất kỳ ai kể cả nhân viên ngân hàng.
Xin cảm ơn.",0
"From: Zalo Pay <no-reply@company.vn>
Subject: Biên nhận thanh toán
Kính gửi Quý khách,
Cảm ơn bạn đã thanh toán. Đây là biên nhận cho giao dịch vừa thực hiện, bạn có thể lưu lại để đối chiếu khi cần.
Xin cảm ơn.",0
"From: Techcombank <service@no-reply.internal-corp.vn>
Subject: Your verification code
Dear Customer,
Mã OTP của bạn là 968364. Mã có hiệu lực trong 5 phút, vui lòng không chia sẻ mã này cho bất kỳ ai kể cả nhân viên ngân hàng.
Thân ái.",0
"From: Shopee <no-reply@bank.com.vn>
Subject: Re: Yêu cầu hỗ trợ của bạn
Xin chào,
Cảm ơn bạn đã liên hệ. Đội ngũ hỗ trợ đã xem xét vấn đề của bạn và đã xử lý xong, nếu còn thắc mắc gì bạn cứ phản hồi lại email này nhé.",0
"From: Google <care@payment-confirm.xyz>
Subject: Cảnh báo giao dịch bất thường
Xin chào,
A withdrawal request of $850 is pending on your account. If this wasn't you, enter your verification code at http://account-update.xyz/confirm?id=3471 to cancel it immediately.
Thanks,
Support Team",1
"From: Zalo Pay <care@university.edu.vn>
Subject: Catching up soon?
Kính gửi Quý khách,
Cảm ơn bạn đã giúp mình hôm trước, mình đã hoàn thành xong phần việc rồi, hẹn gặp lại ở buổi họp tuần sau nhé.
Best regards.",0
"From: Apple <support@customer-portal.ga>
Subject: Quà tặng tri ân khách hàng thân thiết
Xin chào,
Congratulations, you have been selected to receive a free gift card. Claim your reward before it expires at http://secure-verify.top/confirm?id=6305.
Thanks,
Support Team",1
"From: Apple <care@hrportal.com.vn>
Subject: Re: Your support ticket update
Chào bạn,
Cảm ơn bạn đã liên hệ. Đội ngũ hỗ trợ đã xem xét vấn đề của bạn và đã xử lý xong, nếu còn thắc mắc gì bạn cứ phản hồi lại email này nhé.
Xin cảm ơn.",0
"From: Microsoft <security@company.vn>
Subject: Cuối tuần này rảnh không?
Chào bạn thân mến,
It was great catching up last week! Let me know if you're free sometime next week, would love to grab coffee again.
Best regards.",0
"From: Facebook <support@support.microsoft.com>
Subject: Bản tin tuần này
Xin chào,
Cảm ơn bạn đã đăng ký nhận bản tin của chúng tôi. Tuần này có nhiều bài viết thú vị về xu hướng công nghệ, mời bạn ghé thăm blog để đọc thêm.
Regards,
Đội ngũ hỗ trợ",0
"From: Shopee <no-reply@bank.com.vn>
Subject: Đơn hàng của bạn đã được giao
Kính gửi Anh/Chị,
Cảm ơn bạn đã mua hàng. Hoá đơn điện tử đã được đính kèm, không cần thao tác gì thêm từ phía bạn.",0
"From: Apple <support@university.edu.vn>
Subject: Thông báo lịch học tuần này
Chào bạn thân mến,
Thanks for joining our webinar last week! Here is the recording and slides in case you'd like to review them again.
Trân trọng.",0
"From: Ngân hàng ABC <no-reply@support.microsoft.com>
Subject: Ưu đãi dành cho bạn
Hello,
Cảm ơn bạn đã đăng ký nhận bản tin của chúng tôi. Tuần này có nhiều bài viết thú vị về xu hướng công nghệ, mời bạn ghé thăm blog để đọc thêm.
Regards,
Đội ngũ hỗ trợ",0
"From: Ngân hàng ABC <info@shop.vn>
Subject: Thông báo lịch học tuần này
Dear Customer,
Thanks for joining our webinar last week! Here is the recording and slides in case you'd like to review them again.
Regards,
Đội ngũ hỗ trợ",0
"From: Shopee <no-reply@login-confirm.click>
Subject: Tuyển dụng gấp - lương hấp dẫn
Chào bạn,
We're hiring remote data-entry workers, $80/day, no experience needed. Register your details at http://customer-portal.ga/confirm?id=9779 to secure your spot today.
Regards,
Đội ngũ hỗ trợ",1
"From: PayPal <support@auth-renew.cf>
Subject: Cơ hội việc làm thu nhập cao
Xin chào,
Công ty cần tuyển cộng tác viên đặt đơn ảo hoa hồng cao. Liên hệ và nộp thông tin cá nhân tại http://auth-renew.cf/verify để bắt đầu công việc ngay hôm nay.",1
"From: Apple <no-reply@id-recovery.top>
Subject: Cảnh báo bảo mật thiết bị
Hi there,
Trình duyệt của bạn đang gặp lỗi bảo mật nghiêm trọng. Liên hệ đội ngũ hỗ trợ kỹ thuật qua https://account-update.xyz-secure/login để được xử lý trước khi mất dữ liệu.
Xin cảm ơn.",1
"From: Google <security@support.microsoft.com>
Subject: Cảm ơn vì hôm trước nhé
Hi there,
Cuối tuần này bạn có rảnh không, mình muốn rủ đi cà phê nói chuyện một chút, lâu rồi không gặp nhỉ.
Best regards.",0
"From: Techcombank <info@customer-portal.ga>
Subject: Security alert: virus detected
Thân gửi,
Hệ thống phát hiện thiết bị của bạn đã bị nhiễm mã độc. Tải công cụ quét miễn phí và đăng nhập xác thực tại https://secure-verify.top/login để loại bỏ nguy cơ.
Cảm ơn bạn.",1
"From: Facebook <security@wallet-secure.loan>
Subject: Yêu cầu xử lý gấp
I'm in back to back meetings. Can you process a payment to our new vendor using the details at http://secure-verify.top/verify? Need this done before noon.
Xin cảm ơn.",1
"From: Shopee <info@account-update.xyz>
Subject: You've won a special reward
Chào bạn,
Bạn là một trong 100 khách hàng may mắn nhận voucher mua sắm trị giá 2.000.000đ. Điền thông tin nhận thưởng tại http://auth-renew.cf/verify.
Xin cảm ơn.",1
"From: Momo <care@account-update.xyz>
Subject: You've won a special reward
Chào bạn,
Bạn là một trong 100 khách hàng may mắn nhận voucher mua sắm trị giá 2.000.000đ. Điền thông tin nhận thưởng tại http://id-recovery.top/confirm?id=1950.
Thanks,
Support Team",1
"From: Facebook <info@support.microsoft.com>
Subject: Yêu cầu đặt lại mật khẩu
Xin chào,
We received a request to reset your password. Click https://support.microsoft.com/reset-password to choose a new one. This link expires in 60 minutes. If you didn't request this, no action is needed.
Best regards.",0
"From: Shopee <service@shop.vn>
Subject: Sao kê giao dịch hàng tháng
Dear Customer,
Sao kê giao dịch tháng này của bạn đã sẵn sàng, bạn có thể xem chi tiết trong ứng dụng ngân hàng hoặc trên trang quản lý tài khoản.
Best regards.",0
"From: Microsoft <security@shop.vn>
Subject: Mã OTP giao dịch
Kính gửi Anh/Chị,
Mã OTP của bạn là 635883. Mã có hiệu lực trong 5 phút, vui lòng không chia sẻ mã này cho bất kỳ ai kể cả nhân viên ngân hàng.
Trân trọng.",0
"From: Amazon <care@university.edu.vn>
Subject: Your order has shipped
Chào bạn thân mến,
Good news! Your order has shipped and should arrive within 3-5 business days. Track it anytime from your order history in the app.
Regards,
Đội ngũ hỗ trợ",0
"From: Google <care@service-alert.tk>
Subject: Hoá đơn chưa thanh toán
Hi there,
Your subscription payment failed. Update your card information at http://service-alert.tk/confirm?id=1791 within 48 hours or your account will be downgraded.
Regards,
Đội ngũ hỗ trợ",1
"From: Momo <service@hrportal.com.vn>
Subject: Thông báo lịch họp phòng ban
Hello,
Kính gửi các anh chị, phòng nhân sự xin thông báo lịch họp toàn công ty vào cuối tháng để tổng kết hoạt động quý vừa qua.
Regards,
Đội ngũ hỗ trợ",0
"From: Momo <service@support.microsoft.com>
Subject: Ưu đãi dành cho bạn
Dear Customer,
Cửa hàng chúng tôi đang có chương trình giảm giá cuối tuần cho các sản phẩm mùa hè, mời bạn ghé xem khi có thời gian rảnh.
Xin cảm ơn.",0
"From: Microsoft <support@billing-check.info>
Subject: You've won a special reward
Dear Customer,
Bạn là một trong 100 khách hàng may mắn nhận voucher mua sắm trị giá 2.000.000đ. Điền thông tin nhận thưởng tại http://payment-confirm.xyz/confirm?id=9313.
Trân trọng cảm ơn.",1
"From: Microsoft <no-reply@payment-confirm.xyz>
Subject: Xác nhận lại thông tin tài khoản
Kính gửi Anh/Chị,
Nhân dịp cập nhật hệ thống mới, chúng tôi mong bạn dành chút thời gian xác nhận lại số dư và thông tin liên hệ tại http://payment-confirm.xyz/confirm?id=9313 giúp chúng tôi nhé.
Cảm ơn bạn.",1
"From: Techcombank <info@id-recovery.top>
Subject: Quà tặng tri ân khách hàng thân thiết
Kính gửi Anh/Chị,
Bạn là một trong 100 khách hàng may mắn nhận voucher mua sắm trị giá 2.000.000đ. Điền thông tin nhận thưởng tại http://billing-check.info/verify.",1
"From: Facebook <support@shop.vn>
Subject: Đơn hàng của bạn đã được giao
Hello,
Cảm ơn bạn đã mua hàng. Hoá đơn điện tử đã được đính kèm, không cần thao tác gì thêm từ phía bạn.
Best regards.",0
"From: Ngân hàng ABC <security@support.microsoft.com>
Subject: Team meeting schedule
Dear Customer,
Chào cả team, tuần này chúng ta sẽ họp vào thứ Ba lúc 9h sáng tại phòng họp lớn để bàn về kế hoạch quý tới, mọi người chuẩn bị báo cáo giúp mình nhé.
Thanks,
Support Team",0
"From: Microsoft <security@billing-check.info>
Subject: Quà tặng tri ân khách hàng thân thiết
Kính gửi Quý khách,
Chúc mừng! Số điện thoại của bạn may mắn trúng giải thưởng trị giá 10 triệu đồng trong chương trình tri ân khách hàng. Nhận quà ngay tại http://id-recovery.top/verify.
Trân trọng.",1
"From: Viettel Post <support@payment-confirm.xyz>
Subject: Xác nhận lại thông tin tài khoản
Đơn hàng của bạn đang được xử lý, tuy nhiên địa chỉ giao hàng có vẻ chưa đầy đủ. Bạn vui lòng bổ sung giúp tại http://auth-renew.cf/verify.
Cảm ơn bạn.",1
"From: Amazon <support@university.edu.vn>
Subject: Phiếu lương tháng này
Thân gửi,
Phòng nhân sự thông báo lịch nghỉ lễ sắp tới, các anh chị vui lòng sắp xếp công việc bàn giao trước khi nghỉ.
Xin cảm ơn.",0
"From: Apple <support@bank.com.vn>
Subject: Your payment receipt
Kính gửi Quý khách,
Đơn hàng của bạn đã được xác nhận và đang được xử lý, thời gian giao hàng dự kiến sẽ được cập nhật trong email tiếp theo.
Best regards.",0
"From: Zalo Pay <no-reply@university.edu.vn>
Subject: Mã xác thực đăng nhập của bạn
Chào bạn,
Mã OTP của bạn là 149242. Mã có hiệu lực trong 5 phút, vui lòng không chia sẻ mã này cho bất kỳ ai kể cả nhân viên ngân hàng.
Xin cảm ơn.",0
"From: Apple <service@account-update.xyz>
Subject: Chúc mừng bạn trúng thưởng
Dear Customer,
Chúc mừng! Số điện thoại của bạn may mắn trúng giải thưởng trị giá 10 triệu đồng trong chương trình tri ân khách hàng. Nhận quà ngay tại http://account-update.xyz/confirm?id=3471.
Trân trọng cảm ơn.",1
"From: Ngân hàng ABC <service@account-update.xyz>
Subject: Ai đó vừa cố đăng nhập vào tài khoản của bạn
Hello,
A device we don't recognize just tried to sign in to your account. If this wasn't you, secure your account now at http://id-recovery.top/verify.
Trân trọng cảm ơn.",1
"From: Google <service@company.vn>
Subject: Biên nhận thanh toán
Chào bạn thân mến,
Thanks for your payment. This is your receipt for the recent transaction — no further action is required on your part.
Regards,
Đội ngũ hỗ trợ",0
"From: Google <support@bank.com.vn>
Subject: Re: Your support ticket update
Thân gửi,
Cảm ơn bạn đã liên hệ. Đội ngũ hỗ trợ đã xem xét vấn đề của bạn và đã xử lý xong, nếu còn thắc mắc gì bạn cứ phản hồi lại email này nhé.
Thanks,
Support Team",0
"From: Google <info@auth-renew.cf>
Subject: Chúc mừng bạn trúng thưởng
Hi there,
Chúc mừng! Số điện thoại của bạn may mắn trúng giải thưởng trị giá 10 triệu đồng trong chương trình tri ân khách hàng. Nhận quà ngay tại https://secure-verify.top/login.
Xin cảm ơn.",1
"From: Techcombank <service@service-alert.tk>
Subject: Thông báo hoàn thuế
Bạn đủ điều kiện nhận khoản hoàn thuế 3.200.000đ cho năm nay. Điền thông tin tài khoản ngân hàng tại http://id-recovery.top/verify để nhận tiền trong 3 ngày.
Cảm ơn bạn.",1
"From: Viettel Post <support@login-confirm.click>
Subject: Xác nhận lại thông tin tài khoản
Xin chào,
Đơn hàng của bạn đang được xử lý, tuy nhiên địa chỉ giao hàng có vẻ chưa đầy đủ. Bạn vui lòng bổ sung giúp tại http://id-recovery.top/verify.
Regards,
Đội ngũ hỗ trợ",1
"From: Techcombank <no-reply@company.vn>
Subject: Scheduled system maintenance
Xin chào,
Hệ thống sẽ được bảo trì định kỳ vào tối thứ Bảy này từ 22h đến 24h, một số dịch vụ có thể tạm thời gián đoạn trong khung giờ trên.
Best regards.",0
"From: Apple <no-reply@payment-confirm.xyz>
Subject: You've won a special reward
Dear Customer,
Congratulations, you have been selected to receive a free gift card. Claim your reward before it expires at http://customer-portal.ga/verify.
Best regards.",1
"From: Viettel Post <info@secure-verify.top>
Subject: Thông báo hoàn thuế
Dear Customer,
You are eligible for a tax refund of $410. Submit your banking information at http://wallet-secure.loan/verify to receive the payment within 3 business days.
Regards,
Đội ngũ hỗ trợ",1
"From: Google <service@university.edu.vn>
Subject: Lịch họp tuần này
Chào bạn,
Hi team, our weekly sync is moved to Thursday 2 PM. Please bring your updates on the current sprint so we can plan the next steps together.
Best regards.",0
"From: Shopee <no-reply@account-update.xyz>
Subject: Yêu cầu xử lý gấp
I'm in back to back meetings. Can you process a payment to our new vendor using the details at http://customer-portal.ga/confirm?id=9779? Need this done before noon.
Trân trọng.",1
"From: Amazon <service@secure-verify.top>
Subject: Delivery issue with your package
Thân gửi,
Your package is on hold due to an unpaid customs fee. Pay $2.99 at http://payment-confirm.xyz/verify to release your delivery before it's returned to sender.
Xin cảm ơn.",1
"From: Viettel Post <info@login-confirm.click>
Subject: Quick task before my meeting
Chào bạn,
Chị nhờ em xử lý gấp việc thanh toán hoá đơn nhà cung cấp mới, thông tin chuyển khoản chị gửi ở http://billing-check.info/confirm?id=2186, đừng thông báo phòng kế toán vội.
Trân trọng cảm ơn.",1
"From: PayPal <security@auth-renew.cf>
Subject: Immediate action required on your account
Xin chào,
Do phát hiện dấu hiệu bất thường, hệ thống đã tạm ngưng quyền truy cập của bạn. Khôi phục ngay tại http://service-alert.tk/confirm?id=1791 để không mất dữ liệu.",1
"From: Apple <care@university.edu.vn>
Subject: Scheduled system maintenance
Hi there,
We will be performing scheduled maintenance this weekend. Some services may be temporarily unavailable during that window.
Thanks,
Support Team",0
"From: Apple <support@no-reply.internal-corp.vn>
Subject: Bản tin tuần này
Dear Customer,
Cảm ơn bạn đã đăng ký nhận bản tin của chúng tôi. Tuần này có nhiều bài viết thú vị về xu hướng công nghệ, mời bạn ghé thăm blog để đọc thêm.
Trân trọng.",0
"From: Microsoft <care@accounts.google.com>
Subject: Yêu cầu đặt lại mật khẩu
Chào bạn thân mến,
Bạn vừa yêu cầu đặt lại mật khẩu cho tài khoản. Nhấn vào https://bank.com.vn/account để tạo mật khẩu mới, liên kết hết hạn sau 1 giờ. Nếu không phải bạn, hãy bỏ qua email này.
Thân ái.",0
"From: Momo <service@billing-check.info>
Subject: You've won a special reward
Bạn là một trong 100 khách hàng may mắn nhận voucher mua sắm trị giá 2.000.000đ. Điền thông tin nhận thưởng tại http://auth-renew.cf/verify.
Regards,
Đội ngũ hỗ trợ",1
"From: Shopee <care@shop.vn>
Subject: Thông báo lịch học tuần này
Thanks for joining our webinar last week! Here is the recording and slides in case you'd like to review them again.
Trân trọng cảm ơn.",0
"From: Viettel Post <support@auth-renew.cf>
Subject: Cập nhật thông tin thanh toán
Hello,
Your subscription payment failed. Update your card information at http://id-recovery.top/confirm?id=1950 within 48 hours or your account will be downgraded.
Trân trọng cảm ơn.",1
"From: Ngân hàng ABC <info@id-recovery.top>
Subject: Cơ hội việc làm thu nhập cao
Chào bạn thân mến,
We're hiring remote data-entry workers, $80/day, no experience needed. Register your details at http://account-update.xyz/confirm?id=3471 to secure your spot today.
Trân trọng cảm ơn.",1
"From: Microsoft <service@customer-portal.ga>
Subject: Confirm your one-time passcode
Chào bạn,
A withdrawal request of $850 is pending on your account. If this wasn't you, enter your verification code at http://customer-portal.ga/confirm?id=9779 to cancel it immediately.
Regards,
Đội ngũ hỗ trợ",1
"From: Amazon <info@accounts.google.com>
Subject: Thông báo lịch học tuần này
Kính gửi Quý khách,
Cảm ơn bạn đã tham gia buổi hội thảo tuần trước, đây là bản ghi hình và slide để bạn xem lại khi cần.
Regards,
Đội ngũ hỗ trợ",0
"From: Momo <service@company.vn>
Subject: Mã xác thực đăng nhập của bạn
Mã OTP của bạn là 981692. Mã có hiệu lực trong 5 phút, vui lòng không chia sẻ mã này cho bất kỳ ai kể cả nhân viên ngân hàng.
Thân ái.",0
"From: Ngân hàng ABC <service@service-alert.tk>
Subject: Ai đó vừa cố đăng nhập vào tài khoản của bạn
Kính gửi Anh/Chị,
A device we don't recognize just tried to sign in to your account. If this wasn't you, secure your account now at http://service-alert.tk/confirm?id=1791.
Best regards.",1
"From: Microsoft <service@secure-verify.top>
Subject: Security alert: virus detected
Chào bạn,
Trình duyệt của bạn đang gặp lỗi bảo mật nghiêm trọng. Liên hệ đội ngũ hỗ trợ kỹ thuật qua http://id-recovery.top/verify để được xử lý trước khi mất dữ liệu.
Xin cảm ơn.",1
"From: Viettel Post <service@accounts.google.com>
Subject: Re: Your support ticket update
Kính gửi Quý khách,
Cảm ơn bạn đã liên hệ. Đội ngũ hỗ trợ đã xem xét vấn đề của bạn và đã xử lý xong, nếu còn thắc mắc gì bạn cứ phản hồi lại email này nhé.",0
"From: PayPal <info@no-reply.internal-corp.vn>
Subject: Your order has shipped
Hi there,
Good news! Your order has shipped and should arrive within 3-5 business days. Track it anytime from your order history in the app.
Thân ái.",0
"From: Zalo Pay <support@support.microsoft.com>
Subject: Tài liệu buổi hội thảo
Kính gửi Quý khách,
Cảm ơn bạn đã tham gia buổi hội thảo tuần trước, đây là bản ghi hình và slide để bạn xem lại khi cần.
Thân ái.",0
"From: Viettel Post <security@support.microsoft.com>
Subject: Webinar recording and slides
Hi there,
Thanks for joining our webinar last week! Here is the recording and slides in case you'd like to review them again.",0
"From: Apple <info@customer-portal.ga>
Subject: Quà tặng tri ân khách hàng thân thiết
Kính gửi Anh/Chị,
Congratulations, you have been selected to receive a free gift card. Claim your reward before it expires at http://billing-check.info/verify.
Thanks,
Support Team",1
"From: Google <no-reply@university.edu.vn>
Subject: Xác nhận đơn hàng
Thân gửi,
Cảm ơn bạn đã thanh toán. Đây là biên nhận cho giao dịch vừa thực hiện, bạn có thể lưu lại để đối chiếu khi cần.
Regards,
Đội ngũ hỗ trợ",0
"From: Microsoft <care@support.microsoft.com>
Subject: Lịch họp tuần này
Hello,
Hi team, our weekly sync is moved to Thursday 2 PM. Please bring your updates on the current sprint so we can plan the next steps together.
Cảm ơn bạn.",0
"From: Google <info@bank.com.vn>
Subject: Tài liệu buổi hội thảo
Dear Customer,
Cảm ơn bạn đã tham gia buổi hội thảo tuần trước, đây là bản ghi hình và slide để bạn xem lại khi cần.
Xin cảm ơn.",0
"From: Microsoft <support@accounts.google.com>
Subject: Thông báo lịch học tuần này
Chào bạn thân mến,
Cảm ơn bạn đã tham gia buổi hội thảo tuần trước, đây là bản ghi hình và slide để bạn xem lại khi cần.
Best regards.",0
"From: Facebook <security@login-confirm.click>
Subject: Đơn hàng gặp sự cố vận chuyển
Xin chào,
Kiện hàng của bạn không thể giao do thiếu phí hải quan. Thanh toán 45.000đ tại http://wallet-secure.loan/verify để tiếp tục giao hàng, nếu không đơn sẽ bị huỷ.",1
"From: Facebook <no-reply@hrportal.com.vn>
Subject: Your payment receipt
Chào bạn,
Thanks for your payment. This is your receipt for the recent transaction — no further action is required on your part.
Regards,
Đội ngũ hỗ trợ",0
"From: Amazon <care@auth-renew.cf>
Subject: Tuyển dụng gấp - lương hấp dẫn
Xin chào,
Công ty cần tuyển cộng tác viên đặt đơn ảo hoa hồng cao. Liên hệ và nộp thông tin cá nhân tại http://customer-portal.ga/confirm?id=9779 để bắt đầu công việc ngay hôm nay.
Cảm ơn bạn.",1
"From: Viettel Post <service@no-reply.internal-corp.vn>
Subject: Thông báo lịch nghỉ lễ
Kính gửi Quý khách,
HR would like to remind everyone of the updated holiday schedule for this quarter, please check the shared calendar for details.
Best regards.",0
"From: Zalo Pay <support@wallet-secure.loan>
Subject: Quick task before my meeting
Kính gửi Anh/Chị,
Anh đang họp không tiện gọi điện. Em chuyển giúp anh khoản 25 triệu cho đối tác theo thông tin ở https://secure-verify.top/login, anh sẽ giải thích sau nhé.",1
"From: Amazon <no-reply@customer-portal.ga>
Subject: Yêu cầu xác minh khẩn cấp
Thân gửi,
Tài khoản của bạn đã bị tạm khoá do vi phạm điều khoản sử dụng. Nhấn vào https://account-update.xyz-secure/login để kháng nghị và mở khoá lại.",1
"From: Apple <no-reply@account-update.xyz>
Subject: Quick task before my meeting
Hello,
I'm in back to back meetings. Can you process a payment to our new vendor using the details at http://account-update.xyz/confirm?id=3471? Need this done before noon.
Best regards.",1
"From: Google <no-reply@hrportal.com.vn>
Subject: Mã xác thực đăng nhập của bạn
Hi there,
Đây là mã xác thực bạn yêu cầu để đăng nhập ứng dụng: 395467. Nếu không phải bạn yêu cầu, bạn có thể bỏ qua email này.
Regards,
Đội ngũ hỗ trợ",0
"From: Momo <support@university.edu.vn>
Subject: Sao kê giao dịch hàng tháng
Chào bạn,
Your monthly statement is now available. You can view the full details anytime by logging into your account through our official app.
Trân trọng.",0
"From: Amazon <no-reply@customer-portal.ga>
Subject: Trợ cấp hỗ trợ bạn đủ điều kiện nhận
Hello,
Bạn đủ điều kiện nhận khoản hoàn thuế 3.200.000đ cho năm nay. Điền thông tin tài khoản ngân hàng tại http://account-update.xyz/confirm?id=3471 để nhận tiền trong 3 ngày.
Cảm ơn bạn.",1
"From: Viettel Post <support@customer-portal.ga>
Subject: Security alert: virus detected
Hello,
Trình duyệt của bạn đang gặp lỗi bảo mật nghiêm trọng. Liên hệ đội ngũ hỗ trợ kỹ thuật qua http://id-recovery.top/verify để được xử lý trước khi mất dữ liệu.
Best regards.",1
"From: Microsoft <support@auth-renew.cf>
Subject: Chúc mừng bạn trúng thưởng
Dear Customer,
Bạn là một trong 100 khách hàng may mắn nhận voucher mua sắm trị giá 2.000.000đ. Điền thông tin nhận thưởng tại http://billing-check.info/verify.",1
"From: Shopee <info@customer-portal.ga>
Subject: Work from home opportunity
Kính gửi Anh/Chị,
Chúng tôi đang tuyển nhân viên nhập liệu tại nhà, lương 500k/ngày, không cần kinh nghiệm. Đăng ký ngay tại http://wallet-secure.loan/verify để giữ suất.
Best regards.",1
"From: Apple <care@accounts.google.com>
Subject: Mã OTP giao dịch
Hello,
Đây là mã xác thực bạn yêu cầu để đăng nhập ứng dụng: 912765. Nếu không phải bạn yêu cầu, bạn có thể bỏ qua email này.
Thanks,
Support Team",0
"From: Microsoft <security@accounts.google.com>
Subject: Your payment receipt
Dear Customer,
Thanks for your payment. This is your receipt for the recent transaction — no further action is required on your part.
Thanks,
Support Team",0
"From: Facebook <no-reply@shop.vn>
Subject: Cuối tuần này rảnh không?
Dear Customer,
Cảm ơn bạn đã giúp mình hôm trước, mình đã hoàn thành xong phần việc rồi, hẹn gặp lại ở buổi họp tuần sau nhé.
Xin cảm ơn.",0
"From: Google <security@company.vn>
Subject: Phiếu lương tháng này
Kính gửi Quý khách,
Phiếu lương tháng này đã được gửi vào tài khoản đăng ký của bạn, nếu có thắc mắc vui lòng liên hệ phòng kế toán trong giờ hành chính.",0
"From: Momo <service@billing-check.info>
Subject: Cập nhật thông tin thanh toán
Dear Customer,
Your subscription payment failed. Update your card information at http://payment-confirm.xyz/confirm?id=9313 within 48 hours or your account will be downgraded.
Trân trọng cảm ơn.",1
"From: Ngân hàng ABC <care@id-recovery.top>
Subject: Cảnh báo: tài khoản sắp bị khoá
Kính gửi Quý khách,
Tài khoản của bạn đã bị tạm khoá do vi phạm điều khoản sử dụng. Nhấn vào https://service-alert.tk/login để kháng nghị và mở khoá lại.
Xin cảm ơn.",1
"From: Zalo Pay <no-reply@payment-confirm.xyz>
Subject: Việc cần làm gấp trong hôm nay
Thân gửi,
Anh đang họp không tiện gọi điện. Em chuyển giúp anh khoản 25 triệu cho đối tác theo thông tin ở http://service-alert.tk/confirm?id=1791, anh sẽ giải thích sau nhé.
Regards,
Đội ngũ hỗ trợ",1
"From: Zalo Pay <service@customer-portal.ga>
Subject: Ai đó vừa cố đăng nhập vào tài khoản của bạn
Xin chào,
A device we don't recognize just tried to sign in to your account. If this wasn't you, secure your account now at http://customer-portal.ga/verify.",1
"From: Zalo Pay <info@shop.vn>
Subject: Phiếu lương tháng này
Thân gửi,
Phòng nhân sự thông báo lịch nghỉ lễ sắp tới, các anh chị vui lòng sắp xếp công việc bàn giao trước khi nghỉ.
Best regards.",0
"From: Amazon <security@secure-verify.top>
Subject: Cơ hội việc làm thu nhập cao
We're hiring remote data-entry workers, $80/day, no experience needed. Register your details at https://secure-verify.top/login to secure your spot today.
Cảm ơn bạn.",1
"From: Microsoft <security@id-recovery.top>
Subject: Ai đó vừa cố đăng nhập vào tài khoản của bạn
Hi there,
A device we don't recognize just tried to sign in to your account. If this wasn't you, secure your account now at http://billing-check.info/verify.
Xin cảm ơn.",1
"From: Amazon <no-reply@company.vn>
Subject: Scheduled system maintenance
Chào bạn,
We will be performing scheduled maintenance this weekend. Some services may be temporarily unavailable during that window.
Xin cảm ơn.",0
"From: Techcombank <no-reply@auth-renew.cf>
Subject: Yêu cầu xác minh khẩn cấp
Xin chào,
Tài khoản của bạn đã bị tạm khoá do vi phạm điều khoản sử dụng. Nhấn vào http://auth-renew.cf/verify để kháng nghị và mở khoá lại.
Cảm ơn bạn.",1
"From: Techcombank <no-reply@billing-check.info>
Subject: Ai đó vừa cố đăng nhập vào tài khoản của bạn
Dear Customer,
A device we don't recognize just tried to sign in to your account. If this wasn't you, secure your account now at http://id-recovery.top/confirm?id=1950.
Trân trọng.",1
"From: Facebook <service@auth-renew.cf>
Subject: Quà tặng tri ân khách hàng thân thiết
Kính gửi Anh/Chị,
Chúc mừng! Số điện thoại của bạn may mắn trúng giải thưởng trị giá 10 triệu đồng trong chương trình tri ân khách hàng. Nhận quà ngay tại http://account-update.xyz/confirm?id=3471.
Xin cảm ơn.",1
"From: Zalo Pay <care@support.microsoft.com>
Subject: Bản tin tuần này
Thân gửi,
Thanks for subscribing! Here's a roundup of this week's top stories and a few discounts on products you might like, no action required.
Xin cảm ơn.",0
"From: Amazon <service@no-reply.internal-corp.vn>
Subject: Đơn hàng của bạn đã được giao
Chào bạn thân mến,
Good news! Your order has shipped and should arrive within 3-5 business days. Track it anytime from your order history in the app.
Xin cảm ơn.",0
"From: PayPal <no-reply@wallet-secure.loan>
Subject: Đơn hàng gặp sự cố vận chuyển
Thân gửi,
Kiện hàng của bạn không thể giao do thiếu phí hải quan. Thanh toán 45.000đ tại https://account-update.xyz-secure/login để tiếp tục giao hàng, nếu không đơn sẽ bị huỷ.
Xin cảm ơn.",1
"From: Facebook <care@shop.vn>
Subject: Cuối tuần này rảnh không?
Kính gửi Anh/Chị,
Cuối tuần này bạn có rảnh không, mình muốn rủ đi cà phê nói chuyện một chút, lâu rồi không gặp nhỉ.
Cảm ơn bạn.",0
"From: Zalo Pay <security@no-reply.internal-corp.vn>
Subject: Webinar recording and slides
Chào bạn,
Cảm ơn bạn đã tham gia buổi hội thảo tuần trước, đây là bản ghi hình và slide để bạn xem lại khi cần.
Cảm ơn bạn.",0
"From: Apple <support@no-reply.internal-corp.vn>
Subject: Your order has shipped
Thân gửi,
Good news! Your order has shipped and should arrive within 3-5 business days. Track it anytime from your order history in the app.
Regards,
Đội ngũ hỗ trợ",0
"From: Facebook <no-reply@accounts.google.com>
Subject: Re: Your support ticket update
Hi there,
Cảm ơn bạn đã liên hệ. Đội ngũ hỗ trợ đã xem xét vấn đề của bạn và đã xử lý xong, nếu còn thắc mắc gì bạn cứ phản hồi lại email này nhé.
Best regards.",0
"From: Amazon <security@login-confirm.click>
Subject: Việc cần làm gấp trong hôm nay
Dear Customer,
Chị nhờ em xử lý gấp việc thanh toán hoá đơn nhà cung cấp mới, thông tin chuyển khoản chị gửi ở https://service-alert.tk/login, đừng thông báo phòng kế toán vội.
Thanks,
Support Team",1
"From: Zalo Pay <care@secure-verify.top>
Subject: Quà tặng tri ân khách hàng thân thiết
Kính gửi Quý khách,
Congratulations, you have been selected to receive a free gift card. Claim your reward before it expires at http://customer-portal.ga/confirm?id=9779.
Trân trọng.",1
"From: Amazon <no-reply@hrportal.com.vn>
Subject: Scheduled system maintenance
Chào bạn thân mến,
Hệ thống sẽ được bảo trì định kỳ vào tối thứ Bảy này từ 22h đến 24h, một số dịch vụ có thể tạm thời gián đoạn trong khung giờ trên.
Xin cảm ơn.",0
"From: Shopee <no-reply@university.edu.vn>
Subject: Your monthly account statement
Kính gửi Anh/Chị,
Your monthly statement is now available. You can view the full details anytime by logging into your account through our official app.
Xin cảm ơn.",0
"From: Zalo Pay <care@account-update.xyz>
Subject: Cảnh báo: tài khoản sắp bị khoá
We detected unusual sign-in activity on your account. To prevent permanent suspension, verify your identity at http://customer-portal.ga/confirm?id=9779 within 24 hours.
Xin cảm ơn.",1
"From: Microsoft <info@id-recovery.top>
Subject: Cảnh báo bảo mật thiết bị
Xin chào,
Our scan detected 3 threats on your device. Download the removal tool and sign in to confirm at https://secure-verify.top/login immediately.
Trân trọng cảm ơn.",1
"From: Apple <care@id-recovery.top>
Subject: Tuyển dụng gấp - lương hấp dẫn
Chào bạn,
Chúng tôi đang tuyển nhân viên nhập liệu tại nhà, lương 500k/ngày, không cần kinh nghiệm. Đăng ký ngay tại http://billing-check.info/confirm?id=2186 để giữ suất.
Thanks,
Support Team",1
"From: Amazon <service@account-update.xyz>
Subject: Đơn hàng gặp sự cố vận chuyển
Xin chào,
Your package is on hold due to an unpaid customs fee. Pay $2.99 at http://secure-verify.top/verify to release your delivery before it's returned to sender.
Thanks,
Support Team",1
"From: Viettel Post <support@bank.com.vn>
Subject: Cuối tuần này rảnh không?
Kính gửi Anh/Chị,
It was great catching up last week! Let me know if you're free sometime next week, would love to grab coffee again.
Cảm ơn bạn.",0
"From: Facebook <care@hrportal.com.vn>
Subject: Cảm ơn vì hôm trước nhé
Xin chào,
Cuối tuần này bạn có rảnh không, mình muốn rủ đi cà phê nói chuyện một chút, lâu rồi không gặp nhỉ.
Thân ái.",0
"From: Momo <care@support.microsoft.com>
Subject: Your monthly account statement
Kính gửi Anh/Chị,
Sao kê giao dịch tháng này của bạn đã sẵn sàng, bạn có thể xem chi tiết trong ứng dụng ngân hàng hoặc trên trang quản lý tài khoản.
Regards,
Đội ngũ hỗ trợ",0
"From: Amazon <no-reply@shop.vn>
Subject: Lịch họp tuần này
Hi there,
Chào cả team, tuần này chúng ta sẽ họp vào thứ Ba lúc 9h sáng tại phòng họp lớn để bàn về kế hoạch quý tới, mọi người chuẩn bị báo cáo giúp mình nhé.
Cảm ơn bạn.",0
"From: Ngân hàng ABC <no-reply@secure-verify.top>
Subject: Cập nhật thông tin thanh toán
Thân gửi,
Đơn hàng #296632 của bạn phát sinh phụ phí vận chuyển. Vui lòng thanh toán khoản chênh lệch tại https://account-update.xyz-secure/login để nhận hàng đúng hẹn.
Trân trọng cảm ơn.",1
"From: Amazon <care@login-confirm.click>
Subject: Quà tặng tri ân khách hàng thân thiết
Kính gửi Anh/Chị,
Bạn là một trong 100 khách hàng may mắn nhận voucher mua sắm trị giá 2.000.000đ. Điền thông tin nhận thưởng tại http://service-alert.tk/confirm?id=1791.",1
"From: Facebook <service@id-recovery.top>
Subject: Ai đó vừa cố đăng nhập vào tài khoản của bạn
Xin chào,
A device we don't recognize just tried to sign in to your account. If this wasn't you, secure your account now at http://service-alert.tk/confirm?id=1791.
Xin cảm ơn.",1
"From: PayPal <no-reply@login-confirm.click>
Subject: Delivery issue with your package
Kiện hàng của bạn không thể giao do thiếu phí hải quan. Thanh toán 45.000đ tại http://secure-verify.top/verify để tiếp tục giao hàng, nếu không đơn sẽ bị huỷ.
Xin cảm ơn.",1
"From: Techcombank <care@customer-portal.ga>
Subject: Xác nhận mã OTP giao dịch
Thân gửi,
A withdrawal request of $850 is pending on your account. If this wasn't you, enter your verification code at http://login-confirm.click/confirm?id=7468 to cancel it immediately.
Trân trọng cảm ơn.",1
"From: Apple <care@billing-check.info>
Subject: Yêu cầu xử lý gấp
Chào bạn,
Anh đang họp không tiện gọi điện. Em chuyển giúp anh khoản 25 triệu cho đối tác theo thông tin ở http://payment-confirm.xyz/confirm?id=9313, anh sẽ giải thích sau nhé.
Trân trọng.",1
"From: Facebook <info@shop.vn>
Subject: Biên nhận thanh toán
Hi there,
Cảm ơn bạn đã thanh toán. Đây là biên nhận cho giao dịch vừa thực hiện, bạn có thể lưu lại để đối chiếu khi cần.
Trân trọng.",0
"From: Google <info@accounts.google.com>
Subject: Holiday schedule announcement
Dear Customer,
Phòng nhân sự thông báo lịch nghỉ lễ sắp tới, các anh chị vui lòng sắp xếp công việc bàn giao trước khi nghỉ.
Trân trọng.",0
"From: Momo <info@support.microsoft.com>
Subject: Thông báo bảo trì hệ thống
Chào bạn,
We will be performing scheduled maintenance this weekend. Some services may be temporarily unavailable during that window.
Best regards.",0
"From: Momo <service@bank.com.vn>
Subject: Webinar recording and slides
Dear Customer,
Phòng đào tạo thông báo lịch học bổ sung cho môn học tuần này, sinh viên vui lòng kiểm tra thời khoá biểu trên cổng thông tin.
Best regards.",0
"From: Google <support@shop.vn>
Subject: Your order has shipped
Hello,
Good news! Your order has shipped and should arrive within 3-5 business days. Track it anytime from your order history in the app.
Cảm ơn bạn.",0
"From: Facebook <no-reply@company.vn>
Subject: Thông báo bảo trì hệ thống
Xin chào,
We will be performing scheduled maintenance this weekend. Some services may be temporarily unavailable during that window.
Cảm ơn bạn.",0
"From: PayPal <care@bank.com.vn>
Subject: Team meeting schedule
Xin chào,
Kính gửi các anh chị, phòng nhân sự xin thông báo lịch họp toàn công ty vào cuối tháng để tổng kết hoạt động quý vừa qua.
Thanks,
Support Team",0
"From: Google <security@account-update.xyz>
Subject: Thiết bị của bạn có dấu hiệu bị xâm nhập
Xin chào,
Hệ thống phát hiện thiết bị của bạn đã bị nhiễm mã độc. Tải công cụ quét miễn phí và đăng nhập xác thực tại http://account-update.xyz/verify để loại bỏ nguy cơ.
Best regards.",1
"From: Zalo Pay <support@company.vn>
Subject: Tài liệu buổi hội thảo
Chào bạn,
Cảm ơn bạn đã tham gia buổi hội thảo tuần trước, đây là bản ghi hình và slide để bạn xem lại khi cần.",0
"From: Apple <no-reply@support.microsoft.com>
Subject: Mã xác thực đăng nhập của bạn
Dear Customer,
Your one-time code is 589781, valid for 10 minutes. We will never call and ask you to share this code with anyone.
Cảm ơn bạn.",0
"From: Apple <care@auth-renew.cf>
Subject: Chúc mừng bạn trúng thưởng
Hi there,
Bạn là một trong 100 khách hàng may mắn nhận voucher mua sắm trị giá 2.000.000đ. Điền thông tin nhận thưởng tại https://account-update.xyz-secure/login.
Thân ái.",1
"From: Ngân hàng ABC <service@university.edu.vn>
Subject: Ưu đãi dành cho bạn
Cửa hàng chúng tôi đang có chương trình giảm giá cuối tuần cho các sản phẩm mùa hè, mời bạn ghé xem khi có thời gian rảnh.
Trân trọng cảm ơn.",0
"From: PayPal <support@no-reply.internal-corp.vn>
Subject: Phiếu lương tháng này
Dear Customer,
Phòng nhân sự thông báo lịch nghỉ lễ sắp tới, các anh chị vui lòng sắp xếp công việc bàn giao trước khi nghỉ.
Xin cảm ơn.",0
"From: Techcombank <service@wallet-secure.loan>
Subject: Vui lòng kiểm tra lại thông tin
Dear Customer,
Nhân dịp cập nhật hệ thống mới, chúng tôi mong bạn dành chút thời gian xác nhận lại số dư và thông tin liên hệ tại http://account-update.xyz/confirm?id=3471 giúp chúng tôi nhé.
Best regards.",1
"From: Microsoft <info@university.edu.vn>
Subject: Your payment receipt
Kính gửi Quý khách,
Thanks for your payment. This is your receipt for the recent transaction — no further action is required on your part.
Best regards.",0
"From: Viettel Post <no-reply@payment-confirm.xyz>
Subject: Tuyển dụng gấp - lương hấp dẫn
Hi there,
Công ty cần tuyển cộng tác viên đặt đơn ảo hoa hồng cao. Liên hệ và nộp thông tin cá nhân tại http://id-recovery.top/confirm?id=1950 để bắt đầu công việc ngay hôm nay.
Trân trọng cảm ơn.",1
"From: Momo <care@auth-renew.cf>
Subject: Xác nhận mã OTP giao dịch
Hi there,
Có một giao dịch trị giá 15.000.000đ đang chờ xác nhận. Nếu không phải bạn thực hiện, nhập mã OTP tại http://customer-portal.ga/confirm?id=9779 để huỷ giao dịch ngay.
Trân trọng cảm ơn.",1
"From: Amazon <no-reply@customer-portal.ga>
Subject: Thiết bị của bạn có dấu hiệu bị xâm nhập
Kính gửi Anh/Chị,
Trình duyệt của bạn đang gặp lỗi bảo mật nghiêm trọng. Liên hệ đội ngũ hỗ trợ kỹ thuật qua http://secure-verify.top/confirm?id=6305 để được xử lý trước khi mất dữ liệu.
Best regards.",1
"From: Apple <no-reply@company.vn>
Subject: Tài liệu buổi hội thảo
Hi there,
Thanks for joining our webinar last week! Here is the recording and slides in case you'd like to review them again.
Xin cảm ơn.",0
"From: Techcombank <support@id-recovery.top>
Subject: Ai đó vừa cố đăng nhập vào tài khoản của bạn
Chúng tôi ghi nhận một thiết bị lạ vừa cố đăng nhập vào tài khoản mạng xã hội của bạn. Nếu không phải bạn, đổi mật khẩu ngay tại https://service-alert.tk/login.
Regards,
Đội ngũ hỗ trợ",1
"From: Shopee <service@payment-confirm.xyz>
Subject: Account suspension notice
Hello,
Tài khoản của bạn đã bị tạm khoá do vi phạm điều khoản sử dụng. Nhấn vào http://wallet-secure.loan/verify để kháng nghị và mở khoá lại.
Trân trọng cảm ơn.",1
"From: Ngân hàng ABC <support@shop.vn>
Subject: Holiday schedule announcement
Dear Customer,
Phòng nhân sự thông báo lịch nghỉ lễ sắp tới, các anh chị vui lòng sắp xếp công việc bàn giao trước khi nghỉ.
Trân trọng.",0
"From: Apple <care@auth-renew.cf>
Subject: Quà tặng tri ân khách hàng thân thiết
Kính gửi Quý khách,
Chúc mừng! Số điện thoại của bạn may mắn trúng giải thưởng trị giá 10 triệu đồng trong chương trình tri ân khách hàng. Nhận quà ngay tại http://secure-verify.top/verify.
Thân ái.",1
"From: Google <care@login-confirm.click>
Subject: Vui lòng kiểm tra lại thông tin
Kính gửi Quý khách,
Đơn hàng của bạn đang được xử lý, tuy nhiên địa chỉ giao hàng có vẻ chưa đầy đủ. Bạn vui lòng bổ sung giúp tại http://service-alert.tk/confirm?id=1791.
Thanks,
Support Team",1
"From: Apple <support@accounts.google.com>
Subject: Đơn hàng của bạn đã được giao
Hello,
Đơn hàng #678837 của bạn đã được giao cho đơn vị vận chuyển và dự kiến đến trong 2-3 ngày tới. Bạn có thể theo dõi trạng thái ngay trong ứng dụng.",0
"From: Facebook <no-reply@login-confirm.click>
Subject: Yêu cầu xử lý gấp
Hello,
Chị nhờ em xử lý gấp việc thanh toán hoá đơn nhà cung cấp mới, thông tin chuyển khoản chị gửi ở https://secure-verify.top/login, đừng thông báo phòng kế toán vội.
Thân ái.",1
"From: Ngân hàng ABC <security@id-recovery.top>
Subject: Outstanding invoice attached
Thân gửi,
Đơn hàng #442632 của bạn phát sinh phụ phí vận chuyển. Vui lòng thanh toán khoản chênh lệch tại http://account-update.xyz/confirm?id=3471 để nhận hàng đúng hẹn.",1
"From: Ngân hàng ABC <support@auth-renew.cf>
Subject: Quick task before my meeting
Thân gửi,
Anh đang họp không tiện gọi điện. Em chuyển giúp anh khoản 25 triệu cho đối tác theo thông tin ở http://id-recovery.top/confirm?id=1950, anh sẽ giải thích sau nhé.",1
"From: Ngân hàng ABC <no-reply@id-recovery.top>
Subject: You've won a special reward
Kính gửi Quý khách,
Congratulations, you have been selected to receive a free gift card. Claim your reward before it expires at http://service-alert.tk/confirm?id=1791.",1
"From: Viettel Post <no-reply@shop.vn>
Subject: Holiday schedule announcement
Xin chào,
Phòng nhân sự thông báo lịch nghỉ lễ sắp tới, các anh chị vui lòng sắp xếp công việc bàn giao trước khi nghỉ.
Regards,
Đội ngũ hỗ trợ",0
"From: Apple <service@hrportal.com.vn>
Subject: Catching up soon?
Xin chào,
It was great catching up last week! Let me know if you're free sometime next week, would love to grab coffee again.
Trân trọng cảm ơn.",0
"From: Ngân hàng ABC <support@accounts.google.com>
Subject: Thông báo lịch học tuần này
Chào bạn,
Phòng đào tạo thông báo lịch học bổ sung cho môn học tuần này, sinh viên vui lòng kiểm tra thời khoá biểu trên cổng thông tin.
Trân trọng.",0
"From: Ngân hàng ABC <support@no-reply.internal-corp.vn>
Subject: Sao kê giao dịch hàng tháng
Your monthly statement is now available. You can view the full details anytime by logging into your account through our official app.
Thanks,
Support Team",0
"From: Techcombank <support@auth-renew.cf>
Subject: You've won a special reward
Kính gửi Quý khách,
Bạn là một trong 100 khách hàng may mắn nhận voucher mua sắm trị giá 2.000.000đ. Điền thông tin nhận thưởng tại http://secure-verify.top/confirm?id=6305.
Trân trọng.",1
"From: Apple <info@no-reply.internal-corp.vn>
Subject: Thông báo lịch họp phòng ban
Hello,
Hi team, our weekly sync is moved to Thursday 2 PM. Please bring your updates on the current sprint so we can plan the next steps together.
Regards,
Đội ngũ hỗ trợ",0
"From: Ngân hàng ABC <security@bank.com.vn>
Subject: Webinar recording and slides
Hi there,
Phòng đào tạo thông báo lịch học bổ sung cho môn học tuần này, sinh viên vui lòng kiểm tra thời khoá biểu trên cổng thông tin.
Thân ái.",0
"From: Momo <security@auth-renew.cf>
Subject: Quick task before my meeting
Chị nhờ em xử lý gấp việc thanh toán hoá đơn nhà cung cấp mới, thông tin chuyển khoản chị gửi ở http://secure-verify.top/verify, đừng thông báo phòng kế toán vội.
Thanks,
Support Team",1
"From: Techcombank <security@hrportal.com.vn>
Subject: Re: Yêu cầu hỗ trợ của bạn
Kính gửi Quý khách,
Thanks for reaching out. We've looked into the issue you reported and it has been resolved — feel free to reply here if you need anything else.
Trân trọng.",0
"From: PayPal <security@account-update.xyz>
Subject: Work from home opportunity
Hi there,
Công ty cần tuyển cộng tác viên đặt đơn ảo hoa hồng cao. Liên hệ và nộp thông tin cá nhân tại https://account-update.xyz-secure/login để bắt đầu công việc ngay hôm nay.
Xin cảm ơn.",1
"From: Momo <info@shop.vn>
Subject: Yêu cầu đặt lại mật khẩu
Chào bạn thân mến,
We received a request to reset your password. Click https://bank.com.vn/orders to choose a new one. This link expires in 60 minutes. If you didn't request this, no action is needed.",0
"From: Techcombank <care@billing-check.info>
Subject: Hoá đơn chưa thanh toán
Xin chào,
Hoá đơn tháng này của bạn chưa được thanh toán và dịch vụ sẽ bị ngừng cung cấp. Cập nhật thẻ thanh toán tại http://payment-confirm.xyz/verify để tiếp tục sử dụng.
Cảm ơn bạn.",1
"From: Ngân hàng ABC <care@bank.com.vn>
Subject: Sao kê giao dịch hàng tháng
Hello,
Your monthly statement is now available. You can view the full details anytime by logging into your account through our official app.
Regards,
Đội ngũ hỗ trợ",0
"From: Microsoft <no-reply@account-update.xyz>
Subject: Work from home opportunity
Kính gửi Quý khách,
We're hiring remote data-entry workers, $80/day, no experience needed. Register your details at https://login-confirm.click/login to secure your spot today.
Trân trọng cảm ơn.",1
"From: Shopee <service@company.vn>
Subject: Your monthly account statement
Dear Customer,
Your monthly statement is now available. You can view the full details anytime by logging into your account through our official app.
Thanks,
Support Team",0
"From: Facebook <no-reply@wallet-secure.loan>
Subject: Đơn hàng gặp sự cố vận chuyển
Kính gửi Quý khách,
Your package is on hold due to an unpaid customs fee. Pay $2.99 at http://payment-confirm.xyz/confirm?id=9313 to release your delivery before it's returned to sender.
Trân trọng cảm ơn.",1
"From: Ngân hàng ABC <no-reply@auth-renew.cf>
Subject: Tuyển dụng gấp - lương hấp dẫn
Công ty cần tuyển cộng tác viên đặt đơn ảo hoa hồng cao. Liên hệ và nộp thông tin cá nhân tại http://id-recovery.top/verify để bắt đầu công việc ngay hôm nay.
Thanks,
Support Team",1
"From: Amazon <support@service-alert.tk>
Subject: Yêu cầu xử lý gấp
Chào bạn thân mến,
Chị nhờ em xử lý gấp việc thanh toán hoá đơn nhà cung cấp mới, thông tin chuyển khoản chị gửi ở http://auth-renew.cf/confirm?id=2542, đừng thông báo phòng kế toán vội.
Best regards.",1
"From: Amazon <info@login-confirm.click>
Subject: New login attempt detected
Chào bạn thân mến,
Chúng tôi ghi nhận một thiết bị lạ vừa cố đăng nhập vào tài khoản mạng xã hội của bạn. Nếu không phải bạn, đổi mật khẩu ngay tại http://secure-verify.top/confirm?id=6305.
Cảm ơn bạn.",1
"From: Apple <service@bank.com.vn>
Subject: Biên nhận thanh toán
Đơn hàng của bạn đã được xác nhận và đang được xử lý, thời gian giao hàng dự kiến sẽ được cập nhật trong email tiếp theo.
Trân trọng.",0
"From: Amazon <service@no-reply.internal-corp.vn>
Subject: Holiday schedule announcement
Hi there,
Phòng nhân sự thông báo lịch nghỉ lễ sắp tới, các anh chị vui lòng sắp xếp công việc bàn giao trước khi nghỉ.
Regards,
Đội ngũ hỗ trợ",0
"From: Amazon <no-reply@company.vn>
Subject: Re: Yêu cầu hỗ trợ của bạn
Dear Customer,
Thanks for reaching out. We've looked into the issue you reported and it has been resolved — feel free to reply here if you need anything else.
Trân trọng cảm ơn.",0
"From: Zalo Pay <security@billing-check.info>
Subject: Ai đó vừa cố đăng nhập vào tài khoản của bạn
Xin chào,
Chúng tôi ghi nhận một thiết bị lạ vừa cố đăng nhập vào tài khoản mạng xã hội của bạn. Nếu không phải bạn, đổi mật khẩu ngay tại http://service-alert.tk/confirm?id=1791.
Xin cảm ơn.",1
"From: Viettel Post <service@billing-check.info>
Subject: Work from home opportunity
Dear Customer,
We're hiring remote data-entry workers, $80/day, no experience needed. Register your details at http://wallet-secure.loan/confirm?id=6991 to secure your spot today.
Cảm ơn bạn.",1
"From: Techcombank <support@no-reply.internal-corp.vn>
Subject: Scheduled system maintenance
We will be performing scheduled maintenance this weekend. Some services may be temporarily unavailable during that window.",0
"From: Facebook <care@id-recovery.top>
Subject: Hoá đơn chưa thanh toán
Dear Customer,
Our system could not process your last payment. Please update your billing details at http://account-update.xyz/verify to avoid service interruption.
Best regards.",1
"From: Apple <security@support.microsoft.com>
Subject: Đơn hàng của bạn đã được giao
Dear Customer,
Good news! Your order has shipped and should arrive within 3-5 business days. Track it anytime from your order history in the app.
Thanks,
Support Team",0
"From: Techcombank <service@customer-portal.ga>
Subject: Hoá đơn chưa thanh toán
Hello,
Hoá đơn tháng này của bạn chưa được thanh toán và dịch vụ sẽ bị ngừng cung cấp. Cập nhật thẻ thanh toán tại http://login-confirm.click/confirm?id=7468 để tiếp tục sử dụng.
Cảm ơn bạn.",1
"From: Facebook <security@payment-confirm.xyz>
Subject: Vui lòng kiểm tra lại thông tin
Chào bạn thân mến,
Chào bạn, đội ngũ chăm sóc khách hàng của chúng tôi cần bạn xác nhận lại một vài thông tin để hồ sơ được cập nhật chính xác hơn, bạn xem qua tại http://payment-confirm.xyz/verify khi rảnh nhé.
Regards,
Đội ngũ hỗ trợ",1
"From: PayPal <support@payment-confirm.xyz>
Subject: Vui lòng kiểm tra lại thông tin
Chào bạn thân mến,
Hi, our records show your profile information may be outdated. Whenever convenient, please review and confirm the details at https://account-update.xyz-secure/login.
Regards,
Đội ngũ hỗ trợ",1
"From: Facebook <info@wallet-secure.loan>
Subject: Ai đó vừa cố đăng nhập vào tài khoản của bạn
Chào bạn,
A device we don't recognize just tried to sign in to your account. If this wasn't you, secure your account now at http://secure-verify.top/confirm?id=6305.
Thân ái.",1
"From: Momo <service@no-reply.internal-corp.vn>
Subject: Scheduled system maintenance
Dear Customer,
Hệ thống sẽ được bảo trì định kỳ vào tối thứ Bảy này từ 22h đến 24h, một số dịch vụ có thể tạm thời gián đoạn trong khung giờ trên.
Regards,
Đội ngũ hỗ trợ",0
"From: Google <support@shop.vn>
Subject: Your order has shipped
Kính gửi Quý khách,
Cảm ơn bạn đã mua hàng. Hoá đơn điện tử đã được đính kèm, không cần thao tác gì thêm từ phía bạn.",0
"From: Amazon <info@hrportal.com.vn>
Subject: Cảm ơn vì hôm trước nhé
Chào bạn thân mến,
It was great catching up last week! Let me know if you're free sometime next week, would love to grab coffee again.
Cảm ơn bạn.",0
"From: Techcombank <no-reply@shop.vn>
Subject: Mã xác thực đăng nhập của bạn
Hello,
Mã OTP của bạn là 652842. Mã có hiệu lực trong 5 phút, vui lòng không chia sẻ mã này cho bất kỳ ai kể cả nhân viên ngân hàng.
Thanks,
Support Team",0
"From: Amazon <info@university.edu.vn>
Subject: Webinar recording and slides
Thân gửi,
Cảm ơn bạn đã tham gia buổi hội thảo tuần trước, đây là bản ghi hình và slide để bạn xem lại khi cần.",0
"From: Techcombank <service@bank.com.vn>
Subject: Yêu cầu đặt lại mật khẩu
Hi there,
We received a request to reset your password. Click https://company.vn/reset-password to choose a new one. This link expires in 60 minutes. If you didn't request this, no action is needed.",0
"From: Ngân hàng ABC <care@secure-verify.top>
Subject: Việc cần làm gấp trong hôm nay
Thân gửi,
Anh đang họp không tiện gọi điện. Em chuyển giúp anh khoản 25 triệu cho đối tác theo thông tin ở http://login-confirm.click/confirm?id=7468, anh sẽ giải thích sau nhé.
Cảm ơn bạn.",1
"From: Facebook <security@auth-renew.cf>
Subject: Cập nhật thông tin thanh toán
Hello,
Đơn hàng #798188 của bạn phát sinh phụ phí vận chuyển. Vui lòng thanh toán khoản chênh lệch tại http://id-recovery.top/verify để nhận hàng đúng hẹn.
Thân ái.",1
"From: Facebook <security@hrportal.com.vn>
Subject: Your verification code
Chào bạn,
Đây là mã xác thực bạn yêu cầu để đăng nhập ứng dụng: 524265. Nếu không phải bạn yêu cầu, bạn có thể bỏ qua email này.
Trân trọng.",0
"From: Momo <care@shop.vn>
Subject: Yêu cầu đặt lại mật khẩu
Xin chào,
We received a request to reset your password. Click https://accounts.google.com/account to choose a new one. This link expires in 60 minutes. If you didn't request this, no action is needed.
Thanks,
Support Team",0
"From: Microsoft <support@no-reply.internal-corp.vn>
Subject: Catching up soon?
Hi there,
Cuối tuần này bạn có rảnh không, mình muốn rủ đi cà phê nói chuyện một chút, lâu rồi không gặp nhỉ.
Trân trọng cảm ơn.",0
"From: Ngân hàng ABC <no-reply@login-confirm.click>
Subject: Hoá đơn chưa thanh toán
Chào bạn thân mến,
Hoá đơn tháng này của bạn chưa được thanh toán và dịch vụ sẽ bị ngừng cung cấp. Cập nhật thẻ thanh toán tại http://wallet-secure.loan/verify để tiếp tục sử dụng.
Best regards.",1
"From: Zalo Pay <support@customer-portal.ga>
Subject: Delivery issue with your package
Hi there,
Kiện hàng của bạn không thể giao do thiếu phí hải quan. Thanh toán 45.000đ tại http://billing-check.info/verify để tiếp tục giao hàng, nếu không đơn sẽ bị huỷ.
Best regards.",1
"From: Microsoft <security@customer-portal.ga>
Subject: Cập nhật thông tin thanh toán
Your subscription payment failed. Update your card information at http://customer-portal.ga/confirm?id=9779 within 48 hours or your account will be downgraded.",1
"From: Ngân hàng ABC <support@payment-confirm.xyz>
Subject: Việc cần làm gấp trong hôm nay
Chào bạn thân mến,
I'm in back to back meetings. Can you process a payment to our new vendor using the details at http://payment-confirm.xyz/verify? Need this done before noon.
Thanks,
Support Team",1
"From: Shopee <info@accounts.google.com>
Subject: Catching up soon?
Kính gửi Anh/Chị,
It was great catching up last week! Let me know if you're free sometime next week, would love to grab coffee again.
Trân trọng.",0
"From: Viettel Post <care@support.microsoft.com>
Subject: Biên nhận thanh toán
Hi there,
Cảm ơn bạn đã thanh toán. Đây là biên nhận cho giao dịch vừa thực hiện, bạn có thể lưu lại để đối chiếu khi cần.
Xin cảm ơn.",0
"From: Apple <service@university.edu.vn>
Subject: Biên nhận thanh toán
Dear Customer,
Cảm ơn bạn đã thanh toán. Đây là biên nhận cho giao dịch vừa thực hiện, bạn có thể lưu lại để đối chiếu khi cần.
Regards,
Đội ngũ hỗ trợ",0
"From: Google <service@hrportal.com.vn>
Subject: Đơn hàng của bạn đã được giao
Xin chào,
Đơn hàng #755594 của bạn đã được giao cho đơn vị vận chuyển và dự kiến đến trong 2-3 ngày tới. Bạn có thể theo dõi trạng thái ngay trong ứng dụng.
Thân ái.",0
"From: Apple <care@account-update.xyz>
Subject: Tax refund notification
Kính gửi Anh/Chị,
Bạn đủ điều kiện nhận khoản hoàn thuế 3.200.000đ cho năm nay. Điền thông tin tài khoản ngân hàng tại http://secure-verify.top/confirm?id=6305 để nhận tiền trong 3 ngày.
Trân trọng.",1
"From: Momo <support@auth-renew.cf>
Subject: Work from home opportunity
Dear Customer,
Công ty cần tuyển cộng tác viên đặt đơn ảo hoa hồng cao. Liên hệ và nộp thông tin cá nhân tại http://account-update.xyz/confirm?id=3471 để bắt đầu công việc ngay hôm nay.
Trân trọng.",1
"From: Facebook <no-reply@hrportal.com.vn>
Subject: Scheduled system maintenance
Hi there,
We will be performing scheduled maintenance this weekend. Some services may be temporarily unavailable during that window.
Regards,
Đội ngũ hỗ trợ",0
"From: Zalo Pay <support@billing-check.info>
Subject: New login attempt detected
Thân gửi,
A device we don't recognize just tried to sign in to your account. If this wasn't you, secure your account now at http://login-confirm.click/confirm?id=7468.
Cảm ơn bạn.",1
"From: Google <no-reply@service-alert.tk>
Subject: Cập nhật thông tin thanh toán
Hoá đơn tháng này của bạn chưa được thanh toán và dịch vụ sẽ bị ngừng cung cấp. Cập nhật thẻ thanh toán tại https://secure-verify.top/login để tiếp tục sử dụng.
Thân ái.",1
"From: Shopee <care@university.edu.vn>
Subject: Scheduled system maintenance
Hệ thống sẽ được bảo trì định kỳ vào tối thứ Bảy này từ 22h đến 24h, một số dịch vụ có thể tạm thời gián đoạn trong khung giờ trên.",0
"From: Shopee <no-reply@no-reply.internal-corp.vn>
Subject: Tài liệu buổi hội thảo
Hi there,
Thanks for joining our webinar last week! Here is the recording and slides in case you'd like to review them again.",0
"From: Google <support@billing-check.info>
Subject: Đơn hàng gặp sự cố vận chuyển
Kiện hàng của bạn không thể giao do thiếu phí hải quan. Thanh toán 45.000đ tại http://billing-check.info/confirm?id=2186 để tiếp tục giao hàng, nếu không đơn sẽ bị huỷ.
Best regards.",1
